Keyword	Pinterest Search URL	Pinterest Trends URL	Status
beach outfits women	https://www.pinterest.com/search/pins/?q=beach+outfits+women&rs=typed	https://trends.pinterest.com/search?country=US&query=beach+outfits+women	
beach vacation outfits	https://www.pinterest.com/search/pins/?q=beach+vacation+outfits&rs=typed	https://trends.pinterest.com/search?country=US&query=beach+vacation+outfits	
beach outfit ideas	https://www.pinterest.com/search/pins/?q=beach+outfit+ideas&rs=typed	https://trends.pinterest.com/search?country=US&query=beach+outfit+ideas	
beach day outfit	https://www.pinterest.com/search/pins/?q=beach+day+outfit&rs=typed	https://trends.pinterest.com/search?country=US&query=beach+day+outfit	
cute beach outfits	https://www.pinterest.com/search/pins/?q=cute+beach+outfits&rs=typed	https://trends.pinterest.com/search?country=US&query=cute+beach+outfits	
vacation outfit ideas	https://www.pinterest.com/search/pins/?q=vacation+outfit+ideas&rs=typed	https://trends.pinterest.com/search?country=US&query=vacation+outfit+ideas	
florida vacation outfits	https://www.pinterest.com/search/pins/?q=florida+vacation+outfits&rs=typed	https://trends.pinterest.com/search?country=US&query=florida+vacation+outfits	
island vacation outfits	https://www.pinterest.com/search/pins/?q=island+vacation+outfits&rs=typed	https://trends.pinterest.com/search?country=US&query=island+vacation+outfits	
cute vacation outfits	https://www.pinterest.com/search/pins/?q=cute+vacation+outfits&rs=typed	https://trends.pinterest.com/search?country=US&query=cute+vacation+outfits	
beach aesthetic outfits	https://www.pinterest.com/search/pins/?q=beach+aesthetic+outfits&rs=typed	https://trends.pinterest.com/search?country=US&query=beach+aesthetic+outfits	
summer beach outfit	https://www.pinterest.com/search/pins/?q=summer+beach+outfit&rs=typed	https://trends.pinterest.com/search?country=US&query=summer+beach+outfit	
beach outfit inspo	https://www.pinterest.com/search/pins/?q=beach+outfit+inspo&rs=typed	https://trends.pinterest.com/search?country=US&query=beach+outfit+inspo	
boat day outfit summer	https://www.pinterest.com/search/pins/?q=boat+day+outfit+summer&rs=typed	https://trends.pinterest.com/search?country=US&query=boat+day+outfit+summer	
vintage sailor aesthetic	https://www.pinterest.com/search/pins/?q=vintage+sailor+aesthetic&rs=typed	https://trends.pinterest.com/search?country=US&query=vintage+sailor+aesthetic	
sheer poncho outfit	https://www.pinterest.com/search/pins/?q=sheer+poncho+outfit&rs=typed	https://trends.pinterest.com/search?country=US&query=sheer+poncho+outfit	
red jelly shoes outfit	https://www.pinterest.com/search/pins/?q=red+jelly+shoes+outfit&rs=typed	https://trends.pinterest.com/search?country=US&query=red+jelly+shoes+outfit	
triangle bikini outfit	https://www.pinterest.com/search/pins/?q=triangle+bikini+outfit&rs=typed	https://trends.pinterest.com/search?country=US&query=triangle+bikini+outfit	
oversized button down outfit	https://www.pinterest.com/search/pins/?q=oversized+button+down+outfit&rs=typed	https://trends.pinterest.com/search?country=US&query=oversized+button+down+outfit	
long linen shorts outfit	https://www.pinterest.com/search/pins/?q=long+linen+shorts+outfit&rs=typed	https://trends.pinterest.com/search?country=US&query=long+linen+shorts+outfit	
stripe shirt outfits women	https://www.pinterest.com/search/pins/?q=stripe+shirt+outfits+women&rs=typed	https://trends.pinterest.com/search?country=US&query=stripe+shirt+outfits+women	
polo striped shirt outfit	https://www.pinterest.com/search/pins/?q=polo+striped+shirt+outfit&rs=typed	https://trends.pinterest.com/search?country=US&query=polo+striped+shirt+outfit	
sailor hats	https://www.pinterest.com/search/pins/?q=sailor+hats&rs=typed	https://trends.pinterest.com/search?country=US&query=sailor+hats	
boat shoes outfit	https://www.pinterest.com/search/pins/?q=boat+shoes+outfit&rs=typed	https://trends.pinterest.com/search?country=US&query=boat+shoes+outfit	
white and blue stripe shirt	https://www.pinterest.com/search/pins/?q=white+and+blue+stripe+shirt&rs=typed	https://trends.pinterest.com/search?country=US&query=white+and+blue+stripe+shirt	
denim jorts outfit	https://www.pinterest.com/search/pins/?q=denim+jorts+outfit&rs=typed	https://trends.pinterest.com/search?country=US&query=denim+jorts+outfit	
bedazzled jorts	https://www.pinterest.com/search/pins/?q=bedazzled+jorts&rs=typed	https://trends.pinterest.com/search?country=US&query=bedazzled+jorts	
pleated jorts	https://www.pinterest.com/search/pins/?q=pleated+jorts&rs=typed	https://trends.pinterest.com/search?country=US&query=pleated+jorts	
jorts and cowboy boots	https://www.pinterest.com/search/pins/?q=jorts+and+cowboy+boots&rs=typed	https://trends.pinterest.com/search?country=US&query=jorts+and+cowboy+boots	
vintage jorts	https://www.pinterest.com/search/pins/?q=vintage+jorts&rs=typed	https://trends.pinterest.com/search?country=US&query=vintage+jorts	
jorts jersey outfit	https://www.pinterest.com/search/pins/?q=jorts+jersey+outfit&rs=typed	https://trends.pinterest.com/search?country=US&query=jorts+jersey+outfit	
denim patchwork shirt	https://www.pinterest.com/search/pins/?q=denim+patchwork+shirt&rs=typed	https://trends.pinterest.com/search?country=US&query=denim+patchwork+shirt	
patchwork blazer	https://www.pinterest.com/search/pins/?q=patchwork+blazer&rs=typed	https://trends.pinterest.com/search?country=US&query=patchwork+blazer	
patchwork dresses	https://www.pinterest.com/search/pins/?q=patchwork+dresses&rs=typed	https://trends.pinterest.com/search?country=US&query=patchwork+dresses	
patchwork jackets	https://www.pinterest.com/search/pins/?q=patchwork+jackets&rs=typed	https://trends.pinterest.com/search?country=US&query=patchwork+jackets	
flowy capri pants outfit	https://www.pinterest.com/search/pins/?q=flowy+capri+pants+outfit&rs=typed	https://trends.pinterest.com/search?country=US&query=flowy+capri+pants+outfit	
baggy capri pants outfits	https://www.pinterest.com/search/pins/?q=baggy+capri+pants+outfits&rs=typed	https://trends.pinterest.com/search?country=US&query=baggy+capri+pants+outfits	
denim capri pants outfits	https://www.pinterest.com/search/pins/?q=denim+capri+pants+outfits&rs=typed	https://trends.pinterest.com/search?country=US&query=denim+capri+pants+outfits	
capri pants outfits summer	https://www.pinterest.com/search/pins/?q=capri+pants+outfits+summer&rs=typed	https://trends.pinterest.com/search?country=US&query=capri+pants+outfits+summer	
cargo jeans outfit ideas	https://www.pinterest.com/search/pins/?q=cargo+jeans+outfit+ideas&rs=typed	https://trends.pinterest.com/search?country=US&query=cargo+jeans+outfit+ideas	
cargo pants outfits women summer	https://www.pinterest.com/search/pins/?q=cargo+pants+outfits+women+summer&rs=typed	https://trends.pinterest.com/search?country=US&query=cargo+pants+outfits+women+summer	
cargo joggers outfit	https://www.pinterest.com/search/pins/?q=cargo+joggers+outfit&rs=typed	https://trends.pinterest.com/search?country=US&query=cargo+joggers+outfit	
baggy cargo shorts outfit	https://www.pinterest.com/search/pins/?q=baggy+cargo+shorts+outfit&rs=typed	https://trends.pinterest.com/search?country=US&query=baggy+cargo+shorts+outfit	
denim cargo shorts outfit	https://www.pinterest.com/search/pins/?q=denim+cargo+shorts+outfit&rs=typed	https://trends.pinterest.com/search?country=US&query=denim+cargo+shorts+outfit	
baddie tracksuit outfit	https://www.pinterest.com/search/pins/?q=baddie+tracksuit+outfit&rs=typed	https://trends.pinterest.com/search?country=US&query=baddie+tracksuit+outfit	
nylon tracksuit	https://www.pinterest.com/search/pins/?q=nylon+tracksuit&rs=typed	https://trends.pinterest.com/search?country=US&query=nylon+tracksuit	
windbreaker tracksuit	https://www.pinterest.com/search/pins/?q=windbreaker+tracksuit&rs=typed	https://trends.pinterest.com/search?country=US&query=windbreaker+tracksuit	
baggy tracksuit outfit women	https://www.pinterest.com/search/pins/?q=baggy+tracksuit+outfit+women&rs=typed	https://trends.pinterest.com/search?country=US&query=baggy+tracksuit+outfit+women	
streetwear tracksuit	https://www.pinterest.com/search/pins/?q=streetwear+tracksuit&rs=typed	https://trends.pinterest.com/search?country=US&query=streetwear+tracksuit	
cropped windbreaker	https://www.pinterest.com/search/pins/?q=cropped+windbreaker&rs=typed	https://trends.pinterest.com/search?country=US&query=cropped+windbreaker	
track pants with heels	https://www.pinterest.com/search/pins/?q=track+pants+with+heels&rs=typed	https://trends.pinterest.com/search?country=US&query=track+pants+with+heels	
y2k track pants outfit	https://www.pinterest.com/search/pins/?q=y2k+track+pants+outfit&rs=typed	https://trends.pinterest.com/search?country=US&query=y2k+track+pants+outfit	
vintage windbreaker	https://www.pinterest.com/search/pins/?q=vintage+windbreaker&rs=typed	https://trends.pinterest.com/search?country=US&query=vintage+windbreaker	
Formula 1 aesthetic outfit	https://www.pinterest.com/search/pins/?q=Formula+1+aesthetic+outfit&rs=typed	https://trends.pinterest.com/search?country=US&query=Formula+1+aesthetic+outfit	
speed cat shoes	https://www.pinterest.com/search/pins/?q=speed+cat+shoes&rs=typed	https://trends.pinterest.com/search?country=US&query=speed+cat+shoes	
F1 shirt outfit	https://www.pinterest.com/search/pins/?q=F1+shirt+outfit&rs=typed	https://trends.pinterest.com/search?country=US&query=F1+shirt+outfit	
F1 leather jacket	https://www.pinterest.com/search/pins/?q=F1+leather+jacket&rs=typed	https://trends.pinterest.com/search?country=US&query=F1+leather+jacket	
F1 monaco outfits	https://www.pinterest.com/search/pins/?q=F1+monaco+outfits&rs=typed	https://trends.pinterest.com/search?country=US&query=F1+monaco+outfits	
World Cup jerseys	https://www.pinterest.com/search/pins/?q=World+Cup+jerseys&rs=typed	https://trends.pinterest.com/search?country=US&query=World+Cup+jerseys	
Brazil jersey outfit women	https://www.pinterest.com/search/pins/?q=Brazil+jersey+outfit+women&rs=typed	https://trends.pinterest.com/search?country=US&query=Brazil+jersey+outfit+women	
Mexico jersey outfit	https://www.pinterest.com/search/pins/?q=Mexico+jersey+outfit&rs=typed	https://trends.pinterest.com/search?country=US&query=Mexico+jersey+outfit	
Colombia jersey outfit men	https://www.pinterest.com/search/pins/?q=Colombia+jersey+outfit+men&rs=typed	https://trends.pinterest.com/search?country=US&query=Colombia+jersey+outfit+men	
Argentina jersey outfit men	https://www.pinterest.com/search/pins/?q=Argentina+jersey+outfit+men&rs=typed	https://trends.pinterest.com/search?country=US&query=Argentina+jersey+outfit+men	
baseball jersey outfit ideas	https://www.pinterest.com/search/pins/?q=baseball+jersey+outfit+ideas&rs=typed	https://trends.pinterest.com/search?country=US&query=baseball+jersey+outfit+ideas	
oversized soccer jersey outfit	https://www.pinterest.com/search/pins/?q=oversized+soccer+jersey+outfit&rs=typed	https://trends.pinterest.com/search?country=US&query=oversized+soccer+jersey+outfit	
jersey with heels outfit	https://www.pinterest.com/search/pins/?q=jersey+with+heels+outfit&rs=typed	https://trends.pinterest.com/search?country=US&query=jersey+with+heels+outfit	
net jersey outfit	https://www.pinterest.com/search/pins/?q=net+jersey+outfit&rs=typed	https://trends.pinterest.com/search?country=US&query=net+jersey+outfit	
crop jersey outfit women	https://www.pinterest.com/search/pins/?q=crop+jersey+outfit+women&rs=typed	https://trends.pinterest.com/search?country=US&query=crop+jersey+outfit+women	
jersey on skirt	https://www.pinterest.com/search/pins/?q=jersey+on+skirt&rs=typed	https://trends.pinterest.com/search?country=US&query=jersey+on+skirt	
jersey and bubble skirt outfit	https://www.pinterest.com/search/pins/?q=jersey+and+bubble+skirt+outfit&rs=typed	https://trends.pinterest.com/search?country=US&query=jersey+and+bubble+skirt+outfit	
crochet polo men	https://www.pinterest.com/search/pins/?q=crochet+polo+men&rs=typed	https://trends.pinterest.com/search?country=US&query=crochet+polo+men	
spiral crochet sweater	https://www.pinterest.com/search/pins/?q=spiral+crochet+sweater&rs=typed	https://trends.pinterest.com/search?country=US&query=spiral+crochet+sweater	
dad sneakers	https://www.pinterest.com/search/pins/?q=dad+sneakers&rs=typed	https://trends.pinterest.com/search?country=US&query=dad+sneakers	
sneaker flats outfit	https://www.pinterest.com/search/pins/?q=sneaker+flats+outfit&rs=typed	https://trends.pinterest.com/search?country=US&query=sneaker+flats+outfit	
sneaker mary janes outfit	https://www.pinterest.com/search/pins/?q=sneaker+mary+janes+outfit&rs=typed	https://trends.pinterest.com/search?country=US&query=sneaker+mary+janes+outfit	
sneaker mules outfit	https://www.pinterest.com/search/pins/?q=sneaker+mules+outfit&rs=typed	https://trends.pinterest.com/search?country=US&query=sneaker+mules+outfit	
wedge sneaker outfit	https://www.pinterest.com/search/pins/?q=wedge+sneaker+outfit&rs=typed	https://trends.pinterest.com/search?country=US&query=wedge+sneaker+outfit	
ballet sneaker outfit	https://www.pinterest.com/search/pins/?q=ballet+sneaker+outfit&rs=typed	https://trends.pinterest.com/search?country=US&query=ballet+sneaker+outfit	
tabi sneaker	https://www.pinterest.com/search/pins/?q=tabi+sneaker&rs=typed	https://trends.pinterest.com/search?country=US&query=tabi+sneaker	
ballerina sneaker	https://www.pinterest.com/search/pins/?q=ballerina+sneaker&rs=typed	https://trends.pinterest.com/search?country=US&query=ballerina+sneaker	
sneaker loafers	https://www.pinterest.com/search/pins/?q=sneaker+loafers&rs=typed	https://trends.pinterest.com/search?country=US&query=sneaker+loafers	
chromehearts glasses	https://www.pinterest.com/search/pins/?q=chromehearts+glasses&rs=typed	https://trends.pinterest.com/search?country=US&query=chromehearts+glasses	
cat eye frame glasses	https://www.pinterest.com/search/pins/?q=cat+eye+frame+glasses&rs=typed	https://trends.pinterest.com/search?country=US&query=cat+eye+frame+glasses	
oval sunglasses women	https://www.pinterest.com/search/pins/?q=oval+sunglasses+women&rs=typed	https://trends.pinterest.com/search?country=US&query=oval+sunglasses+women	
spike glasses	https://www.pinterest.com/search/pins/?q=spike+glasses&rs=typed	https://trends.pinterest.com/search?country=US&query=spike+glasses	
wraparound sunglasses	https://www.pinterest.com/search/pins/?q=wraparound+sunglasses&rs=typed	https://trends.pinterest.com/search?country=US&query=wraparound+sunglasses	
90s oval sunglasses	https://www.pinterest.com/search/pins/?q=90s+oval+sunglasses&rs=typed	https://trends.pinterest.com/search?country=US&query=90s+oval+sunglasses	
rimless sunglasses men	https://www.pinterest.com/search/pins/?q=rimless+sunglasses+men&rs=typed	https://trends.pinterest.com/search?country=US&query=rimless+sunglasses+men	
tiny sunglasses	https://www.pinterest.com/search/pins/?q=tiny+sunglasses&rs=typed	https://trends.pinterest.com/search?country=US&query=tiny+sunglasses	
shield sunglasses outfit	https://www.pinterest.com/search/pins/?q=shield+sunglasses+outfit&rs=typed	https://trends.pinterest.com/search?country=US&query=shield+sunglasses+outfit	
pixie cut baddie	https://www.pinterest.com/search/pins/?q=pixie+cut+baddie&rs=typed	https://trends.pinterest.com/search?country=US&query=pixie+cut+baddie	
collarbone lob	https://www.pinterest.com/search/pins/?q=collarbone+lob&rs=typed	https://trends.pinterest.com/search?country=US&query=collarbone+lob	
mixie pixie mullet	https://www.pinterest.com/search/pins/?q=mixie+pixie+mullet&rs=typed	https://trends.pinterest.com/search?country=US&query=mixie+pixie+mullet	
french wispy bangs	https://www.pinterest.com/search/pins/?q=french+wispy+bangs&rs=typed	https://trends.pinterest.com/search?country=US&query=french+wispy+bangs	
milano curls braids	https://www.pinterest.com/search/pins/?q=milano+curls+braids&rs=typed	https://trends.pinterest.com/search?country=US&query=milano+curls+braids	
two fluffy ponytails	https://www.pinterest.com/search/pins/?q=two+fluffy+ponytails&rs=typed	https://trends.pinterest.com/search?country=US&query=two+fluffy+ponytails	
stacked angled bob	https://www.pinterest.com/search/pins/?q=stacked+angled+bob&rs=typed	https://trends.pinterest.com/search?country=US&query=stacked+angled+bob	
feminine mullet shag	https://www.pinterest.com/search/pins/?q=feminine+mullet+shag&rs=typed	https://trends.pinterest.com/search?country=US&query=feminine+mullet+shag	
messy textured fringe	https://www.pinterest.com/search/pins/?q=messy+textured+fringe&rs=typed	https://trends.pinterest.com/search?country=US&query=messy+textured+fringe	
halo hair color	https://www.pinterest.com/search/pins/?q=halo+hair+color&rs=typed	https://trends.pinterest.com/search?country=US&query=halo+hair+color	
tinsel hair ideas	https://www.pinterest.com/search/pins/?q=tinsel+hair+ideas&rs=typed	https://trends.pinterest.com/search?country=US&query=tinsel+hair+ideas	
smoky eyes makeup	https://www.pinterest.com/search/pins/?q=smoky+eyes+makeup&rs=typed	https://trends.pinterest.com/search?country=US&query=smoky+eyes+makeup	
eye butterfly makeup	https://www.pinterest.com/search/pins/?q=eye+butterfly+makeup&rs=typed	https://trends.pinterest.com/search?country=US&query=eye+butterfly+makeup	
frosted makeup	https://www.pinterest.com/search/pins/?q=frosted+makeup&rs=typed	https://trends.pinterest.com/search?country=US&query=frosted+makeup	
90s blue eyeshadow look	https://www.pinterest.com/search/pins/?q=90s+blue+eyeshadow+look&rs=typed	https://trends.pinterest.com/search?country=US&query=90s+blue+eyeshadow+look	
smudged eyeliner aesthetic	https://www.pinterest.com/search/pins/?q=smudged+eyeliner+aesthetic&rs=typed	https://trends.pinterest.com/search?country=US&query=smudged+eyeliner+aesthetic	
red glitter eye makeup	https://www.pinterest.com/search/pins/?q=red+glitter+eye+makeup&rs=typed	https://trends.pinterest.com/search?country=US&query=red+glitter+eye+makeup	
face gems makeup	https://www.pinterest.com/search/pins/?q=face+gems+makeup&rs=typed	https://trends.pinterest.com/search?country=US&query=face+gems+makeup	
sunset shimmer makeup	https://www.pinterest.com/search/pins/?q=sunset+shimmer+makeup&rs=typed	https://trends.pinterest.com/search?country=US&query=sunset+shimmer+makeup	
shimmer lipstick	https://www.pinterest.com/search/pins/?q=shimmer+lipstick&rs=typed	https://trends.pinterest.com/search?country=US&query=shimmer+lipstick	
glowy skin routine	https://www.pinterest.com/search/pins/?q=glowy+skin+routine&rs=typed	https://trends.pinterest.com/search?country=US&query=glowy+skin+routine	
sweatproof makeup	https://www.pinterest.com/search/pins/?q=sweatproof+makeup&rs=typed	https://trends.pinterest.com/search?country=US&query=sweatproof+makeup	
fluid sunscreen	https://www.pinterest.com/search/pins/?q=fluid+sunscreen&rs=typed	https://trends.pinterest.com/search?country=US&query=fluid+sunscreen	
minimalist sunscreen	https://www.pinterest.com/search/pins/?q=minimalist+sunscreen&rs=typed	https://trends.pinterest.com/search?country=US&query=minimalist+sunscreen	
shimmer body mist	https://www.pinterest.com/search/pins/?q=shimmer+body+mist&rs=typed	https://trends.pinterest.com/search?country=US&query=shimmer+body+mist	
face stickers	https://www.pinterest.com/search/pins/?q=face+stickers&rs=typed	https://trends.pinterest.com/search?country=US&query=face+stickers	
bandana scarf	https://www.pinterest.com/search/pins/?q=bandana+scarf&rs=typed	https://trends.pinterest.com/search?country=US&query=bandana+scarf	
bandana jewelry	https://www.pinterest.com/search/pins/?q=bandana+jewelry&rs=typed	https://trends.pinterest.com/search?country=US&query=bandana+jewelry	
scarf on bags	https://www.pinterest.com/search/pins/?q=scarf+on+bags&rs=typed	https://trends.pinterest.com/search?country=US&query=scarf+on+bags	
belt scarf	https://www.pinterest.com/search/pins/?q=belt+scarf&rs=typed	https://trends.pinterest.com/search?country=US&query=belt+scarf	
italian silk scarf	https://www.pinterest.com/search/pins/?q=italian+silk+scarf&rs=typed	https://trends.pinterest.com/search?country=US&query=italian+silk+scarf	
sequin scarf	https://www.pinterest.com/search/pins/?q=sequin+scarf&rs=typed	https://trends.pinterest.com/search?country=US&query=sequin+scarf	
tiny scarf	https://www.pinterest.com/search/pins/?q=tiny+scarf&rs=typed	https://trends.pinterest.com/search?country=US&query=tiny+scarf	
world cup stickers	https://www.pinterest.com/search/pins/?q=world+cup+stickers&rs=typed	https://trends.pinterest.com/search?country=US&query=world+cup+stickers	
alysa liu	https://www.pinterest.com/search/pins/?q=alysa+liu&rs=typed	https://trends.pinterest.com/search?country=US&query=alysa+liu	
eileen gu	https://www.pinterest.com/search/pins/?q=eileen+gu&rs=typed	https://trends.pinterest.com/search?country=US&query=eileen+gu	
georgina rodriguez aesthetic	https://www.pinterest.com/search/pins/?q=georgina+rodriguez+aesthetic&rs=typed	https://trends.pinterest.com/search?country=US&query=georgina+rodriguez+aesthetic	
natasha cloud	https://www.pinterest.com/search/pins/?q=natasha+cloud&rs=typed	https://trends.pinterest.com/search?country=US&query=natasha+cloud	
caitlin clark selfie	https://www.pinterest.com/search/pins/?q=caitlin+clark+selfie&rs=typed	https://trends.pinterest.com/search?country=US&query=caitlin+clark+selfie	
paige bueckers meme	https://www.pinterest.com/search/pins/?q=paige+bueckers+meme&rs=typed	https://trends.pinterest.com/search?country=US&query=paige+bueckers+meme	
angel reese basketball	https://www.pinterest.com/search/pins/?q=angel+reese+basketball&rs=typed	https://trends.pinterest.com/search?country=US&query=angel+reese+basketball	
victoria beckham aesthetic	https://www.pinterest.com/search/pins/?q=victoria+beckham+aesthetic&rs=typed	https://trends.pinterest.com/search?country=US&query=victoria+beckham+aesthetic	
the poet aesthetic	https://www.pinterest.com/search/pins/?q=the+poet+aesthetic&rs=typed	https://trends.pinterest.com/search?country=US&query=the+poet+aesthetic	
poet core	https://www.pinterest.com/search/pins/?q=poet+core&rs=typed	https://trends.pinterest.com/search?country=US&query=poet+core	
cape outfit	https://www.pinterest.com/search/pins/?q=cape+outfit&rs=typed	https://trends.pinterest.com/search?country=US&query=cape+outfit	
satchel bags aesthetic	https://www.pinterest.com/search/pins/?q=satchel+bags+aesthetic&rs=typed	https://trends.pinterest.com/search?country=US&query=satchel+bags+aesthetic	
80s luxury	https://www.pinterest.com/search/pins/?q=80s+luxury&rs=typed	https://trends.pinterest.com/search?country=US&query=80s+luxury	
baggy suit	https://www.pinterest.com/search/pins/?q=baggy+suit&rs=typed	https://trends.pinterest.com/search?country=US&query=baggy+suit	
chunky belt	https://www.pinterest.com/search/pins/?q=chunky+belt&rs=typed	https://trends.pinterest.com/search?country=US&query=chunky+belt	
high collar jacket	https://www.pinterest.com/search/pins/?q=high+collar+jacket&rs=typed	https://trends.pinterest.com/search?country=US&query=high+collar+jacket	
brown linen shirt	https://www.pinterest.com/search/pins/?q=brown+linen+shirt&rs=typed	https://trends.pinterest.com/search?country=US&query=brown+linen+shirt	
field jacket outfit men	https://www.pinterest.com/search/pins/?q=field+jacket+outfit+men&rs=typed	https://trends.pinterest.com/search?country=US&query=field+jacket+outfit+men	
avant garde makeup editorial	https://www.pinterest.com/search/pins/?q=avant+garde+makeup+editorial&rs=typed	https://trends.pinterest.com/search?country=US&query=avant+garde+makeup+editorial	
weird makeup looks	https://www.pinterest.com/search/pins/?q=weird+makeup+looks&rs=typed	https://trends.pinterest.com/search?country=US&query=weird+makeup+looks	
eccentric makeup	https://www.pinterest.com/search/pins/?q=eccentric+makeup&rs=typed	https://trends.pinterest.com/search?country=US&query=eccentric+makeup	
maximalist accessories	https://www.pinterest.com/search/pins/?q=maximalist+accessories&rs=typed	https://trends.pinterest.com/search?country=US&query=maximalist+accessories	
brooch for men suit	https://www.pinterest.com/search/pins/?q=brooch+for+men+suit&rs=typed	https://trends.pinterest.com/search?country=US&query=brooch+for+men+suit	
brooch aesthetic	https://www.pinterest.com/search/pins/?q=brooch+aesthetic&rs=typed	https://trends.pinterest.com/search?country=US&query=brooch+aesthetic	
lace nails	https://www.pinterest.com/search/pins/?q=lace+nails&rs=typed	https://trends.pinterest.com/search?country=US&query=lace+nails	
lace bandana	https://www.pinterest.com/search/pins/?q=lace+bandana&rs=typed	https://trends.pinterest.com/search?country=US&query=lace+bandana	
lace makeup	https://www.pinterest.com/search/pins/?q=lace+makeup&rs=typed	https://trends.pinterest.com/search?country=US&query=lace+makeup	
dark romantic makeup	https://www.pinterest.com/search/pins/?q=dark+romantic+makeup&rs=typed	https://trends.pinterest.com/search?country=US&query=dark+romantic+makeup	
gothic coffin nails	https://www.pinterest.com/search/pins/?q=gothic+coffin+nails&rs=typed	https://trends.pinterest.com/search?country=US&query=gothic+coffin+nails	
vampire beauty	https://www.pinterest.com/search/pins/?q=vampire+beauty&rs=typed	https://trends.pinterest.com/search?country=US&query=vampire+beauty	
carmilla aesthetic	https://www.pinterest.com/search/pins/?q=carmilla+aesthetic&rs=typed	https://trends.pinterest.com/search?country=US&query=carmilla+aesthetic	
flower outfit men	https://www.pinterest.com/search/pins/?q=flower+outfit+men&rs=typed	https://trends.pinterest.com/search?country=US&query=flower+outfit+men	
animal inspired outfits	https://www.pinterest.com/search/pins/?q=animal+inspired+outfits&rs=typed	https://trends.pinterest.com/search?country=US&query=animal+inspired+outfits	
dragonfly nails	https://www.pinterest.com/search/pins/?q=dragonfly+nails&rs=typed	https://trends.pinterest.com/search?country=US&query=dragonfly+nails	
bug jewelry	https://www.pinterest.com/search/pins/?q=bug+jewelry&rs=typed	https://trends.pinterest.com/search?country=US&query=bug+jewelry	
deer aesthetic	https://www.pinterest.com/search/pins/?q=deer+aesthetic&rs=typed	https://trends.pinterest.com/search?country=US&query=deer+aesthetic	
alien core aesthetic	https://www.pinterest.com/search/pins/?q=alien+core+aesthetic&rs=typed	https://trends.pinterest.com/search?country=US&query=alien+core+aesthetic	
alien inspired makeup	https://www.pinterest.com/search/pins/?q=alien+inspired+makeup&rs=typed	https://trends.pinterest.com/search?country=US&query=alien+inspired+makeup	
opalescent	https://www.pinterest.com/search/pins/?q=opalescent&rs=typed	https://trends.pinterest.com/search?country=US&query=opalescent	
soft dewy makeup	https://www.pinterest.com/search/pins/?q=soft+dewy+makeup&rs=typed	https://trends.pinterest.com/search?country=US&query=soft+dewy+makeup	
afrobohemian home decor	https://www.pinterest.com/search/pins/?q=afrobohemian+home+decor&rs=typed	https://trends.pinterest.com/search?country=US&query=afrobohemian+home+decor	
motif berbere	https://www.pinterest.com/search/pins/?q=motif+berbere&rs=typed	https://trends.pinterest.com/search?country=US&query=motif+berbere	
adire fabric	https://www.pinterest.com/search/pins/?q=adire+fabric&rs=typed	https://trends.pinterest.com/search?country=US&query=adire+fabric	
antique bar cart	https://www.pinterest.com/search/pins/?q=antique+bar+cart&rs=typed	https://trends.pinterest.com/search?country=US&query=antique+bar+cart	
red marble bathroom	https://www.pinterest.com/search/pins/?q=red+marble+bathroom&rs=typed	https://trends.pinterest.com/search?country=US&query=red+marble+bathroom	
pendant lamp	https://www.pinterest.com/search/pins/?q=pendant+lamp&rs=typed	https://trends.pinterest.com/search?country=US&query=pendant+lamp	
brass aesthetic	https://www.pinterest.com/search/pins/?q=brass+aesthetic&rs=typed	https://trends.pinterest.com/search?country=US&query=brass+aesthetic	
striped ceiling	https://www.pinterest.com/search/pins/?q=striped+ceiling&rs=typed	https://trends.pinterest.com/search?country=US&query=striped+ceiling	
circus nursery	https://www.pinterest.com/search/pins/?q=circus+nursery&rs=typed	https://trends.pinterest.com/search?country=US&query=circus+nursery	
vintage circus aesthetic	https://www.pinterest.com/search/pins/?q=vintage+circus+aesthetic&rs=typed	https://trends.pinterest.com/search?country=US&query=vintage+circus+aesthetic	
niche perfume collection	https://www.pinterest.com/search/pins/?q=niche+perfume+collection&rs=typed	https://trends.pinterest.com/search?country=US&query=niche+perfume+collection	
perfume layering combinations	https://www.pinterest.com/search/pins/?q=perfume+layering+combinations&rs=typed	https://trends.pinterest.com/search?country=US&query=perfume+layering+combinations	
scent layering	https://www.pinterest.com/search/pins/?q=scent+layering&rs=typed	https://trends.pinterest.com/search?country=US&query=scent+layering	
glacier aesthetic	https://www.pinterest.com/search/pins/?q=glacier+aesthetic&rs=typed	https://trends.pinterest.com/search?country=US&query=glacier+aesthetic	
icy blue	https://www.pinterest.com/search/pins/?q=icy+blue&rs=typed	https://trends.pinterest.com/search?country=US&query=icy+blue	
midnight masquerade	https://www.pinterest.com/search/pins/?q=midnight+masquerade&rs=typed	https://trends.pinterest.com/search?country=US&query=midnight+masquerade	
opera outfits	https://www.pinterest.com/search/pins/?q=opera+outfits&rs=typed	https://trends.pinterest.com/search?country=US&query=opera+outfits	
masquerade decor	https://www.pinterest.com/search/pins/?q=masquerade+decor&rs=typed	https://trends.pinterest.com/search?country=US&query=masquerade+decor	
scotland highlands aesthetic	https://www.pinterest.com/search/pins/?q=scotland+highlands+aesthetic&rs=typed	https://trends.pinterest.com/search?country=US&query=scotland+highlands+aesthetic	
faroe islands aesthetic	https://www.pinterest.com/search/pins/?q=faroe+islands+aesthetic&rs=typed	https://trends.pinterest.com/search?country=US&query=faroe+islands+aesthetic	
ethereal places	https://www.pinterest.com/search/pins/?q=ethereal+places&rs=typed	https://trends.pinterest.com/search?country=US&query=ethereal+places	
adventure tourism	https://www.pinterest.com/search/pins/?q=adventure+tourism&rs=typed	https://trends.pinterest.com/search?country=US&query=adventure+tourism	
auto racing events	https://www.pinterest.com/search/pins/?q=auto+racing+events&rs=typed	https://trends.pinterest.com/search?country=US&query=auto+racing+events	
river rafting	https://www.pinterest.com/search/pins/?q=river+rafting&rs=typed	https://trends.pinterest.com/search?country=US&query=river+rafting	
gummy bears aesthetic	https://www.pinterest.com/search/pins/?q=gummy+bears+aesthetic&rs=typed	https://trends.pinterest.com/search?country=US&query=gummy+bears+aesthetic	
jelly candy aesthetic	https://www.pinterest.com/search/pins/?q=jelly+candy+aesthetic&rs=typed	https://trends.pinterest.com/search?country=US&query=jelly+candy+aesthetic	
jelly blush	https://www.pinterest.com/search/pins/?q=jelly+blush&rs=typed	https://trends.pinterest.com/search?country=US&query=jelly+blush	
cute stamps	https://www.pinterest.com/search/pins/?q=cute+stamps&rs=typed	https://trends.pinterest.com/search?country=US&query=cute+stamps	
penpal letters	https://www.pinterest.com/search/pins/?q=penpal+letters&rs=typed	https://trends.pinterest.com/search?country=US&query=penpal+letters	
snail mail gifts	https://www.pinterest.com/search/pins/?q=snail+mail+gifts&rs=typed	https://trends.pinterest.com/search?country=US&query=snail+mail+gifts	
nostalgia toys	https://www.pinterest.com/search/pins/?q=nostalgia+toys&rs=typed	https://trends.pinterest.com/search?country=US&query=nostalgia+toys	
2000s kids toys	https://www.pinterest.com/search/pins/?q=2000s+kids+toys&rs=typed	https://trends.pinterest.com/search?country=US&query=2000s+kids+toys	
triangle bikini 2016	https://www.pinterest.com/search/pins/?q=triangle+bikini+2016&rs=typed	https://trends.pinterest.com/search?country=US&query=triangle+bikini+2016	
dry skin sunscreen cream	https://www.pinterest.com/search/pins/?q=dry+skin+sunscreen+cream&rs=typed	https://trends.pinterest.com/search?country=US&query=dry+skin+sunscreen+cream	
sardines breakfast	https://www.pinterest.com/search/pins/?q=sardines+breakfast&rs=typed	https://trends.pinterest.com/search?country=US&query=sardines+breakfast	
sardine toast recipes	https://www.pinterest.com/search/pins/?q=sardine+toast+recipes&rs=typed	https://trends.pinterest.com/search?country=US&query=sardine+toast+recipes	
tinned fish charcuterie board	https://www.pinterest.com/search/pins/?q=tinned+fish+charcuterie+board&rs=typed	https://trends.pinterest.com/search?country=US&query=tinned+fish+charcuterie+board	
canned mackerel recipes	https://www.pinterest.com/search/pins/?q=canned+mackerel+recipes&rs=typed	https://trends.pinterest.com/search?country=US&query=canned+mackerel+recipes	
fried anchovies	https://www.pinterest.com/search/pins/?q=fried+anchovies&rs=typed	https://trends.pinterest.com/search?country=US&query=fried+anchovies	
canned tuna poke bowl	https://www.pinterest.com/search/pins/?q=canned+tuna+poke+bowl&rs=typed	https://trends.pinterest.com/search?country=US&query=canned+tuna+poke+bowl	
pretzel jello salad	https://www.pinterest.com/search/pins/?q=pretzel+jello+salad&rs=typed	https://trends.pinterest.com/search?country=US&query=pretzel+jello+salad	
cottage cheese jello salad recipes	https://www.pinterest.com/search/pins/?q=cottage+cheese+jello+salad+recipes&rs=typed	https://trends.pinterest.com/search?country=US&query=cottage+cheese+jello+salad+recipes	
carrot jello salad	https://www.pinterest.com/search/pins/?q=carrot+jello+salad&rs=typed	https://trends.pinterest.com/search?country=US&query=carrot+jello+salad	
mandarin orange jello salad	https://www.pinterest.com/search/pins/?q=mandarin+orange+jello+salad&rs=typed	https://trends.pinterest.com/search?country=US&query=mandarin+orange+jello+salad	
pistachio jello salad	https://www.pinterest.com/search/pins/?q=pistachio+jello+salad&rs=typed	https://trends.pinterest.com/search?country=US&query=pistachio+jello+salad	
yokan	https://www.pinterest.com/search/pins/?q=yokan&rs=typed	https://trends.pinterest.com/search?country=US&query=yokan	
agar agar	https://www.pinterest.com/search/pins/?q=agar+agar&rs=typed	https://trends.pinterest.com/search?country=US&query=agar+agar	
circus interior	https://www.pinterest.com/search/pins/?q=circus+interior&rs=typed	https://trends.pinterest.com/search?country=US&query=circus+interior	
circus art	https://www.pinterest.com/search/pins/?q=circus+art&rs=typed	https://trends.pinterest.com/search?country=US&query=circus+art	
1970s childhood toys	https://www.pinterest.com/search/pins/?q=1970s+childhood+toys&rs=typed	https://trends.pinterest.com/search?country=US&query=1970s+childhood+toys	
upcycled baby clothes	https://www.pinterest.com/search/pins/?q=upcycled+baby+clothes&rs=typed	https://trends.pinterest.com/search?country=US&query=upcycled+baby+clothes	
vintage kids fashion	https://www.pinterest.com/search/pins/?q=vintage+kids+fashion&rs=typed	https://trends.pinterest.com/search?country=US&query=vintage+kids+fashion	
hand written letters	https://www.pinterest.com/search/pins/?q=hand+written+letters&rs=typed	https://trends.pinterest.com/search?country=US&query=hand+written+letters	
penpal ideas	https://www.pinterest.com/search/pins/?q=penpal+ideas&rs=typed	https://trends.pinterest.com/search?country=US&query=penpal+ideas	
sautéed bok choy	https://www.pinterest.com/search/pins/?q=sautéed+bok+choy&rs=typed	https://trends.pinterest.com/search?country=US&query=sautéed+bok+choy	
cabbage dumplings	https://www.pinterest.com/search/pins/?q=cabbage+dumplings&rs=typed	https://trends.pinterest.com/search?country=US&query=cabbage+dumplings	
golumpki soup	https://www.pinterest.com/search/pins/?q=golumpki+soup&rs=typed	https://trends.pinterest.com/search?country=US&query=golumpki+soup	
cabbage alfredo	https://www.pinterest.com/search/pins/?q=cabbage+alfredo&rs=typed	https://trends.pinterest.com/search?country=US&query=cabbage+alfredo	
fermented cabbage	https://www.pinterest.com/search/pins/?q=fermented+cabbage&rs=typed	https://trends.pinterest.com/search?country=US&query=fermented+cabbage	
bamboo beaded curtains	https://www.pinterest.com/search/pins/?q=bamboo+beaded+curtains&rs=typed	https://trends.pinterest.com/search?country=US&query=bamboo+beaded+curtains	
ethiopian art	https://www.pinterest.com/search/pins/?q=ethiopian+art&rs=typed	https://trends.pinterest.com/search?country=US&query=ethiopian+art	
rattan accent chair	https://www.pinterest.com/search/pins/?q=rattan+accent+chair&rs=typed	https://trends.pinterest.com/search?country=US&query=rattan+accent+chair	
gold cuff	https://www.pinterest.com/search/pins/?q=gold+cuff&rs=typed	https://trends.pinterest.com/search?country=US&query=gold+cuff	
tie accessories	https://www.pinterest.com/search/pins/?q=tie+accessories&rs=typed	https://trends.pinterest.com/search?country=US&query=tie+accessories	
pleated trousers	https://www.pinterest.com/search/pins/?q=pleated+trousers&rs=typed	https://trends.pinterest.com/search?country=US&query=pleated+trousers	
utility shirt	https://www.pinterest.com/search/pins/?q=utility+shirt&rs=typed	https://trends.pinterest.com/search?country=US&query=utility+shirt	
paleontologist aesthetic	https://www.pinterest.com/search/pins/?q=paleontologist+aesthetic&rs=typed	https://trends.pinterest.com/search?country=US&query=paleontologist+aesthetic	
leather banquette	https://www.pinterest.com/search/pins/?q=leather+banquette&rs=typed	https://trends.pinterest.com/search?country=US&query=leather+banquette	
nails with different colors on each hand	https://www.pinterest.com/search/pins/?q=nails+with+different+colors+on+each+hand&rs=typed	https://trends.pinterest.com/search?country=US&query=nails+with+different+colors+on+each+hand	
asymmetrical lob	https://www.pinterest.com/search/pins/?q=asymmetrical+lob&rs=typed	https://trends.pinterest.com/search?country=US&query=asymmetrical+lob	
heirloom jewelry	https://www.pinterest.com/search/pins/?q=heirloom+jewelry&rs=typed	https://trends.pinterest.com/search?country=US&query=heirloom+jewelry	
lapel shirt	https://www.pinterest.com/search/pins/?q=lapel+shirt&rs=typed	https://trends.pinterest.com/search?country=US&query=lapel+shirt	
lace belt	https://www.pinterest.com/search/pins/?q=lace+belt&rs=typed	https://trends.pinterest.com/search?country=US&query=lace+belt	
lace doily	https://www.pinterest.com/search/pins/?q=lace+doily&rs=typed	https://trends.pinterest.com/search?country=US&query=lace+doily	
signature scent	https://www.pinterest.com/search/pins/?q=signature+scent&rs=typed	https://trends.pinterest.com/search?country=US&query=signature+scent	
perfume notes	https://www.pinterest.com/search/pins/?q=perfume+notes&rs=typed	https://trends.pinterest.com/search?country=US&query=perfume+notes	
vampire haircut	https://www.pinterest.com/search/pins/?q=vampire+haircut&rs=typed	https://trends.pinterest.com/search?country=US&query=vampire+haircut	
blue drinks aesthetic	https://www.pinterest.com/search/pins/?q=blue+drinks+aesthetic&rs=typed	https://trends.pinterest.com/search?country=US&query=blue+drinks+aesthetic	
ice blue wedding dress	https://www.pinterest.com/search/pins/?q=ice+blue+wedding+dress&rs=typed	https://trends.pinterest.com/search?country=US&query=ice+blue+wedding+dress	
futuristic truck	https://www.pinterest.com/search/pins/?q=futuristic+truck&rs=typed	https://trends.pinterest.com/search?country=US&query=futuristic+truck	
opera theatre	https://www.pinterest.com/search/pins/?q=opera+theatre&rs=typed	https://trends.pinterest.com/search?country=US&query=opera+theatre	
wedding ceiling draping	https://www.pinterest.com/search/pins/?q=wedding+ceiling+draping&rs=typed	https://trends.pinterest.com/search?country=US&query=wedding+ceiling+draping	
bolivia salar de uyuni	https://www.pinterest.com/search/pins/?q=bolivia+salar+de+uyuni&rs=typed	https://trends.pinterest.com/search?country=US&query=bolivia+salar+de+uyuni	
arashiyama bamboo forest	https://www.pinterest.com/search/pins/?q=arashiyama+bamboo+forest&rs=typed	https://trends.pinterest.com/search?country=US&query=arashiyama+bamboo+forest	
adrenaline rush aesthetic	https://www.pinterest.com/search/pins/?q=adrenaline+rush+aesthetic&rs=typed	https://trends.pinterest.com/search?country=US&query=adrenaline+rush+aesthetic	
football tournament	https://www.pinterest.com/search/pins/?q=football+tournament&rs=typed	https://trends.pinterest.com/search?country=US&query=football+tournament	
4th of july outfit women	https://www.pinterest.com/search/pins/?q=4th+of+july+outfit+women&rs=typed	https://trends.pinterest.com/search?country=US&query=4th+of+july+outfit+women	
fourth of july outfit ideas	https://www.pinterest.com/search/pins/?q=fourth+of+july+outfit+ideas&rs=typed	https://trends.pinterest.com/search?country=US&query=fourth+of+july+outfit+ideas	
patriotic outfit women	https://www.pinterest.com/search/pins/?q=patriotic+outfit+women&rs=typed	https://trends.pinterest.com/search?country=US&query=patriotic+outfit+women	
red white blue outfit summer	https://www.pinterest.com/search/pins/?q=red+white+blue+outfit+summer&rs=typed	https://trends.pinterest.com/search?country=US&query=red+white+blue+outfit+summer	
usa outfit aesthetic	https://www.pinterest.com/search/pins/?q=usa+outfit+aesthetic&rs=typed	https://trends.pinterest.com/search?country=US&query=usa+outfit+aesthetic	
summer wedding guest outfit	https://www.pinterest.com/search/pins/?q=summer+wedding+guest+outfit&rs=typed	https://trends.pinterest.com/search?country=US&query=summer+wedding+guest+outfit	
outdoor wedding outfit summer	https://www.pinterest.com/search/pins/?q=outdoor+wedding+outfit+summer&rs=typed	https://trends.pinterest.com/search?country=US&query=outdoor+wedding+outfit+summer	
garden party outfit summer	https://www.pinterest.com/search/pins/?q=garden+party+outfit+summer&rs=typed	https://trends.pinterest.com/search?country=US&query=garden+party+outfit+summer	
brunch outfit summer women	https://www.pinterest.com/search/pins/?q=brunch+outfit+summer+women&rs=typed	https://trends.pinterest.com/search?country=US&query=brunch+outfit+summer+women	
rooftop bar outfit summer	https://www.pinterest.com/search/pins/?q=rooftop+bar+outfit+summer&rs=typed	https://trends.pinterest.com/search?country=US&query=rooftop+bar+outfit+summer	
vacation capsule wardrobe summer	https://www.pinterest.com/search/pins/?q=vacation+capsule+wardrobe+summer&rs=typed	https://trends.pinterest.com/search?country=US&query=vacation+capsule+wardrobe+summer	
europe summer outfit	https://www.pinterest.com/search/pins/?q=europe+summer+outfit&rs=typed	https://trends.pinterest.com/search?country=US&query=europe+summer+outfit	
greece vacation outfits	https://www.pinterest.com/search/pins/?q=greece+vacation+outfits&rs=typed	https://trends.pinterest.com/search?country=US&query=greece+vacation+outfits	
amalfi coast outfit	https://www.pinterest.com/search/pins/?q=amalfi+coast+outfit&rs=typed	https://trends.pinterest.com/search?country=US&query=amalfi+coast+outfit	
mediterranean vacation outfits	https://www.pinterest.com/search/pins/?q=mediterranean+vacation+outfits&rs=typed	https://trends.pinterest.com/search?country=US&query=mediterranean+vacation+outfits	
italy summer outfit	https://www.pinterest.com/search/pins/?q=italy+summer+outfit&rs=typed	https://trends.pinterest.com/search?country=US&query=italy+summer+outfit	
spain vacation outfits	https://www.pinterest.com/search/pins/?q=spain+vacation+outfits&rs=typed	https://trends.pinterest.com/search?country=US&query=spain+vacation+outfits	
paris summer outfit	https://www.pinterest.com/search/pins/?q=paris+summer+outfit&rs=typed	https://trends.pinterest.com/search?country=US&query=paris+summer+outfit	
tropical vacation outfit	https://www.pinterest.com/search/pins/?q=tropical+vacation+outfit&rs=typed	https://trends.pinterest.com/search?country=US&query=tropical+vacation+outfit	
hawaii vacation outfits	https://www.pinterest.com/search/pins/?q=hawaii+vacation+outfits&rs=typed	https://trends.pinterest.com/search?country=US&query=hawaii+vacation+outfits	
caribbean vacation outfits	https://www.pinterest.com/search/pins/?q=caribbean+vacation+outfits&rs=typed	https://trends.pinterest.com/search?country=US&query=caribbean+vacation+outfits	
mexico vacation outfits summer	https://www.pinterest.com/search/pins/?q=mexico+vacation+outfits+summer&rs=typed	https://trends.pinterest.com/search?country=US&query=mexico+vacation+outfits+summer	
bali vacation outfits	https://www.pinterest.com/search/pins/?q=bali+vacation+outfits&rs=typed	https://trends.pinterest.com/search?country=US&query=bali+vacation+outfits	
pool party outfit women	https://www.pinterest.com/search/pins/?q=pool+party+outfit+women&rs=typed	https://trends.pinterest.com/search?country=US&query=pool+party+outfit+women	
beach club outfit	https://www.pinterest.com/search/pins/?q=beach+club+outfit&rs=typed	https://trends.pinterest.com/search?country=US&query=beach+club+outfit	
yacht outfit women	https://www.pinterest.com/search/pins/?q=yacht+outfit+women&rs=typed	https://trends.pinterest.com/search?country=US&query=yacht+outfit+women	
boat party outfit summer	https://www.pinterest.com/search/pins/?q=boat+party+outfit+summer&rs=typed	https://trends.pinterest.com/search?country=US&query=boat+party+outfit+summer	
sundress outfit summer	https://www.pinterest.com/search/pins/?q=sundress+outfit+summer&rs=typed	https://trends.pinterest.com/search?country=US&query=sundress+outfit+summer	
linen dress outfit summer	https://www.pinterest.com/search/pins/?q=linen+dress+outfit+summer&rs=typed	https://trends.pinterest.com/search?country=US&query=linen+dress+outfit+summer	
maxi dress summer outfit	https://www.pinterest.com/search/pins/?q=maxi+dress+summer+outfit&rs=typed	https://trends.pinterest.com/search?country=US&query=maxi+dress+summer+outfit	
midi dress summer outfit	https://www.pinterest.com/search/pins/?q=midi+dress+summer+outfit&rs=typed	https://trends.pinterest.com/search?country=US&query=midi+dress+summer+outfit	
slip dress outfit summer	https://www.pinterest.com/search/pins/?q=slip+dress+outfit+summer&rs=typed	https://trends.pinterest.com/search?country=US&query=slip+dress+outfit+summer	
crochet cover up beach	https://www.pinterest.com/search/pins/?q=crochet+cover+up+beach&rs=typed	https://trends.pinterest.com/search?country=US&query=crochet+cover+up+beach	
sarong outfit beach	https://www.pinterest.com/search/pins/?q=sarong+outfit+beach&rs=typed	https://trends.pinterest.com/search?country=US&query=sarong+outfit+beach	
kaftan beach outfit	https://www.pinterest.com/search/pins/?q=kaftan+beach+outfit&rs=typed	https://trends.pinterest.com/search?country=US&query=kaftan+beach+outfit	
kimono cover up beach	https://www.pinterest.com/search/pins/?q=kimono+cover+up+beach&rs=typed	https://trends.pinterest.com/search?country=US&query=kimono+cover+up+beach	
bandeau bikini outfit	https://www.pinterest.com/search/pins/?q=bandeau+bikini+outfit&rs=typed	https://trends.pinterest.com/search?country=US&query=bandeau+bikini+outfit	
one piece swimsuit outfit	https://www.pinterest.com/search/pins/?q=one+piece+swimsuit+outfit&rs=typed	https://trends.pinterest.com/search?country=US&query=one+piece+swimsuit+outfit	
retro swimsuit outfit	https://www.pinterest.com/search/pins/?q=retro+swimsuit+outfit&rs=typed	https://trends.pinterest.com/search?country=US&query=retro+swimsuit+outfit	
pickleball outfit women	https://www.pinterest.com/search/pins/?q=pickleball+outfit+women&rs=typed	https://trends.pinterest.com/search?country=US&query=pickleball+outfit+women	
tennis skirt outfit summer	https://www.pinterest.com/search/pins/?q=tennis+skirt+outfit+summer&rs=typed	https://trends.pinterest.com/search?country=US&query=tennis+skirt+outfit+summer	
tennis dress outfit	https://www.pinterest.com/search/pins/?q=tennis+dress+outfit&rs=typed	https://trends.pinterest.com/search?country=US&query=tennis+dress+outfit	
golf outfit women summer	https://www.pinterest.com/search/pins/?q=golf+outfit+women+summer&rs=typed	https://trends.pinterest.com/search?country=US&query=golf+outfit+women+summer	
pilates princess outfit	https://www.pinterest.com/search/pins/?q=pilates+princess+outfit&rs=typed	https://trends.pinterest.com/search?country=US&query=pilates+princess+outfit	
hot pilates outfit	https://www.pinterest.com/search/pins/?q=hot+pilates+outfit&rs=typed	https://trends.pinterest.com/search?country=US&query=hot+pilates+outfit	
yoga set outfit summer	https://www.pinterest.com/search/pins/?q=yoga+set+outfit+summer&rs=typed	https://trends.pinterest.com/search?country=US&query=yoga+set+outfit+summer	
matching workout set summer	https://www.pinterest.com/search/pins/?q=matching+workout+set+summer&rs=typed	https://trends.pinterest.com/search?country=US&query=matching+workout+set+summer	
bike shorts outfit women	https://www.pinterest.com/search/pins/?q=bike+shorts+outfit+women&rs=typed	https://trends.pinterest.com/search?country=US&query=bike+shorts+outfit+women	
running outfit women summer	https://www.pinterest.com/search/pins/?q=running+outfit+women+summer&rs=typed	https://trends.pinterest.com/search?country=US&query=running+outfit+women+summer	
volleyball aesthetic outfit	https://www.pinterest.com/search/pins/?q=volleyball+aesthetic+outfit&rs=typed	https://trends.pinterest.com/search?country=US&query=volleyball+aesthetic+outfit	
cheerleader aesthetic outfit	https://www.pinterest.com/search/pins/?q=cheerleader+aesthetic+outfit&rs=typed	https://trends.pinterest.com/search?country=US&query=cheerleader+aesthetic+outfit	
coastal cowgirl outfit	https://www.pinterest.com/search/pins/?q=coastal+cowgirl+outfit&rs=typed	https://trends.pinterest.com/search?country=US&query=coastal+cowgirl+outfit	
mob wife aesthetic summer	https://www.pinterest.com/search/pins/?q=mob+wife+aesthetic+summer&rs=typed	https://trends.pinterest.com/search?country=US&query=mob+wife+aesthetic+summer	
quiet luxury summer outfit	https://www.pinterest.com/search/pins/?q=quiet+luxury+summer+outfit&rs=typed	https://trends.pinterest.com/search?country=US&query=quiet+luxury+summer+outfit	
old money summer outfit	https://www.pinterest.com/search/pins/?q=old+money+summer+outfit&rs=typed	https://trends.pinterest.com/search?country=US&query=old+money+summer+outfit	
tomato girl summer outfit	https://www.pinterest.com/search/pins/?q=tomato+girl+summer+outfit&rs=typed	https://trends.pinterest.com/search?country=US&query=tomato+girl+summer+outfit	
mediterranean girl aesthetic	https://www.pinterest.com/search/pins/?q=mediterranean+girl+aesthetic&rs=typed	https://trends.pinterest.com/search?country=US&query=mediterranean+girl+aesthetic	
italian summer aesthetic outfit	https://www.pinterest.com/search/pins/?q=italian+summer+aesthetic+outfit&rs=typed	https://trends.pinterest.com/search?country=US&query=italian+summer+aesthetic+outfit	
french girl summer outfit	https://www.pinterest.com/search/pins/?q=french+girl+summer+outfit&rs=typed	https://trends.pinterest.com/search?country=US&query=french+girl+summer+outfit	
coconut girl aesthetic	https://www.pinterest.com/search/pins/?q=coconut+girl+aesthetic&rs=typed	https://trends.pinterest.com/search?country=US&query=coconut+girl+aesthetic	
vanilla girl aesthetic summer	https://www.pinterest.com/search/pins/?q=vanilla+girl+aesthetic+summer&rs=typed	https://trends.pinterest.com/search?country=US&query=vanilla+girl+aesthetic+summer	
clean girl aesthetic summer	https://www.pinterest.com/search/pins/?q=clean+girl+aesthetic+summer&rs=typed	https://trends.pinterest.com/search?country=US&query=clean+girl+aesthetic+summer	
strawberry girl aesthetic	https://www.pinterest.com/search/pins/?q=strawberry+girl+aesthetic&rs=typed	https://trends.pinterest.com/search?country=US&query=strawberry+girl+aesthetic	
cherry cola aesthetic	https://www.pinterest.com/search/pins/?q=cherry+cola+aesthetic&rs=typed	https://trends.pinterest.com/search?country=US&query=cherry+cola+aesthetic	
festival outfit ideas 2026	https://www.pinterest.com/search/pins/?q=festival+outfit+ideas+2026&rs=typed	https://trends.pinterest.com/search?country=US&query=festival+outfit+ideas+2026	
coachella outfit 2026	https://www.pinterest.com/search/pins/?q=coachella+outfit+2026&rs=typed	https://trends.pinterest.com/search?country=US&query=coachella+outfit+2026	
music festival makeup	https://www.pinterest.com/search/pins/?q=music+festival+makeup&rs=typed	https://trends.pinterest.com/search?country=US&query=music+festival+makeup	
country concert outfit summer	https://www.pinterest.com/search/pins/?q=country+concert+outfit+summer&rs=typed	https://trends.pinterest.com/search?country=US&query=country+concert+outfit+summer	
cowboy boots summer outfit	https://www.pinterest.com/search/pins/?q=cowboy+boots+summer+outfit&rs=typed	https://trends.pinterest.com/search?country=US&query=cowboy+boots+summer+outfit	
western summer outfit women	https://www.pinterest.com/search/pins/?q=western+summer+outfit+women&rs=typed	https://trends.pinterest.com/search?country=US&query=western+summer+outfit+women	
nashville outfit summer	https://www.pinterest.com/search/pins/?q=nashville+outfit+summer&rs=typed	https://trends.pinterest.com/search?country=US&query=nashville+outfit+summer	
barbecue outfit summer	https://www.pinterest.com/search/pins/?q=barbecue+outfit+summer&rs=typed	https://trends.pinterest.com/search?country=US&query=barbecue+outfit+summer	
backyard party outfit	https://www.pinterest.com/search/pins/?q=backyard+party+outfit&rs=typed	https://trends.pinterest.com/search?country=US&query=backyard+party+outfit	
farmers market outfit summer	https://www.pinterest.com/search/pins/?q=farmers+market+outfit+summer&rs=typed	https://trends.pinterest.com/search?country=US&query=farmers+market+outfit+summer	
road trip outfit summer	https://www.pinterest.com/search/pins/?q=road+trip+outfit+summer&rs=typed	https://trends.pinterest.com/search?country=US&query=road+trip+outfit+summer	
airport outfit summer 2026	https://www.pinterest.com/search/pins/?q=airport+outfit+summer+2026&rs=typed	https://trends.pinterest.com/search?country=US&query=airport+outfit+summer+2026	
resort wear 2026	https://www.pinterest.com/search/pins/?q=resort+wear+2026&rs=typed	https://trends.pinterest.com/search?country=US&query=resort+wear+2026	
nantucket aesthetic outfit	https://www.pinterest.com/search/pins/?q=nantucket+aesthetic+outfit&rs=typed	https://trends.pinterest.com/search?country=US&query=nantucket+aesthetic+outfit	
hamptons outfit summer	https://www.pinterest.com/search/pins/?q=hamptons+outfit+summer&rs=typed	https://trends.pinterest.com/search?country=US&query=hamptons+outfit+summer	
lake house outfit summer	https://www.pinterest.com/search/pins/?q=lake+house+outfit+summer&rs=typed	https://trends.pinterest.com/search?country=US&query=lake+house+outfit+summer	
cabin outfit aesthetic summer	https://www.pinterest.com/search/pins/?q=cabin+outfit+aesthetic+summer&rs=typed	https://trends.pinterest.com/search?country=US&query=cabin+outfit+aesthetic+summer	
crochet top outfit summer	https://www.pinterest.com/search/pins/?q=crochet+top+outfit+summer&rs=typed	https://trends.pinterest.com/search?country=US&query=crochet+top+outfit+summer	
mesh top outfit summer	https://www.pinterest.com/search/pins/?q=mesh+top+outfit+summer&rs=typed	https://trends.pinterest.com/search?country=US&query=mesh+top+outfit+summer	
sheer dress outfit summer	https://www.pinterest.com/search/pins/?q=sheer+dress+outfit+summer&rs=typed	https://trends.pinterest.com/search?country=US&query=sheer+dress+outfit+summer	
cutout dress summer outfit	https://www.pinterest.com/search/pins/?q=cutout+dress+summer+outfit&rs=typed	https://trends.pinterest.com/search?country=US&query=cutout+dress+summer+outfit	
halter top outfit summer	https://www.pinterest.com/search/pins/?q=halter+top+outfit+summer&rs=typed	https://trends.pinterest.com/search?country=US&query=halter+top+outfit+summer	
tube top outfit summer	https://www.pinterest.com/search/pins/?q=tube+top+outfit+summer&rs=typed	https://trends.pinterest.com/search?country=US&query=tube+top+outfit+summer	
off shoulder top summer outfit	https://www.pinterest.com/search/pins/?q=off+shoulder+top+summer+outfit&rs=typed	https://trends.pinterest.com/search?country=US&query=off+shoulder+top+summer+outfit	
linen pants outfit women summer	https://www.pinterest.com/search/pins/?q=linen+pants+outfit+women+summer&rs=typed	https://trends.pinterest.com/search?country=US&query=linen+pants+outfit+women+summer	
wide leg linen pants outfit	https://www.pinterest.com/search/pins/?q=wide+leg+linen+pants+outfit&rs=typed	https://trends.pinterest.com/search?country=US&query=wide+leg+linen+pants+outfit	
palazzo pants summer outfit	https://www.pinterest.com/search/pins/?q=palazzo+pants+summer+outfit&rs=typed	https://trends.pinterest.com/search?country=US&query=palazzo+pants+summer+outfit	
bermuda shorts outfit women	https://www.pinterest.com/search/pins/?q=bermuda+shorts+outfit+women&rs=typed	https://trends.pinterest.com/search?country=US&query=bermuda+shorts+outfit+women	
tailored shorts outfit summer	https://www.pinterest.com/search/pins/?q=tailored+shorts+outfit+summer&rs=typed	https://trends.pinterest.com/search?country=US&query=tailored+shorts+outfit+summer	
pleated skirt summer outfit	https://www.pinterest.com/search/pins/?q=pleated+skirt+summer+outfit&rs=typed	https://trends.pinterest.com/search?country=US&query=pleated+skirt+summer+outfit	
skort outfit summer	https://www.pinterest.com/search/pins/?q=skort+outfit+summer&rs=typed	https://trends.pinterest.com/search?country=US&query=skort+outfit+summer	
cargo skirt outfit summer	https://www.pinterest.com/search/pins/?q=cargo+skirt+outfit+summer&rs=typed	https://trends.pinterest.com/search?country=US&query=cargo+skirt+outfit+summer	
denim skirt outfit summer	https://www.pinterest.com/search/pins/?q=denim+skirt+outfit+summer&rs=typed	https://trends.pinterest.com/search?country=US&query=denim+skirt+outfit+summer	
romper outfit summer	https://www.pinterest.com/search/pins/?q=romper+outfit+summer&rs=typed	https://trends.pinterest.com/search?country=US&query=romper+outfit+summer	
jumpsuit outfit summer women	https://www.pinterest.com/search/pins/?q=jumpsuit+outfit+summer+women&rs=typed	https://trends.pinterest.com/search?country=US&query=jumpsuit+outfit+summer+women	
co ord set summer outfit	https://www.pinterest.com/search/pins/?q=co+ord+set+summer+outfit&rs=typed	https://trends.pinterest.com/search?country=US&query=co+ord+set+summer+outfit	
matching set outfit summer	https://www.pinterest.com/search/pins/?q=matching+set+outfit+summer&rs=typed	https://trends.pinterest.com/search?country=US&query=matching+set+outfit+summer	
raffia bag outfit summer	https://www.pinterest.com/search/pins/?q=raffia+bag+outfit+summer&rs=typed	https://trends.pinterest.com/search?country=US&query=raffia+bag+outfit+summer	
wicker basket bag outfit	https://www.pinterest.com/search/pins/?q=wicker+basket+bag+outfit&rs=typed	https://trends.pinterest.com/search?country=US&query=wicker+basket+bag+outfit	
straw hat outfit summer	https://www.pinterest.com/search/pins/?q=straw+hat+outfit+summer&rs=typed	https://trends.pinterest.com/search?country=US&query=straw+hat+outfit+summer	
oversized sun hat outfit	https://www.pinterest.com/search/pins/?q=oversized+sun+hat+outfit&rs=typed	https://trends.pinterest.com/search?country=US&query=oversized+sun+hat+outfit	
baseball cap outfit women	https://www.pinterest.com/search/pins/?q=baseball+cap+outfit+women&rs=typed	https://trends.pinterest.com/search?country=US&query=baseball+cap+outfit+women	
trucker hat outfit women	https://www.pinterest.com/search/pins/?q=trucker+hat+outfit+women&rs=typed	https://trends.pinterest.com/search?country=US&query=trucker+hat+outfit+women	
visor outfit women	https://www.pinterest.com/search/pins/?q=visor+outfit+women&rs=typed	https://trends.pinterest.com/search?country=US&query=visor+outfit+women	
espadrille outfit women	https://www.pinterest.com/search/pins/?q=espadrille+outfit+women&rs=typed	https://trends.pinterest.com/search?country=US&query=espadrille+outfit+women	
platform sandal outfit	https://www.pinterest.com/search/pins/?q=platform+sandal+outfit&rs=typed	https://trends.pinterest.com/search?country=US&query=platform+sandal+outfit	
jelly sandal outfit 2026	https://www.pinterest.com/search/pins/?q=jelly+sandal+outfit+2026&rs=typed	https://trends.pinterest.com/search?country=US&query=jelly+sandal+outfit+2026	
fisherman sandal outfit	https://www.pinterest.com/search/pins/?q=fisherman+sandal+outfit&rs=typed	https://trends.pinterest.com/search?country=US&query=fisherman+sandal+outfit	
body chain beach outfit	https://www.pinterest.com/search/pins/?q=body+chain+beach+outfit&rs=typed	https://trends.pinterest.com/search?country=US&query=body+chain+beach+outfit	
anklet jewelry summer	https://www.pinterest.com/search/pins/?q=anklet+jewelry+summer&rs=typed	https://trends.pinterest.com/search?country=US&query=anklet+jewelry+summer	
shell necklace outfit beach	https://www.pinterest.com/search/pins/?q=shell+necklace+outfit+beach&rs=typed	https://trends.pinterest.com/search?country=US&query=shell+necklace+outfit+beach	
pearl jewelry summer outfit	https://www.pinterest.com/search/pins/?q=pearl+jewelry+summer+outfit&rs=typed	https://trends.pinterest.com/search?country=US&query=pearl+jewelry+summer+outfit	
gold hoop earrings summer	https://www.pinterest.com/search/pins/?q=gold+hoop+earrings+summer&rs=typed	https://trends.pinterest.com/search?country=US&query=gold+hoop+earrings+summer	
layered necklaces summer	https://www.pinterest.com/search/pins/?q=layered+necklaces+summer&rs=typed	https://trends.pinterest.com/search?country=US&query=layered+necklaces+summer	
charm bracelet summer trend	https://www.pinterest.com/search/pins/?q=charm+bracelet+summer+trend&rs=typed	https://trends.pinterest.com/search?country=US&query=charm+bracelet+summer+trend	
beaded bag summer	https://www.pinterest.com/search/pins/?q=beaded+bag+summer&rs=typed	https://trends.pinterest.com/search?country=US&query=beaded+bag+summer	
floral headband summer	https://www.pinterest.com/search/pins/?q=floral+headband+summer&rs=typed	https://trends.pinterest.com/search?country=US&query=floral+headband+summer	
hair scarf summer	https://www.pinterest.com/search/pins/?q=hair+scarf+summer&rs=typed	https://trends.pinterest.com/search?country=US&query=hair+scarf+summer	
claw clip hairstyles summer	https://www.pinterest.com/search/pins/?q=claw+clip+hairstyles+summer&rs=typed	https://trends.pinterest.com/search?country=US&query=claw+clip+hairstyles+summer	
slick back bun summer	https://www.pinterest.com/search/pins/?q=slick+back+bun+summer&rs=typed	https://trends.pinterest.com/search?country=US&query=slick+back+bun+summer	
braided updo summer	https://www.pinterest.com/search/pins/?q=braided+updo+summer&rs=typed	https://trends.pinterest.com/search?country=US&query=braided+updo+summer	
beach waves hair tutorial	https://www.pinterest.com/search/pins/?q=beach+waves+hair+tutorial&rs=typed	https://trends.pinterest.com/search?country=US&query=beach+waves+hair+tutorial	
cherry cola hair	https://www.pinterest.com/search/pins/?q=cherry+cola+hair&rs=typed	https://trends.pinterest.com/search?country=US&query=cherry+cola+hair	
strawberry blonde hair summer	https://www.pinterest.com/search/pins/?q=strawberry+blonde+hair+summer&rs=typed	https://trends.pinterest.com/search?country=US&query=strawberry+blonde+hair+summer	
sun kissed makeup look	https://www.pinterest.com/search/pins/?q=sun+kissed+makeup+look&rs=typed	https://trends.pinterest.com/search?country=US&query=sun+kissed+makeup+look	
no makeup makeup summer	https://www.pinterest.com/search/pins/?q=no+makeup+makeup+summer&rs=typed	https://trends.pinterest.com/search?country=US&query=no+makeup+makeup+summer	
bronze goddess makeup	https://www.pinterest.com/search/pins/?q=bronze+goddess+makeup&rs=typed	https://trends.pinterest.com/search?country=US&query=bronze+goddess+makeup	
dewy bronzer look	https://www.pinterest.com/search/pins/?q=dewy+bronzer+look&rs=typed	https://trends.pinterest.com/search?country=US&query=dewy+bronzer+look	
body glow oil summer	https://www.pinterest.com/search/pins/?q=body+glow+oil+summer&rs=typed	https://trends.pinterest.com/search?country=US&query=body+glow+oil+summer	
lip gloss summer look	https://www.pinterest.com/search/pins/?q=lip+gloss+summer+look&rs=typed	https://trends.pinterest.com/search?country=US&query=lip+gloss+summer+look	
watermelon makeup trend	https://www.pinterest.com/search/pins/?q=watermelon+makeup+trend&rs=typed	https://trends.pinterest.com/search?country=US&query=watermelon+makeup+trend	
cherry makeup aesthetic	https://www.pinterest.com/search/pins/?q=cherry+makeup+aesthetic&rs=typed	https://trends.pinterest.com/search?country=US&query=cherry+makeup+aesthetic	
lemonade nails summer	https://www.pinterest.com/search/pins/?q=lemonade+nails+summer&rs=typed	https://trends.pinterest.com/search?country=US&query=lemonade+nails+summer	
fruit nail art summer	https://www.pinterest.com/search/pins/?q=fruit+nail+art+summer&rs=typed	https://trends.pinterest.com/search?country=US&query=fruit+nail+art+summer	
neon nail art summer	https://www.pinterest.com/search/pins/?q=neon+nail+art+summer&rs=typed	https://trends.pinterest.com/search?country=US&query=neon+nail+art+summer	
french tip nails summer 2026	https://www.pinterest.com/search/pins/?q=french+tip+nails+summer+2026&rs=typed	https://trends.pinterest.com/search?country=US&query=french+tip+nails+summer+2026	
glazed donut nails summer	https://www.pinterest.com/search/pins/?q=glazed+donut+nails+summer&rs=typed	https://trends.pinterest.com/search?country=US&query=glazed+donut+nails+summer	
chrome nails summer	https://www.pinterest.com/search/pins/?q=chrome+nails+summer&rs=typed	https://trends.pinterest.com/search?country=US&query=chrome+nails+summer	
aura nails summer	https://www.pinterest.com/search/pins/?q=aura+nails+summer&rs=typed	https://trends.pinterest.com/search?country=US&query=aura+nails+summer	
milk bath nails	https://www.pinterest.com/search/pins/?q=milk+bath+nails&rs=typed	https://trends.pinterest.com/search?country=US&query=milk+bath+nails	
nail ideas 2026	https://www.pinterest.com/search/pins/?q=nail+ideas+2026&rs=typed	https://trends.pinterest.com/search?country=US&query=nail+ideas+2026	
nail art design	https://www.pinterest.com/search/pins/?q=nail+art+design&rs=typed	https://trends.pinterest.com/search?country=US&query=nail+art+design	
tortoise shell sunglasses outfit	https://www.pinterest.com/search/pins/?q=tortoise+shell+sunglasses+outfit&rs=typed	https://trends.pinterest.com/search?country=US&query=tortoise+shell+sunglasses+outfit	
colorful sunglasses summer	https://www.pinterest.com/search/pins/?q=colorful+sunglasses+summer&rs=typed	https://trends.pinterest.com/search?country=US&query=colorful+sunglasses+summer	
oversized sunglasses 2026	https://www.pinterest.com/search/pins/?q=oversized+sunglasses+2026&rs=typed	https://trends.pinterest.com/search?country=US&query=oversized+sunglasses+2026	
aviator sunglasses women outfit	https://www.pinterest.com/search/pins/?q=aviator+sunglasses+women+outfit&rs=typed	https://trends.pinterest.com/search?country=US&query=aviator+sunglasses+women+outfit	
vintage rugby shirt outfit	https://www.pinterest.com/search/pins/?q=vintage+rugby+shirt+outfit&rs=typed	https://trends.pinterest.com/search?country=US&query=vintage+rugby+shirt+outfit	
rugby shirt outfit women	https://www.pinterest.com/search/pins/?q=rugby+shirt+outfit+women&rs=typed	https://trends.pinterest.com/search?country=US&query=rugby+shirt+outfit+women	
half zip pullover outfit women	https://www.pinterest.com/search/pins/?q=half+zip+pullover+outfit+women&rs=typed	https://trends.pinterest.com/search?country=US&query=half+zip+pullover+outfit+women	
quarter zip outfit women	https://www.pinterest.com/search/pins/?q=quarter+zip+outfit+women&rs=typed	https://trends.pinterest.com/search?country=US&query=quarter+zip+outfit+women	
slouchy sweater outfit summer	https://www.pinterest.com/search/pins/?q=slouchy+sweater+outfit+summer&rs=typed	https://trends.pinterest.com/search?country=US&query=slouchy+sweater+outfit+summer	
cable knit vest outfit	https://www.pinterest.com/search/pins/?q=cable+knit+vest+outfit&rs=typed	https://trends.pinterest.com/search?country=US&query=cable+knit+vest+outfit	
vest outfit women summer	https://www.pinterest.com/search/pins/?q=vest+outfit+women+summer&rs=typed	https://trends.pinterest.com/search?country=US&query=vest+outfit+women+summer	
layering outfit summer	https://www.pinterest.com/search/pins/?q=layering+outfit+summer&rs=typed	https://trends.pinterest.com/search?country=US&query=layering+outfit+summer	
late summer outfit ideas	https://www.pinterest.com/search/pins/?q=late+summer+outfit+ideas&rs=typed	https://trends.pinterest.com/search?country=US&query=late+summer+outfit+ideas	
90s minimalist style	https://www.pinterest.com/search/pins/?q=90s+minimalist+style&rs=typed	https://trends.pinterest.com/search?country=US&query=90s+minimalist+style	
date night outfit summer	https://www.pinterest.com/search/pins/?q=date+night+outfit+summer&rs=typed	https://trends.pinterest.com/search?country=US&query=date+night+outfit+summer	
hot girl summer outfit	https://www.pinterest.com/search/pins/?q=hot+girl+summer+outfit&rs=typed	https://trends.pinterest.com/search?country=US&query=hot+girl+summer+outfit	
ibiza outfit summer	https://www.pinterest.com/search/pins/?q=ibiza+outfit+summer&rs=typed	https://trends.pinterest.com/search?country=US&query=ibiza+outfit+summer	
mykonos outfit summer	https://www.pinterest.com/search/pins/?q=mykonos+outfit+summer&rs=typed	https://trends.pinterest.com/search?country=US&query=mykonos+outfit+summer	
tulum vacation outfits	https://www.pinterest.com/search/pins/?q=tulum+vacation+outfits&rs=typed	https://trends.pinterest.com/search?country=US&query=tulum+vacation+outfits	
cancun vacation outfits	https://www.pinterest.com/search/pins/?q=cancun+vacation+outfits&rs=typed	https://trends.pinterest.com/search?country=US&query=cancun+vacation+outfits	
cruise outfit ideas summer	https://www.pinterest.com/search/pins/?q=cruise+outfit+ideas+summer&rs=typed	https://trends.pinterest.com/search?country=US&query=cruise+outfit+ideas+summer	
all white outfit summer	https://www.pinterest.com/search/pins/?q=all+white+outfit+summer&rs=typed	https://trends.pinterest.com/search?country=US&query=all+white+outfit+summer	
linen shirt outfit women summer	https://www.pinterest.com/search/pins/?q=linen+shirt+outfit+women+summer&rs=typed	https://trends.pinterest.com/search?country=US&query=linen+shirt+outfit+women+summer	
striped dress outfit summer	https://www.pinterest.com/search/pins/?q=striped+dress+outfit+summer&rs=typed	https://trends.pinterest.com/search?country=US&query=striped+dress+outfit+summer	
polka dot dress summer outfit	https://www.pinterest.com/search/pins/?q=polka+dot+dress+summer+outfit&rs=typed	https://trends.pinterest.com/search?country=US&query=polka+dot+dress+summer+outfit	
gingham dress outfit summer	https://www.pinterest.com/search/pins/?q=gingham+dress+outfit+summer&rs=typed	https://trends.pinterest.com/search?country=US&query=gingham+dress+outfit+summer	
floral dress outfit summer	https://www.pinterest.com/search/pins/?q=floral+dress+outfit+summer&rs=typed	https://trends.pinterest.com/search?country=US&query=floral+dress+outfit+summer	
butter yellow outfit summer	https://www.pinterest.com/search/pins/?q=butter+yellow+outfit+summer&rs=typed	https://trends.pinterest.com/search?country=US&query=butter+yellow+outfit+summer	
coral outfit summer women	https://www.pinterest.com/search/pins/?q=coral+outfit+summer+women&rs=typed	https://trends.pinterest.com/search?country=US&query=coral+outfit+summer+women	
lime green outfit summer	https://www.pinterest.com/search/pins/?q=lime+green+outfit+summer&rs=typed	https://trends.pinterest.com/search?country=US&query=lime+green+outfit+summer	
cherry red outfit summer	https://www.pinterest.com/search/pins/?q=cherry+red+outfit+summer&rs=typed	https://trends.pinterest.com/search?country=US&query=cherry+red+outfit+summer	
navy and white outfit summer	https://www.pinterest.com/search/pins/?q=navy+and+white+outfit+summer&rs=typed	https://trends.pinterest.com/search?country=US&query=navy+and+white+outfit+summer	
seersucker outfit women summer	https://www.pinterest.com/search/pins/?q=seersucker+outfit+women+summer&rs=typed	https://trends.pinterest.com/search?country=US&query=seersucker+outfit+women+summer	
eyelet dress outfit summer	https://www.pinterest.com/search/pins/?q=eyelet+dress+outfit+summer&rs=typed	https://trends.pinterest.com/search?country=US&query=eyelet+dress+outfit+summer	
eyelet top outfit summer	https://www.pinterest.com/search/pins/?q=eyelet+top+outfit+summer&rs=typed	https://trends.pinterest.com/search?country=US&query=eyelet+top+outfit+summer	
crochet dress outfit summer	https://www.pinterest.com/search/pins/?q=crochet+dress+outfit+summer&rs=typed	https://trends.pinterest.com/search?country=US&query=crochet+dress+outfit+summer	
crochet skirt outfit summer	https://www.pinterest.com/search/pins/?q=crochet+skirt+outfit+summer&rs=typed	https://trends.pinterest.com/search?country=US&query=crochet+skirt+outfit+summer	
crochet shorts outfit summer	https://www.pinterest.com/search/pins/?q=crochet+shorts+outfit+summer&rs=typed	https://trends.pinterest.com/search?country=US&query=crochet+shorts+outfit+summer	
tie front top outfit summer	https://www.pinterest.com/search/pins/?q=tie+front+top+outfit+summer&rs=typed	https://trends.pinterest.com/search?country=US&query=tie+front+top+outfit+summer	
backless top outfit summer	https://www.pinterest.com/search/pins/?q=backless+top+outfit+summer&rs=typed	https://trends.pinterest.com/search?country=US&query=backless+top+outfit+summer	
low rise jeans outfit summer	https://www.pinterest.com/search/pins/?q=low+rise+jeans+outfit+summer&rs=typed	https://trends.pinterest.com/search?country=US&query=low+rise+jeans+outfit+summer	
baggy jeans outfit summer women	https://www.pinterest.com/search/pins/?q=baggy+jeans+outfit+summer+women&rs=typed	https://trends.pinterest.com/search?country=US&query=baggy+jeans+outfit+summer+women	
wide leg jeans outfit summer	https://www.pinterest.com/search/pins/?q=wide+leg+jeans+outfit+summer&rs=typed	https://trends.pinterest.com/search?country=US&query=wide+leg+jeans+outfit+summer	
flare jeans outfit summer	https://www.pinterest.com/search/pins/?q=flare+jeans+outfit+summer&rs=typed	https://trends.pinterest.com/search?country=US&query=flare+jeans+outfit+summer	
white jeans outfit summer	https://www.pinterest.com/search/pins/?q=white+jeans+outfit+summer&rs=typed	https://trends.pinterest.com/search?country=US&query=white+jeans+outfit+summer	
denim on denim outfit summer	https://www.pinterest.com/search/pins/?q=denim+on+denim+outfit+summer&rs=typed	https://trends.pinterest.com/search?country=US&query=denim+on+denim+outfit+summer	
chambray shirt outfit women	https://www.pinterest.com/search/pins/?q=chambray+shirt+outfit+women&rs=typed	https://trends.pinterest.com/search?country=US&query=chambray+shirt+outfit+women	
oversized tee outfit summer	https://www.pinterest.com/search/pins/?q=oversized+tee+outfit+summer&rs=typed	https://trends.pinterest.com/search?country=US&query=oversized+tee+outfit+summer	
graphic tee outfit summer women	https://www.pinterest.com/search/pins/?q=graphic+tee+outfit+summer+women&rs=typed	https://trends.pinterest.com/search?country=US&query=graphic+tee+outfit+summer+women	
tank top outfit summer	https://www.pinterest.com/search/pins/?q=tank+top+outfit+summer&rs=typed	https://trends.pinterest.com/search?country=US&query=tank+top+outfit+summer	
muscle tee outfit women	https://www.pinterest.com/search/pins/?q=muscle+tee+outfit+women&rs=typed	https://trends.pinterest.com/search?country=US&query=muscle+tee+outfit+women	
linen shorts outfit women	https://www.pinterest.com/search/pins/?q=linen+shorts+outfit+women&rs=typed	https://trends.pinterest.com/search?country=US&query=linen+shorts+outfit+women	
drawstring shorts outfit summer	https://www.pinterest.com/search/pins/?q=drawstring+shorts+outfit+summer&rs=typed	https://trends.pinterest.com/search?country=US&query=drawstring+shorts+outfit+summer	
skort outfit women golf	https://www.pinterest.com/search/pins/?q=skort+outfit+women+golf&rs=typed	https://trends.pinterest.com/search?country=US&query=skort+outfit+women+golf	
tennis bracelet stack summer	https://www.pinterest.com/search/pins/?q=tennis+bracelet+stack+summer&rs=typed	https://trends.pinterest.com/search?country=US&query=tennis+bracelet+stack+summer	
bodycon dress summer outfit	https://www.pinterest.com/search/pins/?q=bodycon+dress+summer+outfit&rs=typed	https://trends.pinterest.com/search?country=US&query=bodycon+dress+summer+outfit	
wrap dress outfit summer	https://www.pinterest.com/search/pins/?q=wrap+dress+outfit+summer&rs=typed	https://trends.pinterest.com/search?country=US&query=wrap+dress+outfit+summer	
shirt dress outfit summer	https://www.pinterest.com/search/pins/?q=shirt+dress+outfit+summer&rs=typed	https://trends.pinterest.com/search?country=US&query=shirt+dress+outfit+summer	
utility vest outfit women	https://www.pinterest.com/search/pins/?q=utility+vest+outfit+women&rs=typed	https://trends.pinterest.com/search?country=US&query=utility+vest+outfit+women	
safari jacket outfit women	https://www.pinterest.com/search/pins/?q=safari+jacket+outfit+women&rs=typed	https://trends.pinterest.com/search?country=US&query=safari+jacket+outfit+women	
linen blazer outfit summer	https://www.pinterest.com/search/pins/?q=linen+blazer+outfit+summer&rs=typed	https://trends.pinterest.com/search?country=US&query=linen+blazer+outfit+summer	
blazer and shorts outfit summer	https://www.pinterest.com/search/pins/?q=blazer+and+shorts+outfit+summer&rs=typed	https://trends.pinterest.com/search?country=US&query=blazer+and+shorts+outfit+summer	
blazer over swimsuit outfit	https://www.pinterest.com/search/pins/?q=blazer+over+swimsuit+outfit&rs=typed	https://trends.pinterest.com/search?country=US&query=blazer+over+swimsuit+outfit	
cardigan over dress summer	https://www.pinterest.com/search/pins/?q=cardigan+over+dress+summer&rs=typed	https://trends.pinterest.com/search?country=US&query=cardigan+over+dress+summer	
sheer cardigan outfit summer	https://www.pinterest.com/search/pins/?q=sheer+cardigan+outfit+summer&rs=typed	https://trends.pinterest.com/search?country=US&query=sheer+cardigan+outfit+summer	
bucket hat outfit women	https://www.pinterest.com/search/pins/?q=bucket+hat+outfit+women&rs=typed	https://trends.pinterest.com/search?country=US&query=bucket+hat+outfit+women	
beret outfit summer women	https://www.pinterest.com/search/pins/?q=beret+outfit+summer+women&rs=typed	https://trends.pinterest.com/search?country=US&query=beret+outfit+summer+women	
headscarf outfit summer	https://www.pinterest.com/search/pins/?q=headscarf+outfit+summer&rs=typed	https://trends.pinterest.com/search?country=US&query=headscarf+outfit+summer	
bandana top outfit summer	https://www.pinterest.com/search/pins/?q=bandana+top+outfit+summer&rs=typed	https://trends.pinterest.com/search?country=US&query=bandana+top+outfit+summer	
bandana outfit summer women	https://www.pinterest.com/search/pins/?q=bandana+outfit+summer+women&rs=typed	https://trends.pinterest.com/search?country=US&query=bandana+outfit+summer+women	
scarf top outfit summer	https://www.pinterest.com/search/pins/?q=scarf+top+outfit+summer&rs=typed	https://trends.pinterest.com/search?country=US&query=scarf+top+outfit+summer	
pareo outfit beach	https://www.pinterest.com/search/pins/?q=pareo+outfit+beach&rs=typed	https://trends.pinterest.com/search?country=US&query=pareo+outfit+beach	
beach tote outfit	https://www.pinterest.com/search/pins/?q=beach+tote+outfit&rs=typed	https://trends.pinterest.com/search?country=US&query=beach+tote+outfit	
clear bag outfit summer	https://www.pinterest.com/search/pins/?q=clear+bag+outfit+summer&rs=typed	https://trends.pinterest.com/search?country=US&query=clear+bag+outfit+summer	
mini bag outfit summer	https://www.pinterest.com/search/pins/?q=mini+bag+outfit+summer&rs=typed	https://trends.pinterest.com/search?country=US&query=mini+bag+outfit+summer	
crossbody bag summer outfit	https://www.pinterest.com/search/pins/?q=crossbody+bag+summer+outfit&rs=typed	https://trends.pinterest.com/search?country=US&query=crossbody+bag+summer+outfit	
fanny pack outfit summer	https://www.pinterest.com/search/pins/?q=fanny+pack+outfit+summer&rs=typed	https://trends.pinterest.com/search?country=US&query=fanny+pack+outfit+summer	
platform flip flop outfit	https://www.pinterest.com/search/pins/?q=platform+flip+flop+outfit&rs=typed	https://trends.pinterest.com/search?country=US&query=platform+flip+flop+outfit	
slide sandal outfit women	https://www.pinterest.com/search/pins/?q=slide+sandal+outfit+women&rs=typed	https://trends.pinterest.com/search?country=US&query=slide+sandal+outfit+women	
heeled sandal outfit summer	https://www.pinterest.com/search/pins/?q=heeled+sandal+outfit+summer&rs=typed	https://trends.pinterest.com/search?country=US&query=heeled+sandal+outfit+summer	
wedge heel outfit summer	https://www.pinterest.com/search/pins/?q=wedge+heel+outfit+summer&rs=typed	https://trends.pinterest.com/search?country=US&query=wedge+heel+outfit+summer	
mule heel outfit summer	https://www.pinterest.com/search/pins/?q=mule+heel+outfit+summer&rs=typed	https://trends.pinterest.com/search?country=US&query=mule+heel+outfit+summer	
kitten heel outfit summer	https://www.pinterest.com/search/pins/?q=kitten+heel+outfit+summer&rs=typed	https://trends.pinterest.com/search?country=US&query=kitten+heel+outfit+summer	
ballet flat outfit summer	https://www.pinterest.com/search/pins/?q=ballet+flat+outfit+summer&rs=typed	https://trends.pinterest.com/search?country=US&query=ballet+flat+outfit+summer	
mary jane shoes outfit summer	https://www.pinterest.com/search/pins/?q=mary+jane+shoes+outfit+summer&rs=typed	https://trends.pinterest.com/search?country=US&query=mary+jane+shoes+outfit+summer	
loafer outfit women summer	https://www.pinterest.com/search/pins/?q=loafer+outfit+women+summer&rs=typed	https://trends.pinterest.com/search?country=US&query=loafer+outfit+women+summer	
penny loafer outfit women	https://www.pinterest.com/search/pins/?q=penny+loafer+outfit+women&rs=typed	https://trends.pinterest.com/search?country=US&query=penny+loafer+outfit+women	
slingback heel outfit summer	https://www.pinterest.com/search/pins/?q=slingback+heel+outfit+summer&rs=typed	https://trends.pinterest.com/search?country=US&query=slingback+heel+outfit+summer	
strappy heel outfit summer	https://www.pinterest.com/search/pins/?q=strappy+heel+outfit+summer&rs=typed	https://trends.pinterest.com/search?country=US&query=strappy+heel+outfit+summer	
ankle boot outfit summer women	https://www.pinterest.com/search/pins/?q=ankle+boot+outfit+summer+women&rs=typed	https://trends.pinterest.com/search?country=US&query=ankle+boot+outfit+summer+women	
cowboy hat outfit women summer	https://www.pinterest.com/search/pins/?q=cowboy+hat+outfit+women+summer&rs=typed	https://trends.pinterest.com/search?country=US&query=cowboy+hat+outfit+women+summer	
western belt outfit summer	https://www.pinterest.com/search/pins/?q=western+belt+outfit+summer&rs=typed	https://trends.pinterest.com/search?country=US&query=western+belt+outfit+summer	
turquoise jewelry summer outfit	https://www.pinterest.com/search/pins/?q=turquoise+jewelry+summer+outfit&rs=typed	https://trends.pinterest.com/search?country=US&query=turquoise+jewelry+summer+outfit	
coral jewelry summer outfit	https://www.pinterest.com/search/pins/?q=coral+jewelry+summer+outfit&rs=typed	https://trends.pinterest.com/search?country=US&query=coral+jewelry+summer+outfit	
shell earrings beach outfit	https://www.pinterest.com/search/pins/?q=shell+earrings+beach+outfit&rs=typed	https://trends.pinterest.com/search?country=US&query=shell+earrings+beach+outfit	
starfish jewelry summer	https://www.pinterest.com/search/pins/?q=starfish+jewelry+summer&rs=typed	https://trends.pinterest.com/search?country=US&query=starfish+jewelry+summer	
seashell nails summer	https://www.pinterest.com/search/pins/?q=seashell+nails+summer&rs=typed	https://trends.pinterest.com/search?country=US&query=seashell+nails+summer	
ocean nails summer	https://www.pinterest.com/search/pins/?q=ocean+nails+summer&rs=typed	https://trends.pinterest.com/search?country=US&query=ocean+nails+summer	
blue nail art summer	https://www.pinterest.com/search/pins/?q=blue+nail+art+summer&rs=typed	https://trends.pinterest.com/search?country=US&query=blue+nail+art+summer	
sunset nail art summer	https://www.pinterest.com/search/pins/?q=sunset+nail+art+summer&rs=typed	https://trends.pinterest.com/search?country=US&query=sunset+nail+art+summer	
ombre nails summer	https://www.pinterest.com/search/pins/?q=ombre+nails+summer&rs=typed	https://trends.pinterest.com/search?country=US&query=ombre+nails+summer	
press on nails summer	https://www.pinterest.com/search/pins/?q=press+on+nails+summer&rs=typed	https://trends.pinterest.com/search?country=US&query=press+on+nails+summer	
toe nail art summer	https://www.pinterest.com/search/pins/?q=toe+nail+art+summer&rs=typed	https://trends.pinterest.com/search?country=US&query=toe+nail+art+summer	
pedicure ideas summer 2026	https://www.pinterest.com/search/pins/?q=pedicure+ideas+summer+2026&rs=typed	https://trends.pinterest.com/search?country=US&query=pedicure+ideas+summer+2026	
bikini tan lines aesthetic	https://www.pinterest.com/search/pins/?q=bikini+tan+lines+aesthetic&rs=typed	https://trends.pinterest.com/search?country=US&query=bikini+tan+lines+aesthetic	
tan line makeup aesthetic	https://www.pinterest.com/search/pins/?q=tan+line+makeup+aesthetic&rs=typed	https://trends.pinterest.com/search?country=US&query=tan+line+makeup+aesthetic	
freckle makeup summer	https://www.pinterest.com/search/pins/?q=freckle+makeup+summer&rs=typed	https://trends.pinterest.com/search?country=US&query=freckle+makeup+summer	
fake freckles makeup look	https://www.pinterest.com/search/pins/?q=fake+freckles+makeup+look&rs=typed	https://trends.pinterest.com/search?country=US&query=fake+freckles+makeup+look	
colored sunscreen aesthetic	https://www.pinterest.com/search/pins/?q=colored+sunscreen+aesthetic&rs=typed	https://trends.pinterest.com/search?country=US&query=colored+sunscreen+aesthetic	
spf stick makeup bag	https://www.pinterest.com/search/pins/?q=spf+stick+makeup+bag&rs=typed	https://trends.pinterest.com/search?country=US&query=spf+stick+makeup+bag	
after sun skincare routine	https://www.pinterest.com/search/pins/?q=after+sun+skincare+routine&rs=typed	https://trends.pinterest.com/search?country=US&query=after+sun+skincare+routine	
aloe vera skincare summer	https://www.pinterest.com/search/pins/?q=aloe+vera+skincare+summer&rs=typed	https://trends.pinterest.com/search?country=US&query=aloe+vera+skincare+summer	
body sunscreen routine	https://www.pinterest.com/search/pins/?q=body+sunscreen+routine&rs=typed	https://trends.pinterest.com/search?country=US&query=body+sunscreen+routine	
scalp sunscreen hair	https://www.pinterest.com/search/pins/?q=scalp+sunscreen+hair&rs=typed	https://trends.pinterest.com/search?country=US&query=scalp+sunscreen+hair	
heatless curls summer	https://www.pinterest.com/search/pins/?q=heatless+curls+summer&rs=typed	https://trends.pinterest.com/search?country=US&query=heatless+curls+summer	
heatless waves tutorial	https://www.pinterest.com/search/pins/?q=heatless+waves+tutorial&rs=typed	https://trends.pinterest.com/search?country=US&query=heatless+waves+tutorial	
blowout hairstyle summer	https://www.pinterest.com/search/pins/?q=blowout+hairstyle+summer&rs=typed	https://trends.pinterest.com/search?country=US&query=blowout+hairstyle+summer	
butterfly haircut summer	https://www.pinterest.com/search/pins/?q=butterfly+haircut+summer&rs=typed	https://trends.pinterest.com/search?country=US&query=butterfly+haircut+summer	
butterfly layers hair	https://www.pinterest.com/search/pins/?q=butterfly+layers+hair&rs=typed	https://trends.pinterest.com/search?country=US&query=butterfly+layers+hair	
bottleneck bob summer	https://www.pinterest.com/search/pins/?q=bottleneck+bob+summer&rs=typed	https://trends.pinterest.com/search?country=US&query=bottleneck+bob+summer	
italian bob haircut	https://www.pinterest.com/search/pins/?q=italian+bob+haircut&rs=typed	https://trends.pinterest.com/search?country=US&query=italian+bob+haircut	
old money bob haircut	https://www.pinterest.com/search/pins/?q=old+money+bob+haircut&rs=typed	https://trends.pinterest.com/search?country=US&query=old+money+bob+haircut	
curtain bangs summer 2026	https://www.pinterest.com/search/pins/?q=curtain+bangs+summer+2026&rs=typed	https://trends.pinterest.com/search?country=US&query=curtain+bangs+summer+2026	
wispy bangs summer outfit	https://www.pinterest.com/search/pins/?q=wispy+bangs+summer+outfit&rs=typed	https://trends.pinterest.com/search?country=US&query=wispy+bangs+summer+outfit	
face framing layers summer	https://www.pinterest.com/search/pins/?q=face+framing+layers+summer&rs=typed	https://trends.pinterest.com/search?country=US&query=face+framing+layers+summer	
money piece highlights summer	https://www.pinterest.com/search/pins/?q=money+piece+highlights+summer&rs=typed	https://trends.pinterest.com/search?country=US&query=money+piece+highlights+summer	
honey blonde hair summer	https://www.pinterest.com/search/pins/?q=honey+blonde+hair+summer&rs=typed	https://trends.pinterest.com/search?country=US&query=honey+blonde+hair+summer	
platinum blonde summer hair	https://www.pinterest.com/search/pins/?q=platinum+blonde+summer+hair&rs=typed	https://trends.pinterest.com/search?country=US&query=platinum+blonde+summer+hair	
copper hair color summer	https://www.pinterest.com/search/pins/?q=copper+hair+color+summer&rs=typed	https://trends.pinterest.com/search?country=US&query=copper+hair+color+summer	
auburn hair summer 2026	https://www.pinterest.com/search/pins/?q=auburn+hair+summer+2026&rs=typed	https://trends.pinterest.com/search?country=US&query=auburn+hair+summer+2026	
pastel hair color summer	https://www.pinterest.com/search/pins/?q=pastel+hair+color+summer&rs=typed	https://trends.pinterest.com/search?country=US&query=pastel+hair+color+summer	
blue black hair summer	https://www.pinterest.com/search/pins/?q=blue+black+hair+summer&rs=typed	https://trends.pinterest.com/search?country=US&query=blue+black+hair+summer	
wet hair look summer	https://www.pinterest.com/search/pins/?q=wet+hair+look+summer&rs=typed	https://trends.pinterest.com/search?country=US&query=wet+hair+look+summer	
slicked back ponytail summer	https://www.pinterest.com/search/pins/?q=slicked+back+ponytail+summer&rs=typed	https://trends.pinterest.com/search?country=US&query=slicked+back+ponytail+summer	
bubble braid hairstyle summer	https://www.pinterest.com/search/pins/?q=bubble+braid+hairstyle+summer&rs=typed	https://trends.pinterest.com/search?country=US&query=bubble+braid+hairstyle+summer	
french braid summer hairstyle	https://www.pinterest.com/search/pins/?q=french+braid+summer+hairstyle&rs=typed	https://trends.pinterest.com/search?country=US&query=french+braid+summer+hairstyle	
dutch braid summer hairstyle	https://www.pinterest.com/search/pins/?q=dutch+braid+summer+hairstyle&rs=typed	https://trends.pinterest.com/search?country=US&query=dutch+braid+summer+hairstyle	
fishtail braid summer	https://www.pinterest.com/search/pins/?q=fishtail+braid+summer&rs=typed	https://trends.pinterest.com/search?country=US&query=fishtail+braid+summer	
space buns summer hairstyle	https://www.pinterest.com/search/pins/?q=space+buns+summer+hairstyle&rs=typed	https://trends.pinterest.com/search?country=US&query=space+buns+summer+hairstyle	
half up half down summer hair	https://www.pinterest.com/search/pins/?q=half+up+half+down+summer+hair&rs=typed	https://trends.pinterest.com/search?country=US&query=half+up+half+down+summer+hair	
claw clip updo summer	https://www.pinterest.com/search/pins/?q=claw+clip+updo+summer&rs=typed	https://trends.pinterest.com/search?country=US&query=claw+clip+updo+summer	
messy bun summer hairstyle	https://www.pinterest.com/search/pins/?q=messy+bun+summer+hairstyle&rs=typed	https://trends.pinterest.com/search?country=US&query=messy+bun+summer+hairstyle	
low bun summer elegant	https://www.pinterest.com/search/pins/?q=low+bun+summer+elegant&rs=typed	https://trends.pinterest.com/search?country=US&query=low+bun+summer+elegant	
high ponytail summer sleek	https://www.pinterest.com/search/pins/?q=high+ponytail+summer+sleek&rs=typed	https://trends.pinterest.com/search?country=US&query=high+ponytail+summer+sleek	
braided ponytail summer	https://www.pinterest.com/search/pins/?q=braided+ponytail+summer&rs=typed	https://trends.pinterest.com/search?country=US&query=braided+ponytail+summer	
twisted updo summer wedding	https://www.pinterest.com/search/pins/?q=twisted+updo+summer+wedding&rs=typed	https://trends.pinterest.com/search?country=US&query=twisted+updo+summer+wedding	
soft glam makeup summer	https://www.pinterest.com/search/pins/?q=soft+glam+makeup+summer&rs=typed	https://trends.pinterest.com/search?country=US&query=soft+glam+makeup+summer	
dewy makeup summer routine	https://www.pinterest.com/search/pins/?q=dewy+makeup+summer+routine&rs=typed	https://trends.pinterest.com/search?country=US&query=dewy+makeup+summer+routine	
glass skin makeup summer	https://www.pinterest.com/search/pins/?q=glass+skin+makeup+summer&rs=typed	https://trends.pinterest.com/search?country=US&query=glass+skin+makeup+summer	
latte makeup summer	https://www.pinterest.com/search/pins/?q=latte+makeup+summer&rs=typed	https://trends.pinterest.com/search?country=US&query=latte+makeup+summer	
strawberry makeup look	https://www.pinterest.com/search/pins/?q=strawberry+makeup+look&rs=typed	https://trends.pinterest.com/search?country=US&query=strawberry+makeup+look	
peach makeup aesthetic summer	https://www.pinterest.com/search/pins/?q=peach+makeup+aesthetic+summer&rs=typed	https://trends.pinterest.com/search?country=US&query=peach+makeup+aesthetic+summer	
coral lipstick summer look	https://www.pinterest.com/search/pins/?q=coral+lipstick+summer+look&rs=typed	https://trends.pinterest.com/search?country=US&query=coral+lipstick+summer+look	
orange blush summer makeup	https://www.pinterest.com/search/pins/?q=orange+blush+summer+makeup&rs=typed	https://trends.pinterest.com/search?country=US&query=orange+blush+summer+makeup	
sunburn blush makeup trend	https://www.pinterest.com/search/pins/?q=sunburn+blush+makeup+trend&rs=typed	https://trends.pinterest.com/search?country=US&query=sunburn+blush+makeup+trend	
sunscreen before makeup routine	https://www.pinterest.com/search/pins/?q=sunscreen+before+makeup+routine&rs=typed	https://trends.pinterest.com/search?country=US&query=sunscreen+before+makeup+routine	
waterproof foundation summer	https://www.pinterest.com/search/pins/?q=waterproof+foundation+summer&rs=typed	https://trends.pinterest.com/search?country=US&query=waterproof+foundation+summer	
setting spray summer makeup	https://www.pinterest.com/search/pins/?q=setting+spray+summer+makeup&rs=typed	https://trends.pinterest.com/search?country=US&query=setting+spray+summer+makeup	
cream blush summer look	https://www.pinterest.com/search/pins/?q=cream+blush+summer+look&rs=typed	https://trends.pinterest.com/search?country=US&query=cream+blush+summer+look	
cream bronzer summer look	https://www.pinterest.com/search/pins/?q=cream+bronzer+summer+look&rs=typed	https://trends.pinterest.com/search?country=US&query=cream+bronzer+summer+look	
liquid highlight summer	https://www.pinterest.com/search/pins/?q=liquid+highlight+summer&rs=typed	https://trends.pinterest.com/search?country=US&query=liquid+highlight+summer	
body shimmer summer	https://www.pinterest.com/search/pins/?q=body+shimmer+summer&rs=typed	https://trends.pinterest.com/search?country=US&query=body+shimmer+summer	
glitter body oil summer	https://www.pinterest.com/search/pins/?q=glitter+body+oil+summer&rs=typed	https://trends.pinterest.com/search?country=US&query=glitter+body+oil+summer	
temporary tattoo summer aesthetic	https://www.pinterest.com/search/pins/?q=temporary+tattoo+summer+aesthetic&rs=typed	https://trends.pinterest.com/search?country=US&query=temporary+tattoo+summer+aesthetic	
henna tattoo summer aesthetic	https://www.pinterest.com/search/pins/?q=henna+tattoo+summer+aesthetic&rs=typed	https://trends.pinterest.com/search?country=US&query=henna+tattoo+summer+aesthetic	
flash tattoo summer	https://www.pinterest.com/search/pins/?q=flash+tattoo+summer&rs=typed	https://trends.pinterest.com/search?country=US&query=flash+tattoo+summer	
ankle tattoo aesthetic summer	https://www.pinterest.com/search/pins/?q=ankle+tattoo+aesthetic+summer&rs=typed	https://trends.pinterest.com/search?country=US&query=ankle+tattoo+aesthetic+summer	
rib tattoo aesthetic women	https://www.pinterest.com/search/pins/?q=rib+tattoo+aesthetic+women&rs=typed	https://trends.pinterest.com/search?country=US&query=rib+tattoo+aesthetic+women	
collarbone tattoo aesthetic	https://www.pinterest.com/search/pins/?q=collarbone+tattoo+aesthetic&rs=typed	https://trends.pinterest.com/search?country=US&query=collarbone+tattoo+aesthetic	
watercolor tattoo aesthetic	https://www.pinterest.com/search/pins/?q=watercolor+tattoo+aesthetic&rs=typed	https://trends.pinterest.com/search?country=US&query=watercolor+tattoo+aesthetic	
matching friendship tattoo	https://www.pinterest.com/search/pins/?q=matching+friendship+tattoo&rs=typed	https://trends.pinterest.com/search?country=US&query=matching+friendship+tattoo	
couple tattoo aesthetic summer	https://www.pinterest.com/search/pins/?q=couple+tattoo+aesthetic+summer&rs=typed	https://trends.pinterest.com/search?country=US&query=couple+tattoo+aesthetic+summer	
travel tattoo aesthetic	https://www.pinterest.com/search/pins/?q=travel+tattoo+aesthetic&rs=typed	https://trends.pinterest.com/search?country=US&query=travel+tattoo+aesthetic	
beach tattoo ideas women	https://www.pinterest.com/search/pins/?q=beach+tattoo+ideas+women&rs=typed	https://trends.pinterest.com/search?country=US&query=beach+tattoo+ideas+women	
tiny tattoo summer 2026	https://www.pinterest.com/search/pins/?q=tiny+tattoo+summer+2026&rs=typed	https://trends.pinterest.com/search?country=US&query=tiny+tattoo+summer+2026	
stick and poke aesthetic	https://www.pinterest.com/search/pins/?q=stick+and+poke+aesthetic&rs=typed	https://trends.pinterest.com/search?country=US&query=stick+and+poke+aesthetic	
patchwork bikini outfit	https://www.pinterest.com/search/pins/?q=patchwork+bikini+outfit&rs=typed	https://trends.pinterest.com/search?country=US&query=patchwork+bikini+outfit	
string bikini outfit summer	https://www.pinterest.com/search/pins/?q=string+bikini+outfit+summer&rs=typed	https://trends.pinterest.com/search?country=US&query=string+bikini+outfit+summer	
high waisted bikini outfit	https://www.pinterest.com/search/pins/?q=high+waisted+bikini+outfit&rs=typed	https://trends.pinterest.com/search?country=US&query=high+waisted+bikini+outfit	
bandeau swimsuit outfit	https://www.pinterest.com/search/pins/?q=bandeau+swimsuit+outfit&rs=typed	https://trends.pinterest.com/search?country=US&query=bandeau+swimsuit+outfit	
cutout swimsuit outfit	https://www.pinterest.com/search/pins/?q=cutout+swimsuit+outfit&rs=typed	https://trends.pinterest.com/search?country=US&query=cutout+swimsuit+outfit	
metallic swimsuit outfit	https://www.pinterest.com/search/pins/?q=metallic+swimsuit+outfit&rs=typed	https://trends.pinterest.com/search?country=US&query=metallic+swimsuit+outfit	
animal print bikini outfit	https://www.pinterest.com/search/pins/?q=animal+print+bikini+outfit&rs=typed	https://trends.pinterest.com/search?country=US&query=animal+print+bikini+outfit	
leopard print bikini summer	https://www.pinterest.com/search/pins/?q=leopard+print+bikini+summer&rs=typed	https://trends.pinterest.com/search?country=US&query=leopard+print+bikini+summer	
zebra print bikini outfit	https://www.pinterest.com/search/pins/?q=zebra+print+bikini+outfit&rs=typed	https://trends.pinterest.com/search?country=US&query=zebra+print+bikini+outfit	
crochet bikini outfit summer	https://www.pinterest.com/search/pins/?q=crochet+bikini+outfit+summer&rs=typed	https://trends.pinterest.com/search?country=US&query=crochet+bikini+outfit+summer	
surf style outfit women	https://www.pinterest.com/search/pins/?q=surf+style+outfit+women&rs=typed	https://trends.pinterest.com/search?country=US&query=surf+style+outfit+women	
surfer girl aesthetic outfit	https://www.pinterest.com/search/pins/?q=surfer+girl+aesthetic+outfit&rs=typed	https://trends.pinterest.com/search?country=US&query=surfer+girl+aesthetic+outfit	
skateboard girl aesthetic outfit	https://www.pinterest.com/search/pins/?q=skateboard+girl+aesthetic+outfit&rs=typed	https://trends.pinterest.com/search?country=US&query=skateboard+girl+aesthetic+outfit	
roller skate outfit aesthetic	https://www.pinterest.com/search/pins/?q=roller+skate+outfit+aesthetic&rs=typed	https://trends.pinterest.com/search?country=US&query=roller+skate+outfit+aesthetic	
bike ride outfit summer women	https://www.pinterest.com/search/pins/?q=bike+ride+outfit+summer+women&rs=typed	https://trends.pinterest.com/search?country=US&query=bike+ride+outfit+summer+women	
hiking outfit women summer	https://www.pinterest.com/search/pins/?q=hiking+outfit+women+summer&rs=typed	https://trends.pinterest.com/search?country=US&query=hiking+outfit+women+summer	
camping outfit women summer	https://www.pinterest.com/search/pins/?q=camping+outfit+women+summer&rs=typed	https://trends.pinterest.com/search?country=US&query=camping+outfit+women+summer	
fishing outfit women aesthetic	https://www.pinterest.com/search/pins/?q=fishing+outfit+women+aesthetic&rs=typed	https://trends.pinterest.com/search?country=US&query=fishing+outfit+women+aesthetic	
lake day outfit women	https://www.pinterest.com/search/pins/?q=lake+day+outfit+women&rs=typed	https://trends.pinterest.com/search?country=US&query=lake+day+outfit+women	
river float outfit summer	https://www.pinterest.com/search/pins/?q=river+float+outfit+summer&rs=typed	https://trends.pinterest.com/search?country=US&query=river+float+outfit+summer	
water park outfit women	https://www.pinterest.com/search/pins/?q=water+park+outfit+women&rs=typed	https://trends.pinterest.com/search?country=US&query=water+park+outfit+women	
splash pad mom outfit	https://www.pinterest.com/search/pins/?q=splash+pad+mom+outfit&rs=typed	https://trends.pinterest.com/search?country=US&query=splash+pad+mom+outfit	
theme park outfit summer women	https://www.pinterest.com/search/pins/?q=theme+park+outfit+summer+women&rs=typed	https://trends.pinterest.com/search?country=US&query=theme+park+outfit+summer+women	
disney outfit summer women	https://www.pinterest.com/search/pins/?q=disney+outfit+summer+women&rs=typed	https://trends.pinterest.com/search?country=US&query=disney+outfit+summer+women	
concert outfit summer 2026	https://www.pinterest.com/search/pins/?q=concert+outfit+summer+2026&rs=typed	https://trends.pinterest.com/search?country=US&query=concert+outfit+summer+2026	
stadium outfit women summer	https://www.pinterest.com/search/pins/?q=stadium+outfit+women+summer&rs=typed	https://trends.pinterest.com/search?country=US&query=stadium+outfit+women+summer	
tailgate outfit women summer	https://www.pinterest.com/search/pins/?q=tailgate+outfit+women+summer&rs=typed	https://trends.pinterest.com/search?country=US&query=tailgate+outfit+women+summer	
watch party outfit women	https://www.pinterest.com/search/pins/?q=watch+party+outfit+women&rs=typed	https://trends.pinterest.com/search?country=US&query=watch+party+outfit+women	
game day outfit women summer	https://www.pinterest.com/search/pins/?q=game+day+outfit+women+summer&rs=typed	https://trends.pinterest.com/search?country=US&query=game+day+outfit+women+summer	
baseball game outfit women	https://www.pinterest.com/search/pins/?q=baseball+game+outfit+women&rs=typed	https://trends.pinterest.com/search?country=US&query=baseball+game+outfit+women	
basketball game outfit women	https://www.pinterest.com/search/pins/?q=basketball+game+outfit+women&rs=typed	https://trends.pinterest.com/search?country=US&query=basketball+game+outfit+women	
soccer game outfit women	https://www.pinterest.com/search/pins/?q=soccer+game+outfit+women&rs=typed	https://trends.pinterest.com/search?country=US&query=soccer+game+outfit+women	
olympics outfit aesthetic 2026	https://www.pinterest.com/search/pins/?q=olympics+outfit+aesthetic+2026&rs=typed	https://trends.pinterest.com/search?country=US&query=olympics+outfit+aesthetic+2026	
team usa outfit women	https://www.pinterest.com/search/pins/?q=team+usa+outfit+women&rs=typed	https://trends.pinterest.com/search?country=US&query=team+usa+outfit+women	
red white blue nails july	https://www.pinterest.com/search/pins/?q=red+white+blue+nails+july&rs=typed	https://trends.pinterest.com/search?country=US&query=red+white+blue+nails+july	
firework makeup look july	https://www.pinterest.com/search/pins/?q=firework+makeup+look+july&rs=typed	https://trends.pinterest.com/search?country=US&query=firework+makeup+look+july	
sparkler aesthetic outfit	https://www.pinterest.com/search/pins/?q=sparkler+aesthetic+outfit&rs=typed	https://trends.pinterest.com/search?country=US&query=sparkler+aesthetic+outfit	
summer fireworks outfit	https://www.pinterest.com/search/pins/?q=summer+fireworks+outfit&rs=typed	https://trends.pinterest.com/search?country=US&query=summer+fireworks+outfit	
picnic outfit aesthetic summer	https://www.pinterest.com/search/pins/?q=picnic+outfit+aesthetic+summer&rs=typed	https://trends.pinterest.com/search?country=US&query=picnic+outfit+aesthetic+summer	
park outfit women summer	https://www.pinterest.com/search/pins/?q=park+outfit+women+summer&rs=typed	https://trends.pinterest.com/search?country=US&query=park+outfit+women+summer	
outdoor brunch outfit summer	https://www.pinterest.com/search/pins/?q=outdoor+brunch+outfit+summer&rs=typed	https://trends.pinterest.com/search?country=US&query=outdoor+brunch+outfit+summer	
patio outfit summer women	https://www.pinterest.com/search/pins/?q=patio+outfit+summer+women&rs=typed	https://trends.pinterest.com/search?country=US&query=patio+outfit+summer+women	
poolside outfit women	https://www.pinterest.com/search/pins/?q=poolside+outfit+women&rs=typed	https://trends.pinterest.com/search?country=US&query=poolside+outfit+women	
spa day outfit aesthetic	https://www.pinterest.com/search/pins/?q=spa+day+outfit+aesthetic&rs=typed	https://trends.pinterest.com/search?country=US&query=spa+day+outfit+aesthetic	
staycation outfit summer	https://www.pinterest.com/search/pins/?q=staycation+outfit+summer&rs=typed	https://trends.pinterest.com/search?country=US&query=staycation+outfit+summer	
work from home outfit summer	https://www.pinterest.com/search/pins/?q=work+from+home+outfit+summer&rs=typed	https://trends.pinterest.com/search?country=US&query=work+from+home+outfit+summer	
office outfit summer women	https://www.pinterest.com/search/pins/?q=office+outfit+summer+women&rs=typed	https://trends.pinterest.com/search?country=US&query=office+outfit+summer+women	
business casual summer outfit	https://www.pinterest.com/search/pins/?q=business+casual+summer+outfit&rs=typed	https://trends.pinterest.com/search?country=US&query=business+casual+summer+outfit	
summer internship outfit women	https://www.pinterest.com/search/pins/?q=summer+internship+outfit+women&rs=typed	https://trends.pinterest.com/search?country=US&query=summer+internship+outfit+women	
college outfit summer 2026	https://www.pinterest.com/search/pins/?q=college+outfit+summer+2026&rs=typed	https://trends.pinterest.com/search?country=US&query=college+outfit+summer+2026	
back to campus outfit summer	https://www.pinterest.com/search/pins/?q=back+to+campus+outfit+summer&rs=typed	https://trends.pinterest.com/search?country=US&query=back+to+campus+outfit+summer	
dorm outfit aesthetic summer	https://www.pinterest.com/search/pins/?q=dorm+outfit+aesthetic+summer&rs=typed	https://trends.pinterest.com/search?country=US&query=dorm+outfit+aesthetic+summer	
graduation party outfit summer	https://www.pinterest.com/search/pins/?q=graduation+party+outfit+summer&rs=typed	https://trends.pinterest.com/search?country=US&query=graduation+party+outfit+summer	
sweet 16 outfit summer	https://www.pinterest.com/search/pins/?q=sweet+16+outfit+summer&rs=typed	https://trends.pinterest.com/search?country=US&query=sweet+16+outfit+summer	
birthday outfit summer women	https://www.pinterest.com/search/pins/?q=birthday+outfit+summer+women&rs=typed	https://trends.pinterest.com/search?country=US&query=birthday+outfit+summer+women	
engagement party outfit summer	https://www.pinterest.com/search/pins/?q=engagement+party+outfit+summer&rs=typed	https://trends.pinterest.com/search?country=US&query=engagement+party+outfit+summer	
bridal shower outfit summer	https://www.pinterest.com/search/pins/?q=bridal+shower+outfit+summer&rs=typed	https://trends.pinterest.com/search?country=US&query=bridal+shower+outfit+summer	
bachelorette outfit summer beach	https://www.pinterest.com/search/pins/?q=bachelorette+outfit+summer+beach&rs=typed	https://trends.pinterest.com/search?country=US&query=bachelorette+outfit+summer+beach	
rehearsal dinner outfit summer	https://www.pinterest.com/search/pins/?q=rehearsal+dinner+outfit+summer&rs=typed	https://trends.pinterest.com/search?country=US&query=rehearsal+dinner+outfit+summer	
cottage cheese recipes	https://www.pinterest.com/search/pins/?q=cottage+cheese+recipes&rs=typed	https://trends.pinterest.com/search?country=US&query=cottage+cheese+recipes	
cottage cheese dessert recipes	https://www.pinterest.com/search/pins/?q=cottage+cheese+dessert+recipes&rs=typed	https://trends.pinterest.com/search?country=US&query=cottage+cheese+dessert+recipes	
cottage cheese ice cream	https://www.pinterest.com/search/pins/?q=cottage+cheese+ice+cream&rs=typed	https://trends.pinterest.com/search?country=US&query=cottage+cheese+ice+cream	
cottage cheese pasta	https://www.pinterest.com/search/pins/?q=cottage+cheese+pasta&rs=typed	https://trends.pinterest.com/search?country=US&query=cottage+cheese+pasta	
cottage cheese pancakes	https://www.pinterest.com/search/pins/?q=cottage+cheese+pancakes&rs=typed	https://trends.pinterest.com/search?country=US&query=cottage+cheese+pancakes	
cottage cheese snack ideas	https://www.pinterest.com/search/pins/?q=cottage+cheese+snack+ideas&rs=typed	https://trends.pinterest.com/search?country=US&query=cottage+cheese+snack+ideas	
high protein cottage cheese recipes	https://www.pinterest.com/search/pins/?q=high+protein+cottage+cheese+recipes&rs=typed	https://trends.pinterest.com/search?country=US&query=high+protein+cottage+cheese+recipes	
viral cottage cheese recipes	https://www.pinterest.com/search/pins/?q=viral+cottage+cheese+recipes&rs=typed	https://trends.pinterest.com/search?country=US&query=viral+cottage+cheese+recipes	
tinned fish recipes	https://www.pinterest.com/search/pins/?q=tinned+fish+recipes&rs=typed	https://trends.pinterest.com/search?country=US&query=tinned+fish+recipes	
tinned fish appetizer	https://www.pinterest.com/search/pins/?q=tinned+fish+appetizer&rs=typed	https://trends.pinterest.com/search?country=US&query=tinned+fish+appetizer	
sardine pasta recipes	https://www.pinterest.com/search/pins/?q=sardine+pasta+recipes&rs=typed	https://trends.pinterest.com/search?country=US&query=sardine+pasta+recipes	
sardine salad recipe	https://www.pinterest.com/search/pins/?q=sardine+salad+recipe&rs=typed	https://trends.pinterest.com/search?country=US&query=sardine+salad+recipe	
anchovy toast recipe	https://www.pinterest.com/search/pins/?q=anchovy+toast+recipe&rs=typed	https://trends.pinterest.com/search?country=US&query=anchovy+toast+recipe	
smoked fish dip recipe	https://www.pinterest.com/search/pins/?q=smoked+fish+dip+recipe&rs=typed	https://trends.pinterest.com/search?country=US&query=smoked+fish+dip+recipe	
fish charcuterie board ideas	https://www.pinterest.com/search/pins/?q=fish+charcuterie+board+ideas&rs=typed	https://trends.pinterest.com/search?country=US&query=fish+charcuterie+board+ideas	
jello dessert recipes	https://www.pinterest.com/search/pins/?q=jello+dessert+recipes&rs=typed	https://trends.pinterest.com/search?country=US&query=jello+dessert+recipes	
jello poke cake	https://www.pinterest.com/search/pins/?q=jello+poke+cake&rs=typed	https://trends.pinterest.com/search?country=US&query=jello+poke+cake	
lime jello salad	https://www.pinterest.com/search/pins/?q=lime+jello+salad&rs=typed	https://trends.pinterest.com/search?country=US&query=lime+jello+salad	
strawberry jello salad	https://www.pinterest.com/search/pins/?q=strawberry+jello+salad&rs=typed	https://trends.pinterest.com/search?country=US&query=strawberry+jello+salad	
orange jello salad recipes	https://www.pinterest.com/search/pins/?q=orange+jello+salad+recipes&rs=typed	https://trends.pinterest.com/search?country=US&query=orange+jello+salad+recipes	
retro jello recipes	https://www.pinterest.com/search/pins/?q=retro+jello+recipes&rs=typed	https://trends.pinterest.com/search?country=US&query=retro+jello+recipes	
vintage jello salad recipes	https://www.pinterest.com/search/pins/?q=vintage+jello+salad+recipes&rs=typed	https://trends.pinterest.com/search?country=US&query=vintage+jello+salad+recipes	
cabbage recipes healthy	https://www.pinterest.com/search/pins/?q=cabbage+recipes+healthy&rs=typed	https://trends.pinterest.com/search?country=US&query=cabbage+recipes+healthy	
bok choy recipes easy	https://www.pinterest.com/search/pins/?q=bok+choy+recipes+easy&rs=typed	https://trends.pinterest.com/search?country=US&query=bok+choy+recipes+easy	
stuffed cabbage rolls recipe	https://www.pinterest.com/search/pins/?q=stuffed+cabbage+rolls+recipe&rs=typed	https://trends.pinterest.com/search?country=US&query=stuffed+cabbage+rolls+recipe	
kimchi cabbage recipes	https://www.pinterest.com/search/pins/?q=kimchi+cabbage+recipes&rs=typed	https://trends.pinterest.com/search?country=US&query=kimchi+cabbage+recipes	
dumpling soup recipes	https://www.pinterest.com/search/pins/?q=dumpling+soup+recipes&rs=typed	https://trends.pinterest.com/search?country=US&query=dumpling+soup+recipes	
golumpki recipe	https://www.pinterest.com/search/pins/?q=golumpki+recipe&rs=typed	https://trends.pinterest.com/search?country=US&query=golumpki+recipe	
gummy candy recipes homemade	https://www.pinterest.com/search/pins/?q=gummy+candy+recipes+homemade&rs=typed	https://trends.pinterest.com/search?country=US&query=gummy+candy+recipes+homemade	
agar agar dessert recipes	https://www.pinterest.com/search/pins/?q=agar+agar+dessert+recipes&rs=typed	https://trends.pinterest.com/search?country=US&query=agar+agar+dessert+recipes	
jelly dessert recipes	https://www.pinterest.com/search/pins/?q=jelly+dessert+recipes&rs=typed	https://trends.pinterest.com/search?country=US&query=jelly+dessert+recipes	
yokan recipe	https://www.pinterest.com/search/pins/?q=yokan+recipe&rs=typed	https://trends.pinterest.com/search?country=US&query=yokan+recipe	
summer dinner ideas	https://www.pinterest.com/search/pins/?q=summer+dinner+ideas&rs=typed	https://trends.pinterest.com/search?country=US&query=summer+dinner+ideas	
easy summer meals	https://www.pinterest.com/search/pins/?q=easy+summer+meals&rs=typed	https://trends.pinterest.com/search?country=US&query=easy+summer+meals	
summer lunch ideas	https://www.pinterest.com/search/pins/?q=summer+lunch+ideas&rs=typed	https://trends.pinterest.com/search?country=US&query=summer+lunch+ideas	
healthy summer recipes	https://www.pinterest.com/search/pins/?q=healthy+summer+recipes&rs=typed	https://trends.pinterest.com/search?country=US&query=healthy+summer+recipes	
light summer dinner recipes	https://www.pinterest.com/search/pins/?q=light+summer+dinner+recipes&rs=typed	https://trends.pinterest.com/search?country=US&query=light+summer+dinner+recipes	
no cook summer meals	https://www.pinterest.com/search/pins/?q=no+cook+summer+meals&rs=typed	https://trends.pinterest.com/search?country=US&query=no+cook+summer+meals	
cold dinner ideas summer	https://www.pinterest.com/search/pins/?q=cold+dinner+ideas+summer&rs=typed	https://trends.pinterest.com/search?country=US&query=cold+dinner+ideas+summer	
summer pasta recipes	https://www.pinterest.com/search/pins/?q=summer+pasta+recipes&rs=typed	https://trends.pinterest.com/search?country=US&query=summer+pasta+recipes	
summer salad recipes	https://www.pinterest.com/search/pins/?q=summer+salad+recipes&rs=typed	https://trends.pinterest.com/search?country=US&query=summer+salad+recipes	
pasta salad recipes summer	https://www.pinterest.com/search/pins/?q=pasta+salad+recipes+summer&rs=typed	https://trends.pinterest.com/search?country=US&query=pasta+salad+recipes+summer	
caprese pasta salad	https://www.pinterest.com/search/pins/?q=caprese+pasta+salad&rs=typed	https://trends.pinterest.com/search?country=US&query=caprese+pasta+salad	
watermelon feta salad	https://www.pinterest.com/search/pins/?q=watermelon+feta+salad&rs=typed	https://trends.pinterest.com/search?country=US&query=watermelon+feta+salad	
cucumber salad recipe summer	https://www.pinterest.com/search/pins/?q=cucumber+salad+recipe+summer&rs=typed	https://trends.pinterest.com/search?country=US&query=cucumber+salad+recipe+summer	
tomato salad recipe summer	https://www.pinterest.com/search/pins/?q=tomato+salad+recipe+summer&rs=typed	https://trends.pinterest.com/search?country=US&query=tomato+salad+recipe+summer	
burrata salad recipe	https://www.pinterest.com/search/pins/?q=burrata+salad+recipe&rs=typed	https://trends.pinterest.com/search?country=US&query=burrata+salad+recipe	
peach salad recipe summer	https://www.pinterest.com/search/pins/?q=peach+salad+recipe+summer&rs=typed	https://trends.pinterest.com/search?country=US&query=peach+salad+recipe+summer	
corn salad recipe summer	https://www.pinterest.com/search/pins/?q=corn+salad+recipe+summer&rs=typed	https://trends.pinterest.com/search?country=US&query=corn+salad+recipe+summer	
grilled peach salad	https://www.pinterest.com/search/pins/?q=grilled+peach+salad&rs=typed	https://trends.pinterest.com/search?country=US&query=grilled+peach+salad	
summer grain bowl recipes	https://www.pinterest.com/search/pins/?q=summer+grain+bowl+recipes&rs=typed	https://trends.pinterest.com/search?country=US&query=summer+grain+bowl+recipes	
buddha bowl summer recipes	https://www.pinterest.com/search/pins/?q=buddha+bowl+summer+recipes&rs=typed	https://trends.pinterest.com/search?country=US&query=buddha+bowl+summer+recipes	
summer bbq ideas	https://www.pinterest.com/search/pins/?q=summer+bbq+ideas&rs=typed	https://trends.pinterest.com/search?country=US&query=summer+bbq+ideas	
backyard bbq menu ideas	https://www.pinterest.com/search/pins/?q=backyard+bbq+menu+ideas&rs=typed	https://trends.pinterest.com/search?country=US&query=backyard+bbq+menu+ideas	
4th of july food ideas	https://www.pinterest.com/search/pins/?q=4th+of+july+food+ideas&rs=typed	https://trends.pinterest.com/search?country=US&query=4th+of+july+food+ideas	
patriotic dessert recipes	https://www.pinterest.com/search/pins/?q=patriotic+dessert+recipes&rs=typed	https://trends.pinterest.com/search?country=US&query=patriotic+dessert+recipes	
red white blue recipes	https://www.pinterest.com/search/pins/?q=red+white+blue+recipes&rs=typed	https://trends.pinterest.com/search?country=US&query=red+white+blue+recipes	
fourth of july appetizers	https://www.pinterest.com/search/pins/?q=fourth+of+july+appetizers&rs=typed	https://trends.pinterest.com/search?country=US&query=fourth+of+july+appetizers	
bbq side dishes summer	https://www.pinterest.com/search/pins/?q=bbq+side+dishes+summer&rs=typed	https://trends.pinterest.com/search?country=US&query=bbq+side+dishes+summer	
grilled chicken recipes summer	https://www.pinterest.com/search/pins/?q=grilled+chicken+recipes+summer&rs=typed	https://trends.pinterest.com/search?country=US&query=grilled+chicken+recipes+summer	
grilled shrimp recipes summer	https://www.pinterest.com/search/pins/?q=grilled+shrimp+recipes+summer&rs=typed	https://trends.pinterest.com/search?country=US&query=grilled+shrimp+recipes+summer	
grilled vegetable recipes	https://www.pinterest.com/search/pins/?q=grilled+vegetable+recipes&rs=typed	https://trends.pinterest.com/search?country=US&query=grilled+vegetable+recipes	
smash burger recipe	https://www.pinterest.com/search/pins/?q=smash+burger+recipe&rs=typed	https://trends.pinterest.com/search?country=US&query=smash+burger+recipe	
hot dog bar ideas	https://www.pinterest.com/search/pins/?q=hot+dog+bar+ideas&rs=typed	https://trends.pinterest.com/search?country=US&query=hot+dog+bar+ideas	
slider recipes party	https://www.pinterest.com/search/pins/?q=slider+recipes+party&rs=typed	https://trends.pinterest.com/search?country=US&query=slider+recipes+party	
corn on the cob recipes	https://www.pinterest.com/search/pins/?q=corn+on+the+cob+recipes&rs=typed	https://trends.pinterest.com/search?country=US&query=corn+on+the+cob+recipes	
elote recipe mexican street corn	https://www.pinterest.com/search/pins/?q=elote+recipe+mexican+street+corn&rs=typed	https://trends.pinterest.com/search?country=US&query=elote+recipe+mexican+street+corn	
bbq ribs recipe oven	https://www.pinterest.com/search/pins/?q=bbq+ribs+recipe+oven&rs=typed	https://trends.pinterest.com/search?country=US&query=bbq+ribs+recipe+oven	
pulled pork recipe slow cooker	https://www.pinterest.com/search/pins/?q=pulled+pork+recipe+slow+cooker&rs=typed	https://trends.pinterest.com/search?country=US&query=pulled+pork+recipe+slow+cooker	
watch party food ideas	https://www.pinterest.com/search/pins/?q=watch+party+food+ideas&rs=typed	https://trends.pinterest.com/search?country=US&query=watch+party+food+ideas	
game day snack ideas	https://www.pinterest.com/search/pins/?q=game+day+snack+ideas&rs=typed	https://trends.pinterest.com/search?country=US&query=game+day+snack+ideas	
football snack board	https://www.pinterest.com/search/pins/?q=football+snack+board&rs=typed	https://trends.pinterest.com/search?country=US&query=football+snack+board	
charcuterie board ideas summer	https://www.pinterest.com/search/pins/?q=charcuterie+board+ideas+summer&rs=typed	https://trends.pinterest.com/search?country=US&query=charcuterie+board+ideas+summer	
snack board ideas easy	https://www.pinterest.com/search/pins/?q=snack+board+ideas+easy&rs=typed	https://trends.pinterest.com/search?country=US&query=snack+board+ideas+easy	
grazing table ideas summer	https://www.pinterest.com/search/pins/?q=grazing+table+ideas+summer&rs=typed	https://trends.pinterest.com/search?country=US&query=grazing+table+ideas+summer	
picnic food ideas summer	https://www.pinterest.com/search/pins/?q=picnic+food+ideas+summer&rs=typed	https://trends.pinterest.com/search?country=US&query=picnic+food+ideas+summer	
picnic sandwich ideas	https://www.pinterest.com/search/pins/?q=picnic+sandwich+ideas&rs=typed	https://trends.pinterest.com/search?country=US&query=picnic+sandwich+ideas	
charcuterie cups ideas	https://www.pinterest.com/search/pins/?q=charcuterie+cups+ideas&rs=typed	https://trends.pinterest.com/search?country=US&query=charcuterie+cups+ideas	
dip recipes for parties	https://www.pinterest.com/search/pins/?q=dip+recipes+for+parties&rs=typed	https://trends.pinterest.com/search?country=US&query=dip+recipes+for+parties	
seven layer dip recipe	https://www.pinterest.com/search/pins/?q=seven+layer+dip+recipe&rs=typed	https://trends.pinterest.com/search?country=US&query=seven+layer+dip+recipe	
buffalo chicken dip recipe	https://www.pinterest.com/search/pins/?q=buffalo+chicken+dip+recipe&rs=typed	https://trends.pinterest.com/search?country=US&query=buffalo+chicken+dip+recipe	
spinach artichoke dip recipe	https://www.pinterest.com/search/pins/?q=spinach+artichoke+dip+recipe&rs=typed	https://trends.pinterest.com/search?country=US&query=spinach+artichoke+dip+recipe	
jalapeno popper dip recipe	https://www.pinterest.com/search/pins/?q=jalapeno+popper+dip+recipe&rs=typed	https://trends.pinterest.com/search?country=US&query=jalapeno+popper+dip+recipe	
summer drink recipes	https://www.pinterest.com/search/pins/?q=summer+drink+recipes&rs=typed	https://trends.pinterest.com/search?country=US&query=summer+drink+recipes	
mocktail recipes summer	https://www.pinterest.com/search/pins/?q=mocktail+recipes+summer&rs=typed	https://trends.pinterest.com/search?country=US&query=mocktail+recipes+summer	
lemonade recipes homemade	https://www.pinterest.com/search/pins/?q=lemonade+recipes+homemade&rs=typed	https://trends.pinterest.com/search?country=US&query=lemonade+recipes+homemade	
watermelon mocktail recipe	https://www.pinterest.com/search/pins/?q=watermelon+mocktail+recipe&rs=typed	https://trends.pinterest.com/search?country=US&query=watermelon+mocktail+recipe	
iced coffee recipes summer	https://www.pinterest.com/search/pins/?q=iced+coffee+recipes+summer&rs=typed	https://trends.pinterest.com/search?country=US&query=iced+coffee+recipes+summer	
dalgona coffee recipe	https://www.pinterest.com/search/pins/?q=dalgona+coffee+recipe&rs=typed	https://trends.pinterest.com/search?country=US&query=dalgona+coffee+recipe	
protein iced coffee recipe	https://www.pinterest.com/search/pins/?q=protein+iced+coffee+recipe&rs=typed	https://trends.pinterest.com/search?country=US&query=protein+iced+coffee+recipe	
smoothie recipes summer	https://www.pinterest.com/search/pins/?q=smoothie+recipes+summer&rs=typed	https://trends.pinterest.com/search?country=US&query=smoothie+recipes+summer	
green smoothie recipes	https://www.pinterest.com/search/pins/?q=green+smoothie+recipes&rs=typed	https://trends.pinterest.com/search?country=US&query=green+smoothie+recipes	
acai bowl recipe	https://www.pinterest.com/search/pins/?q=acai+bowl+recipe&rs=typed	https://trends.pinterest.com/search?country=US&query=acai+bowl+recipe	
smoothie bowl recipes aesthetic	https://www.pinterest.com/search/pins/?q=smoothie+bowl+recipes+aesthetic&rs=typed	https://trends.pinterest.com/search?country=US&query=smoothie+bowl+recipes+aesthetic	
infused water recipes summer	https://www.pinterest.com/search/pins/?q=infused+water+recipes+summer&rs=typed	https://trends.pinterest.com/search?country=US&query=infused+water+recipes+summer	
cucumber mint water recipe	https://www.pinterest.com/search/pins/?q=cucumber+mint+water+recipe&rs=typed	https://trends.pinterest.com/search?country=US&query=cucumber+mint+water+recipe	
sparkling lemonade recipe	https://www.pinterest.com/search/pins/?q=sparkling+lemonade+recipe&rs=typed	https://trends.pinterest.com/search?country=US&query=sparkling+lemonade+recipe	
strawberry lemonade recipe	https://www.pinterest.com/search/pins/?q=strawberry+lemonade+recipe&rs=typed	https://trends.pinterest.com/search?country=US&query=strawberry+lemonade+recipe	
frozen margarita recipe	https://www.pinterest.com/search/pins/?q=frozen+margarita+recipe&rs=typed	https://trends.pinterest.com/search?country=US&query=frozen+margarita+recipe	
paloma cocktail recipe	https://www.pinterest.com/search/pins/?q=paloma+cocktail+recipe&rs=typed	https://trends.pinterest.com/search?country=US&query=paloma+cocktail+recipe	
aperol spritz recipe	https://www.pinterest.com/search/pins/?q=aperol+spritz+recipe&rs=typed	https://trends.pinterest.com/search?country=US&query=aperol+spritz+recipe	
espresso martini recipe	https://www.pinterest.com/search/pins/?q=espresso+martini+recipe&rs=typed	https://trends.pinterest.com/search?country=US&query=espresso+martini+recipe	
dirty soda recipe	https://www.pinterest.com/search/pins/?q=dirty+soda+recipe&rs=typed	https://trends.pinterest.com/search?country=US&query=dirty+soda+recipe	
homemade popsicle recipes	https://www.pinterest.com/search/pins/?q=homemade+popsicle+recipes&rs=typed	https://trends.pinterest.com/search?country=US&query=homemade+popsicle+recipes	
fruit popsicle recipes	https://www.pinterest.com/search/pins/?q=fruit+popsicle+recipes&rs=typed	https://trends.pinterest.com/search?country=US&query=fruit+popsicle+recipes	
nice cream recipe	https://www.pinterest.com/search/pins/?q=nice+cream+recipe&rs=typed	https://trends.pinterest.com/search?country=US&query=nice+cream+recipe	
banana nice cream recipe	https://www.pinterest.com/search/pins/?q=banana+nice+cream+recipe&rs=typed	https://trends.pinterest.com/search?country=US&query=banana+nice+cream+recipe	
homemade ice cream no machine	https://www.pinterest.com/search/pins/?q=homemade+ice+cream+no+machine&rs=typed	https://trends.pinterest.com/search?country=US&query=homemade+ice+cream+no+machine	
viral tiktok recipes	https://www.pinterest.com/search/pins/?q=viral+tiktok+recipes&rs=typed	https://trends.pinterest.com/search?country=US&query=viral+tiktok+recipes	
pinterest viral recipes	https://www.pinterest.com/search/pins/?q=pinterest+viral+recipes&rs=typed	https://trends.pinterest.com/search?country=US&query=pinterest+viral+recipes	
lazy girl dinner recipes	https://www.pinterest.com/search/pins/?q=lazy+girl+dinner+recipes&rs=typed	https://trends.pinterest.com/search?country=US&query=lazy+girl+dinner+recipes	
girl dinner ideas	https://www.pinterest.com/search/pins/?q=girl+dinner+ideas&rs=typed	https://trends.pinterest.com/search?country=US&query=girl+dinner+ideas	
one pot pasta recipes	https://www.pinterest.com/search/pins/?q=one+pot+pasta+recipes&rs=typed	https://trends.pinterest.com/search?country=US&query=one+pot+pasta+recipes	
sheet pan dinner recipes	https://www.pinterest.com/search/pins/?q=sheet+pan+dinner+recipes&rs=typed	https://trends.pinterest.com/search?country=US&query=sheet+pan+dinner+recipes	
air fryer recipes easy	https://www.pinterest.com/search/pins/?q=air+fryer+recipes+easy&rs=typed	https://trends.pinterest.com/search?country=US&query=air+fryer+recipes+easy	
air fryer chicken recipes	https://www.pinterest.com/search/pins/?q=air+fryer+chicken+recipes&rs=typed	https://trends.pinterest.com/search?country=US&query=air+fryer+chicken+recipes	
air fryer salmon recipes	https://www.pinterest.com/search/pins/?q=air+fryer+salmon+recipes&rs=typed	https://trends.pinterest.com/search?country=US&query=air+fryer+salmon+recipes	
air fryer potatoes recipe	https://www.pinterest.com/search/pins/?q=air+fryer+potatoes+recipe&rs=typed	https://trends.pinterest.com/search?country=US&query=air+fryer+potatoes+recipe	
air fryer nachos recipe	https://www.pinterest.com/search/pins/?q=air+fryer+nachos+recipe&rs=typed	https://trends.pinterest.com/search?country=US&query=air+fryer+nachos+recipe	
ninja creami recipes	https://www.pinterest.com/search/pins/?q=ninja+creami+recipes&rs=typed	https://trends.pinterest.com/search?country=US&query=ninja+creami+recipes	
protein mug cake recipe	https://www.pinterest.com/search/pins/?q=protein+mug+cake+recipe&rs=typed	https://trends.pinterest.com/search?country=US&query=protein+mug+cake+recipe	
baked oats recipe	https://www.pinterest.com/search/pins/?q=baked+oats+recipe&rs=typed	https://trends.pinterest.com/search?country=US&query=baked+oats+recipe	
overnight oats recipes	https://www.pinterest.com/search/pins/?q=overnight+oats+recipes&rs=typed	https://trends.pinterest.com/search?country=US&query=overnight+oats+recipes	
chia pudding recipes	https://www.pinterest.com/search/pins/?q=chia+pudding+recipes&rs=typed	https://trends.pinterest.com/search?country=US&query=chia+pudding+recipes	
protein pancake recipe	https://www.pinterest.com/search/pins/?q=protein+pancake+recipe&rs=typed	https://trends.pinterest.com/search?country=US&query=protein+pancake+recipe	
high protein meal prep	https://www.pinterest.com/search/pins/?q=high+protein+meal+prep&rs=typed	https://trends.pinterest.com/search?country=US&query=high+protein+meal+prep	
meal prep ideas summer	https://www.pinterest.com/search/pins/?q=meal+prep+ideas+summer&rs=typed	https://trends.pinterest.com/search?country=US&query=meal+prep+ideas+summer	
mason jar meal prep	https://www.pinterest.com/search/pins/?q=mason+jar+meal+prep&rs=typed	https://trends.pinterest.com/search?country=US&query=mason+jar+meal+prep	
salmon rice bowl recipe	https://www.pinterest.com/search/pins/?q=salmon+rice+bowl+recipe&rs=typed	https://trends.pinterest.com/search?country=US&query=salmon+rice+bowl+recipe	
pesto pasta recipe	https://www.pinterest.com/search/pins/?q=pesto+pasta+recipe&rs=typed	https://trends.pinterest.com/search?country=US&query=pesto+pasta+recipe	
whipped feta pasta	https://www.pinterest.com/search/pins/?q=whipped+feta+pasta&rs=typed	https://trends.pinterest.com/search?country=US&query=whipped+feta+pasta	
baked feta pasta recipe	https://www.pinterest.com/search/pins/?q=baked+feta+pasta+recipe&rs=typed	https://trends.pinterest.com/search?country=US&query=baked+feta+pasta+recipe	
tomato feta pasta recipe	https://www.pinterest.com/search/pins/?q=tomato+feta+pasta+recipe&rs=typed	https://trends.pinterest.com/search?country=US&query=tomato+feta+pasta+recipe	
butter board recipe	https://www.pinterest.com/search/pins/?q=butter+board+recipe&rs=typed	https://trends.pinterest.com/search?country=US&query=butter+board+recipe	
whipped ricotta toast	https://www.pinterest.com/search/pins/?q=whipped+ricotta+toast&rs=typed	https://trends.pinterest.com/search?country=US&query=whipped+ricotta+toast	
avocado toast recipes aesthetic	https://www.pinterest.com/search/pins/?q=avocado+toast+recipes+aesthetic&rs=typed	https://trends.pinterest.com/search?country=US&query=avocado+toast+recipes+aesthetic	
smashed cucumber salad recipe	https://www.pinterest.com/search/pins/?q=smashed+cucumber+salad+recipe&rs=typed	https://trends.pinterest.com/search?country=US&query=smashed+cucumber+salad+recipe	
spicy cucumber salad recipe	https://www.pinterest.com/search/pins/?q=spicy+cucumber+salad+recipe&rs=typed	https://trends.pinterest.com/search?country=US&query=spicy+cucumber+salad+recipe	
viral cucumber salad recipe	https://www.pinterest.com/search/pins/?q=viral+cucumber+salad+recipe&rs=typed	https://trends.pinterest.com/search?country=US&query=viral+cucumber+salad+recipe	
chinese cucumber salad recipe	https://www.pinterest.com/search/pins/?q=chinese+cucumber+salad+recipe&rs=typed	https://trends.pinterest.com/search?country=US&query=chinese+cucumber+salad+recipe	
asian cucumber salad recipe	https://www.pinterest.com/search/pins/?q=asian+cucumber+salad+recipe&rs=typed	https://trends.pinterest.com/search?country=US&query=asian+cucumber+salad+recipe	
korean corn dog recipe	https://www.pinterest.com/search/pins/?q=korean+corn+dog+recipe&rs=typed	https://trends.pinterest.com/search?country=US&query=korean+corn+dog+recipe	
birria tacos recipe	https://www.pinterest.com/search/pins/?q=birria+tacos+recipe&rs=typed	https://trends.pinterest.com/search?country=US&query=birria+tacos+recipe	
smash taco recipe	https://www.pinterest.com/search/pins/?q=smash+taco+recipe&rs=typed	https://trends.pinterest.com/search?country=US&query=smash+taco+recipe	
chicken tinga recipe	https://www.pinterest.com/search/pins/?q=chicken+tinga+recipe&rs=typed	https://trends.pinterest.com/search?country=US&query=chicken+tinga+recipe	
crockpot recipes summer	https://www.pinterest.com/search/pins/?q=crockpot+recipes+summer&rs=typed	https://trends.pinterest.com/search?country=US&query=crockpot+recipes+summer	
slow cooker recipes easy	https://www.pinterest.com/search/pins/?q=slow+cooker+recipes+easy&rs=typed	https://trends.pinterest.com/search?country=US&query=slow+cooker+recipes+easy	
instant pot recipes easy	https://www.pinterest.com/search/pins/?q=instant+pot+recipes+easy&rs=typed	https://trends.pinterest.com/search?country=US&query=instant+pot+recipes+easy	
dutch oven recipes	https://www.pinterest.com/search/pins/?q=dutch+oven+recipes&rs=typed	https://trends.pinterest.com/search?country=US&query=dutch+oven+recipes	
one pan chicken dinner	https://www.pinterest.com/search/pins/?q=one+pan+chicken+dinner&rs=typed	https://trends.pinterest.com/search?country=US&query=one+pan+chicken+dinner	
sheet pan gnocchi recipe	https://www.pinterest.com/search/pins/?q=sheet+pan+gnocchi+recipe&rs=typed	https://trends.pinterest.com/search?country=US&query=sheet+pan+gnocchi+recipe	
orzo recipes summer	https://www.pinterest.com/search/pins/?q=orzo+recipes+summer&rs=typed	https://trends.pinterest.com/search?country=US&query=orzo+recipes+summer	
couscous salad recipe	https://www.pinterest.com/search/pins/?q=couscous+salad+recipe&rs=typed	https://trends.pinterest.com/search?country=US&query=couscous+salad+recipe	
quinoa salad recipe summer	https://www.pinterest.com/search/pins/?q=quinoa+salad+recipe+summer&rs=typed	https://trends.pinterest.com/search?country=US&query=quinoa+salad+recipe+summer	
falafel bowl recipe	https://www.pinterest.com/search/pins/?q=falafel+bowl+recipe&rs=typed	https://trends.pinterest.com/search?country=US&query=falafel+bowl+recipe	
mediterranean bowl recipe	https://www.pinterest.com/search/pins/?q=mediterranean+bowl+recipe&rs=typed	https://trends.pinterest.com/search?country=US&query=mediterranean+bowl+recipe	
greek chicken bowl recipe	https://www.pinterest.com/search/pins/?q=greek+chicken+bowl+recipe&rs=typed	https://trends.pinterest.com/search?country=US&query=greek+chicken+bowl+recipe	
shakshuka recipe easy	https://www.pinterest.com/search/pins/?q=shakshuka+recipe+easy&rs=typed	https://trends.pinterest.com/search?country=US&query=shakshuka+recipe+easy	
flatbread pizza recipe	https://www.pinterest.com/search/pins/?q=flatbread+pizza+recipe&rs=typed	https://trends.pinterest.com/search?country=US&query=flatbread+pizza+recipe	
naan pizza recipe	https://www.pinterest.com/search/pins/?q=naan+pizza+recipe&rs=typed	https://trends.pinterest.com/search?country=US&query=naan+pizza+recipe	
tortilla wrap recipes viral	https://www.pinterest.com/search/pins/?q=tortilla+wrap+recipes+viral&rs=typed	https://trends.pinterest.com/search?country=US&query=tortilla+wrap+recipes+viral	
tortilla hack recipes	https://www.pinterest.com/search/pins/?q=tortilla+hack+recipes&rs=typed	https://trends.pinterest.com/search?country=US&query=tortilla+hack+recipes	
folded tortilla recipe	https://www.pinterest.com/search/pins/?q=folded+tortilla+recipe&rs=typed	https://trends.pinterest.com/search?country=US&query=folded+tortilla+recipe	
pizza toast recipe	https://www.pinterest.com/search/pins/?q=pizza+toast+recipe&rs=typed	https://trends.pinterest.com/search?country=US&query=pizza+toast+recipe	
garlic bread recipe homemade	https://www.pinterest.com/search/pins/?q=garlic+bread+recipe+homemade&rs=typed	https://trends.pinterest.com/search?country=US&query=garlic+bread+recipe+homemade	
cheesy bread recipe	https://www.pinterest.com/search/pins/?q=cheesy+bread+recipe&rs=typed	https://trends.pinterest.com/search?country=US&query=cheesy+bread+recipe	
focaccia recipe easy	https://www.pinterest.com/search/pins/?q=focaccia+recipe+easy&rs=typed	https://trends.pinterest.com/search?country=US&query=focaccia+recipe+easy	
sourdough discard recipes	https://www.pinterest.com/search/pins/?q=sourdough+discard+recipes&rs=typed	https://trends.pinterest.com/search?country=US&query=sourdough+discard+recipes	
sourdough bread recipe beginner	https://www.pinterest.com/search/pins/?q=sourdough+bread+recipe+beginner&rs=typed	https://trends.pinterest.com/search?country=US&query=sourdough+bread+recipe+beginner	
no knead bread recipe	https://www.pinterest.com/search/pins/?q=no+knead+bread+recipe&rs=typed	https://trends.pinterest.com/search?country=US&query=no+knead+bread+recipe	
banana bread recipe moist	https://www.pinterest.com/search/pins/?q=banana+bread+recipe+moist&rs=typed	https://trends.pinterest.com/search?country=US&query=banana+bread+recipe+moist	
lemon loaf recipe	https://www.pinterest.com/search/pins/?q=lemon+loaf+recipe&rs=typed	https://trends.pinterest.com/search?country=US&query=lemon+loaf+recipe	
blueberry muffin recipe	https://www.pinterest.com/search/pins/?q=blueberry+muffin+recipe&rs=typed	https://trends.pinterest.com/search?country=US&query=blueberry+muffin+recipe	
cinnamon roll recipe easy	https://www.pinterest.com/search/pins/?q=cinnamon+roll+recipe+easy&rs=typed	https://trends.pinterest.com/search?country=US&query=cinnamon+roll+recipe+easy	
cinnamon roll hack recipe	https://www.pinterest.com/search/pins/?q=cinnamon+roll+hack+recipe&rs=typed	https://trends.pinterest.com/search?country=US&query=cinnamon+roll+hack+recipe	
cookie dough recipe edible	https://www.pinterest.com/search/pins/?q=cookie+dough+recipe+edible&rs=typed	https://trends.pinterest.com/search?country=US&query=cookie+dough+recipe+edible	
chocolate chip cookies recipe	https://www.pinterest.com/search/pins/?q=chocolate+chip+cookies+recipe&rs=typed	https://trends.pinterest.com/search?country=US&query=chocolate+chip+cookies+recipe	
crinkle cookies recipe	https://www.pinterest.com/search/pins/?q=crinkle+cookies+recipe&rs=typed	https://trends.pinterest.com/search?country=US&query=crinkle+cookies+recipe	
brookies recipe	https://www.pinterest.com/search/pins/?q=brookies+recipe&rs=typed	https://trends.pinterest.com/search?country=US&query=brookies+recipe	
brownies recipe fudgy	https://www.pinterest.com/search/pins/?q=brownies+recipe+fudgy&rs=typed	https://trends.pinterest.com/search?country=US&query=brownies+recipe+fudgy	
blondies recipe easy	https://www.pinterest.com/search/pins/?q=blondies+recipe+easy&rs=typed	https://trends.pinterest.com/search?country=US&query=blondies+recipe+easy	
cheesecake recipe no bake	https://www.pinterest.com/search/pins/?q=cheesecake+recipe+no+bake&rs=typed	https://trends.pinterest.com/search?country=US&query=cheesecake+recipe+no+bake	
no bake dessert recipes summer	https://www.pinterest.com/search/pins/?q=no+bake+dessert+recipes+summer&rs=typed	https://trends.pinterest.com/search?country=US&query=no+bake+dessert+recipes+summer	
icebox cake recipe	https://www.pinterest.com/search/pins/?q=icebox+cake+recipe&rs=typed	https://trends.pinterest.com/search?country=US&query=icebox+cake+recipe	
trifle recipe easy	https://www.pinterest.com/search/pins/?q=trifle+recipe+easy&rs=typed	https://trends.pinterest.com/search?country=US&query=trifle+recipe+easy	
berry crumble recipe	https://www.pinterest.com/search/pins/?q=berry+crumble+recipe&rs=typed	https://trends.pinterest.com/search?country=US&query=berry+crumble+recipe	
peach cobbler recipe	https://www.pinterest.com/search/pins/?q=peach+cobbler+recipe&rs=typed	https://trends.pinterest.com/search?country=US&query=peach+cobbler+recipe	
strawberry shortcake recipe	https://www.pinterest.com/search/pins/?q=strawberry+shortcake+recipe&rs=typed	https://trends.pinterest.com/search?country=US&query=strawberry+shortcake+recipe	
lemon bars recipe	https://www.pinterest.com/search/pins/?q=lemon+bars+recipe&rs=typed	https://trends.pinterest.com/search?country=US&query=lemon+bars+recipe	
key lime pie recipe	https://www.pinterest.com/search/pins/?q=key+lime+pie+recipe&rs=typed	https://trends.pinterest.com/search?country=US&query=key+lime+pie+recipe	
panna cotta recipe	https://www.pinterest.com/search/pins/?q=panna+cotta+recipe&rs=typed	https://trends.pinterest.com/search?country=US&query=panna+cotta+recipe	
tiramisu recipe easy	https://www.pinterest.com/search/pins/?q=tiramisu+recipe+easy&rs=typed	https://trends.pinterest.com/search?country=US&query=tiramisu+recipe+easy	
affogato recipe	https://www.pinterest.com/search/pins/?q=affogato+recipe&rs=typed	https://trends.pinterest.com/search?country=US&query=affogato+recipe	
gelato recipe homemade	https://www.pinterest.com/search/pins/?q=gelato+recipe+homemade&rs=typed	https://trends.pinterest.com/search?country=US&query=gelato+recipe+homemade	
sorbet recipe easy	https://www.pinterest.com/search/pins/?q=sorbet+recipe+easy&rs=typed	https://trends.pinterest.com/search?country=US&query=sorbet+recipe+easy	
watermelon sorbet recipe	https://www.pinterest.com/search/pins/?q=watermelon+sorbet+recipe&rs=typed	https://trends.pinterest.com/search?country=US&query=watermelon+sorbet+recipe	
berry compote recipe	https://www.pinterest.com/search/pins/?q=berry+compote+recipe&rs=typed	https://trends.pinterest.com/search?country=US&query=berry+compote+recipe	
chia seed jam recipe	https://www.pinterest.com/search/pins/?q=chia+seed+jam+recipe&rs=typed	https://trends.pinterest.com/search?country=US&query=chia+seed+jam+recipe	
homemade granola recipe	https://www.pinterest.com/search/pins/?q=homemade+granola+recipe&rs=typed	https://trends.pinterest.com/search?country=US&query=homemade+granola+recipe	
yogurt parfait recipe	https://www.pinterest.com/search/pins/?q=yogurt+parfait+recipe&rs=typed	https://trends.pinterest.com/search?country=US&query=yogurt+parfait+recipe	
fruit platter ideas aesthetic	https://www.pinterest.com/search/pins/?q=fruit+platter+ideas+aesthetic&rs=typed	https://trends.pinterest.com/search?country=US&query=fruit+platter+ideas+aesthetic	
charcuterie fruit board	https://www.pinterest.com/search/pins/?q=charcuterie+fruit+board&rs=typed	https://trends.pinterest.com/search?country=US&query=charcuterie+fruit+board	
chocolate covered strawberries	https://www.pinterest.com/search/pins/?q=chocolate+covered+strawberries&rs=typed	https://trends.pinterest.com/search?country=US&query=chocolate+covered+strawberries	
dessert board ideas	https://www.pinterest.com/search/pins/?q=dessert+board+ideas&rs=typed	https://trends.pinterest.com/search?country=US&query=dessert+board+ideas	
mini dessert recipes	https://www.pinterest.com/search/pins/?q=mini+dessert+recipes&rs=typed	https://trends.pinterest.com/search?country=US&query=mini+dessert+recipes	
bite size dessert recipes	https://www.pinterest.com/search/pins/?q=bite+size+dessert+recipes&rs=typed	https://trends.pinterest.com/search?country=US&query=bite+size+dessert+recipes	
high protein recipes easy	https://www.pinterest.com/search/pins/?q=high+protein+recipes+easy&rs=typed	https://trends.pinterest.com/search?country=US&query=high+protein+recipes+easy	
low carb dinner recipes	https://www.pinterest.com/search/pins/?q=low+carb+dinner+recipes&rs=typed	https://trends.pinterest.com/search?country=US&query=low+carb+dinner+recipes	
keto summer recipes	https://www.pinterest.com/search/pins/?q=keto+summer+recipes&rs=typed	https://trends.pinterest.com/search?country=US&query=keto+summer+recipes	
vegan summer recipes	https://www.pinterest.com/search/pins/?q=vegan+summer+recipes&rs=typed	https://trends.pinterest.com/search?country=US&query=vegan+summer+recipes	
plant based dinner recipes	https://www.pinterest.com/search/pins/?q=plant+based+dinner+recipes&rs=typed	https://trends.pinterest.com/search?country=US&query=plant+based+dinner+recipes	
gluten free summer recipes	https://www.pinterest.com/search/pins/?q=gluten+free+summer+recipes&rs=typed	https://trends.pinterest.com/search?country=US&query=gluten+free+summer+recipes	
dairy free dessert recipes	https://www.pinterest.com/search/pins/?q=dairy+free+dessert+recipes&rs=typed	https://trends.pinterest.com/search?country=US&query=dairy+free+dessert+recipes	
gut healthy recipes	https://www.pinterest.com/search/pins/?q=gut+healthy+recipes&rs=typed	https://trends.pinterest.com/search?country=US&query=gut+healthy+recipes	
fermented food recipes	https://www.pinterest.com/search/pins/?q=fermented+food+recipes&rs=typed	https://trends.pinterest.com/search?country=US&query=fermented+food+recipes	
probiotic recipes	https://www.pinterest.com/search/pins/?q=probiotic+recipes&rs=typed	https://trends.pinterest.com/search?country=US&query=probiotic+recipes	
anti inflammatory recipes	https://www.pinterest.com/search/pins/?q=anti+inflammatory+recipes&rs=typed	https://trends.pinterest.com/search?country=US&query=anti+inflammatory+recipes	
mediterranean diet recipes	https://www.pinterest.com/search/pins/?q=mediterranean+diet+recipes&rs=typed	https://trends.pinterest.com/search?country=US&query=mediterranean+diet+recipes	
clean eating meal prep	https://www.pinterest.com/search/pins/?q=clean+eating+meal+prep&rs=typed	https://trends.pinterest.com/search?country=US&query=clean+eating+meal+prep	
weight loss dinner recipes	https://www.pinterest.com/search/pins/?q=weight+loss+dinner+recipes&rs=typed	https://trends.pinterest.com/search?country=US&query=weight+loss+dinner+recipes	
30 minute dinner recipes	https://www.pinterest.com/search/pins/?q=30+minute+dinner+recipes&rs=typed	https://trends.pinterest.com/search?country=US&query=30+minute+dinner+recipes	
budget friendly meal prep	https://www.pinterest.com/search/pins/?q=budget+friendly+meal+prep&rs=typed	https://trends.pinterest.com/search?country=US&query=budget+friendly+meal+prep	
cheap healthy meals	https://www.pinterest.com/search/pins/?q=cheap+healthy+meals&rs=typed	https://trends.pinterest.com/search?country=US&query=cheap+healthy+meals	
college meal prep ideas	https://www.pinterest.com/search/pins/?q=college+meal+prep+ideas&rs=typed	https://trends.pinterest.com/search?country=US&query=college+meal+prep+ideas	
dorm room recipes easy	https://www.pinterest.com/search/pins/?q=dorm+room+recipes+easy&rs=typed	https://trends.pinterest.com/search?country=US&query=dorm+room+recipes+easy	
microwave mug meals	https://www.pinterest.com/search/pins/?q=microwave+mug+meals&rs=typed	https://trends.pinterest.com/search?country=US&query=microwave+mug+meals	
aesthetic breakfast ideas	https://www.pinterest.com/search/pins/?q=aesthetic+breakfast+ideas&rs=typed	https://trends.pinterest.com/search?country=US&query=aesthetic+breakfast+ideas	
aesthetic lunch ideas	https://www.pinterest.com/search/pins/?q=aesthetic+lunch+ideas&rs=typed	https://trends.pinterest.com/search?country=US&query=aesthetic+lunch+ideas	
recipe journal aesthetic	https://www.pinterest.com/search/pins/?q=recipe+journal+aesthetic&rs=typed	https://trends.pinterest.com/search?country=US&query=recipe+journal+aesthetic	
recipe card aesthetic	https://www.pinterest.com/search/pins/?q=recipe+card+aesthetic&rs=typed	https://trends.pinterest.com/search?country=US&query=recipe+card+aesthetic	
kitchen countertop aesthetic	https://www.pinterest.com/search/pins/?q=kitchen+countertop+aesthetic&rs=typed	https://trends.pinterest.com/search?country=US&query=kitchen+countertop+aesthetic	
open shelving kitchen ideas	https://www.pinterest.com/search/pins/?q=open+shelving+kitchen+ideas&rs=typed	https://trends.pinterest.com/search?country=US&query=open+shelving+kitchen+ideas	
spice rack organization ideas	https://www.pinterest.com/search/pins/?q=spice+rack+organization+ideas&rs=typed	https://trends.pinterest.com/search?country=US&query=spice+rack+organization+ideas	
pantry organization ideas	https://www.pinterest.com/search/pins/?q=pantry+organization+ideas&rs=typed	https://trends.pinterest.com/search?country=US&query=pantry+organization+ideas	
meal planning aesthetic	https://www.pinterest.com/search/pins/?q=meal+planning+aesthetic&rs=typed	https://trends.pinterest.com/search?country=US&query=meal+planning+aesthetic	
cookbook aesthetic	https://www.pinterest.com/search/pins/?q=cookbook+aesthetic&rs=typed	https://trends.pinterest.com/search?country=US&query=cookbook+aesthetic	
farmers market recipes summer	https://www.pinterest.com/search/pins/?q=farmers+market+recipes+summer&rs=typed	https://trends.pinterest.com/search?country=US&query=farmers+market+recipes+summer	
seasonal cooking summer	https://www.pinterest.com/search/pins/?q=seasonal+cooking+summer&rs=typed	https://trends.pinterest.com/search?country=US&query=seasonal+cooking+summer	
tomato recipes summer fresh	https://www.pinterest.com/search/pins/?q=tomato+recipes+summer+fresh&rs=typed	https://trends.pinterest.com/search?country=US&query=tomato+recipes+summer+fresh	
zucchini recipes summer	https://www.pinterest.com/search/pins/?q=zucchini+recipes+summer&rs=typed	https://trends.pinterest.com/search?country=US&query=zucchini+recipes+summer	
eggplant recipes summer	https://www.pinterest.com/search/pins/?q=eggplant+recipes+summer&rs=typed	https://trends.pinterest.com/search?country=US&query=eggplant+recipes+summer	
berry recipes summer	https://www.pinterest.com/search/pins/?q=berry+recipes+summer&rs=typed	https://trends.pinterest.com/search?country=US&query=berry+recipes+summer	
stone fruit recipes	https://www.pinterest.com/search/pins/?q=stone+fruit+recipes&rs=typed	https://trends.pinterest.com/search?country=US&query=stone+fruit+recipes	
herb garden recipes	https://www.pinterest.com/search/pins/?q=herb+garden+recipes&rs=typed	https://trends.pinterest.com/search?country=US&query=herb+garden+recipes	
basil pesto recipe fresh	https://www.pinterest.com/search/pins/?q=basil+pesto+recipe+fresh&rs=typed	https://trends.pinterest.com/search?country=US&query=basil+pesto+recipe+fresh	
chimichurri recipe easy	https://www.pinterest.com/search/pins/?q=chimichurri+recipe+easy&rs=typed	https://trends.pinterest.com/search?country=US&query=chimichurri+recipe+easy	
tzatziki recipe homemade	https://www.pinterest.com/search/pins/?q=tzatziki+recipe+homemade&rs=typed	https://trends.pinterest.com/search?country=US&query=tzatziki+recipe+homemade	
hummus recipe homemade	https://www.pinterest.com/search/pins/?q=hummus+recipe+homemade&rs=typed	https://trends.pinterest.com/search?country=US&query=hummus+recipe+homemade	
whipped hummus recipe	https://www.pinterest.com/search/pins/?q=whipped+hummus+recipe&rs=typed	https://trends.pinterest.com/search?country=US&query=whipped+hummus+recipe	
baba ganoush recipe	https://www.pinterest.com/search/pins/?q=baba+ganoush+recipe&rs=typed	https://trends.pinterest.com/search?country=US&query=baba+ganoush+recipe	
tapas recipes easy	https://www.pinterest.com/search/pins/?q=tapas+recipes+easy&rs=typed	https://trends.pinterest.com/search?country=US&query=tapas+recipes+easy	
bruschetta recipe classic	https://www.pinterest.com/search/pins/?q=bruschetta+recipe+classic&rs=typed	https://trends.pinterest.com/search?country=US&query=bruschetta+recipe+classic	
caprese skewers recipe	https://www.pinterest.com/search/pins/?q=caprese+skewers+recipe&rs=typed	https://trends.pinterest.com/search?country=US&query=caprese+skewers+recipe	
antipasto platter ideas	https://www.pinterest.com/search/pins/?q=antipasto+platter+ideas&rs=typed	https://trends.pinterest.com/search?country=US&query=antipasto+platter+ideas	
cheese board ideas summer	https://www.pinterest.com/search/pins/?q=cheese+board+ideas+summer&rs=typed	https://trends.pinterest.com/search?country=US&query=cheese+board+ideas+summer	
wine and cheese night ideas	https://www.pinterest.com/search/pins/?q=wine+and+cheese+night+ideas&rs=typed	https://trends.pinterest.com/search?country=US&query=wine+and+cheese+night+ideas	
brunch board ideas	https://www.pinterest.com/search/pins/?q=brunch+board+ideas&rs=typed	https://trends.pinterest.com/search?country=US&query=brunch+board+ideas	
breakfast charcuterie board	https://www.pinterest.com/search/pins/?q=breakfast+charcuterie+board&rs=typed	https://trends.pinterest.com/search?country=US&query=breakfast+charcuterie+board	
pancake charcuterie board	https://www.pinterest.com/search/pins/?q=pancake+charcuterie+board&rs=typed	https://trends.pinterest.com/search?country=US&query=pancake+charcuterie+board	
waffle bar ideas brunch	https://www.pinterest.com/search/pins/?q=waffle+bar+ideas+brunch&rs=typed	https://trends.pinterest.com/search?country=US&query=waffle+bar+ideas+brunch	
egg muffin recipes meal prep	https://www.pinterest.com/search/pins/?q=egg+muffin+recipes+meal+prep&rs=typed	https://trends.pinterest.com/search?country=US&query=egg+muffin+recipes+meal+prep	
shakshuka brunch recipe	https://www.pinterest.com/search/pins/?q=shakshuka+brunch+recipe&rs=typed	https://trends.pinterest.com/search?country=US&query=shakshuka+brunch+recipe	
french toast casserole recipe	https://www.pinterest.com/search/pins/?q=french+toast+casserole+recipe&rs=typed	https://trends.pinterest.com/search?country=US&query=french+toast+casserole+recipe	
eggs benedict recipe easy	https://www.pinterest.com/search/pins/?q=eggs+benedict+recipe+easy&rs=typed	https://trends.pinterest.com/search?country=US&query=eggs+benedict+recipe+easy	
avocado eggs recipe	https://www.pinterest.com/search/pins/?q=avocado+eggs+recipe&rs=typed	https://trends.pinterest.com/search?country=US&query=avocado+eggs+recipe	
breakfast tacos recipe	https://www.pinterest.com/search/pins/?q=breakfast+tacos+recipe&rs=typed	https://trends.pinterest.com/search?country=US&query=breakfast+tacos+recipe	
breakfast burrito recipe meal prep	https://www.pinterest.com/search/pins/?q=breakfast+burrito+recipe+meal+prep&rs=typed	https://trends.pinterest.com/search?country=US&query=breakfast+burrito+recipe+meal+prep	
acai bowl aesthetic	https://www.pinterest.com/search/pins/?q=acai+bowl+aesthetic&rs=typed	https://trends.pinterest.com/search?country=US&query=acai+bowl+aesthetic	
yogurt bowl recipes aesthetic	https://www.pinterest.com/search/pins/?q=yogurt+bowl+recipes+aesthetic&rs=typed	https://trends.pinterest.com/search?country=US&query=yogurt+bowl+recipes+aesthetic	
oatmeal aesthetic bowl	https://www.pinterest.com/search/pins/?q=oatmeal+aesthetic+bowl&rs=typed	https://trends.pinterest.com/search?country=US&query=oatmeal+aesthetic+bowl	
toast aesthetic recipes	https://www.pinterest.com/search/pins/?q=toast+aesthetic+recipes&rs=typed	https://trends.pinterest.com/search?country=US&query=toast+aesthetic+recipes	
ricotta toast recipes	https://www.pinterest.com/search/pins/?q=ricotta+toast+recipes&rs=typed	https://trends.pinterest.com/search?country=US&query=ricotta+toast+recipes	
fig toast recipe	https://www.pinterest.com/search/pins/?q=fig+toast+recipe&rs=typed	https://trends.pinterest.com/search?country=US&query=fig+toast+recipe	
salmon toast recipe	https://www.pinterest.com/search/pins/?q=salmon+toast+recipe&rs=typed	https://trends.pinterest.com/search?country=US&query=salmon+toast+recipe	
lox bagel board ideas	https://www.pinterest.com/search/pins/?q=lox+bagel+board+ideas&rs=typed	https://trends.pinterest.com/search?country=US&query=lox+bagel+board+ideas	
italian summer recipes easy	https://www.pinterest.com/search/pins/?q=italian+summer+recipes+easy&rs=typed	https://trends.pinterest.com/search?country=US&query=italian+summer+recipes+easy	
pasta al limone recipe	https://www.pinterest.com/search/pins/?q=pasta+al+limone+recipe&rs=typed	https://trends.pinterest.com/search?country=US&query=pasta+al+limone+recipe	
cacio e pepe recipe	https://www.pinterest.com/search/pins/?q=cacio+e+pepe+recipe&rs=typed	https://trends.pinterest.com/search?country=US&query=cacio+e+pepe+recipe	
amalfi lemon pasta recipe	https://www.pinterest.com/search/pins/?q=amalfi+lemon+pasta+recipe&rs=typed	https://trends.pinterest.com/search?country=US&query=amalfi+lemon+pasta+recipe	
risotto recipe easy	https://www.pinterest.com/search/pins/?q=risotto+recipe+easy&rs=typed	https://trends.pinterest.com/search?country=US&query=risotto+recipe+easy	
arancini recipe easy	https://www.pinterest.com/search/pins/?q=arancini+recipe+easy&rs=typed	https://trends.pinterest.com/search?country=US&query=arancini+recipe+easy	
panzanella salad recipe	https://www.pinterest.com/search/pins/?q=panzanella+salad+recipe&rs=typed	https://trends.pinterest.com/search?country=US&query=panzanella+salad+recipe	
niçoise salad recipe	https://www.pinterest.com/search/pins/?q=niçoise+salad+recipe&rs=typed	https://trends.pinterest.com/search?country=US&query=niçoise+salad+recipe	
french summer recipes	https://www.pinterest.com/search/pins/?q=french+summer+recipes&rs=typed	https://trends.pinterest.com/search?country=US&query=french+summer+recipes	
ratatouille recipe easy	https://www.pinterest.com/search/pins/?q=ratatouille+recipe+easy&rs=typed	https://trends.pinterest.com/search?country=US&query=ratatouille+recipe+easy	
salade niçoise recipe	https://www.pinterest.com/search/pins/?q=salade+niçoise+recipe&rs=typed	https://trends.pinterest.com/search?country=US&query=salade+niçoise+recipe	
spanish tapas recipes	https://www.pinterest.com/search/pins/?q=spanish+tapas+recipes&rs=typed	https://trends.pinterest.com/search?country=US&query=spanish+tapas+recipes	
gazpacho recipe authentic	https://www.pinterest.com/search/pins/?q=gazpacho+recipe+authentic&rs=typed	https://trends.pinterest.com/search?country=US&query=gazpacho+recipe+authentic	
paella recipe easy	https://www.pinterest.com/search/pins/?q=paella+recipe+easy&rs=typed	https://trends.pinterest.com/search?country=US&query=paella+recipe+easy	
mexican summer recipes	https://www.pinterest.com/search/pins/?q=mexican+summer+recipes&rs=typed	https://trends.pinterest.com/search?country=US&query=mexican+summer+recipes	
ceviche recipe easy	https://www.pinterest.com/search/pins/?q=ceviche+recipe+easy&rs=typed	https://trends.pinterest.com/search?country=US&query=ceviche+recipe+easy	
fish tacos recipe easy	https://www.pinterest.com/search/pins/?q=fish+tacos+recipe+easy&rs=typed	https://trends.pinterest.com/search?country=US&query=fish+tacos+recipe+easy	
esquites recipe mexican	https://www.pinterest.com/search/pins/?q=esquites+recipe+mexican&rs=typed	https://trends.pinterest.com/search?country=US&query=esquites+recipe+mexican	
agua fresca recipes	https://www.pinterest.com/search/pins/?q=agua+fresca+recipes&rs=typed	https://trends.pinterest.com/search?country=US&query=agua+fresca+recipes	
horchata recipe homemade	https://www.pinterest.com/search/pins/?q=horchata+recipe+homemade&rs=typed	https://trends.pinterest.com/search?country=US&query=horchata+recipe+homemade	
thai summer rolls recipe	https://www.pinterest.com/search/pins/?q=thai+summer+rolls+recipe&rs=typed	https://trends.pinterest.com/search?country=US&query=thai+summer+rolls+recipe	
pad thai recipe easy	https://www.pinterest.com/search/pins/?q=pad+thai+recipe+easy&rs=typed	https://trends.pinterest.com/search?country=US&query=pad+thai+recipe+easy	
vietnamese spring rolls recipe	https://www.pinterest.com/search/pins/?q=vietnamese+spring+rolls+recipe&rs=typed	https://trends.pinterest.com/search?country=US&query=vietnamese+spring+rolls+recipe	
korean bbq recipes home	https://www.pinterest.com/search/pins/?q=korean+bbq+recipes+home&rs=typed	https://trends.pinterest.com/search?country=US&query=korean+bbq+recipes+home	
bulgogi recipe easy	https://www.pinterest.com/search/pins/?q=bulgogi+recipe+easy&rs=typed	https://trends.pinterest.com/search?country=US&query=bulgogi+recipe+easy	
japchae recipe easy	https://www.pinterest.com/search/pins/?q=japchae+recipe+easy&rs=typed	https://trends.pinterest.com/search?country=US&query=japchae+recipe+easy	
sushi bake recipe	https://www.pinterest.com/search/pins/?q=sushi+bake+recipe&rs=typed	https://trends.pinterest.com/search?country=US&query=sushi+bake+recipe	
onigiri recipe easy	https://www.pinterest.com/search/pins/?q=onigiri+recipe+easy&rs=typed	https://trends.pinterest.com/search?country=US&query=onigiri+recipe+easy	
ramen recipes homemade	https://www.pinterest.com/search/pins/?q=ramen+recipes+homemade&rs=typed	https://trends.pinterest.com/search?country=US&query=ramen+recipes+homemade	
miso soup recipe easy	https://www.pinterest.com/search/pins/?q=miso+soup+recipe+easy&rs=typed	https://trends.pinterest.com/search?country=US&query=miso+soup+recipe+easy	
indian summer recipes	https://www.pinterest.com/search/pins/?q=indian+summer+recipes&rs=typed	https://trends.pinterest.com/search?country=US&query=indian+summer+recipes	
butter chicken recipe easy	https://www.pinterest.com/search/pins/?q=butter+chicken+recipe+easy&rs=typed	https://trends.pinterest.com/search?country=US&query=butter+chicken+recipe+easy	
tikka masala recipe easy	https://www.pinterest.com/search/pins/?q=tikka+masala+recipe+easy&rs=typed	https://trends.pinterest.com/search?country=US&query=tikka+masala+recipe+easy	
naan recipe easy	https://www.pinterest.com/search/pins/?q=naan+recipe+easy&rs=typed	https://trends.pinterest.com/search?country=US&query=naan+recipe+easy	
middle eastern recipes easy	https://www.pinterest.com/search/pins/?q=middle+eastern+recipes+easy&rs=typed	https://trends.pinterest.com/search?country=US&query=middle+eastern+recipes+easy	
shawarma recipe home	https://www.pinterest.com/search/pins/?q=shawarma+recipe+home&rs=typed	https://trends.pinterest.com/search?country=US&query=shawarma+recipe+home	
falafel recipe baked	https://www.pinterest.com/search/pins/?q=falafel+recipe+baked&rs=typed	https://trends.pinterest.com/search?country=US&query=falafel+recipe+baked	
hummus bowl recipe	https://www.pinterest.com/search/pins/?q=hummus+bowl+recipe&rs=typed	https://trends.pinterest.com/search?country=US&query=hummus+bowl+recipe	
cottage cheese flatbread recipe	https://www.pinterest.com/search/pins/?q=cottage+cheese+flatbread+recipe&rs=typed	https://trends.pinterest.com/search?country=US&query=cottage+cheese+flatbread+recipe	
cottage cheese cookie dough	https://www.pinterest.com/search/pins/?q=cottage+cheese+cookie+dough&rs=typed	https://trends.pinterest.com/search?country=US&query=cottage+cheese+cookie+dough	
cottage cheese brownie recipe	https://www.pinterest.com/search/pins/?q=cottage+cheese+brownie+recipe&rs=typed	https://trends.pinterest.com/search?country=US&query=cottage+cheese+brownie+recipe	
cottage cheese cheesecake recipe	https://www.pinterest.com/search/pins/?q=cottage+cheese+cheesecake+recipe&rs=typed	https://trends.pinterest.com/search?country=US&query=cottage+cheese+cheesecake+recipe	
cottage cheese waffle recipe	https://www.pinterest.com/search/pins/?q=cottage+cheese+waffle+recipe&rs=typed	https://trends.pinterest.com/search?country=US&query=cottage+cheese+waffle+recipe	
cottage cheese dip recipe	https://www.pinterest.com/search/pins/?q=cottage+cheese+dip+recipe&rs=typed	https://trends.pinterest.com/search?country=US&query=cottage+cheese+dip+recipe	
high protein snack recipes	https://www.pinterest.com/search/pins/?q=high+protein+snack+recipes&rs=typed	https://trends.pinterest.com/search?country=US&query=high+protein+snack+recipes	
protein dessert recipes	https://www.pinterest.com/search/pins/?q=protein+dessert+recipes&rs=typed	https://trends.pinterest.com/search?country=US&query=protein+dessert+recipes	
protein ice cream recipe	https://www.pinterest.com/search/pins/?q=protein+ice+cream+recipe&rs=typed	https://trends.pinterest.com/search?country=US&query=protein+ice+cream+recipe	
meal prep bowls summer	https://www.pinterest.com/search/pins/?q=meal+prep+bowls+summer&rs=typed	https://trends.pinterest.com/search?country=US&query=meal+prep+bowls+summer	
summer meal prep ideas	https://www.pinterest.com/search/pins/?q=summer+meal+prep+ideas&rs=typed	https://trends.pinterest.com/search?country=US&query=summer+meal+prep+ideas	
batch cooking recipes	https://www.pinterest.com/search/pins/?q=batch+cooking+recipes&rs=typed	https://trends.pinterest.com/search?country=US&query=batch+cooking+recipes	
freezer meal prep recipes	https://www.pinterest.com/search/pins/?q=freezer+meal+prep+recipes&rs=typed	https://trends.pinterest.com/search?country=US&query=freezer+meal+prep+recipes	
sheet pan chicken and veggies	https://www.pinterest.com/search/pins/?q=sheet+pan+chicken+and+veggies&rs=typed	https://trends.pinterest.com/search?country=US&query=sheet+pan+chicken+and+veggies	
honey garlic chicken recipe	https://www.pinterest.com/search/pins/?q=honey+garlic+chicken+recipe&rs=typed	https://trends.pinterest.com/search?country=US&query=honey+garlic+chicken+recipe	
lemon herb chicken recipe	https://www.pinterest.com/search/pins/?q=lemon+herb+chicken+recipe&rs=typed	https://trends.pinterest.com/search?country=US&query=lemon+herb+chicken+recipe	
garlic butter shrimp recipe	https://www.pinterest.com/search/pins/?q=garlic+butter+shrimp+recipe&rs=typed	https://trends.pinterest.com/search?country=US&query=garlic+butter+shrimp+recipe	
honey salmon recipe	https://www.pinterest.com/search/pins/?q=honey+salmon+recipe&rs=typed	https://trends.pinterest.com/search?country=US&query=honey+salmon+recipe	
teriyaki salmon recipe	https://www.pinterest.com/search/pins/?q=teriyaki+salmon+recipe&rs=typed	https://trends.pinterest.com/search?country=US&query=teriyaki+salmon+recipe	
grilled salmon salad recipe	https://www.pinterest.com/search/pins/?q=grilled+salmon+salad+recipe&rs=typed	https://trends.pinterest.com/search?country=US&query=grilled+salmon+salad+recipe	
tuna salad recipe healthy	https://www.pinterest.com/search/pins/?q=tuna+salad+recipe+healthy&rs=typed	https://trends.pinterest.com/search?country=US&query=tuna+salad+recipe+healthy	
chicken salad recipe summer	https://www.pinterest.com/search/pins/?q=chicken+salad+recipe+summer&rs=typed	https://trends.pinterest.com/search?country=US&query=chicken+salad+recipe+summer	
egg salad recipe easy	https://www.pinterest.com/search/pins/?q=egg+salad+recipe+easy&rs=typed	https://trends.pinterest.com/search?country=US&query=egg+salad+recipe+easy	
potato salad recipe summer	https://www.pinterest.com/search/pins/?q=potato+salad+recipe+summer&rs=typed	https://trends.pinterest.com/search?country=US&query=potato+salad+recipe+summer	
macaroni salad recipe summer	https://www.pinterest.com/search/pins/?q=macaroni+salad+recipe+summer&rs=typed	https://trends.pinterest.com/search?country=US&query=macaroni+salad+recipe+summer	
coleslaw recipe easy	https://www.pinterest.com/search/pins/?q=coleslaw+recipe+easy&rs=typed	https://trends.pinterest.com/search?country=US&query=coleslaw+recipe+easy	
deviled eggs recipe classic	https://www.pinterest.com/search/pins/?q=deviled+eggs+recipe+classic&rs=typed	https://trends.pinterest.com/search?country=US&query=deviled+eggs+recipe+classic	
stuffed peppers recipe easy	https://www.pinterest.com/search/pins/?q=stuffed+peppers+recipe+easy&rs=typed	https://trends.pinterest.com/search?country=US&query=stuffed+peppers+recipe+easy	
stuffed zucchini recipe	https://www.pinterest.com/search/pins/?q=stuffed+zucchini+recipe&rs=typed	https://trends.pinterest.com/search?country=US&query=stuffed+zucchini+recipe	
zucchini bread recipe moist	https://www.pinterest.com/search/pins/?q=zucchini+bread+recipe+moist&rs=typed	https://trends.pinterest.com/search?country=US&query=zucchini+bread+recipe+moist	
zucchini fritters recipe	https://www.pinterest.com/search/pins/?q=zucchini+fritters+recipe&rs=typed	https://trends.pinterest.com/search?country=US&query=zucchini+fritters+recipe	
corn fritters recipe	https://www.pinterest.com/search/pins/?q=corn+fritters+recipe&rs=typed	https://trends.pinterest.com/search?country=US&query=corn+fritters+recipe	
tomato galette recipe	https://www.pinterest.com/search/pins/?q=tomato+galette+recipe&rs=typed	https://trends.pinterest.com/search?country=US&query=tomato+galette+recipe	
caprese salad recipe easy	https://www.pinterest.com/search/pins/?q=caprese+salad+recipe+easy&rs=typed	https://trends.pinterest.com/search?country=US&query=caprese+salad+recipe+easy	
watermelon salad recipe feta	https://www.pinterest.com/search/pins/?q=watermelon+salad+recipe+feta&rs=typed	https://trends.pinterest.com/search?country=US&query=watermelon+salad+recipe+feta	
fruit salad recipe summer	https://www.pinterest.com/search/pins/?q=fruit+salad+recipe+summer&rs=typed	https://trends.pinterest.com/search?country=US&query=fruit+salad+recipe+summer	
berry salad recipe summer	https://www.pinterest.com/search/pins/?q=berry+salad+recipe+summer&rs=typed	https://trends.pinterest.com/search?country=US&query=berry+salad+recipe+summer	
grilled halloumi recipe	https://www.pinterest.com/search/pins/?q=grilled+halloumi+recipe&rs=typed	https://trends.pinterest.com/search?country=US&query=grilled+halloumi+recipe	
halloumi salad recipe	https://www.pinterest.com/search/pins/?q=halloumi+salad+recipe&rs=typed	https://trends.pinterest.com/search?country=US&query=halloumi+salad+recipe	
feta watermelon mint salad	https://www.pinterest.com/search/pins/?q=feta+watermelon+mint+salad&rs=typed	https://trends.pinterest.com/search?country=US&query=feta+watermelon+mint+salad	
watermelon pizza recipe	https://www.pinterest.com/search/pins/?q=watermelon+pizza+recipe&rs=typed	https://trends.pinterest.com/search?country=US&query=watermelon+pizza+recipe	
grilled watermelon recipe	https://www.pinterest.com/search/pins/?q=grilled+watermelon+recipe&rs=typed	https://trends.pinterest.com/search?country=US&query=grilled+watermelon+recipe	
bbq chicken skewers recipe	https://www.pinterest.com/search/pins/?q=bbq+chicken+skewers+recipe&rs=typed	https://trends.pinterest.com/search?country=US&query=bbq+chicken+skewers+recipe	
chicken satay recipe easy	https://www.pinterest.com/search/pins/?q=chicken+satay+recipe+easy&rs=typed	https://trends.pinterest.com/search?country=US&query=chicken+satay+recipe+easy	
beef skewers recipe grilled	https://www.pinterest.com/search/pins/?q=beef+skewers+recipe+grilled&rs=typed	https://trends.pinterest.com/search?country=US&query=beef+skewers+recipe+grilled	
marinated flank steak recipe	https://www.pinterest.com/search/pins/?q=marinated+flank+steak+recipe&rs=typed	https://trends.pinterest.com/search?country=US&query=marinated+flank+steak+recipe	
carne asada recipe easy	https://www.pinterest.com/search/pins/?q=carne+asada+recipe+easy&rs=typed	https://trends.pinterest.com/search?country=US&query=carne+asada+recipe+easy	
carnitas recipe slow cooker	https://www.pinterest.com/search/pins/?q=carnitas+recipe+slow+cooker&rs=typed	https://trends.pinterest.com/search?country=US&query=carnitas+recipe+slow+cooker	
chicken fajitas recipe easy	https://www.pinterest.com/search/pins/?q=chicken+fajitas+recipe+easy&rs=typed	https://trends.pinterest.com/search?country=US&query=chicken+fajitas+recipe+easy	
quesadilla recipes easy	https://www.pinterest.com/search/pins/?q=quesadilla+recipes+easy&rs=typed	https://trends.pinterest.com/search?country=US&query=quesadilla+recipes+easy	
nachos recipe loaded	https://www.pinterest.com/search/pins/?q=nachos+recipe+loaded&rs=typed	https://trends.pinterest.com/search?country=US&query=nachos+recipe+loaded	
walking tacos recipe	https://www.pinterest.com/search/pins/?q=walking+tacos+recipe&rs=typed	https://trends.pinterest.com/search?country=US&query=walking+tacos+recipe	
taco bar ideas party	https://www.pinterest.com/search/pins/?q=taco+bar+ideas+party&rs=typed	https://trends.pinterest.com/search?country=US&query=taco+bar+ideas+party	
nacho bar ideas party	https://www.pinterest.com/search/pins/?q=nacho+bar+ideas+party&rs=typed	https://trends.pinterest.com/search?country=US&query=nacho+bar+ideas+party	
baked brie recipe easy	https://www.pinterest.com/search/pins/?q=baked+brie+recipe+easy&rs=typed	https://trends.pinterest.com/search?country=US&query=baked+brie+recipe+easy	
baked camembert recipe	https://www.pinterest.com/search/pins/?q=baked+camembert+recipe&rs=typed	https://trends.pinterest.com/search?country=US&query=baked+camembert+recipe	
fondue recipe easy	https://www.pinterest.com/search/pins/?q=fondue+recipe+easy&rs=typed	https://trends.pinterest.com/search?country=US&query=fondue+recipe+easy	
charcuterie wreath ideas	https://www.pinterest.com/search/pins/?q=charcuterie+wreath+ideas&rs=typed	https://trends.pinterest.com/search?country=US&query=charcuterie+wreath+ideas	
butterfly charcuterie board	https://www.pinterest.com/search/pins/?q=butterfly+charcuterie+board&rs=typed	https://trends.pinterest.com/search?country=US&query=butterfly+charcuterie+board	
heart shaped charcuterie board	https://www.pinterest.com/search/pins/?q=heart+shaped+charcuterie+board&rs=typed	https://trends.pinterest.com/search?country=US&query=heart+shaped+charcuterie+board	
mini charcuterie boxes	https://www.pinterest.com/search/pins/?q=mini+charcuterie+boxes&rs=typed	https://trends.pinterest.com/search?country=US&query=mini+charcuterie+boxes	
jarcuterie ideas	https://www.pinterest.com/search/pins/?q=jarcuterie+ideas&rs=typed	https://trends.pinterest.com/search?country=US&query=jarcuterie+ideas	
summer appetizer recipes easy	https://www.pinterest.com/search/pins/?q=summer+appetizer+recipes+easy&rs=typed	https://trends.pinterest.com/search?country=US&query=summer+appetizer+recipes+easy	
finger food recipes party	https://www.pinterest.com/search/pins/?q=finger+food+recipes+party&rs=typed	https://trends.pinterest.com/search?country=US&query=finger+food+recipes+party	
crowd pleaser recipes	https://www.pinterest.com/search/pins/?q=crowd+pleaser+recipes&rs=typed	https://trends.pinterest.com/search?country=US&query=crowd+pleaser+recipes	
potluck recipes summer	https://www.pinterest.com/search/pins/?q=potluck+recipes+summer&rs=typed	https://trends.pinterest.com/search?country=US&query=potluck+recipes+summer	
bring a plate ideas	https://www.pinterest.com/search/pins/?q=bring+a+plate+ideas&rs=typed	https://trends.pinterest.com/search?country=US&query=bring+a+plate+ideas	
church potluck recipes	https://www.pinterest.com/search/pins/?q=church+potluck+recipes&rs=typed	https://trends.pinterest.com/search?country=US&query=church+potluck+recipes	
family reunion food ideas	https://www.pinterest.com/search/pins/?q=family+reunion+food+ideas&rs=typed	https://trends.pinterest.com/search?country=US&query=family+reunion+food+ideas	
cookout recipes easy	https://www.pinterest.com/search/pins/?q=cookout+recipes+easy&rs=typed	https://trends.pinterest.com/search?country=US&query=cookout+recipes+easy	
pool party food ideas	https://www.pinterest.com/search/pins/?q=pool+party+food+ideas&rs=typed	https://trends.pinterest.com/search?country=US&query=pool+party+food+ideas	
beach picnic food ideas	https://www.pinterest.com/search/pins/?q=beach+picnic+food+ideas&rs=typed	https://trends.pinterest.com/search?country=US&query=beach+picnic+food+ideas	
road trip snack ideas	https://www.pinterest.com/search/pins/?q=road+trip+snack+ideas&rs=typed	https://trends.pinterest.com/search?country=US&query=road+trip+snack+ideas	
travel snack recipes	https://www.pinterest.com/search/pins/?q=travel+snack+recipes&rs=typed	https://trends.pinterest.com/search?country=US&query=travel+snack+recipes	
lunchbox ideas adults	https://www.pinterest.com/search/pins/?q=lunchbox+ideas+adults&rs=typed	https://trends.pinterest.com/search?country=US&query=lunchbox+ideas+adults	
work lunch ideas healthy	https://www.pinterest.com/search/pins/?q=work+lunch+ideas+healthy&rs=typed	https://trends.pinterest.com/search?country=US&query=work+lunch+ideas+healthy	
desk lunch recipes easy	https://www.pinterest.com/search/pins/?q=desk+lunch+recipes+easy&rs=typed	https://trends.pinterest.com/search?country=US&query=desk+lunch+recipes+easy	
5 ingredient dinner recipes	https://www.pinterest.com/search/pins/?q=5+ingredient+dinner+recipes&rs=typed	https://trends.pinterest.com/search?country=US&query=5+ingredient+dinner+recipes	
3 ingredient dessert recipes	https://www.pinterest.com/search/pins/?q=3+ingredient+dessert+recipes&rs=typed	https://trends.pinterest.com/search?country=US&query=3+ingredient+dessert+recipes	
dump and bake recipes	https://www.pinterest.com/search/pins/?q=dump+and+bake+recipes&rs=typed	https://trends.pinterest.com/search?country=US&query=dump+and+bake+recipes	
semi homemade recipes	https://www.pinterest.com/search/pins/?q=semi+homemade+recipes&rs=typed	https://trends.pinterest.com/search?country=US&query=semi+homemade+recipes	
copycat restaurant recipes	https://www.pinterest.com/search/pins/?q=copycat+restaurant+recipes&rs=typed	https://trends.pinterest.com/search?country=US&query=copycat+restaurant+recipes	
starbucks copycat recipes	https://www.pinterest.com/search/pins/?q=starbucks+copycat+recipes&rs=typed	https://trends.pinterest.com/search?country=US&query=starbucks+copycat+recipes	
chipotle copycat recipe	https://www.pinterest.com/search/pins/?q=chipotle+copycat+recipe&rs=typed	https://trends.pinterest.com/search?country=US&query=chipotle+copycat+recipe	
panda express copycat recipe	https://www.pinterest.com/search/pins/?q=panda+express+copycat+recipe&rs=typed	https://trends.pinterest.com/search?country=US&query=panda+express+copycat+recipe	
olive garden copycat recipe	https://www.pinterest.com/search/pins/?q=olive+garden+copycat+recipe&rs=typed	https://trends.pinterest.com/search?country=US&query=olive+garden+copycat+recipe	
cheesecake factory copycat recipe	https://www.pinterest.com/search/pins/?q=cheesecake+factory+copycat+recipe&rs=typed	https://trends.pinterest.com/search?country=US&query=cheesecake+factory+copycat+recipe	
crumbl cookie copycat recipe	https://www.pinterest.com/search/pins/?q=crumbl+cookie+copycat+recipe&rs=typed	https://trends.pinterest.com/search?country=US&query=crumbl+cookie+copycat+recipe	
levain cookie recipe copycat	https://www.pinterest.com/search/pins/?q=levain+cookie+recipe+copycat&rs=typed	https://trends.pinterest.com/search?country=US&query=levain+cookie+recipe+copycat	
chocolate chip banana bread	https://www.pinterest.com/search/pins/?q=chocolate+chip+banana+bread&rs=typed	https://trends.pinterest.com/search?country=US&query=chocolate+chip+banana+bread	
pumpkin bread recipe moist	https://www.pinterest.com/search/pins/?q=pumpkin+bread+recipe+moist&rs=typed	https://trends.pinterest.com/search?country=US&query=pumpkin+bread+recipe+moist	
apple crisp recipe easy	https://www.pinterest.com/search/pins/?q=apple+crisp+recipe+easy&rs=typed	https://trends.pinterest.com/search?country=US&query=apple+crisp+recipe+easy	
apple pie recipe easy	https://www.pinterest.com/search/pins/?q=apple+pie+recipe+easy&rs=typed	https://trends.pinterest.com/search?country=US&query=apple+pie+recipe+easy	
cherry pie recipe easy	https://www.pinterest.com/search/pins/?q=cherry+pie+recipe+easy&rs=typed	https://trends.pinterest.com/search?country=US&query=cherry+pie+recipe+easy	
blueberry pie recipe easy	https://www.pinterest.com/search/pins/?q=blueberry+pie+recipe+easy&rs=typed	https://trends.pinterest.com/search?country=US&query=blueberry+pie+recipe+easy	
pie crust recipe easy	https://www.pinterest.com/search/pins/?q=pie+crust+recipe+easy&rs=typed	https://trends.pinterest.com/search?country=US&query=pie+crust+recipe+easy	
hand pie recipes easy	https://www.pinterest.com/search/pins/?q=hand+pie+recipes+easy&rs=typed	https://trends.pinterest.com/search?country=US&query=hand+pie+recipes+easy	
empanada recipe baked	https://www.pinterest.com/search/pins/?q=empanada+recipe+baked&rs=typed	https://trends.pinterest.com/search?country=US&query=empanada+recipe+baked	
calzone recipe easy	https://www.pinterest.com/search/pins/?q=calzone+recipe+easy&rs=typed	https://trends.pinterest.com/search?country=US&query=calzone+recipe+easy	
stromboli recipe easy	https://www.pinterest.com/search/pins/?q=stromboli+recipe+easy&rs=typed	https://trends.pinterest.com/search?country=US&query=stromboli+recipe+easy	
garlic knots recipe easy	https://www.pinterest.com/search/pins/?q=garlic+knots+recipe+easy&rs=typed	https://trends.pinterest.com/search?country=US&query=garlic+knots+recipe+easy	
bread bowl recipe soup	https://www.pinterest.com/search/pins/?q=bread+bowl+recipe+soup&rs=typed	https://trends.pinterest.com/search?country=US&query=bread+bowl+recipe+soup	
tomato soup recipe easy	https://www.pinterest.com/search/pins/?q=tomato+soup+recipe+easy&rs=typed	https://trends.pinterest.com/search?country=US&query=tomato+soup+recipe+easy	
creamy tomato soup recipe	https://www.pinterest.com/search/pins/?q=creamy+tomato+soup+recipe&rs=typed	https://trends.pinterest.com/search?country=US&query=creamy+tomato+soup+recipe	
chicken noodle soup recipe	https://www.pinterest.com/search/pins/?q=chicken+noodle+soup+recipe&rs=typed	https://trends.pinterest.com/search?country=US&query=chicken+noodle+soup+recipe	
minestrone soup recipe	https://www.pinterest.com/search/pins/?q=minestrone+soup+recipe&rs=typed	https://trends.pinterest.com/search?country=US&query=minestrone+soup+recipe	
lentil soup recipe easy	https://www.pinterest.com/search/pins/?q=lentil+soup+recipe+easy&rs=typed	https://trends.pinterest.com/search?country=US&query=lentil+soup+recipe+easy	
black bean soup recipe	https://www.pinterest.com/search/pins/?q=black+bean+soup+recipe&rs=typed	https://trends.pinterest.com/search?country=US&query=black+bean+soup+recipe	
chili recipe easy slow cooker	https://www.pinterest.com/search/pins/?q=chili+recipe+easy+slow+cooker&rs=typed	https://trends.pinterest.com/search?country=US&query=chili+recipe+easy+slow+cooker	
white chicken chili recipe	https://www.pinterest.com/search/pins/?q=white+chicken+chili+recipe&rs=typed	https://trends.pinterest.com/search?country=US&query=white+chicken+chili+recipe	
turkey chili recipe healthy	https://www.pinterest.com/search/pins/?q=turkey+chili+recipe+healthy&rs=typed	https://trends.pinterest.com/search?country=US&query=turkey+chili+recipe+healthy	
beef stew recipe slow cooker	https://www.pinterest.com/search/pins/?q=beef+stew+recipe+slow+cooker&rs=typed	https://trends.pinterest.com/search?country=US&query=beef+stew+recipe+slow+cooker	
pot roast recipe slow cooker	https://www.pinterest.com/search/pins/?q=pot+roast+recipe+slow+cooker&rs=typed	https://trends.pinterest.com/search?country=US&query=pot+roast+recipe+slow+cooker	
meatball recipe baked	https://www.pinterest.com/search/pins/?q=meatball+recipe+baked&rs=typed	https://trends.pinterest.com/search?country=US&query=meatball+recipe+baked	
meatball subs recipe	https://www.pinterest.com/search/pins/?q=meatball+subs+recipe&rs=typed	https://trends.pinterest.com/search?country=US&query=meatball+subs+recipe	
chicken parmesan recipe easy	https://www.pinterest.com/search/pins/?q=chicken+parmesan+recipe+easy&rs=typed	https://trends.pinterest.com/search?country=US&query=chicken+parmesan+recipe+easy	
chicken marsala recipe easy	https://www.pinterest.com/search/pins/?q=chicken+marsala+recipe+easy&rs=typed	https://trends.pinterest.com/search?country=US&query=chicken+marsala+recipe+easy	
chicken piccata recipe	https://www.pinterest.com/search/pins/?q=chicken+piccata+recipe&rs=typed	https://trends.pinterest.com/search?country=US&query=chicken+piccata+recipe	
lemon chicken recipe easy	https://www.pinterest.com/search/pins/?q=lemon+chicken+recipe+easy&rs=typed	https://trends.pinterest.com/search?country=US&query=lemon+chicken+recipe+easy	
orange chicken recipe easy	https://www.pinterest.com/search/pins/?q=orange+chicken+recipe+easy&rs=typed	https://trends.pinterest.com/search?country=US&query=orange+chicken+recipe+easy	
honey garlic tofu recipe	https://www.pinterest.com/search/pins/?q=honey+garlic+tofu+recipe&rs=typed	https://trends.pinterest.com/search?country=US&query=honey+garlic+tofu+recipe	
tofu stir fry recipe	https://www.pinterest.com/search/pins/?q=tofu+stir+fry+recipe&rs=typed	https://trends.pinterest.com/search?country=US&query=tofu+stir+fry+recipe	
veggie stir fry recipe	https://www.pinterest.com/search/pins/?q=veggie+stir+fry+recipe&rs=typed	https://trends.pinterest.com/search?country=US&query=veggie+stir+fry+recipe	
fried rice recipe easy	https://www.pinterest.com/search/pins/?q=fried+rice+recipe+easy&rs=typed	https://trends.pinterest.com/search?country=US&query=fried+rice+recipe+easy	
egg fried rice recipe	https://www.pinterest.com/search/pins/?q=egg+fried+rice+recipe&rs=typed	https://trends.pinterest.com/search?country=US&query=egg+fried+rice+recipe	
lo mein recipe easy	https://www.pinterest.com/search/pins/?q=lo+mein+recipe+easy&rs=typed	https://trends.pinterest.com/search?country=US&query=lo+mein+recipe+easy	
chow mein recipe easy	https://www.pinterest.com/search/pins/?q=chow+mein+recipe+easy&rs=typed	https://trends.pinterest.com/search?country=US&query=chow+mein+recipe+easy	
dan dan noodles recipe	https://www.pinterest.com/search/pins/?q=dan+dan+noodles+recipe&rs=typed	https://trends.pinterest.com/search?country=US&query=dan+dan+noodles+recipe	
sesame noodles recipe cold	https://www.pinterest.com/search/pins/?q=sesame+noodles+recipe+cold&rs=typed	https://trends.pinterest.com/search?country=US&query=sesame+noodles+recipe+cold	
cold noodle salad recipe	https://www.pinterest.com/search/pins/?q=cold+noodle+salad+recipe&rs=typed	https://trends.pinterest.com/search?country=US&query=cold+noodle+salad+recipe	
soba noodle salad recipe	https://www.pinterest.com/search/pins/?q=soba+noodle+salad+recipe&rs=typed	https://trends.pinterest.com/search?country=US&query=soba+noodle+salad+recipe	
udon noodle recipe stir fry	https://www.pinterest.com/search/pins/?q=udon+noodle+recipe+stir+fry&rs=typed	https://trends.pinterest.com/search?country=US&query=udon+noodle+recipe+stir+fry	
pho recipe easy homemade	https://www.pinterest.com/search/pins/?q=pho+recipe+easy+homemade&rs=typed	https://trends.pinterest.com/search?country=US&query=pho+recipe+easy+homemade	
banh mi recipe easy	https://www.pinterest.com/search/pins/?q=banh+mi+recipe+easy&rs=typed	https://trends.pinterest.com/search?country=US&query=banh+mi+recipe+easy	
spring roll bowl recipe	https://www.pinterest.com/search/pins/?q=spring+roll+bowl+recipe&rs=typed	https://trends.pinterest.com/search?country=US&query=spring+roll+bowl+recipe	
poke bowl recipe salmon	https://www.pinterest.com/search/pins/?q=poke+bowl+recipe+salmon&rs=typed	https://trends.pinterest.com/search?country=US&query=poke+bowl+recipe+salmon	
sushi bowl recipe easy	https://www.pinterest.com/search/pins/?q=sushi+bowl+recipe+easy&rs=typed	https://trends.pinterest.com/search?country=US&query=sushi+bowl+recipe+easy	
maki roll recipe easy	https://www.pinterest.com/search/pins/?q=maki+roll+recipe+easy&rs=typed	https://trends.pinterest.com/search?country=US&query=maki+roll+recipe+easy	
hand roll sushi recipe	https://www.pinterest.com/search/pins/?q=hand+roll+sushi+recipe&rs=typed	https://trends.pinterest.com/search?country=US&query=hand+roll+sushi+recipe	
crispy rice recipe spicy tuna	https://www.pinterest.com/search/pins/?q=crispy+rice+recipe+spicy+tuna&rs=typed	https://trends.pinterest.com/search?country=US&query=crispy+rice+recipe+spicy+tuna	
salmon crudo recipe	https://www.pinterest.com/search/pins/?q=salmon+crudo+recipe&rs=typed	https://trends.pinterest.com/search?country=US&query=salmon+crudo+recipe	
tuna tartare recipe easy	https://www.pinterest.com/search/pins/?q=tuna+tartare+recipe+easy&rs=typed	https://trends.pinterest.com/search?country=US&query=tuna+tartare+recipe+easy	
oysters recipe grilled	https://www.pinterest.com/search/pins/?q=oysters+recipe+grilled&rs=typed	https://trends.pinterest.com/search?country=US&query=oysters+recipe+grilled	
clam bake recipe easy	https://www.pinterest.com/search/pins/?q=clam+bake+recipe+easy&rs=typed	https://trends.pinterest.com/search?country=US&query=clam+bake+recipe+easy	
lobster roll recipe easy	https://www.pinterest.com/search/pins/?q=lobster+roll+recipe+easy&rs=typed	https://trends.pinterest.com/search?country=US&query=lobster+roll+recipe+easy	
crab salad recipe easy	https://www.pinterest.com/search/pins/?q=crab+salad+recipe+easy&rs=typed	https://trends.pinterest.com/search?country=US&query=crab+salad+recipe+easy	
shrimp cocktail recipe easy	https://www.pinterest.com/search/pins/?q=shrimp+cocktail+recipe+easy&rs=typed	https://trends.pinterest.com/search?country=US&query=shrimp+cocktail+recipe+easy	
ceviche shrimp recipe	https://www.pinterest.com/search/pins/?q=ceviche+shrimp+recipe&rs=typed	https://trends.pinterest.com/search?country=US&query=ceviche+shrimp+recipe	
aguachile recipe easy	https://www.pinterest.com/search/pins/?q=aguachile+recipe+easy&rs=typed	https://trends.pinterest.com/search?country=US&query=aguachile+recipe+easy	
tostada recipe easy	https://www.pinterest.com/search/pins/?q=tostada+recipe+easy&rs=typed	https://trends.pinterest.com/search?country=US&query=tostada+recipe+easy	
tostadas de ceviche recipe	https://www.pinterest.com/search/pins/?q=tostadas+de+ceviche+recipe&rs=typed	https://trends.pinterest.com/search?country=US&query=tostadas+de+ceviche+recipe	
elote dip recipe	https://www.pinterest.com/search/pins/?q=elote+dip+recipe&rs=typed	https://trends.pinterest.com/search?country=US&query=elote+dip+recipe	
street corn salad recipe	https://www.pinterest.com/search/pins/?q=street+corn+salad+recipe&rs=typed	https://trends.pinterest.com/search?country=US&query=street+corn+salad+recipe	
mexican street corn dip	https://www.pinterest.com/search/pins/?q=mexican+street+corn+dip&rs=typed	https://trends.pinterest.com/search?country=US&query=mexican+street+corn+dip	
queso recipe easy	https://www.pinterest.com/search/pins/?q=queso+recipe+easy&rs=typed	https://trends.pinterest.com/search?country=US&query=queso+recipe+easy	
guacamole recipe easy	https://www.pinterest.com/search/pins/?q=guacamole+recipe+easy&rs=typed	https://trends.pinterest.com/search?country=US&query=guacamole+recipe+easy	
salsa recipe fresh	https://www.pinterest.com/search/pins/?q=salsa+recipe+fresh&rs=typed	https://trends.pinterest.com/search?country=US&query=salsa+recipe+fresh	
pico de gallo recipe	https://www.pinterest.com/search/pins/?q=pico+de+gallo+recipe&rs=typed	https://trends.pinterest.com/search?country=US&query=pico+de+gallo+recipe	
mango salsa recipe fresh	https://www.pinterest.com/search/pins/?q=mango+salsa+recipe+fresh&rs=typed	https://trends.pinterest.com/search?country=US&query=mango+salsa+recipe+fresh	
pineapple salsa recipe	https://www.pinterest.com/search/pins/?q=pineapple+salsa+recipe&rs=typed	https://trends.pinterest.com/search?country=US&query=pineapple+salsa+recipe	
fruit salsa recipe sweet	https://www.pinterest.com/search/pins/?q=fruit+salsa+recipe+sweet&rs=typed	https://trends.pinterest.com/search?country=US&query=fruit+salsa+recipe+sweet	
chips and dip recipes	https://www.pinterest.com/search/pins/?q=chips+and+dip+recipes&rs=typed	https://trends.pinterest.com/search?country=US&query=chips+and+dip+recipes	
homemade tortilla chips recipe	https://www.pinterest.com/search/pins/?q=homemade+tortilla+chips+recipe&rs=typed	https://trends.pinterest.com/search?country=US&query=homemade+tortilla+chips+recipe	
churros recipe easy	https://www.pinterest.com/search/pins/?q=churros+recipe+easy&rs=typed	https://trends.pinterest.com/search?country=US&query=churros+recipe+easy	
flan recipe easy	https://www.pinterest.com/search/pins/?q=flan+recipe+easy&rs=typed	https://trends.pinterest.com/search?country=US&query=flan+recipe+easy	
tres leches cake recipe	https://www.pinterest.com/search/pins/?q=tres+leches+cake+recipe&rs=typed	https://trends.pinterest.com/search?country=US&query=tres+leches+cake+recipe	
mango sticky rice recipe	https://www.pinterest.com/search/pins/?q=mango+sticky+rice+recipe&rs=typed	https://trends.pinterest.com/search?country=US&query=mango+sticky+rice+recipe	
thai mango salad recipe	https://www.pinterest.com/search/pins/?q=thai+mango+salad+recipe&rs=typed	https://trends.pinterest.com/search?country=US&query=thai+mango+salad+recipe	
papaya salad recipe thai	https://www.pinterest.com/search/pins/?q=papaya+salad+recipe+thai&rs=typed	https://trends.pinterest.com/search?country=US&query=papaya+salad+recipe+thai	
satay sauce recipe easy	https://www.pinterest.com/search/pins/?q=satay+sauce+recipe+easy&rs=typed	https://trends.pinterest.com/search?country=US&query=satay+sauce+recipe+easy	
green curry recipe easy	https://www.pinterest.com/search/pins/?q=green+curry+recipe+easy&rs=typed	https://trends.pinterest.com/search?country=US&query=green+curry+recipe+easy	
red curry recipe easy	https://www.pinterest.com/search/pins/?q=red+curry+recipe+easy&rs=typed	https://trends.pinterest.com/search?country=US&query=red+curry+recipe+easy	
massaman curry recipe	https://www.pinterest.com/search/pins/?q=massaman+curry+recipe&rs=typed	https://trends.pinterest.com/search?country=US&query=massaman+curry+recipe	
coconut rice recipe easy	https://www.pinterest.com/search/pins/?q=coconut+rice+recipe+easy&rs=typed	https://trends.pinterest.com/search?country=US&query=coconut+rice+recipe+easy	
banh xeo recipe easy	https://www.pinterest.com/search/pins/?q=banh+xeo+recipe+easy&rs=typed	https://trends.pinterest.com/search?country=US&query=banh+xeo+recipe+easy	
summer rolls recipe vietnamese	https://www.pinterest.com/search/pins/?q=summer+rolls+recipe+vietnamese&rs=typed	https://trends.pinterest.com/search?country=US&query=summer+rolls+recipe+vietnamese	
bun cha recipe easy	https://www.pinterest.com/search/pins/?q=bun+cha+recipe+easy&rs=typed	https://trends.pinterest.com/search?country=US&query=bun+cha+recipe+easy	
pho ga recipe chicken	https://www.pinterest.com/search/pins/?q=pho+ga+recipe+chicken&rs=typed	https://trends.pinterest.com/search?country=US&query=pho+ga+recipe+chicken	
kimbap recipe easy	https://www.pinterest.com/search/pins/?q=kimbap+recipe+easy&rs=typed	https://trends.pinterest.com/search?country=US&query=kimbap+recipe+easy	
tteokbokki recipe easy	https://www.pinterest.com/search/pins/?q=tteokbokki+recipe+easy&rs=typed	https://trends.pinterest.com/search?country=US&query=tteokbokki+recipe+easy	
kimchi fried rice recipe	https://www.pinterest.com/search/pins/?q=kimchi+fried+rice+recipe&rs=typed	https://trends.pinterest.com/search?country=US&query=kimchi+fried+rice+recipe	
kimchi pancake recipe	https://www.pinterest.com/search/pins/?q=kimchi+pancake+recipe&rs=typed	https://trends.pinterest.com/search?country=US&query=kimchi+pancake+recipe	
japanese curry recipe easy	https://www.pinterest.com/search/pins/?q=japanese+curry+recipe+easy&rs=typed	https://trends.pinterest.com/search?country=US&query=japanese+curry+recipe+easy	
okonomiyaki recipe easy	https://www.pinterest.com/search/pins/?q=okonomiyaki+recipe+easy&rs=typed	https://trends.pinterest.com/search?country=US&query=okonomiyaki+recipe+easy	
takoyaki recipe easy	https://www.pinterest.com/search/pins/?q=takoyaki+recipe+easy&rs=typed	https://trends.pinterest.com/search?country=US&query=takoyaki+recipe+easy	
matcha dessert recipes	https://www.pinterest.com/search/pins/?q=matcha+dessert+recipes&rs=typed	https://trends.pinterest.com/search?country=US&query=matcha+dessert+recipes	
matcha latte recipe iced	https://www.pinterest.com/search/pins/?q=matcha+latte+recipe+iced&rs=typed	https://trends.pinterest.com/search?country=US&query=matcha+latte+recipe+iced	
ube recipes dessert	https://www.pinterest.com/search/pins/?q=ube+recipes+dessert&rs=typed	https://trends.pinterest.com/search?country=US&query=ube+recipes+dessert	
ube cheesecake recipe	https://www.pinterest.com/search/pins/?q=ube+cheesecake+recipe&rs=typed	https://trends.pinterest.com/search?country=US&query=ube+cheesecake+recipe	
ube cookies recipe	https://www.pinterest.com/search/pins/?q=ube+cookies+recipe&rs=typed	https://trends.pinterest.com/search?country=US&query=ube+cookies+recipe	
mochi recipe easy	https://www.pinterest.com/search/pins/?q=mochi+recipe+easy&rs=typed	https://trends.pinterest.com/search?country=US&query=mochi+recipe+easy	
dango recipe easy	https://www.pinterest.com/search/pins/?q=dango+recipe+easy&rs=typed	https://trends.pinterest.com/search?country=US&query=dango+recipe+easy	
tanghulu recipe homemade	https://www.pinterest.com/search/pins/?q=tanghulu+recipe+homemade&rs=typed	https://trends.pinterest.com/search?country=US&query=tanghulu+recipe+homemade	
cotton candy recipe homemade	https://www.pinterest.com/search/pins/?q=cotton+candy+recipe+homemade&rs=typed	https://trends.pinterest.com/search?country=US&query=cotton+candy+recipe+homemade	
funnel cake recipe easy	https://www.pinterest.com/search/pins/?q=funnel+cake+recipe+easy&rs=typed	https://trends.pinterest.com/search?country=US&query=funnel+cake+recipe+easy	
churro cheesecake recipe	https://www.pinterest.com/search/pins/?q=churro+cheesecake+recipe&rs=typed	https://trends.pinterest.com/search?country=US&query=churro+cheesecake+recipe	
churro ice cream sandwich	https://www.pinterest.com/search/pins/?q=churro+ice+cream+sandwich&rs=typed	https://trends.pinterest.com/search?country=US&query=churro+ice+cream+sandwich	
fried ice cream recipe	https://www.pinterest.com/search/pins/?q=fried+ice+cream+recipe&rs=typed	https://trends.pinterest.com/search?country=US&query=fried+ice+cream+recipe	
affogato float recipe	https://www.pinterest.com/search/pins/?q=affogato+float+recipe&rs=typed	https://trends.pinterest.com/search?country=US&query=affogato+float+recipe	
coffee dessert recipes	https://www.pinterest.com/search/pins/?q=coffee+dessert+recipes&rs=typed	https://trends.pinterest.com/search?country=US&query=coffee+dessert+recipes	
tiramisu cups recipe easy	https://www.pinterest.com/search/pins/?q=tiramisu+cups+recipe+easy&rs=typed	https://trends.pinterest.com/search?country=US&query=tiramisu+cups+recipe+easy	
chocolate mousse recipe easy	https://www.pinterest.com/search/pins/?q=chocolate+mousse+recipe+easy&rs=typed	https://trends.pinterest.com/search?country=US&query=chocolate+mousse+recipe+easy	
chocolate lava cake recipe	https://www.pinterest.com/search/pins/?q=chocolate+lava+cake+recipe&rs=typed	https://trends.pinterest.com/search?country=US&query=chocolate+lava+cake+recipe	
molten lava cake recipe	https://www.pinterest.com/search/pins/?q=molten+lava+cake+recipe&rs=typed	https://trends.pinterest.com/search?country=US&query=molten+lava+cake+recipe	
souffle recipe chocolate	https://www.pinterest.com/search/pins/?q=souffle+recipe+chocolate&rs=typed	https://trends.pinterest.com/search?country=US&query=souffle+recipe+chocolate	
creme brulee recipe easy	https://www.pinterest.com/search/pins/?q=creme+brulee+recipe+easy&rs=typed	https://trends.pinterest.com/search?country=US&query=creme+brulee+recipe+easy	
flourless chocolate cake recipe	https://www.pinterest.com/search/pins/?q=flourless+chocolate+cake+recipe&rs=typed	https://trends.pinterest.com/search?country=US&query=flourless+chocolate+cake+recipe	
olive oil cake recipe	https://www.pinterest.com/search/pins/?q=olive+oil+cake+recipe&rs=typed	https://trends.pinterest.com/search?country=US&query=olive+oil+cake+recipe	
yogurt cake recipe easy	https://www.pinterest.com/search/pins/?q=yogurt+cake+recipe+easy&rs=typed	https://trends.pinterest.com/search?country=US&query=yogurt+cake+recipe+easy	
pound cake recipe moist	https://www.pinterest.com/search/pins/?q=pound+cake+recipe+moist&rs=typed	https://trends.pinterest.com/search?country=US&query=pound+cake+recipe+moist	
bundt cake recipe easy	https://www.pinterest.com/search/pins/?q=bundt+cake+recipe+easy&rs=typed	https://trends.pinterest.com/search?country=US&query=bundt+cake+recipe+easy	
coffee cake recipe easy	https://www.pinterest.com/search/pins/?q=coffee+cake+recipe+easy&rs=typed	https://trends.pinterest.com/search?country=US&query=coffee+cake+recipe+easy	
crumb cake recipe easy	https://www.pinterest.com/search/pins/?q=crumb+cake+recipe+easy&rs=typed	https://trends.pinterest.com/search?country=US&query=crumb+cake+recipe+easy	
coffee crumble cake recipe	https://www.pinterest.com/search/pins/?q=coffee+crumble+cake+recipe&rs=typed	https://trends.pinterest.com/search?country=US&query=coffee+crumble+cake+recipe	
cinnamon sugar toast recipe	https://www.pinterest.com/search/pins/?q=cinnamon+sugar+toast+recipe&rs=typed	https://trends.pinterest.com/search?country=US&query=cinnamon+sugar+toast+recipe	
french toast sticks recipe	https://www.pinterest.com/search/pins/?q=french+toast+sticks+recipe&rs=typed	https://trends.pinterest.com/search?country=US&query=french+toast+sticks+recipe	
stuffed french toast recipe	https://www.pinterest.com/search/pins/?q=stuffed+french+toast+recipe&rs=typed	https://trends.pinterest.com/search?country=US&query=stuffed+french+toast+recipe	
pancake recipe fluffy	https://www.pinterest.com/search/pins/?q=pancake+recipe+fluffy&rs=typed	https://trends.pinterest.com/search?country=US&query=pancake+recipe+fluffy	
protein pancakes recipe easy	https://www.pinterest.com/search/pins/?q=protein+pancakes+recipe+easy&rs=typed	https://trends.pinterest.com/search?country=US&query=protein+pancakes+recipe+easy	
blueberry pancakes recipe	https://www.pinterest.com/search/pins/?q=blueberry+pancakes+recipe&rs=typed	https://trends.pinterest.com/search?country=US&query=blueberry+pancakes+recipe	
banana pancakes recipe easy	https://www.pinterest.com/search/pins/?q=banana+pancakes+recipe+easy&rs=typed	https://trends.pinterest.com/search?country=US&query=banana+pancakes+recipe+easy	
waffle recipe crispy	https://www.pinterest.com/search/pins/?q=waffle+recipe+crispy&rs=typed	https://trends.pinterest.com/search?country=US&query=waffle+recipe+crispy	
chicken and waffles recipe	https://www.pinterest.com/search/pins/?q=chicken+and+waffles+recipe&rs=typed	https://trends.pinterest.com/search?country=US&query=chicken+and+waffles+recipe	
breakfast sandwich recipe easy	https://www.pinterest.com/search/pins/?q=breakfast+sandwich+recipe+easy&rs=typed	https://trends.pinterest.com/search?country=US&query=breakfast+sandwich+recipe+easy	
breakfast quesadilla recipe	https://www.pinterest.com/search/pins/?q=breakfast+quesadilla+recipe&rs=typed	https://trends.pinterest.com/search?country=US&query=breakfast+quesadilla+recipe	
breakfast pizza recipe easy	https://www.pinterest.com/search/pins/?q=breakfast+pizza+recipe+easy&rs=typed	https://trends.pinterest.com/search?country=US&query=breakfast+pizza+recipe+easy	
hash brown casserole recipe	https://www.pinterest.com/search/pins/?q=hash+brown+casserole+recipe&rs=typed	https://trends.pinterest.com/search?country=US&query=hash+brown+casserole+recipe	
breakfast casserole recipe easy	https://www.pinterest.com/search/pins/?q=breakfast+casserole+recipe+easy&rs=typed	https://trends.pinterest.com/search?country=US&query=breakfast+casserole+recipe+easy	
overnight breakfast casserole	https://www.pinterest.com/search/pins/?q=overnight+breakfast+casserole&rs=typed	https://trends.pinterest.com/search?country=US&query=overnight+breakfast+casserole	
egg bake recipe easy	https://www.pinterest.com/search/pins/?q=egg+bake+recipe+easy&rs=typed	https://trends.pinterest.com/search?country=US&query=egg+bake+recipe+easy	
frittata recipe easy	https://www.pinterest.com/search/pins/?q=frittata+recipe+easy&rs=typed	https://trends.pinterest.com/search?country=US&query=frittata+recipe+easy	
quiche recipe easy	https://www.pinterest.com/search/pins/?q=quiche+recipe+easy&rs=typed	https://trends.pinterest.com/search?country=US&query=quiche+recipe+easy	
spinach quiche recipe	https://www.pinterest.com/search/pins/?q=spinach+quiche+recipe&rs=typed	https://trends.pinterest.com/search?country=US&query=spinach+quiche+recipe	
crustless quiche recipe	https://www.pinterest.com/search/pins/?q=crustless+quiche+recipe&rs=typed	https://trends.pinterest.com/search?country=US&query=crustless+quiche+recipe	
savory crepes recipe easy	https://www.pinterest.com/search/pins/?q=savory+crepes+recipe+easy&rs=typed	https://trends.pinterest.com/search?country=US&query=savory+crepes+recipe+easy	
sweet crepes recipe easy	https://www.pinterest.com/search/pins/?q=sweet+crepes+recipe+easy&rs=typed	https://trends.pinterest.com/search?country=US&query=sweet+crepes+recipe+easy	
crepe cake recipe easy	https://www.pinterest.com/search/pins/?q=crepe+cake+recipe+easy&rs=typed	https://trends.pinterest.com/search?country=US&query=crepe+cake+recipe+easy	
blintzes recipe easy	https://www.pinterest.com/search/pins/?q=blintzes+recipe+easy&rs=typed	https://trends.pinterest.com/search?country=US&query=blintzes+recipe+easy	
granola bars recipe homemade	https://www.pinterest.com/search/pins/?q=granola+bars+recipe+homemade&rs=typed	https://trends.pinterest.com/search?country=US&query=granola+bars+recipe+homemade	
energy balls recipe easy	https://www.pinterest.com/search/pins/?q=energy+balls+recipe+easy&rs=typed	https://trends.pinterest.com/search?country=US&query=energy+balls+recipe+easy	
protein balls recipe no bake	https://www.pinterest.com/search/pins/?q=protein+balls+recipe+no+bake&rs=typed	https://trends.pinterest.com/search?country=US&query=protein+balls+recipe+no+bake	
trail mix recipe homemade	https://www.pinterest.com/search/pins/?q=trail+mix+recipe+homemade&rs=typed	https://trends.pinterest.com/search?country=US&query=trail+mix+recipe+homemade	
popcorn recipes flavored	https://www.pinterest.com/search/pins/?q=popcorn+recipes+flavored&rs=typed	https://trends.pinterest.com/search?country=US&query=popcorn+recipes+flavored	
caramel popcorn recipe	https://www.pinterest.com/search/pins/?q=caramel+popcorn+recipe&rs=typed	https://trends.pinterest.com/search?country=US&query=caramel+popcorn+recipe	
cheese popcorn recipe	https://www.pinterest.com/search/pins/?q=cheese+popcorn+recipe&rs=typed	https://trends.pinterest.com/search?country=US&query=cheese+popcorn+recipe	
kettle corn recipe homemade	https://www.pinterest.com/search/pins/?q=kettle+corn+recipe+homemade&rs=typed	https://trends.pinterest.com/search?country=US&query=kettle+corn+recipe+homemade	
rice krispie treats recipe	https://www.pinterest.com/search/pins/?q=rice+krispie+treats+recipe&rs=typed	https://trends.pinterest.com/search?country=US&query=rice+krispie+treats+recipe	
marshmallow treats recipe fun	https://www.pinterest.com/search/pins/?q=marshmallow+treats+recipe+fun&rs=typed	https://trends.pinterest.com/search?country=US&query=marshmallow+treats+recipe+fun	
s'mores recipe oven	https://www.pinterest.com/search/pins/?q=s'mores+recipe+oven&rs=typed	https://trends.pinterest.com/search?country=US&query=s'mores+recipe+oven	
s'mores dip recipe	https://www.pinterest.com/search/pins/?q=s'mores+dip+recipe&rs=typed	https://trends.pinterest.com/search?country=US&query=s'mores+dip+recipe	
campfire recipes easy	https://www.pinterest.com/search/pins/?q=campfire+recipes+easy&rs=typed	https://trends.pinterest.com/search?country=US&query=campfire+recipes+easy	
camping meals ideas easy	https://www.pinterest.com/search/pins/?q=camping+meals+ideas+easy&rs=typed	https://trends.pinterest.com/search?country=US&query=camping+meals+ideas+easy	
dutch oven camping recipes	https://www.pinterest.com/search/pins/?q=dutch+oven+camping+recipes&rs=typed	https://trends.pinterest.com/search?country=US&query=dutch+oven+camping+recipes	
foil packet recipes grill	https://www.pinterest.com/search/pins/?q=foil+packet+recipes+grill&rs=typed	https://trends.pinterest.com/search?country=US&query=foil+packet+recipes+grill	
foil packet chicken recipe	https://www.pinterest.com/search/pins/?q=foil+packet+chicken+recipe&rs=typed	https://trends.pinterest.com/search?country=US&query=foil+packet+chicken+recipe	
grilled pizza recipe easy	https://www.pinterest.com/search/pins/?q=grilled+pizza+recipe+easy&rs=typed	https://trends.pinterest.com/search?country=US&query=grilled+pizza+recipe+easy	
naan bread recipe grill	https://www.pinterest.com/search/pins/?q=naan+bread+recipe+grill&rs=typed	https://trends.pinterest.com/search?country=US&query=naan+bread+recipe+grill	
flatbread recipes grill	https://www.pinterest.com/search/pins/?q=flatbread+recipes+grill&rs=typed	https://trends.pinterest.com/search?country=US&query=flatbread+recipes+grill	
grilled cheese recipe gourmet	https://www.pinterest.com/search/pins/?q=grilled+cheese+recipe+gourmet&rs=typed	https://trends.pinterest.com/search?country=US&query=grilled+cheese+recipe+gourmet	
tomato soup and grilled cheese	https://www.pinterest.com/search/pins/?q=tomato+soup+and+grilled+cheese&rs=typed	https://trends.pinterest.com/search?country=US&query=tomato+soup+and+grilled+cheese	
mac and cheese recipe baked	https://www.pinterest.com/search/pins/?q=mac+and+cheese+recipe+baked&rs=typed	https://trends.pinterest.com/search?country=US&query=mac+and+cheese+recipe+baked	
lobster mac and cheese recipe	https://www.pinterest.com/search/pins/?q=lobster+mac+and+cheese+recipe&rs=typed	https://trends.pinterest.com/search?country=US&query=lobster+mac+and+cheese+recipe	
truffle mac and cheese recipe	https://www.pinterest.com/search/pins/?q=truffle+mac+and+cheese+recipe&rs=typed	https://trends.pinterest.com/search?country=US&query=truffle+mac+and+cheese+recipe	
carbonara recipe authentic	https://www.pinterest.com/search/pins/?q=carbonara+recipe+authentic&rs=typed	https://trends.pinterest.com/search?country=US&query=carbonara+recipe+authentic	
alfredo recipe homemade	https://www.pinterest.com/search/pins/?q=alfredo+recipe+homemade&rs=typed	https://trends.pinterest.com/search?country=US&query=alfredo+recipe+homemade	
vodka sauce recipe easy	https://www.pinterest.com/search/pins/?q=vodka+sauce+recipe+easy&rs=typed	https://trends.pinterest.com/search?country=US&query=vodka+sauce+recipe+easy	
marinara recipe homemade	https://www.pinterest.com/search/pins/?q=marinara+recipe+homemade&rs=typed	https://trends.pinterest.com/search?country=US&query=marinara+recipe+homemade	
pesto chicken recipe easy	https://www.pinterest.com/search/pins/?q=pesto+chicken+recipe+easy&rs=typed	https://trends.pinterest.com/search?country=US&query=pesto+chicken+recipe+easy	
chicken pesto pasta salad	https://www.pinterest.com/search/pins/?q=chicken+pesto+pasta+salad&rs=typed	https://trends.pinterest.com/search?country=US&query=chicken+pesto+pasta+salad	
pesto orzo salad recipe	https://www.pinterest.com/search/pins/?q=pesto+orzo+salad+recipe&rs=typed	https://trends.pinterest.com/search?country=US&query=pesto+orzo+salad+recipe	
lemon orzo salad recipe	https://www.pinterest.com/search/pins/?q=lemon+orzo+salad+recipe&rs=typed	https://trends.pinterest.com/search?country=US&query=lemon+orzo+salad+recipe	
mediterranean pasta salad	https://www.pinterest.com/search/pins/?q=mediterranean+pasta+salad&rs=typed	https://trends.pinterest.com/search?country=US&query=mediterranean+pasta+salad	
greek pasta salad recipe	https://www.pinterest.com/search/pins/?q=greek+pasta+salad+recipe&rs=typed	https://trends.pinterest.com/search?country=US&query=greek+pasta+salad+recipe	
italian pasta salad recipe	https://www.pinterest.com/search/pins/?q=italian+pasta+salad+recipe&rs=typed	https://trends.pinterest.com/search?country=US&query=italian+pasta+salad+recipe	
antipasto pasta salad recipe	https://www.pinterest.com/search/pins/?q=antipasto+pasta+salad+recipe&rs=typed	https://trends.pinterest.com/search?country=US&query=antipasto+pasta+salad+recipe	
rotisserie chicken recipes easy	https://www.pinterest.com/search/pins/?q=rotisserie+chicken+recipes+easy&rs=typed	https://trends.pinterest.com/search?country=US&query=rotisserie+chicken+recipes+easy	
leftover chicken recipes easy	https://www.pinterest.com/search/pins/?q=leftover+chicken+recipes+easy&rs=typed	https://trends.pinterest.com/search?country=US&query=leftover+chicken+recipes+easy	
rotisserie chicken salad recipe	https://www.pinterest.com/search/pins/?q=rotisserie+chicken+salad+recipe&rs=typed	https://trends.pinterest.com/search?country=US&query=rotisserie+chicken+salad+recipe	
chicken wrap recipes easy	https://www.pinterest.com/search/pins/?q=chicken+wrap+recipes+easy&rs=typed	https://trends.pinterest.com/search?country=US&query=chicken+wrap+recipes+easy	
caesar wrap recipe easy	https://www.pinterest.com/search/pins/?q=caesar+wrap+recipe+easy&rs=typed	https://trends.pinterest.com/search?country=US&query=caesar+wrap+recipe+easy	
club sandwich recipe easy	https://www.pinterest.com/search/pins/?q=club+sandwich+recipe+easy&rs=typed	https://trends.pinterest.com/search?country=US&query=club+sandwich+recipe+easy	
cuban sandwich recipe easy	https://www.pinterest.com/search/pins/?q=cuban+sandwich+recipe+easy&rs=typed	https://trends.pinterest.com/search?country=US&query=cuban+sandwich+recipe+easy	
panini recipe easy	https://www.pinterest.com/search/pins/?q=panini+recipe+easy&rs=typed	https://trends.pinterest.com/search?country=US&query=panini+recipe+easy	
croissant sandwich recipe	https://www.pinterest.com/search/pins/?q=croissant+sandwich+recipe&rs=typed	https://trends.pinterest.com/search?country=US&query=croissant+sandwich+recipe	
bagel sandwich ideas brunch	https://www.pinterest.com/search/pins/?q=bagel+sandwich+ideas+brunch&rs=typed	https://trends.pinterest.com/search?country=US&query=bagel+sandwich+ideas+brunch	
lox bagel recipe classic	https://www.pinterest.com/search/pins/?q=lox+bagel+recipe+classic&rs=typed	https://trends.pinterest.com/search?country=US&query=lox+bagel+recipe+classic	
smoked salmon bagel recipe	https://www.pinterest.com/search/pins/?q=smoked+salmon+bagel+recipe&rs=typed	https://trends.pinterest.com/search?country=US&query=smoked+salmon+bagel+recipe	
avocado bagel recipe	https://www.pinterest.com/search/pins/?q=avocado+bagel+recipe&rs=typed	https://trends.pinterest.com/search?country=US&query=avocado+bagel+recipe	
everything bagel seasoning recipes	https://www.pinterest.com/search/pins/?q=everything+bagel+seasoning+recipes&rs=typed	https://trends.pinterest.com/search?country=US&query=everything+bagel+seasoning+recipes	
bagel seasoning chicken recipe	https://www.pinterest.com/search/pins/?q=bagel+seasoning+chicken+recipe&rs=typed	https://trends.pinterest.com/search?country=US&query=bagel+seasoning+chicken+recipe	
seasoned rice recipe easy	https://www.pinterest.com/search/pins/?q=seasoned+rice+recipe+easy&rs=typed	https://trends.pinterest.com/search?country=US&query=seasoned+rice+recipe+easy	
cilantro lime rice recipe	https://www.pinterest.com/search/pins/?q=cilantro+lime+rice+recipe&rs=typed	https://trends.pinterest.com/search?country=US&query=cilantro+lime+rice+recipe	
garlic rice recipe easy	https://www.pinterest.com/search/pins/?q=garlic+rice+recipe+easy&rs=typed	https://trends.pinterest.com/search?country=US&query=garlic+rice+recipe+easy	
coconut lime rice recipe	https://www.pinterest.com/search/pins/?q=coconut+lime+rice+recipe&rs=typed	https://trends.pinterest.com/search?country=US&query=coconut+lime+rice+recipe	
fried plantains recipe sweet	https://www.pinterest.com/search/pins/?q=fried+plantains+recipe+sweet&rs=typed	https://trends.pinterest.com/search?country=US&query=fried+plantains+recipe+sweet	
patacones recipe easy	https://www.pinterest.com/search/pins/?q=patacones+recipe+easy&rs=typed	https://trends.pinterest.com/search?country=US&query=patacones+recipe+easy	
arepas recipe easy	https://www.pinterest.com/search/pins/?q=arepas+recipe+easy&rs=typed	https://trends.pinterest.com/search?country=US&query=arepas+recipe+easy	
empanadas recipe baked easy	https://www.pinterest.com/search/pins/?q=empanadas+recipe+baked+easy&rs=typed	https://trends.pinterest.com/search?country=US&query=empanadas+recipe+baked+easy	
tamales recipe easy	https://www.pinterest.com/search/pins/?q=tamales+recipe+easy&rs=typed	https://trends.pinterest.com/search?country=US&query=tamales+recipe+easy	
pozole recipe easy	https://www.pinterest.com/search/pins/?q=pozole+recipe+easy&rs=typed	https://trends.pinterest.com/search?country=US&query=pozole+recipe+easy	
menudo recipe easy	https://www.pinterest.com/search/pins/?q=menudo+recipe+easy&rs=typed	https://trends.pinterest.com/search?country=US&query=menudo+recipe+easy	
birria ramen recipe	https://www.pinterest.com/search/pins/?q=birria+ramen+recipe&rs=typed	https://trends.pinterest.com/search?country=US&query=birria+ramen+recipe	
birria quesadilla recipe	https://www.pinterest.com/search/pins/?q=birria+quesadilla+recipe&rs=typed	https://trends.pinterest.com/search?country=US&query=birria+quesadilla+recipe	
quesabirria tacos recipe	https://www.pinterest.com/search/pins/?q=quesabirria+tacos+recipe&rs=typed	https://trends.pinterest.com/search?country=US&query=quesabirria+tacos+recipe	
carnitas tacos recipe	https://www.pinterest.com/search/pins/?q=carnitas+tacos+recipe&rs=typed	https://trends.pinterest.com/search?country=US&query=carnitas+tacos+recipe	
al pastor tacos recipe	https://www.pinterest.com/search/pins/?q=al+pastor+tacos+recipe&rs=typed	https://trends.pinterest.com/search?country=US&query=al+pastor+tacos+recipe	
fish taco sauce recipe	https://www.pinterest.com/search/pins/?q=fish+taco+sauce+recipe&rs=typed	https://trends.pinterest.com/search?country=US&query=fish+taco+sauce+recipe	
cabbage slaw recipe tacos	https://www.pinterest.com/search/pins/?q=cabbage+slaw+recipe+tacos&rs=typed	https://trends.pinterest.com/search?country=US&query=cabbage+slaw+recipe+tacos	
mango habanero sauce recipe	https://www.pinterest.com/search/pins/?q=mango+habanero+sauce+recipe&rs=typed	https://trends.pinterest.com/search?country=US&query=mango+habanero+sauce+recipe	
hot honey recipe homemade	https://www.pinterest.com/search/pins/?q=hot+honey+recipe+homemade&rs=typed	https://trends.pinterest.com/search?country=US&query=hot+honey+recipe+homemade	
hot honey chicken recipe	https://www.pinterest.com/search/pins/?q=hot+honey+chicken+recipe&rs=typed	https://trends.pinterest.com/search?country=US&query=hot+honey+chicken+recipe	
hot honey salmon recipe	https://www.pinterest.com/search/pins/?q=hot+honey+salmon+recipe&rs=typed	https://trends.pinterest.com/search?country=US&query=hot+honey+salmon+recipe	
gochujang recipes easy	https://www.pinterest.com/search/pins/?q=gochujang+recipes+easy&rs=typed	https://trends.pinterest.com/search?country=US&query=gochujang+recipes+easy	
gochujang pasta recipe	https://www.pinterest.com/search/pins/?q=gochujang+pasta+recipe&rs=typed	https://trends.pinterest.com/search?country=US&query=gochujang+pasta+recipe	
gochujang chicken recipe	https://www.pinterest.com/search/pins/?q=gochujang+chicken+recipe&rs=typed	https://trends.pinterest.com/search?country=US&query=gochujang+chicken+recipe	
korean fried chicken recipe	https://www.pinterest.com/search/pins/?q=korean+fried+chicken+recipe&rs=typed	https://trends.pinterest.com/search?country=US&query=korean+fried+chicken+recipe	
korean street toast recipe	https://www.pinterest.com/search/pins/?q=korean+street+toast+recipe&rs=typed	https://trends.pinterest.com/search?country=US&query=korean+street+toast+recipe	
korean egg bread recipe	https://www.pinterest.com/search/pins/?q=korean+egg+bread+recipe&rs=typed	https://trends.pinterest.com/search?country=US&query=korean+egg+bread+recipe	
japchae noodles recipe easy	https://www.pinterest.com/search/pins/?q=japchae+noodles+recipe+easy&rs=typed	https://trends.pinterest.com/search?country=US&query=japchae+noodles+recipe+easy	
jjigae recipe easy	https://www.pinterest.com/search/pins/?q=jjigae+recipe+easy&rs=typed	https://trends.pinterest.com/search?country=US&query=jjigae+recipe+easy	
doenjang jjigae recipe	https://www.pinterest.com/search/pins/?q=doenjang+jjigae+recipe&rs=typed	https://trends.pinterest.com/search?country=US&query=doenjang+jjigae+recipe	
kimchi jjigae recipe	https://www.pinterest.com/search/pins/?q=kimchi+jjigae+recipe&rs=typed	https://trends.pinterest.com/search?country=US&query=kimchi+jjigae+recipe	