access,affiliate_disclosure,affiliate_link,aggregated_pin_data,ai_disclosures,alt_text,attribution,buyable_product_availability,carousel_data,category,closeup_unified_attribution,closeup_unified_description,comment_count,content_sensitivity,createdAt,created_at,creator_analytics,creator_class,creator_class_instance,description,description_links,digital_media_source_type,domain,dominant_color,done_by_me,embed,grid_title,has_been_boost_promoted,hashtags,highlighted_aggregated_comments,id,image_signature,is_native,is_promotable,is_promoted,is_quick_promotable,is_quick_promotable_by_pinner,is_repin,is_video,link,link_utm_applicable_and_replaced,media_attribution,method,mobile_link,native_creator,origin_pinner,pinCreatedAt,pin_additional_note,pinned_to_board,pinner,price_currency,price_value,privacy,product_metadata,product_pin_data,promoted_is_removable,promoter,reactionCounts,reaction_counts,repin_count,saves,section,seo_title,share_count,ships_to_user_country,shopping_flags,shopping_rec_disabled,should_open_in_stream,show_recipe_cta,shuffle,shuffle_asset,sponsorship,story_pin_data_id,third_party_pin_owner,title,type,updatedAt,user_mention_tags,utm_link,via_pinner,video_status,video_status_message,videos,story_pin_data,board
[],,,"{'aggregated_stats': {'done': 0, 'saves': 66}, 'comment_count': 0, 'creator_analytics': None, 'did_it_data': {'details_count': 0, 'images_count': 0, 'rating': -1, 'recommend_scores': [{'count': 0, 'score': 1}, {'count': 0, 'score': 0.5}, {'count': 0, 'score': 0}], 'recommended_count': 0, 'responses_count': 0, 'tags': [], 'type': 'aggregateddiditdata', 'user_count': 0, 'videos_count': 0}, 'id': '3080517577481169984', 'is_shop_the_look': False, 'is_stela': False}",[],,,,,,"{'ads_only_profile_site': None, 'blocked_by_me': False, 'domain_url': None, 'domain_verified': False, 'explicitly_followed_by_me': False, 'first_name': 'Home Cooking Made simple', 'followed_by_me': False, 'follower_count': 9, 'full_name': 'Home Cooking Made simple', 'id': '1017180403246884275', 'image_medium_url': 'https://i.pinimg.com/75x75_RS/26/2a/90/262a90dc862ab4a5c399b6143f65c8aa.jpg', 'image_small_url': 'https://i.pinimg.com/30x30_RS/26/2a/90/262a90dc862ab4a5c399b6143f65c8aa.jpg', 'indexed': True, 'instagram_data': None, 'is_ads_only_profile': False, 'is_default_image': False, 'is_verified_merchant': False, 'node_id': 'VXNlcjoxMDE3MTgwNDAzMjQ2ODg0Mjc1', 'type': 'user', 'username': 'HomeCookingMadesimple', 'verified_identity': {}}","Warm up your dinner table with this comforting Cheesy Taco Rice Skillet, a delightful one-pan dish that’s perfect for busy weeknights. Bursting with the savory flavors of taco spices, seasoned ground beef, and gooey cheese, it brings the taste of your favorite Mexican meal right to your home. Gather your loved ones and share this nourishing meal that’s sure to create lasting memories around the dinner table—explore the recipe!",0,{},{},"Fri, 19 Dec 2025 22:20:13 +0000",,,,"Warm up your dinner table with this comforting Cheesy Taco Rice Skillet, a delightful one-pan dish that’s perfect for busy weeknights. Bursting with the savory flavors of taco spices, seasoned ground beef, and gooey cheese, it brings the taste of your favorite Mexican meal right to your home. Gather your loved ones and share this nourishing meal that’s sure to create lasting memories around the dinner table—explore the recipe!",[],,snacksprep.com,#d29c4d,False,,Easy Cheesy Taco Rice Skillet: Quick Dinner Idea & Healthy Meal Everyone Will Love!,False,[],[],1017180265852467006,236207344919a503d52779bab075a996,True,True,False,False,False,False,False,https://snacksprep.com/?p=9219,1,,pin_scheduling,,"{'ads_only_profile_site': None, 'blocked_by_me': False, 'domain_url': None, 'domain_verified': False, 'explicitly_followed_by_me': False, 'first_name': 'Home Cooking Made simple', 'followed_by_me': False, 'follower_count': 9, 'full_name': 'Home Cooking Made simple', 'id': '1017180403246884275', 'image_medium_url': 'https://i.pinimg.com/75x75_RS/26/2a/90/262a90dc862ab4a5c399b6143f65c8aa.jpg', 'image_small_url': 'https://i.pinimg.com/30x30_RS/26/2a/90/262a90dc862ab4a5c399b6143f65c8aa.jpg', 'indexed': True, 'instagram_data': None, 'is_ads_only_profile': False, 'is_default_image': False, 'is_verified_merchant': False, 'type': 'user', 'username': 'HomeCookingMadesimple', 'verified_identity': {}}",,{},,,"{'ads_only_profile_site': None, 'blocked_by_me': False, 'domain_url': None, 'domain_verified': False, 'explicitly_followed_by_me': False, 'first_name': 'Home Cooking Made simple', 'followed_by_me': False, 'follower_count': 9, 'full_name': 'Home Cooking Made simple', 'id': '1017180403246884275', 'image_medium_url': 'https://i.pinimg.com/75x75_RS/26/2a/90/262a90dc862ab4a5c399b6143f65c8aa.jpg', 'image_small_url': 'https://i.pinimg.com/30x30_RS/26/2a/90/262a90dc862ab4a5c399b6143f65c8aa.jpg', 'indexed': True, 'instagram_data': None, 'is_ads_only_profile': False, 'is_default_image': False, 'is_verified_merchant': False, 'type': 'user', 'username': 'HomeCookingMadesimple', 'verified_identity': {}}",USD,0,public,,,False,,1,{'1': 1},53,66,,Pin on Easy Dinners recipes,9,False,[],False,False,True,,,,3078646432430095040,,Easy Cheesy Taco Rice Skillet: Quick Dinner Idea & Healthy Meal Everyone Will Love!,pin,{},,https://snacksprep.com/?p=9219&utm_source=Pinterest&utm_medium=organic,,,,,,
[],,,"{'aggregated_stats': {'done': 0, 'saves': 1435}, 'comment_count': 2, 'creator_analytics': None, 'did_it_data': {'details_count': 0, 'images_count': 0, 'rating': -1, 'recommend_scores': [{'count': 0, 'score': 1}, {'count': 0, 'score': 0.5}, {'count': 0, 'score': 0}], 'recommended_count': 0, 'responses_count': 0, 'tags': [], 'type': 'aggregateddiditdata', 'user_count': 0, 'videos_count': 0}, 'id': '2892742504208857024', 'is_shop_the_look': False, 'is_stela': False}",[],,,,,,"{'ads_only_profile_site': None, 'blocked_by_me': False, 'domain_url': 'www.etsy.com', 'domain_verified': True, 'explicitly_followed_by_me': False, 'first_name': 'Etsy', 'followed_by_me': False, 'follower_count': 11239885, 'full_name': 'Etsy', 'id': '155304024558534660', 'image_medium_url': 'https://i.pinimg.com/75x75_RS/d1/84/c8/d184c8624cb409c8f6e4fcf8baf91cd2.jpg', 'image_small_url': 'https://i.pinimg.com/30x30_RS/d1/84/c8/d184c8624cb409c8f6e4fcf8baf91cd2.jpg', 'indexed': True, 'instagram_data': None, 'is_ads_only_profile': False, 'is_default_image': False, 'is_verified_merchant': True, 'node_id': 'VXNlcjoxNTUzMDQwMjQ1NTg1MzQ2NjA=', 'type': 'user', 'username': 'etsy', 'verified_identity': {'name': 'etsy', 'verified': True}}",Discover the ultimate comfort food with this easy Egg Roll in a Bowl recipe that's packed with flavor and ready in minutes! Perfect for a weeknight dinner!,2,{},{},"Thu, 16 Oct 2025 19:20:44 +0000",,,,Discover the ultimate comfort food with this easy Egg Roll in a Bowl recipe that's packed with flavor and ready in minutes! Perfect for a weeknight dinner!,[],,etsy.com,#865a1a,False,,Egg Roll in a Bowl Recipe Printable | Easy One-skillet Dinner | Healthy Asian-inspired Digital Recipe PDF - Etsy,False,[],[],1027242996265945870,befdbd6f69665f98085beda93869aa02,False,True,False,False,False,False,False,https://www.etsy.com/listing/4386844943/egg-roll-in-a-bowl-recipe-printable-easy,1,,button,,"{'ads_only_profile_site': None, 'blocked_by_me': False, 'domain_url': None, 'domain_verified': False, 'explicitly_followed_by_me': False, 'first_name': 'Savor & Spice with Amelia', 'followed_by_me': False, 'follower_count': 1, 'full_name': 'Savor & Spice with Amelia', 'id': '1027243133664275033', 'image_medium_url': 'https://i.pinimg.com/75x75_RS/fc/9f/ab/fc9fab294c58bc0214006b6c43c23a16.jpg', 'image_small_url': 'https://i.pinimg.com/30x30_RS/fc/9f/ab/fc9fab294c58bc0214006b6c43c23a16.jpg', 'indexed': True, 'instagram_data': None, 'is_ads_only_profile': False, 'is_default_image': False, 'is_verified_merchant': False, 'type': 'user', 'username': 'srsenlbrulll3byp', 'verified_identity': {}}",,{},,,"{'ads_only_profile_site': None, 'blocked_by_me': False, 'domain_url': None, 'domain_verified': False, 'explicitly_followed_by_me': False, 'first_name': 'Savor & Spice with Amelia', 'followed_by_me': False, 'follower_count': 1, 'full_name': 'Savor & Spice with Amelia', 'id': '1027243133664275033', 'image_medium_url': 'https://i.pinimg.com/75x75_RS/fc/9f/ab/fc9fab294c58bc0214006b6c43c23a16.jpg', 'image_small_url': 'https://i.pinimg.com/30x30_RS/fc/9f/ab/fc9fab294c58bc0214006b6c43c23a16.jpg', 'indexed': True, 'instagram_data': None, 'is_ads_only_profile': False, 'is_default_image': False, 'is_verified_merchant': False, 'type': 'user', 'username': 'srsenlbrulll3byp', 'verified_identity': {}}",USD,0,public,"{'id': '4605131713001882447', 'type': 'productmetadata'}",,False,,12,{'1': 12},1436,1435,,Pin on Fresh & Easy Salads,38,False,"[1, 5, 8, 11]",False,False,,,,,,,,pin,{},,https://www.etsy.com/listing/4386844943/egg-roll-in-a-bowl-recipe-printable-easy?utm_source=Pinterest&utm_medium=organic,,,,,,
[],,,"{'aggregated_stats': {'done': 0, 'saves': 996}, 'comment_count': 5, 'creator_analytics': None, 'did_it_data': {'details_count': 0, 'images_count': 0, 'rating': -1, 'recommend_scores': [{'count': 0, 'score': 1}, {'count': 0, 'score': 0.5}, {'count': 0, 'score': 0}], 'recommended_count': 0, 'responses_count': 0, 'tags': [], 'type': 'aggregateddiditdata', 'user_count': 0, 'videos_count': 0}, 'id': '5424901317170608933', 'is_shop_the_look': False, 'is_stela': False}",[],,,,,,"{'ads_only_profile_site': None, 'blocked_by_me': False, 'domain_url': None, 'domain_verified': False, 'explicitly_followed_by_me': False, 'first_name': 'Sonia', 'followed_by_me': False, 'follower_count': 19484, 'full_name': 'Sonia S_C76', 'id': '1033224476919253322', 'image_medium_url': 'https://i.pinimg.com/75x75_RS/13/7c/06/137c0687b3ef3308aded857e7fee36e7.jpg', 'image_small_url': 'https://i.pinimg.com/30x30_RS/13/7c/06/137c0687b3ef3308aded857e7fee36e7.jpg', 'indexed': True, 'instagram_data': None, 'is_ads_only_profile': False, 'is_default_image': False, 'is_verified_merchant': False, 'node_id': 'VXNlcjoxMDMzMjI0NDc2OTE5MjUzMzIy', 'type': 'user', 'username': 'dumbo_ferri', 'verified_identity': {}}", ,5,{},{},"Wed, 16 Apr 2025 02:14:32 +0000",,,, ,[],16,Uploaded by user,#7d745a,False,,,False,[],[],1033224339516848685,2173393c2a21de14966d723481511977,False,False,False,False,False,False,False,,0,,share_extension_android,,,,{},,,"{'ads_only_profile_site': None, 'blocked_by_me': False, 'domain_url': None, 'domain_verified': False, 'explicitly_followed_by_me': False, 'first_name': 'Sonia', 'followed_by_me': False, 'follower_count': 19484, 'full_name': 'Sonia S_C76', 'id': '1033224476919253322', 'image_medium_url': 'https://i.pinimg.com/75x75_RS/13/7c/06/137c0687b3ef3308aded857e7fee36e7.jpg', 'image_small_url': 'https://i.pinimg.com/30x30_RS/13/7c/06/137c0687b3ef3308aded857e7fee36e7.jpg', 'indexed': True, 'instagram_data': None, 'is_ads_only_profile': False, 'is_default_image': False, 'is_verified_merchant': False, 'type': 'user', 'username': 'dumbo_ferri', 'verified_identity': {}}",USD,0,public,,,False,,147,{'1': 147},126,996,,Pin on Car - auto  🚗,16,False,[],False,False,,,,,,,,pin,{},,,,,,,,
[],,,"{'aggregated_stats': {'done': 0, 'saves': 152}, 'comment_count': 0, 'creator_analytics': None, 'did_it_data': {'details_count': 0, 'images_count': 0, 'rating': -1, 'recommend_scores': [{'count': 0, 'score': 1}, {'count': 0, 'score': 0.5}, {'count': 0, 'score': 0}], 'recommended_count': 0, 'responses_count': 0, 'tags': [], 'type': 'aggregateddiditdata', 'user_count': 0, 'videos_count': 0}, 'id': '5347801788321939662', 'is_shop_the_look': False, 'is_stela': False}",[],,,,,,"{'ads_only_profile_site': None, 'blocked_by_me': False, 'domain_url': 'chocolatecoveredkatie.com', 'domain_verified': True, 'explicitly_followed_by_me': False, 'first_name': 'Chocolate Covered Katie', 'followed_by_me': False, 'follower_count': 404119, 'full_name': 'Chocolate Covered Katie', 'id': '74309600010043492', 'image_medium_url': 'https://i.pinimg.com/75x75_RS/aa/b1/c5/aab1c59c3c6e5f305f7909d421b7dd31.jpg', 'image_small_url': 'https://i.pinimg.com/30x30_RS/aa/b1/c5/aab1c59c3c6e5f305f7909d421b7dd31.jpg', 'indexed': True, 'instagram_data': None, 'is_ads_only_profile': False, 'is_default_image': False, 'is_verified_merchant': False, 'node_id': 'VXNlcjo3NDMwOTYwMDAxMDA0MzQ5Mg==', 'type': 'user', 'username': 'choccoveredkt', 'verified_identity': {'verified': True}}", ,0,{},{},"Thu, 15 Feb 2024 14:02:31 +0000",,,, ,[],,chocolatecoveredkatie.com,#bd8252,False,,,False,[],[],1055038650193491583,b463a8e9d8cb47f308ec9cfa748c69ec,False,True,False,False,False,False,False,https://chocolatecoveredkatie.com/protein-banana-bread/,1,,in_app_browser,,,,{},,,"{'ads_only_profile_site': None, 'blocked_by_me': False, 'domain_url': None, 'domain_verified': False, 'explicitly_followed_by_me': False, 'first_name': 'Sandra', 'followed_by_me': False, 'follower_count': 15, 'full_name': 'Sandra', 'id': '1055038787614248053', 'image_medium_url': 'https://s.pinimg.com/images/user/default_75.png', 'image_small_url': 'https://s.pinimg.com/images/user/default_30.png', 'indexed': True, 'instagram_data': None, 'is_ads_only_profile': False, 'is_default_image': True, 'is_verified_merchant': False, 'type': 'user', 'username': 'kellersandra726', 'verified_identity': {}}",USD,0,public,,,False,,0,{},123,152,,Pin on Keto dessert easy,2,False,[],False,False,,,,,,,,pin,{},,https://chocolatecoveredkatie.com/protein-banana-bread/?utm_source=Pinterest&utm_medium=organic,,,,,,
[],,,"{'aggregated_stats': {'done': 0, 'saves': 48}, 'comment_count': 0, 'creator_analytics': None, 'did_it_data': {'details_count': 0, 'images_count': 0, 'rating': -1, 'recommend_scores': [{'count': 0, 'score': 1}, {'count': 0, 'score': 0.5}, {'count': 0, 'score': 0}], 'recommended_count': 0, 'responses_count': 0, 'tags': [], 'type': 'aggregateddiditdata', 'user_count': 0, 'videos_count': 0}, 'id': '2919017459791516608', 'is_shop_the_look': False, 'is_stela': False}",[],,,,,,"{'ads_only_profile_site': None, 'blocked_by_me': False, 'domain_url': 'www.etsy.com', 'domain_verified': True, 'explicitly_followed_by_me': False, 'first_name': 'Etsy', 'followed_by_me': False, 'follower_count': 11239885, 'full_name': 'Etsy', 'id': '155304024558534660', 'image_medium_url': 'https://i.pinimg.com/75x75_RS/d1/84/c8/d184c8624cb409c8f6e4fcf8baf91cd2.jpg', 'image_small_url': 'https://i.pinimg.com/30x30_RS/d1/84/c8/d184c8624cb409c8f6e4fcf8baf91cd2.jpg', 'indexed': True, 'instagram_data': None, 'is_ads_only_profile': False, 'is_default_image': False, 'is_verified_merchant': True, 'node_id': 'VXNlcjoxNTUzMDQwMjQ1NTg1MzQ2NjA=', 'type': 'user', 'username': 'etsy', 'verified_identity': {'name': 'etsy', 'verified': True}}",Dive into a flavorful adventure with this easy one-pot creamy Cajun sausage pasta that's perfect for busy weeknights—delicious and hassle-free!,0,{},{},"Sat, 25 Oct 2025 20:51:39 +0000",,,,Dive into a flavorful adventure with this easy one-pot creamy Cajun sausage pasta that's perfect for busy weeknights—delicious and hassle-free!,[],,etsy.com,#d28c51,False,,One Pot Creamy Cajun Sausage Pasta Printable Recipe | Spicy Cheesy Dinner Digital E-book PDF - Etsy,False,[],[],1060457043518115319,f96bf1200aae490c441641d4808cf8c4,False,True,False,False,False,False,False,https://www.etsy.com/listing/4389738245/one-pot-creamy-cajun-sausage-pasta,1,,button,,"{'ads_only_profile_site': None, 'blocked_by_me': False, 'domain_url': 'www.etsy.com', 'domain_verified': False, 'explicitly_followed_by_me': False, 'first_name': 'The Tasty Table with Grace', 'followed_by_me': False, 'follower_count': 7, 'full_name': 'The Tasty Table with Grace', 'id': '1060457180916133253', 'image_medium_url': 'https://i.pinimg.com/75x75_RS/f4/f6/ef/f4f6ef2e7f2bbc4d679ed8fe2864fd15.jpg', 'image_small_url': 'https://i.pinimg.com/30x30_RS/f4/f6/ef/f4f6ef2e7f2bbc4d679ed8fe2864fd15.jpg', 'indexed': True, 'instagram_data': None, 'is_ads_only_profile': False, 'is_default_image': False, 'is_verified_merchant': False, 'type': 'user', 'username': 'tyrenoproftpsy8a', 'verified_identity': {}}",,{},,,"{'ads_only_profile_site': None, 'blocked_by_me': False, 'domain_url': 'www.etsy.com', 'domain_verified': False, 'explicitly_followed_by_me': False, 'first_name': 'The Tasty Table with Grace', 'followed_by_me': False, 'follower_count': 7, 'full_name': 'The Tasty Table with Grace', 'id': '1060457180916133253', 'image_medium_url': 'https://i.pinimg.com/75x75_RS/f4/f6/ef/f4f6ef2e7f2bbc4d679ed8fe2864fd15.jpg', 'image_small_url': 'https://i.pinimg.com/30x30_RS/f4/f6/ef/f4f6ef2e7f2bbc4d679ed8fe2864fd15.jpg', 'indexed': True, 'instagram_data': None, 'is_ads_only_profile': False, 'is_default_image': False, 'is_verified_merchant': False, 'type': 'user', 'username': 'tyrenoproftpsy8a', 'verified_identity': {}}",USD,0,public,"{'id': '5747246467598392456', 'type': 'productmetadata'}",,False,,1,{'1': 1},47,48,,Pin on Classic Dinner Recipes,1,False,"[1, 5, 8, 11]",False,False,,,,,,,,pin,{},,https://www.etsy.com/listing/4389738245/one-pot-creamy-cajun-sausage-pasta?utm_source=Pinterest&utm_medium=organic,,,,,,
[],,,"{'aggregated_stats': {'done': 0, 'saves': 428}, 'comment_count': 0, 'creator_analytics': None, 'did_it_data': {'details_count': 0, 'images_count': 0, 'rating': -1, 'recommend_scores': [{'count': 0, 'score': 1}, {'count': 0, 'score': 0.5}, {'count': 0, 'score': 0}], 'recommended_count': 0, 'responses_count': 0, 'tags': [], 'type': 'aggregateddiditdata', 'user_count': 0, 'videos_count': 0}, 'id': '3555833827593109312', 'is_shop_the_look': False, 'is_stela': False}",[],,,,,,,"I share free recipes on my website, FoodNibble.com, where you can find more simple and delicious ideas for everyday meals. ﻿ 🔥 HOT HONEY GROUND BEEF BOWLS — The viral TikTok recipe gone high-protein. Sweet, spicy, and ready in 35 minutes. Instant digital download. ━━━━━━━━━━━━━━━━━━━━━━ ✨ WHY YOU'LL LOVE THIS RECIPE ━━━━━━━━━━━━━━━━━━━━━━ ✅ 35 minutes from start to finish ✅ 41g protein per bowl (only 515 kcal) ✅ Naturally gluten-free ✅ Meal prep friendly — keeps 4 days in the fridge ✅ Family approved — even picky eaters love the sweet-spicy combo ✅ Made with 10 simple ingredients you can find anywhere ━━━━━━━━━━━━━━━━━━━━━━ 📄 WHAT YOU GET ━━━━━━━━━━━━━━━━━━━━━━ - Beautifully designed 4-page recipe PDF - Complete ingredient list with exact measurements - Step-by-step instructions (6 easy steps) - Pro tips for that glossy hot honey finish - Substitution guide (turkey, chicken, dairy-free options) - Meal prep instructions for busy weeks - Nutritional info: 515 kcal per serving ━━━━━━━━━━━━━━━━━━━━━━ 📥 INSTANT DOWNLOAD ━━━━━━━━━━━━━━━━━━━━━━ 1. Complete your purchase 2. Download link appears immediately 3. Also sent to your Etsy email 4. Print at home or read on any device 📱 Format: High-resolution PDF, US Letter + A4 sizes included 🖨️ Printer friendly — clean layout, no wasted ink ━━━━━━━━━━━━━━━━━━━━━━ ⭐ PERFECT FOR ━━━━━━━━━━━━━━━━━━━━━━ - Meal preppers tracking macros - Busy parents who want healthy weeknight dinners - Fitness enthusiasts on high-protein diets - Anyone bored of the same weekly rotation - Gluten-free households ━━━━━━━━━━━━━━━━━━━━━━ ❓ IMPORTANT NOTES ━━━━━━━━━━━━━━━━━━━━━━ - This is a DIGITAL DOWNLOAD — no physical item will be shipped - For personal use only — please do not resell or redistribute - All sales are final (digital products) - If you have any issue accessing your file, message me — I'll respond within 24 hours ━━━━━━━━━━━━━━━━━━━━━━ 💌 THANK YOU! ━━━━━━━━━━━━━━━━━━━━━━ Thanks for supporting a small shop! A 5-star review means the world if you love it 🤍",0,{},{},"Mon, 01 Jun 2026 12:21:11 +0000",,,,"HOT HONEY GROUND BEEF BOWLS — The viral TikTok recipe gone high-protein. Sweet, spicy, and ready in 35 minutes. Instant digital download.",[],,payhip.com,#967c5d,False,,,False,[],[],1073756736190857296,aaa7ccd86a199d00e171ec7910f2b219,False,True,False,False,False,False,False,https://payhip.com/b/MvANG?pin_id=1780314024_50,1,,bookmarklet,,,,{},,,"{'ads_only_profile_site': None, 'blocked_by_me': False, 'domain_url': 'payhip.com', 'domain_verified': False, 'explicitly_followed_by_me': False, 'first_name': 'The best recipes', 'followed_by_me': False, 'follower_count': 0, 'full_name': 'The best recipes', 'id': '1073756873565679270', 'image_medium_url': 'https://i.pinimg.com/75x75_RS/57/80/6c/57806ceb2bb3f4acdc7184686935fb46.jpg', 'image_small_url': 'https://i.pinimg.com/30x30_RS/57/80/6c/57806ceb2bb3f4acdc7184686935fb46.jpg', 'indexed': True, 'instagram_data': None, 'is_ads_only_profile': False, 'is_default_image': False, 'is_verified_merchant': False, 'type': 'user', 'username': 'piwod14055', 'verified_identity': {}}",USD,0,public,"{'id': '-5658541143264221479', 'type': 'productmetadata'}",,False,,29,{'1': 29},428,428,,Pin on Recipes,1,False,"[1, 6, 8, 11]",False,False,,,,,,,,pin,{},,https://payhip.com/b/MvANG?pin_id=1780314024_50&utm_source=Pinterest&utm_medium=organic,,,,,,
[],,,"{'aggregated_stats': {'done': 0, 'saves': 85}, 'comment_count': 0, 'creator_analytics': None, 'did_it_data': {'details_count': 0, 'images_count': 0, 'rating': -1, 'recommend_scores': [{'count': 0, 'score': 1}, {'count': 0, 'score': 0.5}, {'count': 0, 'score': 0}], 'recommended_count': 0, 'responses_count': 0, 'tags': [], 'type': 'aggregateddiditdata', 'user_count': 0, 'videos_count': 0}, 'id': '3002624360005745536', 'is_shop_the_look': False, 'is_stela': False}",[],,,,,,,"Creamy, rich, and perfectly balanced with cinnamon and chocolate, this keto cheesecake is a healthy treat for low-carb lovers.",0,{},{},"Sun, 23 Nov 2025 16:59:39 +0000",,,,"Discover how to make a delicious Keto Cannoli Cheesecake with this easy, low-carb recipe perfect for satisfying your sweet tooth guilt-free.",[],,dailyrecipehaven.net,#cabaab,False,,Delicious Keto Cannoli Cheesecake Recipe,False,[],[],1077134435901507465,57d1bcc1b5904330efc6b206cdb0953f,False,True,False,False,False,False,False,https://dailyrecipehaven.net/desserts/delicious-keto-cannoli-cheesecake-recipe/,1,,in_app_browser,,,,{},,,"{'ads_only_profile_site': None, 'blocked_by_me': False, 'domain_url': None, 'domain_verified': False, 'explicitly_followed_by_me': False, 'first_name': 'Sandy', 'followed_by_me': False, 'follower_count': 2, 'full_name': 'Sandy Doebler', 'id': '1077134573286019589', 'image_medium_url': 'https://i.pinimg.com/75x75_RS/36/22/75/362275fd49769a0b753f0b6b39e75907.jpg', 'image_small_url': 'https://i.pinimg.com/30x30_RS/36/22/75/362275fd49769a0b753f0b6b39e75907.jpg', 'indexed': True, 'instagram_data': None, 'is_ads_only_profile': False, 'is_default_image': False, 'is_verified_merchant': False, 'type': 'user', 'username': 'sandydoebler123', 'verified_identity': {}}",USD,0,public,,,False,,1,{'1': 1},70,85,,Pin on pie recipes,4,False,[],False,False,True,,,,,,,pin,{},,https://dailyrecipehaven.net/desserts/delicious-keto-cannoli-cheesecake-recipe/?utm_source=Pinterest&utm_medium=organic,,,,,,
[],,,"{'aggregated_stats': {'done': 0, 'saves': 6718}, 'comment_count': 3, 'creator_analytics': None, 'did_it_data': {'details_count': 0, 'images_count': 0, 'rating': -1, 'recommend_scores': [{'count': 0, 'score': 1}, {'count': 0, 'score': 0.5}, {'count': 0, 'score': 0}], 'recommended_count': 0, 'responses_count': 0, 'tags': [], 'type': 'aggregateddiditdata', 'user_count': 0, 'videos_count': 0}, 'id': '5448647964627090883', 'is_shop_the_look': False, 'is_stela': False}",[],,,,,,"{'ads_only_profile_site': None, 'blocked_by_me': False, 'domain_url': None, 'domain_verified': False, 'explicitly_followed_by_me': False, 'first_name': 'Rose Isabelle', 'followed_by_me': False, 'follower_count': 785, 'full_name': 'Rose Isabelle', 'id': '1079245635611415342', 'image_medium_url': 'https://i.pinimg.com/75x75_RS/83/71/60/837160e1f997cbccfbae50fb8a8b3519.jpg', 'image_small_url': 'https://i.pinimg.com/30x30_RS/83/71/60/837160e1f997cbccfbae50fb8a8b3519.jpg', 'indexed': True, 'instagram_data': None, 'is_ads_only_profile': False, 'is_default_image': False, 'is_verified_merchant': False, 'node_id': 'VXNlcjoxMDc5MjQ1NjM1NjExNDE1MzQy', 'type': 'user', 'username': 'roseisabelle555', 'verified_identity': {}}","Layered, luscious, and oh-so-pretty! These cheesecakes and creamy desserts will wow your guests and look stunning on your table.",3,{},{},"Sat, 23 Aug 2025 03:17:47 +0000",,,,"Layered, luscious, and oh-so-pretty! These cheesecakes and creamy desserts will wow your guests and look stunning on your table.",[],,gum.co,#7d5644,False,,🍰 Layers of Love: Cheesecake & Creamy Dessert Creations,False,[],[],1079245498212589321,0db9bac97b8bad6541741caf63558ed3,True,True,False,False,False,False,False,https://gum.co/u/b5o6lnyj,1,,uploaded,,"{'ads_only_profile_site': None, 'blocked_by_me': False, 'domain_url': None, 'domain_verified': False, 'explicitly_followed_by_me': False, 'first_name': 'Rose Isabelle', 'followed_by_me': False, 'follower_count': 785, 'full_name': 'Rose Isabelle', 'id': '1079245635611415342', 'image_medium_url': 'https://i.pinimg.com/75x75_RS/83/71/60/837160e1f997cbccfbae50fb8a8b3519.jpg', 'image_small_url': 'https://i.pinimg.com/30x30_RS/83/71/60/837160e1f997cbccfbae50fb8a8b3519.jpg', 'indexed': True, 'instagram_data': None, 'is_ads_only_profile': False, 'is_default_image': False, 'is_verified_merchant': False, 'type': 'user', 'username': 'roseisabelle555', 'verified_identity': {}}",,{},,,"{'ads_only_profile_site': None, 'blocked_by_me': False, 'domain_url': None, 'domain_verified': False, 'explicitly_followed_by_me': False, 'first_name': 'Rose Isabelle', 'followed_by_me': False, 'follower_count': 785, 'full_name': 'Rose Isabelle', 'id': '1079245635611415342', 'image_medium_url': 'https://i.pinimg.com/75x75_RS/83/71/60/837160e1f997cbccfbae50fb8a8b3519.jpg', 'image_small_url': 'https://i.pinimg.com/30x30_RS/83/71/60/837160e1f997cbccfbae50fb8a8b3519.jpg', 'indexed': True, 'instagram_data': None, 'is_ads_only_profile': False, 'is_default_image': False, 'is_verified_merchant': False, 'type': 'user', 'username': 'roseisabelle555', 'verified_identity': {}}",USD,0,public,"{'id': '4719203028894267907', 'type': 'productmetadata'}",,False,,113,{'1': 113},6687,6718,,Pin on Cheesecake & Creamy Desserts 🧀,114,False,"[1, 6, 8, 11]",False,False,,,,,,,🍰 Layers of Love: Cheesecake & Creamy Dessert Creations,pin,{},,https://gum.co/u/b5o6lnyj?utm_source=Pinterest&utm_medium=organic,,,,,,
[],,,"{'aggregated_stats': {'done': 0, 'saves': 26}, 'comment_count': 0, 'creator_analytics': None, 'did_it_data': {'details_count': 0, 'images_count': 0, 'rating': -1, 'recommend_scores': [{'count': 0, 'score': 1}, {'count': 0, 'score': 0.5}, {'count': 0, 'score': 0}], 'recommended_count': 0, 'responses_count': 0, 'tags': [], 'type': 'aggregateddiditdata', 'user_count': 0, 'videos_count': 0}, 'id': '3342304531111340928', 'is_shop_the_look': False, 'is_stela': False}",[],,,,,,"{'ads_only_profile_site': None, 'blocked_by_me': False, 'domain_url': 'www.familydishrecipes.com', 'domain_verified': True, 'explicitly_followed_by_me': False, 'first_name': 'Family Dish Recipes | Easy Meals & Viral Recipes', 'followed_by_me': False, 'follower_count': 276, 'full_name': 'Family Dish Recipes | Easy Meals & Viral Recipes', 'id': '1083186285285559768', 'image_medium_url': 'https://i.pinimg.com/75x75_RS/e0/a6/0d/e0a60d4fd25cfee809db3b64874989f6.jpg', 'image_small_url': 'https://i.pinimg.com/30x30_RS/e0/a6/0d/e0a60d4fd25cfee809db3b64874989f6.jpg', 'indexed': True, 'instagram_data': None, 'is_ads_only_profile': False, 'is_default_image': False, 'is_verified_merchant': False, 'node_id': 'VXNlcjoxMDgzMTg2Mjg1Mjg1NTU5NzY4', 'type': 'user', 'username': 'FamilyDishRecipes', 'verified_identity': {}}","These Lemon Chickpea Patties are crispy, zesty, and served with a creamy yogurt sauce 🍋🥙 A healthy and satisfying vegetarian meal. Save this recipe and try it this week! #ChickpeaRecipes #VegetarianMeals #HealthyFood #CleanEating #EasyRecipes",0,{},{},"Fri, 20 Mar 2026 21:00:35 +0000",,,,"These Lemon Chickpea Patties are crispy, zesty, and served with a creamy yogurt sauce 🍋🥙 A healthy and satisfying vegetarian meal. Save this recipe and try it this week! #ChickpeaRecipes #VegetarianMeals #HealthyFood #CleanEating #EasyRecipes",[],,familydishrecipes.com,#a06f54,False,,Lemon Chickpea Patties with Yogurt Sauce – Healthy & Crispy,False,"['#ChickpeaRecipes', '#VegetarianMeals', '#HealthyFood', '#CleanEating', '#EasyRecipes']",[],1083186147896831376,aa9a59a5323342236b581ad761c89e3a,True,True,False,False,False,False,False,https://www.familydishrecipes.com/lemon-chickpea-patties-with-yogurt-sauce/,1,,pin_scheduling,,"{'ads_only_profile_site': None, 'blocked_by_me': False, 'domain_url': 'www.familydishrecipes.com', 'domain_verified': True, 'explicitly_followed_by_me': False, 'first_name': 'Family Dish Recipes | Easy Meals & Viral Recipes', 'followed_by_me': False, 'follower_count': 276, 'full_name': 'Family Dish Recipes | Easy Meals & Viral Recipes', 'id': '1083186285285559768', 'image_medium_url': 'https://i.pinimg.com/75x75_RS/e0/a6/0d/e0a60d4fd25cfee809db3b64874989f6.jpg', 'image_small_url': 'https://i.pinimg.com/30x30_RS/e0/a6/0d/e0a60d4fd25cfee809db3b64874989f6.jpg', 'indexed': True, 'instagram_data': None, 'is_ads_only_profile': False, 'is_default_image': False, 'is_verified_merchant': False, 'type': 'user', 'username': 'FamilyDishRecipes', 'verified_identity': {}}",,{},,,"{'ads_only_profile_site': None, 'blocked_by_me': False, 'domain_url': 'www.familydishrecipes.com', 'domain_verified': True, 'explicitly_followed_by_me': False, 'first_name': 'Family Dish Recipes | Easy Meals & Viral Recipes', 'followed_by_me': False, 'follower_count': 276, 'full_name': 'Family Dish Recipes | Easy Meals & Viral Recipes', 'id': '1083186285285559768', 'image_medium_url': 'https://i.pinimg.com/75x75_RS/e0/a6/0d/e0a60d4fd25cfee809db3b64874989f6.jpg', 'image_small_url': 'https://i.pinimg.com/30x30_RS/e0/a6/0d/e0a60d4fd25cfee809db3b64874989f6.jpg', 'indexed': True, 'instagram_data': None, 'is_ads_only_profile': False, 'is_default_image': False, 'is_verified_merchant': False, 'type': 'user', 'username': 'FamilyDishRecipes', 'verified_identity': {}}",USD,0,public,,,False,,0,{},20,26,,Pin on Dinner Ideas | easy & Simple,1,False,[],True,False,True,,,,3342304462828865984,,Lemon Chickpea Patties with Yogurt Sauce – Healthy & Crispy,pin,{},,https://www.familydishrecipes.com/lemon-chickpea-patties-with-yogurt-sauce/?utm_source=Pinterest&utm_medium=organic,,,,,,
[],,,"{'aggregated_stats': {'done': 0, 'saves': 2168}, 'comment_count': 0, 'creator_analytics': None, 'did_it_data': {'details_count': 0, 'images_count': 0, 'rating': -1, 'recommend_scores': [{'count': 0, 'score': 1}, {'count': 0, 'score': 0.5}, {'count': 0, 'score': 0}], 'recommended_count': 0, 'responses_count': 0, 'tags': [], 'type': 'aggregateddiditdata', 'user_count': 0, 'videos_count': 0}, 'id': '3417295404940754560', 'is_shop_the_look': False, 'is_stela': False}",[],Reducción de vino tinto siendo preparada en una sartén para salsas y acompañamientos.,,,,,"{'ads_only_profile_site': None, 'blocked_by_me': False, 'domain_url': None, 'domain_verified': False, 'explicitly_followed_by_me': False, 'first_name': 'Venta de Vinos y Vinoterapia', 'followed_by_me': False, 'follower_count': 1082, 'full_name': 'Venta de Vinos y Vinoterapia', 'id': '1086212141285083288', 'image_medium_url': 'https://i.pinimg.com/75x75_RS/8a/a3/ac/8aa3acf3a7d7e1a88be9b8ad2d25de7a.jpg', 'image_small_url': 'https://i.pinimg.com/30x30_RS/8a/a3/ac/8aa3acf3a7d7e1a88be9b8ad2d25de7a.jpg', 'indexed': True, 'instagram_data': None, 'is_ads_only_profile': False, 'is_default_image': False, 'is_verified_merchant': False, 'node_id': 'VXNlcjoxMDg2MjEyMTQxMjg1MDgzMjg4', 'type': 'user', 'username': 'vinobodegas', 'verified_identity': {}}",La reducción de vino tinto es el truco para darle profundidad a tus salsas y guisos. Aprende la técnica aquí. ,0,{},{},"Wed, 15 Apr 2026 17:48:59 +0000",,,,La reducción de vino tinto es el truco para darle profundidad a tus salsas y guisos. Aprende la técnica aquí. ,[],,Uploaded by user,#f6ecd7,False,,¿Sabes cómo hacer una reducción de vino tinto? Aprende aquí,False,[],[],1086212003908398288,ac896d9f3bdd61baf9ff274ec82616e4,True,False,False,False,False,False,False,,0,,pinterest_platform,,"{'ads_only_profile_site': None, 'blocked_by_me': False, 'domain_url': None, 'domain_verified': False, 'explicitly_followed_by_me': False, 'first_name': 'Venta de Vinos y Vinoterapia', 'followed_by_me': False, 'follower_count': 1082, 'full_name': 'Venta de Vinos y Vinoterapia', 'id': '1086212141285083288', 'image_medium_url': 'https://i.pinimg.com/75x75_RS/8a/a3/ac/8aa3acf3a7d7e1a88be9b8ad2d25de7a.jpg', 'image_small_url': 'https://i.pinimg.com/30x30_RS/8a/a3/ac/8aa3acf3a7d7e1a88be9b8ad2d25de7a.jpg', 'indexed': True, 'instagram_data': None, 'is_ads_only_profile': False, 'is_default_image': False, 'is_verified_merchant': False, 'type': 'user', 'username': 'vinobodegas', 'verified_identity': {}}",,{},,,"{'ads_only_profile_site': None, 'blocked_by_me': False, 'domain_url': None, 'domain_verified': False, 'explicitly_followed_by_me': False, 'first_name': 'Venta de Vinos y Vinoterapia', 'followed_by_me': False, 'follower_count': 1082, 'full_name': 'Venta de Vinos y Vinoterapia', 'id': '1086212141285083288', 'image_medium_url': 'https://i.pinimg.com/75x75_RS/8a/a3/ac/8aa3acf3a7d7e1a88be9b8ad2d25de7a.jpg', 'image_small_url': 'https://i.pinimg.com/30x30_RS/8a/a3/ac/8aa3acf3a7d7e1a88be9b8ad2d25de7a.jpg', 'indexed': True, 'instagram_data': None, 'is_ads_only_profile': False, 'is_default_image': False, 'is_verified_merchant': False, 'type': 'user', 'username': 'vinobodegas', 'verified_identity': {}}",USD,0,public,,,False,,41,{'1': 41},2083,2168,,Pin on Reducción de vino tinto,64,False,[],False,False,,,,,,,¿Sabes cómo hacer una reducción de vino tinto? Aprende aquí,pin,{},,,,,,,,
[],,,"{'aggregated_stats': {'done': 0, 'saves': 297}, 'comment_count': 0, 'creator_analytics': None, 'did_it_data': {'details_count': 0, 'images_count': 0, 'rating': -1, 'recommend_scores': [{'count': 0, 'score': 1}, {'count': 0, 'score': 0.5}, {'count': 0, 'score': 0}], 'recommended_count': 0, 'responses_count': 0, 'tags': [], 'type': 'aggregateddiditdata', 'user_count': 0, 'videos_count': 0}, 'id': '5445140699246806469', 'is_shop_the_look': False, 'is_stela': False}",[],,,,,,"{'ads_only_profile_site': None, 'blocked_by_me': False, 'domain_url': 'www.forkfulkitchen.com', 'domain_verified': True, 'explicitly_followed_by_me': False, 'first_name': 'Forkful Kitchen', 'followed_by_me': False, 'follower_count': 195, 'full_name': 'Forkful Kitchen', 'id': '1090575003424166061', 'image_medium_url': 'https://i.pinimg.com/75x75_RS/b7/65/a1/b765a1efd1a95fc813ab8eece0bdff09.jpg', 'image_small_url': 'https://i.pinimg.com/30x30_RS/b7/65/a1/b765a1efd1a95fc813ab8eece0bdff09.jpg', 'indexed': True, 'instagram_data': None, 'is_ads_only_profile': False, 'is_default_image': False, 'is_verified_merchant': False, 'node_id': 'VXNlcjoxMDkwNTc1MDAzNDI0MTY2MDYx', 'type': 'user', 'username': 'ForkfulKitchen', 'verified_identity': {}}","Dive into the delectable blend of crispy coconut crust and zesty mango salsa in this Coconut Crusted Fish With Mango Salsa recipe. Bursting with flavor, it's the perfect weeknight meal or entertaining dish. #CoconutCrustedFish #MangoSalsa #EasyRecipe #SeafoodRecipe #30MinuteMeal",0,{},{},"Tue, 05 Aug 2025 19:02:43 +0000",,,,"Dive into the delectable blend of crispy coconut crust and zesty mango salsa in this Coconut Crusted Fish With Mango Salsa recipe. Bursting with flavor, it's the perfect weeknight meal or entertaining dish. #CoconutCrustedFish #MangoSalsa #EasyRecipe #SeafoodRecipe #30MinuteMeal",[],,forkfulkitchen.com,#91592c,False,,Irresistible Coconut Crusted Fish With Mango Salsa - A Taste of the Tropics,False,"['#CoconutCrustedFish', '#MangoSalsa', '#EasyRecipe', '#SeafoodRecipe', '#30MinuteMeal']",[],1090574866023653607,868455e323551eb00caea22532578424,True,True,False,False,False,False,False,https://forkfulkitchen.com/coconut-crusted-fish-with-mango-salsa/,1,,pin_scheduling,,"{'ads_only_profile_site': None, 'blocked_by_me': False, 'domain_url': 'www.forkfulkitchen.com', 'domain_verified': True, 'explicitly_followed_by_me': False, 'first_name': 'Forkful Kitchen', 'followed_by_me': False, 'follower_count': 195, 'full_name': 'Forkful Kitchen', 'id': '1090575003424166061', 'image_medium_url': 'https://i.pinimg.com/75x75_RS/b7/65/a1/b765a1efd1a95fc813ab8eece0bdff09.jpg', 'image_small_url': 'https://i.pinimg.com/30x30_RS/b7/65/a1/b765a1efd1a95fc813ab8eece0bdff09.jpg', 'indexed': True, 'instagram_data': None, 'is_ads_only_profile': False, 'is_default_image': False, 'is_verified_merchant': False, 'type': 'user', 'username': 'ForkfulKitchen', 'verified_identity': {}}",,{},,,"{'ads_only_profile_site': None, 'blocked_by_me': False, 'domain_url': 'www.forkfulkitchen.com', 'domain_verified': True, 'explicitly_followed_by_me': False, 'first_name': 'Forkful Kitchen', 'followed_by_me': False, 'follower_count': 195, 'full_name': 'Forkful Kitchen', 'id': '1090575003424166061', 'image_medium_url': 'https://i.pinimg.com/75x75_RS/b7/65/a1/b765a1efd1a95fc813ab8eece0bdff09.jpg', 'image_small_url': 'https://i.pinimg.com/30x30_RS/b7/65/a1/b765a1efd1a95fc813ab8eece0bdff09.jpg', 'indexed': True, 'instagram_data': None, 'is_ads_only_profile': False, 'is_default_image': False, 'is_verified_merchant': False, 'type': 'user', 'username': 'ForkfulKitchen', 'verified_identity': {}}",USD,0,public,,,False,,1,{'1': 1},190,297,,Pin on Healthy Recipes,8,False,[],False,False,True,,,,5445140698175169156,,Irresistible Coconut Crusted Fish With Mango Salsa - A Taste of the Tropics,pin,{},,https://forkfulkitchen.com/coconut-crusted-fish-with-mango-salsa/?utm_source=Pinterest&utm_medium=organic,,,,,,
[],,,"{'aggregated_stats': {'done': 0, 'saves': 597}, 'comment_count': 0, 'creator_analytics': None, 'did_it_data': {'details_count': 0, 'images_count': 0, 'rating': -1, 'recommend_scores': [{'count': 0, 'score': 1}, {'count': 0, 'score': 0.5}, {'count': 0, 'score': 0}], 'recommended_count': 0, 'responses_count': 0, 'tags': [], 'type': 'aggregateddiditdata', 'user_count': 0, 'videos_count': 0}, 'id': '5416649073723751205', 'is_shop_the_look': False, 'is_stela': False}",[],,,,,,"{'ads_only_profile_site': None, 'blocked_by_me': False, 'domain_url': None, 'domain_verified': False, 'explicitly_followed_by_me': False, 'first_name': 'Ashley Goodridge', 'followed_by_me': False, 'follower_count': 96, 'full_name': 'Ashley Goodridge', 'id': '386606086670558865', 'image_medium_url': 'https://i.pinimg.com/75x75_RS/88/33/7d/88337d3fff86c824c19572ae0cf5ffa1.jpg', 'image_small_url': 'https://i.pinimg.com/30x30_RS/88/33/7d/88337d3fff86c824c19572ae0cf5ffa1.jpg', 'indexed': True, 'instagram_data': None, 'is_ads_only_profile': False, 'is_default_image': False, 'is_verified_merchant': False, 'node_id': 'VXNlcjozODY2MDYwODY2NzA1NTg4NjU=', 'type': 'user', 'username': 'chrismatthew427', 'verified_identity': {}}","This refreshing shrimp ceviche is your go-to summer dish, offering a cool and light culinary experience. With just a handful of ingredients, it delivers a burst of flavor that will tantalize your taste buds. Succulent cooked shrimp, crunchy vegetables, and creamy avocado are all mixed in a delicate dressing, making it perfect as a dip or a light salad for those warm days.",0,{},{},"Tue, 16 Jun 2026 00:56:42 +0000",,,,"This refreshing shrimp ceviche is your go-to summer dish, offering a cool and light culinary experience. With just a handful of ingredients, it delivers a burst of flavor that will tantalize your taste buds. Succulent cooked shrimp, crunchy vegetables, and creamy avocado are all mixed in a delicate dressing, making it perfect as a dip or a light salad for those warm days.",[],,etsy.com,#d2bb8e,False,,Top Shrimp Ceviche Recipe from The Suburban Soapbox,False,[],[],1091278553482403287,890be852084402d5f71cb7319073e559,True,True,False,False,False,True,False,https://www.etsy.com/listing/1841529083/your-path-to-healthy-weight-loss-the?8793126980=,1,,uploaded,,"{'ads_only_profile_site': None, 'blocked_by_me': False, 'domain_url': None, 'domain_verified': False, 'explicitly_followed_by_me': False, 'first_name': 'Ashley Goodridge', 'followed_by_me': False, 'follower_count': 96, 'full_name': 'Ashley Goodridge', 'id': '386606086670558865', 'image_medium_url': 'https://i.pinimg.com/75x75_RS/88/33/7d/88337d3fff86c824c19572ae0cf5ffa1.jpg', 'image_small_url': 'https://i.pinimg.com/30x30_RS/88/33/7d/88337d3fff86c824c19572ae0cf5ffa1.jpg', 'indexed': True, 'instagram_data': None, 'is_ads_only_profile': False, 'is_default_image': False, 'is_verified_merchant': False, 'type': 'user', 'username': 'chrismatthew427', 'verified_identity': {}}","{'ads_only_profile_site': None, 'blocked_by_me': False, 'domain_url': None, 'domain_verified': False, 'explicitly_followed_by_me': False, 'first_name': 'Ashley Goodridge', 'followed_by_me': False, 'follower_count': 96, 'full_name': 'Ashley Goodridge', 'id': '386606086670558865', 'image_medium_url': 'https://i.pinimg.com/75x75_RS/88/33/7d/88337d3fff86c824c19572ae0cf5ffa1.jpg', 'image_small_url': 'https://i.pinimg.com/30x30_RS/88/33/7d/88337d3fff86c824c19572ae0cf5ffa1.jpg', 'indexed': True, 'instagram_data': None, 'is_ads_only_profile': False, 'is_default_image': False, 'is_verified_merchant': False, 'node_id': 'VXNlcjozODY2MDYwODY2NzA1NTg4NjU=', 'type': 'user', 'username': 'chrismatthew427', 'verified_identity': {}}",{},,,"{'ads_only_profile_site': None, 'blocked_by_me': False, 'domain_url': None, 'domain_verified': False, 'explicitly_followed_by_me': False, 'first_name': 'Mama', 'followed_by_me': False, 'follower_count': 0, 'full_name': 'Mama Luv', 'id': '1091278690866051794', 'image_medium_url': 'https://s.pinimg.com/images/user/default_75.png', 'image_small_url': 'https://s.pinimg.com/images/user/default_30.png', 'indexed': True, 'instagram_data': None, 'is_ads_only_profile': False, 'is_default_image': True, 'is_verified_merchant': False, 'type': 'user', 'username': 'mamaluv6', 'verified_identity': {}}",USD,0,public,"{'id': '-2448342539134366462', 'type': 'productmetadata'}",,False,,12,{'1': 12},2,597,,Pin on Salad,0,False,[6],False,False,,,,,,,Top Shrimp Ceviche Recipe from The Suburban Soapbox,pin,{},,https://www.etsy.com/listing/1841529083/your-path-to-healthy-weight-loss-the?8793126980=&utm_source=Pinterest&utm_medium=organic,"{'ads_only_profile_site': None, 'blocked_by_me': False, 'domain_url': None, 'domain_verified': False, 'explicitly_followed_by_me': False, 'first_name': 'John', 'followed_by_me': False, 'follower_count': 201, 'full_name': 'John Comer', 'id': '304696868447861266', 'image_medium_url': 'https://i.pinimg.com/75x75_RS/de/b0/51/deb051547ea029e0b0a4c8ab96f2a325.jpg', 'image_small_url': 'https://i.pinimg.com/30x30_RS/de/b0/51/deb051547ea029e0b0a4c8ab96f2a325.jpg', 'indexed': True, 'instagram_data': None, 'is_ads_only_profile': False, 'is_default_image': False, 'is_verified_merchant': False, 'type': 'user', 'username': 'john_comer', 'verified_identity': {}}",,,,,
[],,,"{'aggregated_stats': {'done': 0, 'saves': 52}, 'comment_count': 0, 'creator_analytics': None, 'did_it_data': {'details_count': 0, 'images_count': 0, 'rating': -1, 'recommend_scores': [{'count': 0, 'score': 1}, {'count': 0, 'score': 0.5}, {'count': 0, 'score': 0}], 'recommended_count': 0, 'responses_count': 0, 'tags': [], 'type': 'aggregateddiditdata', 'user_count': 0, 'videos_count': 0}, 'id': '5425662981176353517', 'is_shop_the_look': False, 'is_stela': False}",[],,,,,,"{'ads_only_profile_site': None, 'blocked_by_me': False, 'domain_url': 'certifiedrecipes.com', 'domain_verified': True, 'explicitly_followed_by_me': False, 'first_name': 'Certified Recipes', 'followed_by_me': False, 'follower_count': 427, 'full_name': 'Certified Recipes', 'id': '1091630534586787908', 'image_medium_url': 'https://i.pinimg.com/75x75_RS/f6/3f/a8/f63fa8a4ae1be227f88b0d14d55118dc.jpg', 'image_small_url': 'https://i.pinimg.com/30x30_RS/f6/3f/a8/f63fa8a4ae1be227f88b0d14d55118dc.jpg', 'indexed': True, 'instagram_data': None, 'is_ads_only_profile': False, 'is_default_image': False, 'is_verified_merchant': False, 'node_id': 'VXNlcjoxMDkxNjMwNTM0NTg2Nzg3OTA4', 'type': 'user', 'username': 'certifiedrecipesCOM', 'verified_identity': {}}","Craving a festive coffee drink without the café price? My iced salted caramel coffee is rich, sweet, and tastes like your favorite Starbucks treat—perfect for holiday mornings. Save this pin for a cozy drink that’s easy to make at home!",0,{},{},"Sun, 20 Apr 2025 07:07:42 +0000",,,,"Craving a festive coffee drink without the café price? My iced salted caramel coffee is rich, sweet, and tastes like your favorite Starbucks treat—perfect for holiday mornings. Save this pin for a cozy drink that’s easy to make at home!",[],,Uploaded by user,#afa491,False,,Homemade Iced Salted Caramel Coffee,False,[],[],1091630397182460239,7854eb30b80e58e93fe1e83d8b3a0b62,True,True,False,False,False,False,False,,0,,pin_scheduling,,"{'ads_only_profile_site': None, 'blocked_by_me': False, 'domain_url': 'certifiedrecipes.com', 'domain_verified': True, 'explicitly_followed_by_me': False, 'first_name': 'Certified Recipes', 'followed_by_me': False, 'follower_count': 427, 'full_name': 'Certified Recipes', 'id': '1091630534586787908', 'image_medium_url': 'https://i.pinimg.com/75x75_RS/f6/3f/a8/f63fa8a4ae1be227f88b0d14d55118dc.jpg', 'image_small_url': 'https://i.pinimg.com/30x30_RS/f6/3f/a8/f63fa8a4ae1be227f88b0d14d55118dc.jpg', 'indexed': True, 'instagram_data': None, 'is_ads_only_profile': False, 'is_default_image': False, 'is_verified_merchant': False, 'type': 'user', 'username': 'certifiedrecipesCOM', 'verified_identity': {}}",,{},,,"{'ads_only_profile_site': None, 'blocked_by_me': False, 'domain_url': 'certifiedrecipes.com', 'domain_verified': True, 'explicitly_followed_by_me': False, 'first_name': 'Certified Recipes', 'followed_by_me': False, 'follower_count': 427, 'full_name': 'Certified Recipes', 'id': '1091630534586787908', 'image_medium_url': 'https://i.pinimg.com/75x75_RS/f6/3f/a8/f63fa8a4ae1be227f88b0d14d55118dc.jpg', 'image_small_url': 'https://i.pinimg.com/30x30_RS/f6/3f/a8/f63fa8a4ae1be227f88b0d14d55118dc.jpg', 'indexed': True, 'instagram_data': None, 'is_ads_only_profile': False, 'is_default_image': False, 'is_verified_merchant': False, 'type': 'user', 'username': 'certifiedrecipesCOM', 'verified_identity': {}}",USD,0,public,,,False,,1,{'1': 1},25,52,,Pin on Breakfast,0,False,[],True,False,,,,,5425662982122172559,,Homemade Iced Salted Caramel Coffee,pin,{},,,,,,,,
[],,,"{'aggregated_stats': {'done': 0, 'saves': 284}, 'comment_count': 0, 'creator_analytics': None, 'did_it_data': {'details_count': 0, 'images_count': 0, 'rating': -1, 'recommend_scores': [{'count': 0, 'score': 1}, {'count': 0, 'score': 0.5}, {'count': 0, 'score': 0}], 'recommended_count': 0, 'responses_count': 0, 'tags': [], 'type': 'aggregateddiditdata', 'user_count': 0, 'videos_count': 0}, 'id': '3577325663218846528', 'is_shop_the_look': False, 'is_stela': False}",[],The Peach Watermelon Salad That Tastes Like Summer,,,,,"{'ads_only_profile_site': None, 'blocked_by_me': False, 'domain_url': None, 'domain_verified': False, 'explicitly_followed_by_me': False, 'first_name': 'Crisp & Green | Easy Salad Recipes', 'followed_by_me': False, 'follower_count': 22, 'full_name': 'Crisp & Green | Easy Salad Recipes', 'id': '1097189665377063058', 'image_medium_url': 'https://i.pinimg.com/75x75_RS/69/e7/15/69e7155bd015ab15c39138bfdea6c272.jpg', 'image_small_url': 'https://i.pinimg.com/30x30_RS/69/e7/15/69e7155bd015ab15c39138bfdea6c272.jpg', 'indexed': True, 'instagram_data': None, 'is_ads_only_profile': False, 'is_default_image': False, 'is_verified_merchant': False, 'node_id': 'VXNlcjoxMDk3MTg5NjY1Mzc3MDYzMDU4', 'type': 'user', 'username': 'crispandgreenb', 'verified_identity': {}}","The Peach Watermelon Salad That Tastes Like Summer Sweet, juicy, and bursting with fresh flavor, this peach watermelon salad is the ultimate summer bite! Perfect for salad recipes fans, healthy dinner sides, or quick lunch recipes, it’s a refreshing way to enjoy seasonal fruit while keeping it light and delicious. Whether you’re looking for lunch ideas or dinner ideas, this vibrant dish is a winner. Deliciousness awaits! Click for the recipe #peachsalad #watermelonsalad #summersalad #saladrecipes #healthyrecipes #quicklunchrecipes #lunchideas #dinnerideas #fruitrecipes #freshsalad #healthydinner #easyrecipes #summermeals #lightdinner #healthylunch #easymeals #mealprep #refreshingsalad #cleaneating #plantbased #summerrecipes",0,{},{},"Tue, 09 Jun 2026 22:36:52 +0000",,,,"The Peach Watermelon Salad That Tastes Like Summer Sweet, juicy, and bursting with fresh flavor, this peach watermelon salad is the ultimate summer bite! Perfect for salad recipes fans, healthy dinner sides, or quick lunch recipes, it’s a refreshing way to enjoy seasonal fruit while keeping it light and delicious. Whether you’re looking for lunch ideas or dinner ideas, this vibrant dish is a winner. Deliciousness awaits! Click for the recipe #peachsalad #watermelonsalad #summersalad #saladrecipes #healthyrecipes #quicklunchrecipes #lunchideas #dinnerideas #fruitrecipes #freshsalad #healthydinner #easyrecipes #summermeals #lightdinner #healthylunch #easymeals #mealprep #refreshingsalad #cleaneating #plantbased #summerrecipes",[],,payhip.com,#d48234,False,,The Peach Watermelon Salad That Tastes Like Summer,False,"['#peachsalad', '#watermelonsalad', '#summersalad', '#saladrecipes', '#healthyrecipes', '#quicklunchrecipes', '#lunchideas', '#dinnerideas', '#fruitrecipes', '#freshsalad', '#healthydinner', '#easyrecipes', '#summermeals', '#lightdinner', '#healthylunch', '#easymeals', '#mealprep', '#refreshingsalad', '#cleaneating', '#plantbased', '#summerrecipes']",[],1097189527995388168,fe1968a7ea044f48f7263220ddc45668,True,True,False,False,False,False,False,https://payhip.com/b/lAvbB,1,,pinterest_platform,,"{'ads_only_profile_site': None, 'blocked_by_me': False, 'domain_url': None, 'domain_verified': False, 'explicitly_followed_by_me': False, 'first_name': 'Crisp & Green | Easy Salad Recipes', 'followed_by_me': False, 'follower_count': 22, 'full_name': 'Crisp & Green | Easy Salad Recipes', 'id': '1097189665377063058', 'image_medium_url': 'https://i.pinimg.com/75x75_RS/69/e7/15/69e7155bd015ab15c39138bfdea6c272.jpg', 'image_small_url': 'https://i.pinimg.com/30x30_RS/69/e7/15/69e7155bd015ab15c39138bfdea6c272.jpg', 'indexed': True, 'instagram_data': None, 'is_ads_only_profile': False, 'is_default_image': False, 'is_verified_merchant': False, 'type': 'user', 'username': 'crispandgreenb', 'verified_identity': {}}",,{},,,"{'ads_only_profile_site': None, 'blocked_by_me': False, 'domain_url': None, 'domain_verified': False, 'explicitly_followed_by_me': False, 'first_name': 'Crisp & Green | Easy Salad Recipes', 'followed_by_me': False, 'follower_count': 22, 'full_name': 'Crisp & Green | Easy Salad Recipes', 'id': '1097189665377063058', 'image_medium_url': 'https://i.pinimg.com/75x75_RS/69/e7/15/69e7155bd015ab15c39138bfdea6c272.jpg', 'image_small_url': 'https://i.pinimg.com/30x30_RS/69/e7/15/69e7155bd015ab15c39138bfdea6c272.jpg', 'indexed': True, 'instagram_data': None, 'is_ads_only_profile': False, 'is_default_image': False, 'is_verified_merchant': False, 'type': 'user', 'username': 'crispandgreenb', 'verified_identity': {}}",USD,0,public,"{'id': '-442115715899530262', 'type': 'productmetadata'}",,False,,3,{'1': 3},282,284,,Pin on Fresh Salad Recipes,6,False,"[1, 6, 8, 11]",False,False,,,,,,,The Peach Watermelon Salad That Tastes Like Summer,pin,{},,https://payhip.com/b/lAvbB?utm_source=Pinterest&utm_medium=organic,,,,,,
[],,,"{'aggregated_stats': {'done': 0, 'saves': 179}, 'comment_count': 0, 'creator_analytics': None, 'did_it_data': {'details_count': 0, 'images_count': 0, 'rating': -1, 'recommend_scores': [{'count': 0, 'score': 1}, {'count': 0, 'score': 0.5}, {'count': 0, 'score': 0}], 'recommended_count': 0, 'responses_count': 0, 'tags': [], 'type': 'aggregateddiditdata', 'user_count': 0, 'videos_count': 0}, 'id': '3543430373386027840', 'is_shop_the_look': False, 'is_stela': False}",[],Homemade Crockpot Chicken Burrito Bowls,,,,,"{'ads_only_profile_site': None, 'blocked_by_me': False, 'domain_url': None, 'domain_verified': False, 'explicitly_followed_by_me': False, 'first_name': 'Truly Good Eats', 'followed_by_me': False, 'follower_count': 5, 'full_name': 'Truly Good Eats', 'id': '1100074783888275979', 'image_medium_url': 'https://s.pinimg.com/images/user/default_75.png', 'image_small_url': 'https://s.pinimg.com/images/user/default_30.png', 'indexed': True, 'instagram_data': None, 'is_ads_only_profile': False, 'is_default_image': True, 'is_verified_merchant': False, 'node_id': 'VXNlcjoxMTAwMDc0NzgzODg4Mjc1OTc5', 'type': 'user', 'username': 'trulygoodeats', 'verified_identity': {}}",These Delicious Crockpot Chicken Burrito Bowls are so easy to throw together and taste amazing! Great for busy weeknights or meal prep when you want something healthy and filling.,0,{},{},"Fri, 29 May 2026 06:00:54 +0000",,,,These Delicious Crockpot Chicken Burrito Bowls are so easy to throw together and taste amazing! Great for busy weeknights or meal prep when you want something healthy and filling.,[],,trulygoodeats.com,#be855a,False,,Homemade Crockpot Chicken Burrito Bowls,False,[],[],1100074646507926932,28cf2b14402c6edb605f995e24c5940e,True,True,False,False,False,False,False,https://trulygoodeats.com/tasty-crockpot-chicken-burrito-bowls-26050/,1,,uploaded,,"{'ads_only_profile_site': None, 'blocked_by_me': False, 'domain_url': None, 'domain_verified': False, 'explicitly_followed_by_me': False, 'first_name': 'Truly Good Eats', 'followed_by_me': False, 'follower_count': 5, 'full_name': 'Truly Good Eats', 'id': '1100074783888275979', 'image_medium_url': 'https://s.pinimg.com/images/user/default_75.png', 'image_small_url': 'https://s.pinimg.com/images/user/default_30.png', 'indexed': True, 'instagram_data': None, 'is_ads_only_profile': False, 'is_default_image': True, 'is_verified_merchant': False, 'type': 'user', 'username': 'trulygoodeats', 'verified_identity': {}}",,{},,,"{'ads_only_profile_site': None, 'blocked_by_me': False, 'domain_url': None, 'domain_verified': False, 'explicitly_followed_by_me': False, 'first_name': 'Truly Good Eats', 'followed_by_me': False, 'follower_count': 5, 'full_name': 'Truly Good Eats', 'id': '1100074783888275979', 'image_medium_url': 'https://s.pinimg.com/images/user/default_75.png', 'image_small_url': 'https://s.pinimg.com/images/user/default_30.png', 'indexed': True, 'instagram_data': None, 'is_ads_only_profile': False, 'is_default_image': True, 'is_verified_merchant': False, 'type': 'user', 'username': 'trulygoodeats', 'verified_identity': {}}",USD,0,public,,,False,,2,{'1': 2},99,179,,Pin on Summer Crock Pot Recipes,2,False,[],False,False,True,,,,,,Homemade Crockpot Chicken Burrito Bowls,pin,{},,https://trulygoodeats.com/tasty-crockpot-chicken-burrito-bowls-26050/?utm_source=Pinterest&utm_medium=organic,,,,,,
[],,,"{'aggregated_stats': {'done': 0, 'saves': 719}, 'comment_count': 0, 'creator_analytics': None, 'did_it_data': {'details_count': 0, 'images_count': 0, 'rating': -1, 'recommend_scores': [{'count': 0, 'score': 1}, {'count': 0, 'score': 0.5}, {'count': 0, 'score': 0}], 'recommended_count': 0, 'responses_count': 0, 'tags': [], 'type': 'aggregateddiditdata', 'user_count': 0, 'videos_count': 0}, 'id': '3583323140115748736', 'is_shop_the_look': False, 'is_stela': False}",[],,,,,,"{'ads_only_profile_site': None, 'blocked_by_me': False, 'domain_url': None, 'domain_verified': False, 'explicitly_followed_by_me': False, 'first_name': 'Talia food cooking', 'followed_by_me': False, 'follower_count': 82, 'full_name': 'Talia food cooking', 'id': '1102256214957788989', 'image_medium_url': 'https://i.pinimg.com/75x75_RS/68/e1/7f/68e17fa59a2f1491e4c3452b659faf1b.jpg', 'image_small_url': 'https://i.pinimg.com/30x30_RS/68/e1/7f/68e17fa59a2f1491e4c3452b659faf1b.jpg', 'indexed': True, 'instagram_data': None, 'is_ads_only_profile': False, 'is_default_image': False, 'is_verified_merchant': False, 'node_id': 'VXNlcjoxMTAyMjU2MjE0OTU3Nzg4OTg5', 'type': 'user', 'username': 'tehifat570', 'verified_identity': {}}", ,0,{},{},"Sat, 16 May 2026 21:32:52 +0000",,,, ,[],,kulii.com,#885859,False,,Decadent Raspberry Brownies Bursting with Fresh Fruit Flavor and Rich Chocolate Delight,False,[],[],1102256077576718604,5dd5aea2e458516a864fd616427fb894,True,True,False,False,False,False,False,https://kulii.com/decadent-raspberry-brownies-bursting-with-fresh-fruit-flavor-and-rich-chocolate-delight/,1,,uploaded,,"{'ads_only_profile_site': None, 'blocked_by_me': False, 'domain_url': None, 'domain_verified': False, 'explicitly_followed_by_me': False, 'first_name': 'Talia food cooking', 'followed_by_me': False, 'follower_count': 82, 'full_name': 'Talia food cooking', 'id': '1102256214957788989', 'image_medium_url': 'https://i.pinimg.com/75x75_RS/68/e1/7f/68e17fa59a2f1491e4c3452b659faf1b.jpg', 'image_small_url': 'https://i.pinimg.com/30x30_RS/68/e1/7f/68e17fa59a2f1491e4c3452b659faf1b.jpg', 'indexed': True, 'instagram_data': None, 'is_ads_only_profile': False, 'is_default_image': False, 'is_verified_merchant': False, 'type': 'user', 'username': 'tehifat570', 'verified_identity': {}}",,{},,,"{'ads_only_profile_site': None, 'blocked_by_me': False, 'domain_url': None, 'domain_verified': False, 'explicitly_followed_by_me': False, 'first_name': 'Talia food cooking', 'followed_by_me': False, 'follower_count': 82, 'full_name': 'Talia food cooking', 'id': '1102256214957788989', 'image_medium_url': 'https://i.pinimg.com/75x75_RS/68/e1/7f/68e17fa59a2f1491e4c3452b659faf1b.jpg', 'image_small_url': 'https://i.pinimg.com/30x30_RS/68/e1/7f/68e17fa59a2f1491e4c3452b659faf1b.jpg', 'indexed': True, 'instagram_data': None, 'is_ads_only_profile': False, 'is_default_image': False, 'is_verified_merchant': False, 'type': 'user', 'username': 'tehifat570', 'verified_identity': {}}",USD,0,public,,,False,,6,{'1': 6},804,719,,Pin on Dessert Ideas,12,False,[],False,False,,,,,3507618331724947648,,Decadent Raspberry Brownies Bursting with Fresh Fruit Flavor and Rich Chocolate Delight,pin,{},,https://kulii.com/decadent-raspberry-brownies-bursting-with-fresh-fruit-flavor-and-rich-chocolate-delight/?utm_source=Pinterest&utm_medium=organic,,,,,,
[],,,"{'aggregated_stats': {'done': 0, 'saves': 129}, 'comment_count': 1, 'creator_analytics': None, 'did_it_data': {'details_count': 0, 'images_count': 0, 'rating': -1, 'recommend_scores': [{'count': 0, 'score': 1}, {'count': 0, 'score': 0.5}, {'count': 0, 'score': 0}], 'recommended_count': 0, 'responses_count': 0, 'tags': [], 'type': 'aggregateddiditdata', 'user_count': 0, 'videos_count': 0}, 'id': '3486508956964623744', 'is_shop_the_look': False, 'is_stela': False}",[],Miso glazed black cod fillet with glossy sauce and sesame garnish on a plate,,,,,"{'ads_only_profile_site': None, 'blocked_by_me': False, 'domain_url': 'flavli.com', 'domain_verified': False, 'explicitly_followed_by_me': False, 'first_name': 'Flavli | Home Cooking & Food Ideas', 'followed_by_me': False, 'follower_count': 34, 'full_name': 'Flavli | Home Cooking & Food Ideas', 'id': '1109222720631388924', 'image_medium_url': 'https://i.pinimg.com/75x75_RS/48/a4/d0/48a4d0bc1a90b65955f5b36c22d697d5.jpg', 'image_small_url': 'https://i.pinimg.com/30x30_RS/48/a4/d0/48a4d0bc1a90b65955f5b36c22d697d5.jpg', 'indexed': True, 'instagram_data': None, 'is_ads_only_profile': False, 'is_default_image': False, 'is_verified_merchant': False, 'node_id': 'VXNlcjoxMTA5MjIyNzIwNjMxMzg4OTI0', 'type': 'user', 'username': 'Flavli0', 'verified_identity': {}}","This buttery miso glazed black cod is a rich and flavorful seafood recipe inspired by popular Japanese restaurant dishes. Tender black cod is coated in a savory sweet miso glaze that caramelizes beautifully while baking. Pinterest searches for miso cod recipes, Asian-inspired dinners, gourmet seafood meals, and elegant date night recipes continue to trend, making this recipe ideal for foodie audiences. The silky texture and umami-packed flavor create a restaurant-quality meal right at home. Save this impressive seafood dinner recipe for special occasions or cozy nights in. #blackcod #misorecipe #seafoodrecipes #japanesefood #dinnerideas",1,{},{},"Sat, 09 May 2026 04:05:24 +0000",,,,"This buttery miso glazed black cod is a rich and flavorful seafood recipe inspired by popular Japanese restaurant dishes. Tender black cod is coated in a savory sweet miso glaze that caramelizes beautifully while baking. Pinterest searches for miso cod recipes, Asian-inspired dinners, gourmet seafood meals, and elegant date night recipes continue to trend, making this recipe ideal for foodie audiences. The silky texture and umami-packed flavor create a restaurant-quality meal right at home. Save this impressive seafood dinner recipe for special occasions or cozy nights in. #blackcod #misorecipe #seafoodrecipes #japanesefood #dinnerideas",[],,flavli.com,#9d7437,False,,Buttery Miso Glazed Black Cod,False,"['#blackcod', '#misorecipe', '#seafoodrecipes', '#japanesefood', '#dinnerideas']",[],1109222583261558096,41cd25204c99794cd6c1b6b1db88df88,True,True,False,False,False,False,False,https://flavli.com/buttery-miso-glazed-black-cod,1,,pin_scheduling,,"{'ads_only_profile_site': None, 'blocked_by_me': False, 'domain_url': 'flavli.com', 'domain_verified': False, 'explicitly_followed_by_me': False, 'first_name': 'Flavli | Home Cooking & Food Ideas', 'followed_by_me': False, 'follower_count': 34, 'full_name': 'Flavli | Home Cooking & Food Ideas', 'id': '1109222720631388924', 'image_medium_url': 'https://i.pinimg.com/75x75_RS/48/a4/d0/48a4d0bc1a90b65955f5b36c22d697d5.jpg', 'image_small_url': 'https://i.pinimg.com/30x30_RS/48/a4/d0/48a4d0bc1a90b65955f5b36c22d697d5.jpg', 'indexed': True, 'instagram_data': None, 'is_ads_only_profile': False, 'is_default_image': False, 'is_verified_merchant': False, 'type': 'user', 'username': 'Flavli0', 'verified_identity': {}}",,{},,,"{'ads_only_profile_site': None, 'blocked_by_me': False, 'domain_url': 'flavli.com', 'domain_verified': False, 'explicitly_followed_by_me': False, 'first_name': 'Flavli | Home Cooking & Food Ideas', 'followed_by_me': False, 'follower_count': 34, 'full_name': 'Flavli | Home Cooking & Food Ideas', 'id': '1109222720631388924', 'image_medium_url': 'https://i.pinimg.com/75x75_RS/48/a4/d0/48a4d0bc1a90b65955f5b36c22d697d5.jpg', 'image_small_url': 'https://i.pinimg.com/30x30_RS/48/a4/d0/48a4d0bc1a90b65955f5b36c22d697d5.jpg', 'indexed': True, 'instagram_data': None, 'is_ads_only_profile': False, 'is_default_image': False, 'is_verified_merchant': False, 'type': 'user', 'username': 'Flavli0', 'verified_identity': {}}",USD,0,public,,,False,,1,{'1': 1},71,129,,Pin on Easy COD Recipes,4,False,[],False,False,True,,,,3485215793851236096,,Buttery Miso Glazed Black Cod,pin,{},,https://flavli.com/buttery-miso-glazed-black-cod?utm_source=Pinterest&utm_medium=organic,,,,,,
[],,,"{'aggregated_stats': {'done': 0, 'saves': 1320}, 'comment_count': 0, 'creator_analytics': None, 'did_it_data': {'details_count': 0, 'images_count': 0, 'rating': -1, 'recommend_scores': [{'count': 0, 'score': 1}, {'count': 0, 'score': 0.5}, {'count': 0, 'score': 0}], 'recommended_count': 0, 'responses_count': 0, 'tags': [], 'type': 'aggregateddiditdata', 'user_count': 0, 'videos_count': 0}, 'id': '5412941058646534289', 'is_shop_the_look': False, 'is_stela': False}",[],,,,,,"{'ads_only_profile_site': None, 'blocked_by_me': False, 'domain_url': 'lolajayyum.com', 'domain_verified': True, 'explicitly_followed_by_me': False, 'first_name': 'Lola | Easy Mediterranean Recipes + Home Cooking', 'followed_by_me': False, 'follower_count': 110, 'full_name': 'Lola | Easy Mediterranean Recipes + Home Cooking', 'id': '1112670789095855390', 'image_medium_url': 'https://i.pinimg.com/75x75_RS/d5/a9/07/d5a90738afe56cd06fbe785b4fa5974b.jpg', 'image_small_url': 'https://i.pinimg.com/30x30_RS/d5/a9/07/d5a90738afe56cd06fbe785b4fa5974b.jpg', 'indexed': True, 'instagram_data': None, 'is_ads_only_profile': False, 'is_default_image': False, 'is_verified_merchant': False, 'node_id': 'VXNlcjoxMTEyNjcwNzg5MDk1ODU1Mzkw', 'type': 'user', 'username': 'lolajay_yum', 'verified_identity': {}}","If you’re craving a delicious sandwich with tons of flavor, this chipotle chicken sandwich recipe is just what you need. Juicy, marinated chicken thighs grilled to perfection and paired with toasted brioche buns, fresh tomato slices, lettuce, and pepper jack cheese. Make this meal and you’ll want to make it again and again. And the best part? It’s an easy recipe that takes only 25 minutes to make and costs just $25 for a family of four.",0,{},{},"Sun, 09 Feb 2025 02:02:56 +0000",,,,"If you’re craving a delicious sandwich with tons of flavor, this chipotle chicken sandwich recipe is just what you need. Juicy, marinated chicken thighs grilled to perfection and paired with toasted brioche buns, fresh tomato slices, lettuce, and pepper jack cheese. Make this meal and you’ll want to make it again and again. And the best part? It’s an easy recipe that takes only 25 minutes to make and costs just $25 for a family of four.",[],,lolajayyum.com,#b37942,False,,Grilled Chipotle Chicken Sandwich,False,[],[],1112670651692464829,29268665b69245bc9b4eebf90808dbfb,True,True,False,False,False,False,False,https://lolajayyum.com/grilled-chipotle-chicken-sandwich/,1,,pinterest_platform,,"{'ads_only_profile_site': None, 'blocked_by_me': False, 'domain_url': 'lolajayyum.com', 'domain_verified': True, 'explicitly_followed_by_me': False, 'first_name': 'Lola | Easy Mediterranean Recipes + Home Cooking', 'followed_by_me': False, 'follower_count': 110, 'full_name': 'Lola | Easy Mediterranean Recipes + Home Cooking', 'id': '1112670789095855390', 'image_medium_url': 'https://i.pinimg.com/75x75_RS/d5/a9/07/d5a90738afe56cd06fbe785b4fa5974b.jpg', 'image_small_url': 'https://i.pinimg.com/30x30_RS/d5/a9/07/d5a90738afe56cd06fbe785b4fa5974b.jpg', 'indexed': True, 'instagram_data': None, 'is_ads_only_profile': False, 'is_default_image': False, 'is_verified_merchant': False, 'type': 'user', 'username': 'lolajay_yum', 'verified_identity': {}}",,{},,,"{'ads_only_profile_site': None, 'blocked_by_me': False, 'domain_url': 'lolajayyum.com', 'domain_verified': True, 'explicitly_followed_by_me': False, 'first_name': 'Lola | Easy Mediterranean Recipes + Home Cooking', 'followed_by_me': False, 'follower_count': 110, 'full_name': 'Lola | Easy Mediterranean Recipes + Home Cooking', 'id': '1112670789095855390', 'image_medium_url': 'https://i.pinimg.com/75x75_RS/d5/a9/07/d5a90738afe56cd06fbe785b4fa5974b.jpg', 'image_small_url': 'https://i.pinimg.com/30x30_RS/d5/a9/07/d5a90738afe56cd06fbe785b4fa5974b.jpg', 'indexed': True, 'instagram_data': None, 'is_ads_only_profile': False, 'is_default_image': False, 'is_verified_merchant': False, 'type': 'user', 'username': 'lolajay_yum', 'verified_identity': {}}",USD,25,public,,,False,,14,{'1': 14},125,1320,,Pin on Quick and Easy Dinner Recipes,15,False,[],False,False,True,,,,5412941101828979827,,Grilled Chipotle Chicken Sandwich,pin,{},,https://lolajayyum.com/grilled-chipotle-chicken-sandwich/?utm_source=Pinterest&utm_medium=organic,,,,,,
[],,,"{'aggregated_stats': {'done': 0, 'saves': 106}, 'comment_count': 0, 'creator_analytics': None, 'did_it_data': {'details_count': 0, 'images_count': 0, 'rating': -1, 'recommend_scores': [{'count': 0, 'score': 1}, {'count': 0, 'score': 0.5}, {'count': 0, 'score': 0}], 'recommended_count': 0, 'responses_count': 0, 'tags': [], 'type': 'aggregateddiditdata', 'user_count': 0, 'videos_count': 0}, 'id': '2930199021605664128', 'is_shop_the_look': False, 'is_stela': False}",[],,,,,,"{'ads_only_profile_site': None, 'blocked_by_me': False, 'domain_url': 'medium.com', 'domain_verified': False, 'explicitly_followed_by_me': False, 'first_name': 'tonad', 'followed_by_me': False, 'follower_count': 24, 'full_name': 'tonad', 'id': '1115696645095606692', 'image_medium_url': 'https://s.pinimg.com/images/user/default_75.png', 'image_small_url': 'https://s.pinimg.com/images/user/default_30.png', 'indexed': True, 'instagram_data': None, 'is_ads_only_profile': False, 'is_default_image': True, 'is_verified_merchant': False, 'node_id': 'VXNlcjoxMTE1Njk2NjQ1MDk1NjA2Njky', 'type': 'user', 'username': 'noweyi5266', 'verified_identity': {}}","""Whip up a stack of fluffy vegan pancakes with this simple and delightful recipe that will make breakfast your favorite meal of the day!""",0,{},{},"Wed, 29 Oct 2025 17:25:35 +0000",,,,"""Whip up a stack of fluffy vegan pancakes with this simple and delightful recipe that will make breakfast your favorite meal of the day!""",[],,medium.com,#dea242,False,,,False,[],[],1115696507702648937,fae03b0c06068c2e6a681cf2dd11303f,False,True,False,False,False,False,False,https://medium.com/@torecipes88/0afe317f1b84,1,,button,,"{'ads_only_profile_site': None, 'blocked_by_me': False, 'domain_url': 'medium.com', 'domain_verified': False, 'explicitly_followed_by_me': False, 'first_name': 'tonad', 'followed_by_me': False, 'follower_count': 24, 'full_name': 'tonad', 'id': '1115696645095606692', 'image_medium_url': 'https://s.pinimg.com/images/user/default_75.png', 'image_small_url': 'https://s.pinimg.com/images/user/default_30.png', 'indexed': True, 'instagram_data': None, 'is_ads_only_profile': False, 'is_default_image': True, 'is_verified_merchant': False, 'type': 'user', 'username': 'noweyi5266', 'verified_identity': {}}",,{},,,"{'ads_only_profile_site': None, 'blocked_by_me': False, 'domain_url': 'medium.com', 'domain_verified': False, 'explicitly_followed_by_me': False, 'first_name': 'tonad', 'followed_by_me': False, 'follower_count': 24, 'full_name': 'tonad', 'id': '1115696645095606692', 'image_medium_url': 'https://s.pinimg.com/images/user/default_75.png', 'image_small_url': 'https://s.pinimg.com/images/user/default_30.png', 'indexed': True, 'instagram_data': None, 'is_ads_only_profile': False, 'is_default_image': True, 'is_verified_merchant': False, 'type': 'user', 'username': 'noweyi5266', 'verified_identity': {}}",USD,0,public,,,False,,0,{},88,106,,Pin on recipes,1,False,[],False,False,,,,,,,,pin,{},,https://medium.com/@torecipes88/0afe317f1b84?utm_source=Pinterest&utm_medium=organic,,,,,,
[],,,"{'aggregated_stats': {'done': 0, 'saves': 41}, 'comment_count': 0, 'creator_analytics': None, 'did_it_data': {'details_count': 0, 'images_count': 0, 'rating': -1, 'recommend_scores': [{'count': 0, 'score': 1}, {'count': 0, 'score': 0.5}, {'count': 0, 'score': 0}], 'recommended_count': 0, 'responses_count': 0, 'tags': [], 'type': 'aggregateddiditdata', 'user_count': 0, 'videos_count': 0}, 'id': '3482111230661948928', 'is_shop_the_look': False, 'is_stela': False}",[],,,,,,"{'ads_only_profile_site': None, 'blocked_by_me': False, 'domain_url': 'www.etsy.com', 'domain_verified': True, 'explicitly_followed_by_me': False, 'first_name': 'Etsy', 'followed_by_me': False, 'follower_count': 11239885, 'full_name': 'Etsy', 'id': '155304024558534660', 'image_medium_url': 'https://i.pinimg.com/75x75_RS/d1/84/c8/d184c8624cb409c8f6e4fcf8baf91cd2.jpg', 'image_small_url': 'https://i.pinimg.com/30x30_RS/d1/84/c8/d184c8624cb409c8f6e4fcf8baf91cd2.jpg', 'indexed': True, 'instagram_data': None, 'is_ads_only_profile': False, 'is_default_image': False, 'is_verified_merchant': True, 'node_id': 'VXNlcjoxNTUzMDQwMjQ1NTg1MzQ2NjA=', 'type': 'user', 'username': 'etsy', 'verified_identity': {'name': 'etsy', 'verified': True}}", ,0,{},{},"Fri, 08 May 2026 02:23:21 +0000",,,, ,[],,etsy.com,#bbb7a6,False,,The Best Easy Lemon Posset Recipe,False,[],[],1116118720181298207,d20ca2ab9fca19f8c1839f87b98b17ed,True,True,False,False,False,False,False,https://www.etsy.com/listing/4446183606/best-recipe-for-easy-one-bowl-lemon,1,,uploaded,,"{'ads_only_profile_site': None, 'blocked_by_me': False, 'domain_url': None, 'domain_verified': False, 'explicitly_followed_by_me': False, 'first_name': 'Sophia food cooking', 'followed_by_me': False, 'follower_count': 0, 'full_name': 'Sophia food cooking', 'id': '1116118857560831483', 'image_medium_url': 'https://s.pinimg.com/images/user/default_75.png', 'image_small_url': 'https://s.pinimg.com/images/user/default_30.png', 'indexed': True, 'instagram_data': None, 'is_ads_only_profile': False, 'is_default_image': True, 'is_verified_merchant': False, 'type': 'user', 'username': 'lasayo8902', 'verified_identity': {}}",,{},,,"{'ads_only_profile_site': None, 'blocked_by_me': False, 'domain_url': None, 'domain_verified': False, 'explicitly_followed_by_me': False, 'first_name': 'Sophia food cooking', 'followed_by_me': False, 'follower_count': 0, 'full_name': 'Sophia food cooking', 'id': '1116118857560831483', 'image_medium_url': 'https://s.pinimg.com/images/user/default_75.png', 'image_small_url': 'https://s.pinimg.com/images/user/default_30.png', 'indexed': True, 'instagram_data': None, 'is_ads_only_profile': False, 'is_default_image': True, 'is_verified_merchant': False, 'type': 'user', 'username': 'lasayo8902', 'verified_identity': {}}",USD,0,public,"{'id': '-5126758393975536346', 'type': 'productmetadata'}",,False,,0,{},40,41,,Pin on Dessert Ideas,3,False,"[1, 5, 8, 11]",False,False,,,,,,,The Best Easy Lemon Posset Recipe,pin,{},,https://www.etsy.com/listing/4446183606/best-recipe-for-easy-one-bowl-lemon?utm_source=Pinterest&utm_medium=organic,,,,,,
[],,,"{'aggregated_stats': {'done': 0, 'saves': 381}, 'comment_count': 0, 'creator_analytics': None, 'did_it_data': {'details_count': 0, 'images_count': 0, 'rating': -1, 'recommend_scores': [{'count': 0, 'score': 1}, {'count': 0, 'score': 0.5}, {'count': 0, 'score': 0}], 'recommended_count': 0, 'responses_count': 0, 'tags': [], 'type': 'aggregateddiditdata', 'user_count': 0, 'videos_count': 0}, 'id': '3556131009769545856', 'is_shop_the_look': False, 'is_stela': False}",[],Spicy Korean Ground Beef with Cucumber Salad delights all!,,,,,"{'ads_only_profile_site': None, 'blocked_by_me': False, 'domain_url': None, 'domain_verified': False, 'explicitly_followed_by_me': False, 'first_name': 'Everyday Eats | Easy Healthy Recipes', 'followed_by_me': False, 'follower_count': 16, 'full_name': 'Everyday Eats | Easy Healthy Recipes', 'id': '1121677988350892655', 'image_medium_url': 'https://i.pinimg.com/75x75_RS/a5/b5/ac/a5b5acff9769e734e3716e91bf373f26.jpg', 'image_small_url': 'https://i.pinimg.com/30x30_RS/a5/b5/ac/a5b5acff9769e734e3716e91bf373f26.jpg', 'indexed': True, 'instagram_data': None, 'is_ads_only_profile': False, 'is_default_image': False, 'is_verified_merchant': False, 'node_id': 'VXNlcjoxMTIxNjc3OTg4MzUwODkyNjU1', 'type': 'user', 'username': 'everydayeatskitchen', 'verified_identity': {}}",Spicy Korean Ground Beef with Cucumber Salad delights all! – ALFREDO RECIPES,0,{},{},"Tue, 02 Jun 2026 15:09:22 +0000",,,,Spicy Korean Ground Beef with Cucumber Salad delights all! – ALFREDO RECIPES,[],,payhip.com,#706e45,False,,Spicy Korean Ground Beef with Cucumber Salad delights all!,False,[],[],1121677850968967542,25a3d04f68e7e763ab849e56022f8f6f,True,True,False,False,False,False,False,https://payhip.com/b/tVcqv,1,,pinterest_platform,,"{'ads_only_profile_site': None, 'blocked_by_me': False, 'domain_url': None, 'domain_verified': False, 'explicitly_followed_by_me': False, 'first_name': 'Everyday Eats | Easy Healthy Recipes', 'followed_by_me': False, 'follower_count': 16, 'full_name': 'Everyday Eats | Easy Healthy Recipes', 'id': '1121677988350892655', 'image_medium_url': 'https://i.pinimg.com/75x75_RS/a5/b5/ac/a5b5acff9769e734e3716e91bf373f26.jpg', 'image_small_url': 'https://i.pinimg.com/30x30_RS/a5/b5/ac/a5b5acff9769e734e3716e91bf373f26.jpg', 'indexed': True, 'instagram_data': None, 'is_ads_only_profile': False, 'is_default_image': False, 'is_verified_merchant': False, 'type': 'user', 'username': 'everydayeatskitchen', 'verified_identity': {}}",,{},,,"{'ads_only_profile_site': None, 'blocked_by_me': False, 'domain_url': None, 'domain_verified': False, 'explicitly_followed_by_me': False, 'first_name': 'Everyday Eats | Easy Healthy Recipes', 'followed_by_me': False, 'follower_count': 16, 'full_name': 'Everyday Eats | Easy Healthy Recipes', 'id': '1121677988350892655', 'image_medium_url': 'https://i.pinimg.com/75x75_RS/a5/b5/ac/a5b5acff9769e734e3716e91bf373f26.jpg', 'image_small_url': 'https://i.pinimg.com/30x30_RS/a5/b5/ac/a5b5acff9769e734e3716e91bf373f26.jpg', 'indexed': True, 'instagram_data': None, 'is_ads_only_profile': False, 'is_default_image': False, 'is_verified_merchant': False, 'type': 'user', 'username': 'everydayeatskitchen', 'verified_identity': {}}",USD,0,public,"{'id': '-4273202213117246757', 'type': 'productmetadata'}",,False,,15,{'1': 15},379,381,,Pin on Healthy & High Protein Meals,13,False,"[1, 6, 8, 11]",False,False,,,,,,,Spicy Korean Ground Beef with Cucumber Salad delights all!,pin,{},,https://payhip.com/b/tVcqv?utm_source=Pinterest&utm_medium=organic,,,,,,
[],,,"{'aggregated_stats': {'done': 0, 'saves': 3}, 'comment_count': 0, 'creator_analytics': None, 'did_it_data': {'details_count': 0, 'images_count': 0, 'rating': -1, 'recommend_scores': [{'count': 0, 'score': 1}, {'count': 0, 'score': 0.5}, {'count': 0, 'score': 0}], 'recommended_count': 0, 'responses_count': 0, 'tags': [], 'type': 'aggregateddiditdata', 'user_count': 0, 'videos_count': 0}, 'id': '3582005785531766592', 'is_shop_the_look': False, 'is_stela': False}",[],pizza slices aesthetic food close up crispy,,,,,"{'ads_only_profile_site': None, 'blocked_by_me': False, 'domain_url': None, 'domain_verified': False, 'explicitly_followed_by_me': False, 'first_name': 'High Protein Pizza | Low Calorie Recipes', 'followed_by_me': False, 'follower_count': 192, 'full_name': 'High Protein Pizza | Low Calorie Recipes', 'id': '1125618638024779833', 'image_medium_url': 'https://i.pinimg.com/75x75_RS/eb/e8/88/ebe888105bc1f13219d99f72246e0d38.jpg', 'image_small_url': 'https://i.pinimg.com/30x30_RS/eb/e8/88/ebe888105bc1f13219d99f72246e0d38.jpg', 'indexed': True, 'instagram_data': None, 'is_ads_only_profile': False, 'is_default_image': False, 'is_verified_merchant': False, 'node_id': 'VXNlcjoxMTI1NjE4NjM4MDI0Nzc5ODMz', 'type': 'user', 'username': 'VieauoGondimy', 'verified_identity': {}}","These easy homemade pizza ideas are simple, delicious, and perfect for any day. Craving the perfect pizza? Crispy crust, rich flavors, and minimal effort. Save this pin now and try it later! Perfect for beginners and busy people. #homemadepizza #foodporn #pizza #dinnerideas #quickmeals #easyrecipes #pizzarecipe #foodideas",0,{},{},"Thu, 11 Jun 2026 13:21:31 +0000",,,,"These easy homemade pizza ideas are simple, delicious, and perfect for any day. Craving the perfect pizza? Crispy crust, rich flavors, and minimal effort. Save this pin now and try it later! Perfect for beginners and busy people. #homemadepizza #foodporn #pizza #dinnerideas #quickmeals #easyrecipes #pizzarecipe #foodideas",[],,payhip.com,#6f442a,False,,This Pizza Recipe Changed Everything | In Just Minutes,False,"['#homemadepizza', '#foodporn', '#pizza', '#dinnerideas', '#quickmeals', '#easyrecipes', '#pizzarecipe', '#foodideas']",[],1125618500644592020,1c49f4bb8c6056e7d7b806352d2ef958,True,True,False,False,False,False,False,https://payhip.com/b/jSTyf,1,,pinterest_platform,,"{'ads_only_profile_site': None, 'blocked_by_me': False, 'domain_url': None, 'domain_verified': False, 'explicitly_followed_by_me': False, 'first_name': 'High Protein Pizza | Low Calorie Recipes', 'followed_by_me': False, 'follower_count': 192, 'full_name': 'High Protein Pizza | Low Calorie Recipes', 'id': '1125618638024779833', 'image_medium_url': 'https://i.pinimg.com/75x75_RS/eb/e8/88/ebe888105bc1f13219d99f72246e0d38.jpg', 'image_small_url': 'https://i.pinimg.com/30x30_RS/eb/e8/88/ebe888105bc1f13219d99f72246e0d38.jpg', 'indexed': True, 'instagram_data': None, 'is_ads_only_profile': False, 'is_default_image': False, 'is_verified_merchant': False, 'type': 'user', 'username': 'VieauoGondimy', 'verified_identity': {}}",,{},,,"{'ads_only_profile_site': None, 'blocked_by_me': False, 'domain_url': None, 'domain_verified': False, 'explicitly_followed_by_me': False, 'first_name': 'High Protein Pizza | Low Calorie Recipes', 'followed_by_me': False, 'follower_count': 192, 'full_name': 'High Protein Pizza | Low Calorie Recipes', 'id': '1125618638024779833', 'image_medium_url': 'https://i.pinimg.com/75x75_RS/eb/e8/88/ebe888105bc1f13219d99f72246e0d38.jpg', 'image_small_url': 'https://i.pinimg.com/30x30_RS/eb/e8/88/ebe888105bc1f13219d99f72246e0d38.jpg', 'indexed': True, 'instagram_data': None, 'is_ads_only_profile': False, 'is_default_image': False, 'is_verified_merchant': False, 'type': 'user', 'username': 'VieauoGondimy', 'verified_identity': {}}",USD,0,public,"{'id': '-283710813706058254', 'type': 'productmetadata'}",,False,,0,{},2,3,,Pin on High Protein Pizza Recipes | Low Cal Meals,0,False,"[1, 6, 8, 11]",False,False,,,,,,,This Pizza Recipe Changed Everything | In Just Minutes,pin,{},,https://payhip.com/b/jSTyf?utm_source=Pinterest&utm_medium=organic,,,,,,
[],,,"{'aggregated_stats': {'done': 0, 'saves': 1941}, 'comment_count': 1, 'creator_analytics': None, 'did_it_data': {'details_count': 0, 'images_count': 0, 'rating': -1, 'recommend_scores': [{'count': 0, 'score': 1}, {'count': 0, 'score': 0.5}, {'count': 0, 'score': 0}], 'recommended_count': 0, 'responses_count': 0, 'tags': [], 'type': 'aggregateddiditdata', 'user_count': 0, 'videos_count': 0}, 'id': '5358477593981008481', 'is_shop_the_look': False, 'is_stela': False}",[],,,,,,"{'ads_only_profile_site': None, 'blocked_by_me': False, 'domain_url': 'www.mommymanifest.com', 'domain_verified': True, 'explicitly_followed_by_me': False, 'first_name': 'Mommy Manifest ✨| Spreading Love & Positive Vibes', 'followed_by_me': False, 'follower_count': 1146, 'full_name': 'Mommy Manifest ✨| Spreading Love & Positive Vibes', 'id': '1129066706489215628', 'image_medium_url': 'https://i.pinimg.com/75x75_RS/99/e5/50/99e550263679913609d011328ccdaa0d.jpg', 'image_small_url': 'https://i.pinimg.com/30x30_RS/99/e5/50/99e550263679913609d011328ccdaa0d.jpg', 'indexed': True, 'instagram_data': None, 'is_ads_only_profile': False, 'is_default_image': False, 'is_verified_merchant': False, 'node_id': 'VXNlcjoxMTI5MDY2NzA2NDg5MjE1NjI4', 'type': 'user', 'username': 'Mommymanifest', 'verified_identity': {}}",Amsterdam | Travel Manifestation Wallpaper | Aesthetic Netherlands | Bijenkorf | iPhone Background | Travel,1,{},{},"Sun, 14 Apr 2024 12:06:12 +0000",,,,Amsterdam | Travel Manifestation Wallpaper | Aesthetic Netherlands | Bijenkorf | iPhone Background | Travel,[],,Uploaded by user,#887567,False,,,False,[],[],1129066569071118744,64acb4a1508f08f8cc6e5a79f40dc8b7,True,True,False,False,False,False,False,,0,,shuffles_composer,,"{'ads_only_profile_site': None, 'blocked_by_me': False, 'domain_url': 'www.mommymanifest.com', 'domain_verified': True, 'explicitly_followed_by_me': False, 'first_name': 'Mommy Manifest ✨| Spreading Love & Positive Vibes', 'followed_by_me': False, 'follower_count': 1146, 'full_name': 'Mommy Manifest ✨| Spreading Love & Positive Vibes', 'id': '1129066706489215628', 'image_medium_url': 'https://i.pinimg.com/75x75_RS/99/e5/50/99e550263679913609d011328ccdaa0d.jpg', 'image_small_url': 'https://i.pinimg.com/30x30_RS/99/e5/50/99e550263679913609d011328ccdaa0d.jpg', 'indexed': True, 'instagram_data': None, 'is_ads_only_profile': False, 'is_default_image': False, 'is_verified_merchant': False, 'type': 'user', 'username': 'Mommymanifest', 'verified_identity': {}}",,{},,,"{'ads_only_profile_site': None, 'blocked_by_me': False, 'domain_url': 'www.mommymanifest.com', 'domain_verified': True, 'explicitly_followed_by_me': False, 'first_name': 'Mommy Manifest ✨| Spreading Love & Positive Vibes', 'followed_by_me': False, 'follower_count': 1146, 'full_name': 'Mommy Manifest ✨| Spreading Love & Positive Vibes', 'id': '1129066706489215628', 'image_medium_url': 'https://i.pinimg.com/75x75_RS/99/e5/50/99e550263679913609d011328ccdaa0d.jpg', 'image_small_url': 'https://i.pinimg.com/30x30_RS/99/e5/50/99e550263679913609d011328ccdaa0d.jpg', 'indexed': True, 'instagram_data': None, 'is_ads_only_profile': False, 'is_default_image': False, 'is_verified_merchant': False, 'type': 'user', 'username': 'Mommymanifest', 'verified_identity': {}}",USD,0,public,,,False,,98,{'1': 98},152,1941,,Pinterest,1,False,[],False,False,,"{'is_remixable': True, 'node_id': 'U2h1ZmZsZTo1MzU4NDc2MDYwNzkzMDMwNTQw'}",,,,,Amsterdam Core | Aesthetic Europe | Dutch Fashion,pin,{},,,,,,,,
[],,,"{'aggregated_stats': {'done': 0, 'saves': 3224}, 'comment_count': 2, 'creator_analytics': None, 'did_it_data': {'details_count': 0, 'images_count': 0, 'rating': -1, 'recommend_scores': [{'count': 0, 'score': 1}, {'count': 0, 'score': 0.5}, {'count': 0, 'score': 0}], 'recommended_count': 0, 'responses_count': 0, 'tags': [], 'type': 'aggregateddiditdata', 'user_count': 0, 'videos_count': 0}, 'id': '3183188226337418624', 'is_shop_the_look': False, 'is_stela': False}",[],,,,,,"{'ads_only_profile_site': None, 'blocked_by_me': False, 'domain_url': None, 'domain_verified': False, 'explicitly_followed_by_me': False, 'first_name': 'Elliana food cooking', 'followed_by_me': False, 'follower_count': 2, 'full_name': 'Elliana food cooking', 'id': '1138214643232519260', 'image_medium_url': 'https://i.pinimg.com/75x75_RS/68/00/ef/6800ef437585b616b278712852e44240.jpg', 'image_small_url': 'https://i.pinimg.com/30x30_RS/68/00/ef/6800ef437585b616b278712852e44240.jpg', 'indexed': True, 'instagram_data': None, 'is_ads_only_profile': False, 'is_default_image': False, 'is_verified_merchant': False, 'node_id': 'VXNlcjoxMTM4MjE0NjQzMjMyNTE5MjYw', 'type': 'user', 'username': 'lafife7724', 'verified_identity': {}}", ,2,{},{},"Sat, 24 Jan 2026 23:46:41 +0000",,,, ,[],,etsy.com,#7a4850,False,,Molten Raspberry Chocolate Cupcakes – Ooey Gooey Center,False,[],[],1138214505848156022,1017e481f2443cc7deae01a752e9d56a,True,True,False,False,False,False,False,https://www.etsy.com/listing/4446376311/molten-raspberry-chocolate-cupcake?ref=listings_manager_grid,1,,uploaded,,"{'ads_only_profile_site': None, 'blocked_by_me': False, 'domain_url': None, 'domain_verified': False, 'explicitly_followed_by_me': False, 'first_name': 'Elliana food cooking', 'followed_by_me': False, 'follower_count': 2, 'full_name': 'Elliana food cooking', 'id': '1138214643232519260', 'image_medium_url': 'https://i.pinimg.com/75x75_RS/68/00/ef/6800ef437585b616b278712852e44240.jpg', 'image_small_url': 'https://i.pinimg.com/30x30_RS/68/00/ef/6800ef437585b616b278712852e44240.jpg', 'indexed': True, 'instagram_data': None, 'is_ads_only_profile': False, 'is_default_image': False, 'is_verified_merchant': False, 'type': 'user', 'username': 'lafife7724', 'verified_identity': {}}",,{},,,"{'ads_only_profile_site': None, 'blocked_by_me': False, 'domain_url': None, 'domain_verified': False, 'explicitly_followed_by_me': False, 'first_name': 'Elliana food cooking', 'followed_by_me': False, 'follower_count': 2, 'full_name': 'Elliana food cooking', 'id': '1138214643232519260', 'image_medium_url': 'https://i.pinimg.com/75x75_RS/68/00/ef/6800ef437585b616b278712852e44240.jpg', 'image_small_url': 'https://i.pinimg.com/30x30_RS/68/00/ef/6800ef437585b616b278712852e44240.jpg', 'indexed': True, 'instagram_data': None, 'is_ads_only_profile': False, 'is_default_image': False, 'is_verified_merchant': False, 'type': 'user', 'username': 'lafife7724', 'verified_identity': {}}",USD,0,public,,,False,,37,{'1': 37},3210,3224,,Pin on Dessert Ideas,83,False,[],False,False,,,,,,,Molten Raspberry Chocolate Cupcakes – Ooey Gooey Center,pin,{},,https://www.etsy.com/listing/4446376311/molten-raspberry-chocolate-cupcake?ref=listings_manager_grid&utm_source=Pinterest&utm_medium=organic,,,,,,
[],,,"{'aggregated_stats': {'done': 0, 'saves': 964}, 'comment_count': 1, 'creator_analytics': None, 'did_it_data': {'details_count': 0, 'images_count': 0, 'rating': -1, 'recommend_scores': [{'count': 0, 'score': 1}, {'count': 0, 'score': 0.5}, {'count': 0, 'score': 0}], 'recommended_count': 0, 'responses_count': 0, 'tags': [], 'type': 'aggregateddiditdata', 'user_count': 0, 'videos_count': 0}, 'id': '5306193532122349291', 'is_shop_the_look': False, 'is_stela': False}",[],,,,,,"{'ads_only_profile_site': None, 'blocked_by_me': False, 'domain_url': 'www.tastesandtreks.com', 'domain_verified': True, 'explicitly_followed_by_me': False, 'first_name': 'Tastes and Treks', 'followed_by_me': False, 'follower_count': 33, 'full_name': 'Tastes and Treks', 'id': '1139762755604215534', 'image_medium_url': 'https://i.pinimg.com/75x75_RS/6d/7e/26/6d7e26f51167910f164ba4e3d75c7a34.jpg', 'image_small_url': 'https://i.pinimg.com/30x30_RS/6d/7e/26/6d7e26f51167910f164ba4e3d75c7a34.jpg', 'indexed': True, 'instagram_data': None, 'is_ads_only_profile': False, 'is_default_image': False, 'is_verified_merchant': False, 'node_id': 'VXNlcjoxMTM5NzYyNzU1NjA0MjE1NTM0', 'type': 'user', 'username': 'Tastes_and_Treks', 'verified_identity': {}}",A rich creamy sauce to bring out the best in steamed mussels. Don't forget the bread to soak up all the delicious sauce as well!,1,{},{},"Fri, 30 Jun 2023 22:49:50 +0000",,,,A rich creamy sauce to bring out the best in steamed mussels. Don't forget the bread to soak up all the delicious sauce as well!,[],,tastesandtreks.com,#756958,False,,Mussels in Garlic Cream,False,[],[],1139762618177018021,8f6d46d2993eb71439bff30b23b43393,True,True,False,False,False,False,False,https://www.tastesandtreks.com/blog-3/mussels-in-garlic-cream-sauce-gyes3,1,,uploaded,,"{'ads_only_profile_site': None, 'blocked_by_me': False, 'domain_url': 'www.tastesandtreks.com', 'domain_verified': True, 'explicitly_followed_by_me': False, 'first_name': 'Tastes and Treks', 'followed_by_me': False, 'follower_count': 33, 'full_name': 'Tastes and Treks', 'id': '1139762755604215534', 'image_medium_url': 'https://i.pinimg.com/75x75_RS/6d/7e/26/6d7e26f51167910f164ba4e3d75c7a34.jpg', 'image_small_url': 'https://i.pinimg.com/30x30_RS/6d/7e/26/6d7e26f51167910f164ba4e3d75c7a34.jpg', 'indexed': True, 'instagram_data': None, 'is_ads_only_profile': False, 'is_default_image': False, 'is_verified_merchant': False, 'type': 'user', 'username': 'Tastes_and_Treks', 'verified_identity': {}}",,{},,,"{'ads_only_profile_site': None, 'blocked_by_me': False, 'domain_url': 'www.tastesandtreks.com', 'domain_verified': True, 'explicitly_followed_by_me': False, 'first_name': 'Tastes and Treks', 'followed_by_me': False, 'follower_count': 33, 'full_name': 'Tastes and Treks', 'id': '1139762755604215534', 'image_medium_url': 'https://i.pinimg.com/75x75_RS/6d/7e/26/6d7e26f51167910f164ba4e3d75c7a34.jpg', 'image_small_url': 'https://i.pinimg.com/30x30_RS/6d/7e/26/6d7e26f51167910f164ba4e3d75c7a34.jpg', 'indexed': True, 'instagram_data': None, 'is_ads_only_profile': False, 'is_default_image': False, 'is_verified_merchant': False, 'type': 'user', 'username': 'Tastes_and_Treks', 'verified_identity': {}}",USD,0,public,,,False,,9,{'1': 9},356,964,,Pin on Tastes,15,False,[],False,False,,,,,,,Mussels in Garlic Cream,pin,{},,https://www.tastesandtreks.com/blog-3/mussels-in-garlic-cream-sauce-gyes3?utm_source=Pinterest&utm_medium=organic,,,,,,
[],,,"{'aggregated_stats': {'done': 0, 'saves': 263}, 'comment_count': 0, 'creator_analytics': None, 'did_it_data': {'details_count': 0, 'images_count': 0, 'rating': -1, 'recommend_scores': [{'count': 0, 'score': 1}, {'count': 0, 'score': 0.5}, {'count': 0, 'score': 0}], 'recommended_count': 0, 'responses_count': 0, 'tags': [], 'type': 'aggregateddiditdata', 'user_count': 0, 'videos_count': 0}, 'id': '3568765971337899392', 'is_shop_the_look': False, 'is_stela': False}",[],"Sticky Garlic Chicken Noodles Easy Weeknight Dinner, saucy pasta bowl image, garlic, chicken",,,,,"{'ads_only_profile_site': None, 'blocked_by_me': False, 'domain_url': None, 'domain_verified': False, 'explicitly_followed_by_me': False, 'first_name': 'Easy Recipes, Simple Meals & Everyday Cooking Ideas', 'followed_by_me': False, 'follower_count': 15, 'full_name': 'Easy Recipes, Simple Meals & Everyday Cooking Ideas', 'id': '1147292211231514806', 'image_medium_url': 'https://i.pinimg.com/75x75_RS/4a/ef/91/4aef911475460fc8423bf4c9f0fcf707.jpg', 'image_small_url': 'https://i.pinimg.com/30x30_RS/4a/ef/91/4aef911475460fc8423bf4c9f0fcf707.jpg', 'indexed': True, 'instagram_data': None, 'is_ads_only_profile': False, 'is_default_image': False, 'is_verified_merchant': False, 'node_id': 'VXNlcjoxMTQ3MjkyMjExMjMxNTE0ODA2', 'type': 'user', 'username': 'aramas_usa4862', 'verified_identity': {}}","Sticky Garlic Chicken Noodles Easy Weeknight Dinner is the kind of idea people save because it feels useful, flavorful, and realistic for everyday cooking. The core focus stays on garlic, chicken, and noodles. You get garlic, chicken, and noodles, practical steps, and the kind of texture and flavor contrast that works for easy lunches, satisfying dinners, and repeat meal prep. Relevant search phrases include garlic, chicken #PastaRecipe #EasyDinner #ComfortFood",0,{},{},"Sat, 06 Jun 2026 23:45:13 +0000",,,,"Sticky Garlic Chicken Noodles Easy Weeknight Dinner is the kind of idea people save because it feels useful, flavorful, and realistic for everyday cooking. The core focus stays on garlic, chicken, and noodles. You get garlic, chicken, and noodles, practical steps, and the kind of texture and flavor contrast that works for easy lunches, satisfying dinners, and repeat meal prep. Relevant search phrases include garlic, chicken #PastaRecipe #EasyDinner #ComfortFood",[],,payhip.com,#8a5512,False,,"Sticky Garlic Chicken Noodles Easy for easy dinners, comfort food, and Pinterest search",False,"['#PastaRecipe', '#EasyDinner', '#ComfortFood']",[],1147292073892360513,e6d270af38fdad3cc23a03ba992d68be,True,True,False,False,False,False,False,https://payhip.com/b/Lo8Ot,1,,pinterest_platform,,"{'ads_only_profile_site': None, 'blocked_by_me': False, 'domain_url': None, 'domain_verified': False, 'explicitly_followed_by_me': False, 'first_name': 'Easy Recipes, Simple Meals & Everyday Cooking Ideas', 'followed_by_me': False, 'follower_count': 15, 'full_name': 'Easy Recipes, Simple Meals & Everyday Cooking Ideas', 'id': '1147292211231514806', 'image_medium_url': 'https://i.pinimg.com/75x75_RS/4a/ef/91/4aef911475460fc8423bf4c9f0fcf707.jpg', 'image_small_url': 'https://i.pinimg.com/30x30_RS/4a/ef/91/4aef911475460fc8423bf4c9f0fcf707.jpg', 'indexed': True, 'instagram_data': None, 'is_ads_only_profile': False, 'is_default_image': False, 'is_verified_merchant': False, 'type': 'user', 'username': 'aramas_usa4862', 'verified_identity': {}}",,{},,,"{'ads_only_profile_site': None, 'blocked_by_me': False, 'domain_url': None, 'domain_verified': False, 'explicitly_followed_by_me': False, 'first_name': 'Easy Recipes, Simple Meals & Everyday Cooking Ideas', 'followed_by_me': False, 'follower_count': 15, 'full_name': 'Easy Recipes, Simple Meals & Everyday Cooking Ideas', 'id': '1147292211231514806', 'image_medium_url': 'https://i.pinimg.com/75x75_RS/4a/ef/91/4aef911475460fc8423bf4c9f0fcf707.jpg', 'image_small_url': 'https://i.pinimg.com/30x30_RS/4a/ef/91/4aef911475460fc8423bf4c9f0fcf707.jpg', 'indexed': True, 'instagram_data': None, 'is_ads_only_profile': False, 'is_default_image': False, 'is_verified_merchant': False, 'type': 'user', 'username': 'aramas_usa4862', 'verified_identity': {}}",USD,0,public,"{'id': '4206115518766646812', 'type': 'productmetadata'}",,False,,2,{'1': 2},260,263,,"Pin on Easy Recipes, Quick Meals & Dinner Inspiration",7,False,"[1, 6, 8, 11]",False,False,,,,,,,"Sticky Garlic Chicken Noodles Easy for easy dinners, comfort food, and Pinterest search",pin,{},,https://payhip.com/b/Lo8Ot?utm_source=Pinterest&utm_medium=organic,,,,,,
[],,,"{'aggregated_stats': {'done': 0, 'saves': 4070}, 'comment_count': 0, 'creator_analytics': None, 'did_it_data': {'details_count': 0, 'images_count': 0, 'rating': -1, 'recommend_scores': [{'count': 0, 'score': 1}, {'count': 0, 'score': 0.5}, {'count': 0, 'score': 0}], 'recommended_count': 0, 'responses_count': 0, 'tags': [], 'type': 'aggregateddiditdata', 'user_count': 0, 'videos_count': 0}, 'id': '3005065533483411968', 'is_shop_the_look': False, 'is_stela': False}",[],,,,,,"{'ads_only_profile_site': None, 'blocked_by_me': False, 'domain_url': None, 'domain_verified': False, 'explicitly_followed_by_me': False, 'first_name': 'Mia', 'followed_by_me': False, 'follower_count': 9, 'full_name': 'Mia', 'id': '1152851342021445814', 'image_medium_url': 'https://s.pinimg.com/images/user/default_75.png', 'image_small_url': 'https://s.pinimg.com/images/user/default_30.png', 'indexed': True, 'instagram_data': None, 'is_ads_only_profile': False, 'is_default_image': True, 'is_verified_merchant': False, 'node_id': 'VXNlcjoxMTUyODUxMzQyMDIxNDQ1ODE0', 'type': 'user', 'username': 'miajohnson32', 'verified_identity': {}}", ,0,{},{},"Mon, 24 Nov 2025 13:12:11 +0000",,,, ,[],,fascinatenames.com,#a68244,False,,Healthy and Delicious Dinner Recipes for Every Day,False,[],[],1152851204633875924,82572e8f628e3a8018fc2314234f70f1,True,True,False,False,False,False,False,https://fascinatenames.com/best-dinner-recipes-15-delicious-ideas-to-make-every-meal-special?utm_campaign=best-dinner-recipes_nancy&utm_medium=link&utm_source=link_nancy,0,,uploaded,,"{'ads_only_profile_site': None, 'blocked_by_me': False, 'domain_url': None, 'domain_verified': False, 'explicitly_followed_by_me': False, 'first_name': 'Mia', 'followed_by_me': False, 'follower_count': 9, 'full_name': 'Mia', 'id': '1152851342021445814', 'image_medium_url': 'https://s.pinimg.com/images/user/default_75.png', 'image_small_url': 'https://s.pinimg.com/images/user/default_30.png', 'indexed': True, 'instagram_data': None, 'is_ads_only_profile': False, 'is_default_image': True, 'is_verified_merchant': False, 'type': 'user', 'username': 'miajohnson32', 'verified_identity': {}}",,{},,,"{'ads_only_profile_site': None, 'blocked_by_me': False, 'domain_url': None, 'domain_verified': False, 'explicitly_followed_by_me': False, 'first_name': 'Mia', 'followed_by_me': False, 'follower_count': 9, 'full_name': 'Mia', 'id': '1152851342021445814', 'image_medium_url': 'https://s.pinimg.com/images/user/default_75.png', 'image_small_url': 'https://s.pinimg.com/images/user/default_30.png', 'indexed': True, 'instagram_data': None, 'is_ads_only_profile': False, 'is_default_image': True, 'is_verified_merchant': False, 'type': 'user', 'username': 'miajohnson32', 'verified_identity': {}}",USD,0,public,,,False,,52,{'1': 52},4059,4070,,Pin on Rococo cake,118,False,[],False,False,,,,,,,Healthy and Delicious Dinner Recipes for Every Day,pin,{},,,,,,,,
[],,,"{'aggregated_stats': {'done': 1, 'saves': 1865}, 'comment_count': 1, 'creator_analytics': None, 'did_it_data': {'details_count': 1, 'images_count': 1, 'rating': -1, 'recommend_scores': [{'count': 0, 'score': 1}, {'count': 0, 'score': 0.5}, {'count': 0, 'score': 0}], 'recommended_count': 1, 'responses_count': 0, 'tags': [], 'type': 'aggregateddiditdata', 'user_count': 1, 'videos_count': 0}, 'id': '3321603339875783680', 'is_shop_the_look': False, 'is_stela': False}",[],,,,,,"{'ads_only_profile_site': None, 'blocked_by_me': False, 'domain_url': None, 'domain_verified': False, 'explicitly_followed_by_me': False, 'first_name': 'Ravenkarjala', 'followed_by_me': False, 'follower_count': 6, 'full_name': 'Ravenkarjala', 'id': '1015350815898278963', 'image_medium_url': 'https://s.pinimg.com/images/user/default_75.png', 'image_small_url': 'https://s.pinimg.com/images/user/default_30.png', 'indexed': True, 'instagram_data': None, 'is_ads_only_profile': False, 'is_default_image': True, 'is_verified_merchant': False, 'node_id': 'VXNlcjoxMDE1MzUwODE1ODk4Mjc4OTYz', 'type': 'user', 'username': 'ravenkarjala', 'verified_identity': {}}","These cottage cheese pizza bites make a humble, satisfying snack that I’d keep in mind for busy weekdays. They’re quick to make and use simple ingredients, which is just what I look for in an easy lunch idea or snack. It’s a cozy, nourishing option I’d grab when I need something wholesome without much fuss.",1,{},{},"Wed, 17 Jun 2026 01:15:41 +0000",,,,"These cottage cheese pizza bites make a humble, satisfying snack that I’d keep in mind for busy weekdays. They’re quick to make and use simple ingredients, which is just what I look for in an easy lunch idea or snack. It’s a cozy, nourishing option I’d grab when I need something wholesome without much fuss.",[],,sites.google.com,#b28b61,False,,"30-Minute 4-Ingredient Cottage Cheese Pizza Bites — Protein-Packed, Kid-Friendly",False,[],[],125889752081450203,75b8091ee675ef6a0d02ccab78e9cb13,True,True,False,False,False,True,False,https://sites.google.com/view/30-minute-4-ingredie--8229/,1,,pin_scheduling,,"{'ads_only_profile_site': None, 'blocked_by_me': False, 'domain_url': None, 'domain_verified': False, 'explicitly_followed_by_me': False, 'first_name': 'Ravenkarjala', 'followed_by_me': False, 'follower_count': 6, 'full_name': 'Ravenkarjala', 'id': '1015350815898278963', 'image_medium_url': 'https://s.pinimg.com/images/user/default_75.png', 'image_small_url': 'https://s.pinimg.com/images/user/default_30.png', 'indexed': True, 'instagram_data': None, 'is_ads_only_profile': False, 'is_default_image': True, 'is_verified_merchant': False, 'type': 'user', 'username': 'ravenkarjala', 'verified_identity': {}}","{'ads_only_profile_site': None, 'blocked_by_me': False, 'domain_url': None, 'domain_verified': False, 'explicitly_followed_by_me': False, 'first_name': 'Ravenkarjala', 'followed_by_me': False, 'follower_count': 6, 'full_name': 'Ravenkarjala', 'id': '1015350815898278963', 'image_medium_url': 'https://s.pinimg.com/images/user/default_75.png', 'image_small_url': 'https://s.pinimg.com/images/user/default_30.png', 'indexed': True, 'instagram_data': None, 'is_ads_only_profile': False, 'is_default_image': True, 'is_verified_merchant': False, 'node_id': 'VXNlcjoxMDE1MzUwODE1ODk4Mjc4OTYz', 'type': 'user', 'username': 'ravenkarjala', 'verified_identity': {}}",{},,,"{'ads_only_profile_site': None, 'blocked_by_me': False, 'domain_url': None, 'domain_verified': False, 'explicitly_followed_by_me': False, 'first_name': 'Chelsie Schaefer', 'followed_by_me': False, 'follower_count': 112, 'full_name': 'Chelsie Schaefer', 'id': '125889889492275726', 'image_medium_url': 'https://i.pinimg.com/75x75_RS/77/4b/a6/774ba695c2ac0da489a6be1fb62480ad.jpg', 'image_small_url': 'https://i.pinimg.com/30x30_RS/77/4b/a6/774ba695c2ac0da489a6be1fb62480ad.jpg', 'indexed': True, 'instagram_data': None, 'is_ads_only_profile': False, 'is_default_image': False, 'is_verified_merchant': False, 'type': 'user', 'username': 'chelsbelles92', 'verified_identity': {}}",USD,0,public,,,False,,5,{'1': 5},2,1865,,Pin on Football food,0,False,[],False,False,,,,,3321603323031151360,,"30-Minute 4-Ingredient Cottage Cheese Pizza Bites — Protein-Packed, Kid-Friendly",pin,{},,https://sites.google.com/view/30-minute-4-ingredie--8229/?utm_source=Pinterest&utm_medium=organic,"{'ads_only_profile_site': None, 'blocked_by_me': False, 'domain_url': None, 'domain_verified': False, 'explicitly_followed_by_me': False, 'first_name': 'Aubrey', 'followed_by_me': False, 'follower_count': 324, 'full_name': 'Aubrey Wells', 'id': '179159028834763622', 'image_medium_url': 'https://i.pinimg.com/75x75_RS/f8/6b/00/f86b001921f362c8bae5131952d80b57.jpg', 'image_small_url': 'https://i.pinimg.com/30x30_RS/f8/6b/00/f86b001921f362c8bae5131952d80b57.jpg', 'indexed': True, 'instagram_data': None, 'is_ads_only_profile': False, 'is_default_image': False, 'is_verified_merchant': False, 'type': 'user', 'username': 'aubs14', 'verified_identity': {}}",,,,,
[],,,"{'aggregated_stats': {'done': 0, 'saves': 1401}, 'comment_count': 2, 'creator_analytics': None, 'did_it_data': {'details_count': 0, 'images_count': 0, 'rating': -1, 'recommend_scores': [{'count': 0, 'score': 1}, {'count': 0, 'score': 0.5}, {'count': 0, 'score': 0}], 'recommended_count': 0, 'responses_count': 0, 'tags': [], 'type': 'aggregateddiditdata', 'user_count': 0, 'videos_count': 0}, 'id': '5293092732431026090', 'is_shop_the_look': False, 'is_stela': False}",[],,,,,,"{'ads_only_profile_site': None, 'blocked_by_me': False, 'domain_url': 'www.adayinthekitchen.com', 'domain_verified': True, 'explicitly_followed_by_me': False, 'first_name': 'A Day in the Kitchen', 'followed_by_me': False, 'follower_count': 8903, 'full_name': 'A Day in the Kitchen', 'id': '559431722370884384', 'image_medium_url': 'https://i.pinimg.com/75x75_RS/b4/3d/26/b43d26721de9e825e51ecf88c7de79c4.jpg', 'image_small_url': 'https://i.pinimg.com/30x30_RS/b4/3d/26/b43d26721de9e825e51ecf88c7de79c4.jpg', 'indexed': False, 'instagram_data': None, 'is_ads_only_profile': False, 'is_default_image': False, 'is_verified_merchant': False, 'node_id': 'VXNlcjo1NTk0MzE3MjIzNzA4ODQzODQ=', 'type': 'user', 'username': 'dayinthekitchen', 'verified_identity': {}}", ,2,{},{},"Wed, 19 Apr 2023 15:34:01 +0000",,,, ,[],,adayinthekitchen.com,#ceb289,False,,,False,[],[],14214555066537581,460fc9153ecbc8e79b456cb7a371b4d2,False,True,False,False,False,False,False,https://www.adayinthekitchen.com/ridiculously-easy-homemade-bagels/#wprm-recipe-container-9065,1,,in_app_browser,,,,{},,,"{'ads_only_profile_site': None, 'blocked_by_me': False, 'domain_url': None, 'domain_verified': False, 'explicitly_followed_by_me': False, 'first_name': 'Jenny', 'followed_by_me': False, 'follower_count': 36, 'full_name': 'Jenny Burchfield', 'id': '14214692482320681', 'image_medium_url': 'https://i.pinimg.com/75x75_RS/1d/8e/e0/1d8ee023fa9912086278ce4aaaff9cf7.jpg', 'image_small_url': 'https://i.pinimg.com/30x30_RS/1d/8e/e0/1d8ee023fa9912086278ce4aaaff9cf7.jpg', 'indexed': True, 'instagram_data': None, 'is_ads_only_profile': False, 'is_default_image': False, 'is_verified_merchant': False, 'type': 'user', 'username': 'jb2112', 'verified_identity': {}}",USD,0,public,,,False,,3,{'1': 3},192,1401,,Pin on food,1,False,[],False,False,,,,,,,,pin,{},,https://www.adayinthekitchen.com/ridiculously-easy-homemade-bagels/?utm_source=Pinterest&utm_medium=organic#wprm-recipe-container-9065,,,,,,
[],,,"{'aggregated_stats': {'done': 0, 'saves': 4640}, 'comment_count': 1, 'creator_analytics': None, 'did_it_data': {'details_count': 0, 'images_count': 0, 'rating': -1, 'recommend_scores': [{'count': 0, 'score': 1}, {'count': 0, 'score': 0.5}, {'count': 0, 'score': 0}], 'recommended_count': 0, 'responses_count': 0, 'tags': [], 'type': 'aggregateddiditdata', 'user_count': 0, 'videos_count': 0}, 'id': '5249860073722798137', 'is_shop_the_look': False, 'is_stela': False}",[],,,,,,"{'ads_only_profile_site': None, 'blocked_by_me': False, 'domain_url': None, 'domain_verified': False, 'explicitly_followed_by_me': False, 'first_name': 'Kristen', 'followed_by_me': False, 'follower_count': 69, 'full_name': 'Kristen Fordney', 'id': '147281987722283470', 'image_medium_url': 'https://i.pinimg.com/75x75_RS/c9/be/10/c9be100a15bebfec8c119b8b0a6ad767.jpg', 'image_small_url': 'https://i.pinimg.com/30x30_RS/c9/be/10/c9be100a15bebfec8c119b8b0a6ad767.jpg', 'indexed': True, 'instagram_data': None, 'is_ads_only_profile': False, 'is_default_image': False, 'is_verified_merchant': False, 'node_id': 'VXNlcjoxNDcyODE5ODc3MjIyODM0NzA=', 'type': 'user', 'username': 'blueberrybaby', 'verified_identity': {}}",Pollo Asado (Chipotle Copycat Recipe),1,{},{},"Tue, 17 Jan 2023 02:36:50 +0000",,,,Pollo Asado (Chipotle Copycat Recipe),[],,fedbysab.com,#b25c27,False,,Pollo Asado (Chipotle Copycat Recipe),False,[],[],147281850307385199,39a78cdb0618255bffca2c9ceb77be16,False,True,False,False,False,False,False,https://fedbysab.com/pollo-asado-chipotle-copycat-recipe/?utm_source=pinterest&utm_medium=social&utm_campaign=grow-social-pro,1,,button,,"{'ads_only_profile_site': None, 'blocked_by_me': False, 'domain_url': None, 'domain_verified': False, 'explicitly_followed_by_me': False, 'first_name': 'Kristen', 'followed_by_me': False, 'follower_count': 69, 'full_name': 'Kristen Fordney', 'id': '147281987722283470', 'image_medium_url': 'https://i.pinimg.com/75x75_RS/c9/be/10/c9be100a15bebfec8c119b8b0a6ad767.jpg', 'image_small_url': 'https://i.pinimg.com/30x30_RS/c9/be/10/c9be100a15bebfec8c119b8b0a6ad767.jpg', 'indexed': True, 'instagram_data': None, 'is_ads_only_profile': False, 'is_default_image': False, 'is_verified_merchant': False, 'type': 'user', 'username': 'blueberrybaby', 'verified_identity': {}}",,{},,,"{'ads_only_profile_site': None, 'blocked_by_me': False, 'domain_url': None, 'domain_verified': False, 'explicitly_followed_by_me': False, 'first_name': 'Kristen', 'followed_by_me': False, 'follower_count': 69, 'full_name': 'Kristen Fordney', 'id': '147281987722283470', 'image_medium_url': 'https://i.pinimg.com/75x75_RS/c9/be/10/c9be100a15bebfec8c119b8b0a6ad767.jpg', 'image_small_url': 'https://i.pinimg.com/30x30_RS/c9/be/10/c9be100a15bebfec8c119b8b0a6ad767.jpg', 'indexed': True, 'instagram_data': None, 'is_ads_only_profile': False, 'is_default_image': False, 'is_verified_merchant': False, 'type': 'user', 'username': 'blueberrybaby', 'verified_identity': {}}",USD,0,public,,,False,,13,{'1': 13},18,4640,,Pin on Recipes,0,False,[],True,False,True,,,,,,,pin,{},,https://fedbysab.com/pollo-asado-chipotle-copycat-recipe/?utm_source=Pinterest&utm_medium=organic&utm_campaign=grow-social-pro,,,,,,
[],,,"{'aggregated_stats': {'done': 0, 'saves': 8494}, 'comment_count': 0, 'creator_analytics': None, 'did_it_data': {'details_count': 0, 'images_count': 0, 'rating': -1, 'recommend_scores': [{'count': 0, 'score': 1}, {'count': 0, 'score': 0.5}, {'count': 0, 'score': 0}], 'recommended_count': 0, 'responses_count': 0, 'tags': [], 'type': 'aggregateddiditdata', 'user_count': 0, 'videos_count': 0}, 'id': '5435049183071485820', 'is_shop_the_look': False, 'is_stela': False}",[],,,,,,"{'ads_only_profile_site': None, 'blocked_by_me': False, 'domain_url': 'www.snugandcozylife.com', 'domain_verified': True, 'explicitly_followed_by_me': False, 'first_name': 'Snug & Cozy Life | Easy Recipes + Cozy Home', 'followed_by_me': False, 'follower_count': 15134, 'full_name': 'Snug & Cozy Life | Easy Recipes + Cozy Home', 'id': '718535452956620227', 'image_medium_url': 'https://i.pinimg.com/75x75_RS/9e/cb/1c/9ecb1c8d3d460f489753661456c13152.jpg', 'image_small_url': 'https://i.pinimg.com/30x30_RS/9e/cb/1c/9ecb1c8d3d460f489753661456c13152.jpg', 'indexed': True, 'instagram_data': None, 'is_ads_only_profile': False, 'is_default_image': False, 'is_verified_merchant': False, 'node_id': 'VXNlcjo3MTg1MzU0NTI5NTY2MjAyMjc=', 'type': 'user', 'username': 'snugandcozylife', 'verified_identity': {}}","A goat cheese log covered in pieces of sweet and spicy candied bacon, finished with a drizzle of hot honey, and served with homemade crostini.",0,{},{},"Wed, 11 Jun 2025 02:22:33 +0000",,,,Million Dollar Bacon Goat Cheese Appetizer Log - Snug & Cozy Life,[],,snugandcozylife.com,#dbc4a9,False,,Million Dollar Bacon Goat Cheese Appetizer Log - Snug & Cozy Life,False,[],[],1618549864277538,342bfe0435198a4fcc8863b4f9326764,False,True,False,False,False,False,False,https://snugandcozylife.com/million-dollar-bacon-goat-cheese-appetizer-log/,2,,extension,,,,{},,,"{'ads_only_profile_site': None, 'blocked_by_me': False, 'domain_url': None, 'domain_verified': False, 'explicitly_followed_by_me': False, 'first_name': 'Corinn', 'followed_by_me': False, 'follower_count': 24, 'full_name': 'Corinn Topoleski', 'id': '1618687274521088', 'image_medium_url': 'https://s.pinimg.com/images/user/default_75.png', 'image_small_url': 'https://s.pinimg.com/images/user/default_30.png', 'indexed': True, 'instagram_data': None, 'is_ads_only_profile': False, 'is_default_image': True, 'is_verified_merchant': False, 'type': 'user', 'username': 'cmtop', 'verified_identity': {}}",USD,0,public,,,False,,45,{'1': 45},5549,8494,,Pin on Appetizers,152,False,[],False,False,True,,,,,,,pin,{},,,,,,,,
[],,,"{'aggregated_stats': {'done': 0, 'saves': 5841}, 'comment_count': 1, 'creator_analytics': None, 'did_it_data': {'details_count': 0, 'images_count': 0, 'rating': -1, 'recommend_scores': [{'count': 0, 'score': 1}, {'count': 0, 'score': 0.5}, {'count': 0, 'score': 0}], 'recommended_count': 0, 'responses_count': 0, 'tags': [], 'type': 'aggregateddiditdata', 'user_count': 0, 'videos_count': 0}, 'id': '3173889639254127296', 'is_shop_the_look': False, 'is_stela': False}",[],,,,,,"{'ads_only_profile_site': None, 'blocked_by_me': False, 'domain_url': 'lifemadesimplebakes.com', 'domain_verified': True, 'explicitly_followed_by_me': False, 'first_name': 'Life Made Simple', 'followed_by_me': False, 'follower_count': 153654, 'full_name': 'Life Made Simple', 'id': '191262452833321216', 'image_medium_url': 'https://i.pinimg.com/75x75_RS/9b/d3/69/9bd36921616b5dfe44ce09bd21903763.jpg', 'image_small_url': 'https://i.pinimg.com/30x30_RS/9b/d3/69/9bd36921616b5dfe44ce09bd21903763.jpg', 'indexed': True, 'instagram_data': None, 'is_ads_only_profile': False, 'is_default_image': False, 'is_verified_merchant': False, 'node_id': 'VXNlcjoxOTEyNjI0NTI4MzMzMjEyMTY=', 'type': 'user', 'username': 'lifemadesimplebakes', 'verified_identity': {}}",Summer Corn and Zucchini Chowder Recipe,1,{},{},"Sun, 22 Mar 2026 12:24:26 +0000",,,,Summer Corn and Zucchini Chowder Recipe,[],,lifemadesimplebakes.com,#d4c181,False,,,False,[],[],217720963236426530,106fb52da9f57c386b2bf77cdb1ba8f8,False,True,False,False,False,True,False,https://lifemadesimplebakes.com/summer-corn-and-zucchini-chowder-5/,1,,scraped,,,"{'ads_only_profile_site': None, 'blocked_by_me': False, 'domain_url': None, 'domain_verified': False, 'explicitly_followed_by_me': False, 'first_name': 'Jennifer Kreisher', 'followed_by_me': False, 'follower_count': 60, 'full_name': 'Jennifer Kreisher Powell', 'id': '19492348295645070', 'image_medium_url': 'https://i.pinimg.com/75x75_RS/f1/a0/d9/f1a0d92b53d938006053fde73e387f33.jpg', 'image_small_url': 'https://i.pinimg.com/30x30_RS/f1/a0/d9/f1a0d92b53d938006053fde73e387f33.jpg', 'indexed': False, 'instagram_data': None, 'is_ads_only_profile': False, 'is_default_image': False, 'is_verified_merchant': False, 'node_id': 'VXNlcjoxOTQ5MjM0ODI5NTY0NTA3MA==', 'type': 'user', 'username': 'jenpowel', 'verified_identity': {}}",{},,,"{'ads_only_profile_site': None, 'blocked_by_me': False, 'domain_url': 'www.mrespro.com', 'domain_verified': False, 'explicitly_followed_by_me': False, 'first_name': 'Jennifer', 'followed_by_me': False, 'follower_count': 90, 'full_name': 'Jennifer Swack', 'id': '217721100644125632', 'image_medium_url': 'https://i.pinimg.com/75x75_RS/73/5e/64/735e649b237109a583db9476f02c613c.jpg', 'image_small_url': 'https://i.pinimg.com/30x30_RS/73/5e/64/735e649b237109a583db9476f02c613c.jpg', 'indexed': True, 'instagram_data': None, 'is_ads_only_profile': False, 'is_default_image': False, 'is_verified_merchant': False, 'type': 'user', 'username': 'nikkibarlow77', 'verified_identity': {}}",USD,0,public,,,False,,21,{'1': 21},5192,5841,,Pin on Recipes to Try,227,False,[],False,False,,,,,,,,pin,{},,https://lifemadesimplebakes.com/summer-corn-and-zucchini-chowder-5/?utm_source=Pinterest&utm_medium=organic,"{'ads_only_profile_site': None, 'blocked_by_me': False, 'domain_url': None, 'domain_verified': False, 'explicitly_followed_by_me': False, 'first_name': 'Allison', 'followed_by_me': False, 'follower_count': 65, 'full_name': 'Allison Ward', 'id': '453315656150945529', 'image_medium_url': 'https://i.pinimg.com/75x75_RS/8a/af/31/8aaf31465616afa23804dce532cc1257.jpg', 'image_small_url': 'https://i.pinimg.com/30x30_RS/8a/af/31/8aaf31465616afa23804dce532cc1257.jpg', 'indexed': True, 'instagram_data': None, 'is_ads_only_profile': False, 'is_default_image': False, 'is_verified_merchant': False, 'type': 'user', 'username': 'ward14', 'verified_identity': {}}",,,,,
[],,,"{'aggregated_stats': {'done': 0, 'saves': 12}, 'comment_count': 0, 'creator_analytics': None, 'did_it_data': {'details_count': 0, 'images_count': 0, 'rating': -1, 'recommend_scores': [{'count': 0, 'score': 1}, {'count': 0, 'score': 0.5}, {'count': 0, 'score': 0}], 'recommended_count': 0, 'responses_count': 0, 'tags': [], 'type': 'aggregateddiditdata', 'user_count': 0, 'videos_count': 0}, 'id': '3327545824751011136', 'is_shop_the_look': False, 'is_stela': False}",[],,,,,,"{'ads_only_profile_site': None, 'blocked_by_me': False, 'domain_url': 'www.dishingouthealth.com', 'domain_verified': True, 'explicitly_followed_by_me': False, 'first_name': 'Dishing Out Health | Jamie Vespa MS, RD', 'followed_by_me': False, 'follower_count': 59375, 'full_name': 'Dishing Out Health | Jamie Vespa MS, RD', 'id': '167196342324560352', 'image_medium_url': 'https://i.pinimg.com/75x75_RS/46/c9/59/46c9594e7ca0a708e28afc3ac086b763.jpg', 'image_small_url': 'https://i.pinimg.com/30x30_RS/46/c9/59/46c9594e7ca0a708e28afc3ac086b763.jpg', 'indexed': True, 'instagram_data': None, 'is_ads_only_profile': False, 'is_default_image': False, 'is_verified_merchant': False, 'node_id': 'VXNlcjoxNjcxOTYzNDIzMjQ1NjAzNTI=', 'type': 'user', 'username': 'dishingouthealth', 'verified_identity': {}}","This is kind of salmon recipe that feels special (and looks impressive) but comes together effortlessly. Crispy Panko Crusted Salmon is baked until golden and served over a silky lemon-dill cream sauce for an entree that's bright, savory, and flavor-packed.",0,{},{},"Sun, 15 Mar 2026 18:49:53 +0000",,,,Panko Crusted Salmon with Creamy Dill Sauce - Dishing Out Health,[],,dishingouthealth.com,#be8b3c,False,,Panko Crusted Salmon with Lemon-Dill Cream Sauce,False,[],[],221943087883185094,1629f422fdea75c2ebdfd55f71b8b17e,False,True,False,False,False,False,False,https://dishingouthealth.com/panko-crusted-salmon/?utm_source=rss&utm_medium=rss&utm_campaign=panko-crusted-salmon#wprm-recipe-container-42674,2,,extension,,,,{},,,"{'ads_only_profile_site': None, 'blocked_by_me': False, 'domain_url': None, 'domain_verified': False, 'explicitly_followed_by_me': False, 'first_name': 'Heather', 'followed_by_me': False, 'follower_count': 297, 'full_name': 'Heather Benoit', 'id': '221943225294784209', 'image_medium_url': 'https://i.pinimg.com/75x75_RS/fc/b8/6d/fcb86dac9b07e774a813fd07a8c02495.jpg', 'image_small_url': 'https://i.pinimg.com/30x30_RS/fc/b8/6d/fcb86dac9b07e774a813fd07a8c02495.jpg', 'indexed': True, 'instagram_data': None, 'is_ads_only_profile': False, 'is_default_image': False, 'is_verified_merchant': False, 'type': 'user', 'username': 'benoihe', 'verified_identity': {}}",USD,0,public,,,False,,0,{},10,12,,Pin on From the Sea,1,False,[],False,False,True,,,,,,,pin,{},,,,,,,,
[],,,"{'aggregated_stats': {'done': 0, 'saves': 102}, 'comment_count': 0, 'creator_analytics': None, 'did_it_data': {'details_count': 0, 'images_count': 0, 'rating': -1, 'recommend_scores': [{'count': 0, 'score': 1}, {'count': 0, 'score': 0.5}, {'count': 0, 'score': 0}], 'recommended_count': 0, 'responses_count': 0, 'tags': [], 'type': 'aggregateddiditdata', 'user_count': 0, 'videos_count': 0}, 'id': '5430443601924519639', 'is_shop_the_look': False, 'is_stela': False}",[],,,,,,,This delicious slow cooker Tuscan chicken meatballs recipe combines juicy chicken meatballs with gnocchi in a flavorful creamy sauce. This hearty and comforting Italian-style meal sure to be adored by all!,0,{},{},"Fri, 16 May 2025 16:20:41 +0000",,,,This delicious slow cooker Tuscan chicken meatballs recipe combines juicy chicken meatballs with gnocchi in a flavorful creamy sauce. This hearty and comforting Italian-style meal sure to be adored by all!,[],,supergoldenbakes.com,#83785a,False,,,False,[],[],232216924531208829,6367be7fdf1664f36644901c1d0c8bbc,False,True,False,False,False,False,False,https://www.supergoldenbakes.com/slow-cooker-tuscan-chicken-meatballs-with-gnocchi/,1,,in_app_browser,,,,{},,,"{'ads_only_profile_site': None, 'blocked_by_me': False, 'domain_url': None, 'domain_verified': False, 'explicitly_followed_by_me': False, 'first_name': 'Megan', 'followed_by_me': False, 'follower_count': 1, 'full_name': 'Megan', 'id': '232217061944772351', 'image_medium_url': 'https://s.pinimg.com/images/user/default_75.png', 'image_small_url': 'https://s.pinimg.com/images/user/default_30.png', 'indexed': True, 'instagram_data': None, 'is_ads_only_profile': False, 'is_default_image': True, 'is_verified_merchant': False, 'type': 'user', 'username': 'meganmarquez3', 'verified_identity': {}}",USD,0,public,,,False,,0,{},51,102,,Pin on Megan,0,False,[],False,False,,,,,,,,pin,{},,https://www.supergoldenbakes.com/slow-cooker-tuscan-chicken-meatballs-with-gnocchi/?utm_source=Pinterest&utm_medium=organic,,,,,,
[],,,"{'aggregated_stats': {'done': 0, 'saves': 139}, 'comment_count': 0, 'creator_analytics': None, 'did_it_data': {'details_count': 0, 'images_count': 0, 'rating': -1, 'recommend_scores': [{'count': 0, 'score': 1}, {'count': 0, 'score': 0.5}, {'count': 0, 'score': 0}], 'recommended_count': 0, 'responses_count': 0, 'tags': [], 'type': 'aggregateddiditdata', 'user_count': 0, 'videos_count': 0}, 'id': '3492942782775282432', 'is_shop_the_look': False, 'is_stela': False}",[],Nourishing Indian Overnight Oats: Flavorful & Healthy Breakfast Recipe,,,,,"{'ads_only_profile_site': None, 'blocked_by_me': False, 'domain_url': None, 'domain_verified': False, 'explicitly_followed_by_me': False, 'first_name': 'The Protein Plate', 'followed_by_me': False, 'follower_count': 9, 'full_name': 'The Protein Plate', 'id': '1105915389655044260', 'image_medium_url': 'https://i.pinimg.com/75x75_RS/16/99/53/16995315f03b527a8c80faf178589271.jpg', 'image_small_url': 'https://i.pinimg.com/30x30_RS/16/99/53/16995315f03b527a8c80faf178589271.jpg', 'indexed': True, 'instagram_data': None, 'is_ads_only_profile': False, 'is_default_image': False, 'is_verified_merchant': False, 'node_id': 'VXNlcjoxMTA1OTE1Mzg5NjU1MDQ0MjYw', 'type': 'user', 'username': 'ofutoduc58', 'verified_identity': {}}",Experience the vibrant flavors of Indian cuisine with our Nourishing Indian Overnight Oats recipe. A healthy and flavorful breakfast option to kickstart your day!,0,{},{},"Wed, 17 Jun 2026 09:25:48 +0000",,,,Experience the vibrant flavors of Indian cuisine with our Nourishing Indian Overnight Oats recipe. A healthy and flavorful breakfast option to kickstart your day!,[],,sites.google.com,#b49e7e,False,,Nourishing Indian Overnight Oats: Flavorful & Healthy Breakfast Recipe,False,[],[],297589487902913971,9eb70e2788679d9cbef61bf067c3b073,True,True,False,False,False,True,False,https://sites.google.com/view/theproteinplate/home/?-protein-7752,1,,uploaded,,"{'ads_only_profile_site': None, 'blocked_by_me': False, 'domain_url': None, 'domain_verified': False, 'explicitly_followed_by_me': False, 'first_name': 'The Protein Plate', 'followed_by_me': False, 'follower_count': 9, 'full_name': 'The Protein Plate', 'id': '1105915389655044260', 'image_medium_url': 'https://i.pinimg.com/75x75_RS/16/99/53/16995315f03b527a8c80faf178589271.jpg', 'image_small_url': 'https://i.pinimg.com/30x30_RS/16/99/53/16995315f03b527a8c80faf178589271.jpg', 'indexed': True, 'instagram_data': None, 'is_ads_only_profile': False, 'is_default_image': False, 'is_verified_merchant': False, 'type': 'user', 'username': 'ofutoduc58', 'verified_identity': {}}","{'ads_only_profile_site': None, 'blocked_by_me': False, 'domain_url': None, 'domain_verified': False, 'explicitly_followed_by_me': False, 'first_name': 'The Protein Plate', 'followed_by_me': False, 'follower_count': 9, 'full_name': 'The Protein Plate', 'id': '1105915389655044260', 'image_medium_url': 'https://i.pinimg.com/75x75_RS/16/99/53/16995315f03b527a8c80faf178589271.jpg', 'image_small_url': 'https://i.pinimg.com/30x30_RS/16/99/53/16995315f03b527a8c80faf178589271.jpg', 'indexed': True, 'instagram_data': None, 'is_ads_only_profile': False, 'is_default_image': False, 'is_verified_merchant': False, 'node_id': 'VXNlcjoxMTA1OTE1Mzg5NjU1MDQ0MjYw', 'type': 'user', 'username': 'ofutoduc58', 'verified_identity': {}}",{},,,"{'ads_only_profile_site': None, 'blocked_by_me': False, 'domain_url': None, 'domain_verified': False, 'explicitly_followed_by_me': False, 'first_name': 'Jyothi Telugu Festival Food & Decor', 'followed_by_me': False, 'follower_count': 3, 'full_name': 'Jyothi Telugu Festival Food & Decor', 'id': '297589625285817575', 'image_medium_url': 'https://s.pinimg.com/images/user/default_75.png', 'image_small_url': 'https://s.pinimg.com/images/user/default_30.png', 'indexed': True, 'instagram_data': None, 'is_ads_only_profile': False, 'is_default_image': True, 'is_verified_merchant': False, 'type': 'user', 'username': 'jtdurisety', 'verified_identity': {}}",USD,0,public,,,False,,5,{'1': 5},1,139,,Pin on decor ideas,0,False,[],False,False,,,,,,,Nourishing Indian Overnight Oats: Flavorful & Healthy Breakfast Recipe,pin,{},,https://sites.google.com/view/theproteinplate/home/?-protein-7752&utm_source=Pinterest&utm_medium=organic,"{'ads_only_profile_site': None, 'blocked_by_me': False, 'domain_url': None, 'domain_verified': False, 'explicitly_followed_by_me': False, 'first_name': 'Abigail', 'followed_by_me': False, 'follower_count': 209, 'full_name': 'Abigail Matthews', 'id': '298645156448448933', 'image_medium_url': 'https://s.pinimg.com/images/user/default_75.png', 'image_small_url': 'https://s.pinimg.com/images/user/default_30.png', 'indexed': True, 'instagram_data': None, 'is_ads_only_profile': False, 'is_default_image': True, 'is_verified_merchant': False, 'type': 'user', 'username': 'AvatarOfHearts', 'verified_identity': {}}",,,,,
[],,,"{'aggregated_stats': {'done': 0, 'saves': 206}, 'comment_count': 1, 'creator_analytics': None, 'did_it_data': {'details_count': 0, 'images_count': 0, 'rating': -1, 'recommend_scores': [{'count': 0, 'score': 1}, {'count': 0, 'score': 0.5}, {'count': 0, 'score': 0}], 'recommended_count': 0, 'responses_count': 0, 'tags': [], 'type': 'aggregateddiditdata', 'user_count': 0, 'videos_count': 0}, 'id': '4892025271502259103', 'is_shop_the_look': False, 'is_stela': False}",[],,,,,,"{'ads_only_profile_site': None, 'blocked_by_me': False, 'domain_url': None, 'domain_verified': False, 'explicitly_followed_by_me': False, 'first_name': 'Shirley', 'followed_by_me': False, 'follower_count': 103, 'full_name': 'Shirley Jackson', 'id': '297659994029955097', 'image_medium_url': 'https://s.pinimg.com/images/user/default_75.png', 'image_small_url': 'https://s.pinimg.com/images/user/default_30.png', 'indexed': True, 'instagram_data': None, 'is_ads_only_profile': False, 'is_default_image': True, 'is_verified_merchant': False, 'node_id': 'VXNlcjoyOTc2NTk5OTQwMjk5NTUwOTc=', 'type': 'user', 'username': 'shirleyjackson5', 'verified_identity': {}}",This deliciously moist banana nut bread that's studded with walnuts and made healthier with greek yogurt and whole wheat flour is the perfect breakfast treat or snack. Via livelytable.com,1,{},{},"Tue, 28 Mar 2017 04:16:12 +0000",,,,This deliciously moist banana nut bread that's studded with walnuts and made healthier with greek yogurt and whole wheat flour is the perfect breakfast treat or snack. Via livelytable.com,[],,livelytable.com,#e3d4ba,False,,Healthy Banana Nut Bread,False,[],[],297659856608611568,57f85bb942f7d9a43388879710b50f8a,False,True,False,False,False,False,False,http://livelytable.com/healthy-banana-nut-bread/,0,,android,,"{'ads_only_profile_site': None, 'blocked_by_me': False, 'domain_url': None, 'domain_verified': False, 'explicitly_followed_by_me': False, 'first_name': 'Shirley', 'followed_by_me': False, 'follower_count': 103, 'full_name': 'Shirley Jackson', 'id': '297659994029955097', 'image_medium_url': 'https://s.pinimg.com/images/user/default_75.png', 'image_small_url': 'https://s.pinimg.com/images/user/default_30.png', 'indexed': True, 'instagram_data': None, 'is_ads_only_profile': False, 'is_default_image': True, 'is_verified_merchant': False, 'type': 'user', 'username': 'shirleyjackson5', 'verified_identity': {}}",,{},,,"{'ads_only_profile_site': None, 'blocked_by_me': False, 'domain_url': None, 'domain_verified': False, 'explicitly_followed_by_me': False, 'first_name': 'Shirley', 'followed_by_me': False, 'follower_count': 103, 'full_name': 'Shirley Jackson', 'id': '297659994029955097', 'image_medium_url': 'https://s.pinimg.com/images/user/default_75.png', 'image_small_url': 'https://s.pinimg.com/images/user/default_30.png', 'indexed': True, 'instagram_data': None, 'is_ads_only_profile': False, 'is_default_image': True, 'is_verified_merchant': False, 'type': 'user', 'username': 'shirleyjackson5', 'verified_identity': {}}",USD,0,public,,,False,,2,{'1': 2},86,206,,Pin on sweet breads,0,False,[],False,False,True,,,,,,,pin,{},,,,,,,,
[],,,"{'aggregated_stats': {'done': 0, 'saves': 244}, 'comment_count': 0, 'creator_analytics': None, 'did_it_data': {'details_count': 0, 'images_count': 0, 'rating': -1, 'recommend_scores': [{'count': 0, 'score': 1}, {'count': 0, 'score': 0.5}, {'count': 0, 'score': 0}], 'recommended_count': 0, 'responses_count': 0, 'tags': [], 'type': 'aggregateddiditdata', 'user_count': 0, 'videos_count': 0}, 'id': '5308132125814348969', 'is_shop_the_look': False, 'is_stela': False}",[],,,,,,"{'ads_only_profile_site': None, 'blocked_by_me': False, 'domain_url': 'www.carlsbadcravings.com', 'domain_verified': True, 'explicitly_followed_by_me': False, 'first_name': 'Carlsbad Cravings', 'followed_by_me': False, 'follower_count': 572456, 'full_name': 'Carlsbad Cravings', 'id': '371124962951460657', 'image_medium_url': 'https://i.pinimg.com/75x75_RS/05/df/58/05df58b9a00ee31f0e94d4f621d845ef.jpg', 'image_small_url': 'https://i.pinimg.com/30x30_RS/05/df/58/05df58b9a00ee31f0e94d4f621d845ef.jpg', 'indexed': True, 'instagram_data': None, 'is_ads_only_profile': False, 'is_default_image': False, 'is_verified_merchant': False, 'node_id': 'VXNlcjozNzExMjQ5NjI5NTE0NjA2NTc=', 'type': 'user', 'username': 'carlsbadcraving', 'verified_identity': {}}",London Broil Recipe with Herb Butter - Carlsbad Cravings,0,{},{},"Tue, 11 Jul 2023 15:36:23 +0000",,,,London Broil Recipe with Herb Butter - Carlsbad Cravings,[],,carlsbadcravings.com,#a26e4b,False,,,False,[],[],301670875056259240,15e69b3734f7f50dee61712616ddfd35,False,True,False,False,False,False,False,https://carlsbadcravings.com/london-broil/#wprm-recipe-container-33511,2,,extension,,,,{},,,"{'ads_only_profile_site': None, 'blocked_by_me': False, 'domain_url': None, 'domain_verified': False, 'explicitly_followed_by_me': False, 'first_name': 'Amanda', 'followed_by_me': False, 'follower_count': 41, 'full_name': 'Amanda Pagán-Glass', 'id': '301671012448083285', 'image_medium_url': 'https://i.pinimg.com/75x75_RS/34/fe/ad/34fead36ebd89f63f9c17586e2711b87.jpg', 'image_small_url': 'https://i.pinimg.com/30x30_RS/34/fe/ad/34fead36ebd89f63f9c17586e2711b87.jpg', 'indexed': True, 'instagram_data': None, 'is_ads_only_profile': False, 'is_default_image': False, 'is_verified_merchant': False, 'type': 'user', 'username': 'apaganglass', 'verified_identity': {}}",USD,0,public,,,False,,1,{'1': 1},149,244,,Pin on Recipes to Try,3,False,[],False,False,,,,,,,,pin,{},,,,,,,,
[],,,"{'aggregated_stats': {'done': 0, 'saves': 826}, 'comment_count': 1, 'creator_analytics': None, 'did_it_data': {'details_count': 0, 'images_count': 0, 'rating': -1, 'recommend_scores': [{'count': 0, 'score': 1}, {'count': 0, 'score': 0.5}, {'count': 0, 'score': 0}], 'recommended_count': 0, 'responses_count': 0, 'tags': [], 'type': 'aggregateddiditdata', 'user_count': 0, 'videos_count': 0}, 'id': '5440987309700864923', 'is_shop_the_look': False, 'is_stela': False}",[],,,,,,"{'ads_only_profile_site': None, 'blocked_by_me': False, 'domain_url': None, 'domain_verified': False, 'explicitly_followed_by_me': False, 'first_name': 'Lulu', 'followed_by_me': False, 'follower_count': 1700, 'full_name': 'Lulu Rivera', 'id': '308567149377512793', 'image_medium_url': 'https://i.pinimg.com/75x75_RS/b3/4a/5d/b34a5da8fa366167064203d3104122dc.jpg', 'image_small_url': 'https://i.pinimg.com/30x30_RS/b3/4a/5d/b34a5da8fa366167064203d3104122dc.jpg', 'indexed': False, 'instagram_data': None, 'is_ads_only_profile': False, 'is_default_image': False, 'is_verified_merchant': False, 'node_id': 'VXNlcjozMDg1NjcxNDkzNzc1MTI3OTM=', 'type': 'user', 'username': 'estrellafugaz27', 'verified_identity': {}}", ,1,{},{},"Sun, 13 Jul 2025 20:54:32 +0000",,,, ,[],,Uploaded by user,#938164,False,,,False,[],[],308567011989612868,6c32ee4669cb27810431aef784b8b9e9,False,False,False,False,False,False,False,,0,,share_extension_android,,,,{},,,"{'ads_only_profile_site': None, 'blocked_by_me': False, 'domain_url': None, 'domain_verified': False, 'explicitly_followed_by_me': False, 'first_name': 'Lulu', 'followed_by_me': False, 'follower_count': 1700, 'full_name': 'Lulu Rivera', 'id': '308567149377512793', 'image_medium_url': 'https://i.pinimg.com/75x75_RS/b3/4a/5d/b34a5da8fa366167064203d3104122dc.jpg', 'image_small_url': 'https://i.pinimg.com/30x30_RS/b3/4a/5d/b34a5da8fa366167064203d3104122dc.jpg', 'indexed': False, 'instagram_data': None, 'is_ads_only_profile': False, 'is_default_image': False, 'is_verified_merchant': False, 'type': 'user', 'username': 'estrellafugaz27', 'verified_identity': {}}",USD,0,public,,,False,,47,{'1': 47},389,826,,Pin on cuartos,2,False,[],False,False,,,,,,,,pin,{},,,,,,,,
[],,,"{'aggregated_stats': {'done': 0, 'saves': 7659}, 'comment_count': 7, 'creator_analytics': None, 'did_it_data': {'details_count': 0, 'images_count': 0, 'rating': -1, 'recommend_scores': [{'count': 0, 'score': 1}, {'count': 0, 'score': 0.5}, {'count': 0, 'score': 0}], 'recommended_count': 0, 'responses_count': 0, 'tags': [], 'type': 'aggregateddiditdata', 'user_count': 0, 'videos_count': 0}, 'id': '5326802310981010949', 'is_shop_the_look': False, 'is_stela': False}",[],,,,,,"{'ads_only_profile_site': None, 'blocked_by_me': False, 'domain_url': 'www.slimmingeats.com', 'domain_verified': True, 'explicitly_followed_by_me': False, 'first_name': 'Slimming Eats', 'followed_by_me': False, 'follower_count': 239755, 'full_name': 'Slimming Eats', 'id': '259309028453124632', 'image_medium_url': 'https://i.pinimg.com/75x75_RS/e8/93/84/e8938425f7a90bd6b07ca3b019ac29f7.jpg', 'image_small_url': 'https://i.pinimg.com/30x30_RS/e8/93/84/e8938425f7a90bd6b07ca3b019ac29f7.jpg', 'indexed': True, 'instagram_data': None, 'is_ads_only_profile': False, 'is_default_image': False, 'is_verified_merchant': False, 'node_id': 'VXNlcjoyNTkzMDkwMjg0NTMxMjQ2MzI=', 'type': 'user', 'username': 'slimmingeats', 'verified_identity': {}}","If you're in search of a hassle-free, one-pan recipe bursting with flavour, you're going to adore this One Pot Shawarma Chicken and Rice, featuring an exquisite blend of Middle Eastern spices.",7,{},{},"Mon, 06 Nov 2023 20:15:51 +0000",,,,"If you're in search of a hassle-free, one-pan recipe bursting with flavour, you're going to adore this One Pot Shawarma Chicken and Rice, featuring an exquisite blend of Middle Eastern spices.",[],,slimmingeats.com,#935b1a,False,,,False,[],[],311592867984121688,c65c50c0bd6420dddaff882c9e060523,False,True,False,False,False,False,False,https://www.slimmingeats.com/blog/one-pot-shawarma-chicken-and-rice,1,,scraped,,,,{},,,"{'ads_only_profile_site': None, 'blocked_by_me': False, 'domain_url': None, 'domain_verified': False, 'explicitly_followed_by_me': False, 'first_name': 'Carmel ', 'followed_by_me': False, 'follower_count': 196, 'full_name': 'Carmel Muise', 'id': '311593005377144341', 'image_medium_url': 'https://s.pinimg.com/images/user/default_75.png', 'image_small_url': 'https://s.pinimg.com/images/user/default_30.png', 'indexed': True, 'instagram_data': None, 'is_ads_only_profile': False, 'is_default_image': True, 'is_verified_merchant': False, 'type': 'user', 'username': 'carmelmuise', 'verified_identity': {}}",USD,0,public,,,False,,28,{'1': 28},125,7659,,Pin on Weight watchers chicken,15,False,[],False,False,,,,,,,,pin,{},,https://www.slimmingeats.com/blog/one-pot-shawarma-chicken-and-rice?utm_source=Pinterest&utm_medium=organic,,,,,,
[],,,"{'aggregated_stats': {'done': 0, 'saves': 229}, 'comment_count': 0, 'creator_analytics': None, 'did_it_data': {'details_count': 0, 'images_count': 0, 'rating': -1, 'recommend_scores': [{'count': 0, 'score': 1}, {'count': 0, 'score': 0.5}, {'count': 0, 'score': 0}], 'recommended_count': 0, 'responses_count': 0, 'tags': [], 'type': 'aggregateddiditdata', 'user_count': 0, 'videos_count': 0}, 'id': '5220877626807208014', 'is_shop_the_look': False, 'is_stela': False}",[],,,,,,"{'ads_only_profile_site': None, 'blocked_by_me': False, 'domain_url': 'www.eatwell101.com', 'domain_verified': True, 'explicitly_followed_by_me': False, 'first_name': 'Eatwell101 | Healthy Recipes & Dinner Ideas For Every Day', 'followed_by_me': False, 'follower_count': 1390331, 'full_name': 'Eatwell101 | Healthy Recipes & Dinner Ideas For Every Day', 'id': '28288441317851562', 'image_medium_url': 'https://i.pinimg.com/75x75_RS/a9/4f/cd/a94fcd62fd5d2a769793f199af39c134.jpg', 'image_small_url': 'https://i.pinimg.com/30x30_RS/a9/4f/cd/a94fcd62fd5d2a769793f199af39c134.jpg', 'indexed': True, 'instagram_data': None, 'is_ads_only_profile': False, 'is_default_image': False, 'is_verified_merchant': False, 'node_id': 'VXNlcjoyODI4ODQ0MTMxNzg1MTU2Mg==', 'type': 'user', 'username': 'Eatwell101', 'verified_identity': {'verified': True}}",Spinach Salmon Casserole Recipe - #salmon #casserole #spinach #recipe #eatwell101 - This easy salmon casserole makes a nutritious base for an amazing weeknight meal. - #recipe by #eatwell101®,0,{},{},"Thu, 17 Mar 2022 02:19:55 +0000",,,,Spinach Salmon Casserole Recipe - #salmon #casserole #spinach #recipe #eatwell101 - This easy salmon casserole makes a nutritious base for an amazing weeknight meal. - #recipe by #eatwell101®,[],,eatwell101.com,#c89b55,False,,,False,"['#salmon', '#casserole', '#spinach', '#recipe', '#eatwell101']",[],337277459604687495,7ab9dc86cae3cd8526cb266696c1d3f4,False,True,False,False,False,False,False,https://www.eatwell101.com/spinach-salmon-casserole-recipe,1,,extension,,,,{},,,"{'ads_only_profile_site': None, 'blocked_by_me': False, 'domain_url': None, 'domain_verified': False, 'explicitly_followed_by_me': False, 'first_name': 'Brianna', 'followed_by_me': False, 'follower_count': 17, 'full_name': 'Brianna St Clair', 'id': '337277597001996352', 'image_medium_url': 'https://s.pinimg.com/images/user/default_75.png', 'image_small_url': 'https://s.pinimg.com/images/user/default_30.png', 'indexed': True, 'instagram_data': None, 'is_ads_only_profile': False, 'is_default_image': True, 'is_verified_merchant': False, 'type': 'user', 'username': 'BriannaStC', 'verified_identity': {}}",USD,0,public,,,False,,2,{'1': 2},10,229,,Pin on Fish Friday,0,False,[],False,False,,,,,,,,pin,{},,https://www.eatwell101.com/spinach-salmon-casserole-recipe?utm_source=Pinterest&utm_medium=organic,,,,,,
[],,,"{'aggregated_stats': {'done': 0, 'saves': 25}, 'comment_count': 0, 'creator_analytics': None, 'did_it_data': {'details_count': 0, 'images_count': 0, 'rating': -1, 'recommend_scores': [{'count': 0, 'score': 1}, {'count': 0, 'score': 0.5}, {'count': 0, 'score': 0}], 'recommended_count': 0, 'responses_count': 0, 'tags': [], 'type': 'aggregateddiditdata', 'user_count': 0, 'videos_count': 0}, 'id': '5417491352766170842', 'is_shop_the_look': False, 'is_stela': False}",[],,,,,,"{'ads_only_profile_site': None, 'blocked_by_me': False, 'domain_url': 'www.etsy.com', 'domain_verified': True, 'explicitly_followed_by_me': False, 'first_name': 'Etsy', 'followed_by_me': False, 'follower_count': 11239885, 'full_name': 'Etsy', 'id': '155304024558534660', 'image_medium_url': 'https://i.pinimg.com/75x75_RS/d1/84/c8/d184c8624cb409c8f6e4fcf8baf91cd2.jpg', 'image_small_url': 'https://i.pinimg.com/30x30_RS/d1/84/c8/d184c8624cb409c8f6e4fcf8baf91cd2.jpg', 'indexed': True, 'instagram_data': None, 'is_ads_only_profile': False, 'is_default_image': False, 'is_verified_merchant': True, 'node_id': 'VXNlcjoxNTUzMDQwMjQ1NTg1MzQ2NjA=', 'type': 'user', 'username': 'etsy', 'verified_identity': {'name': 'etsy', 'verified': True}}",Explore a mouthwatering and reliable method for preparing salmon that guarantees perfect results every time.,0,{},{},"Wed, 05 Mar 2025 04:25:36 +0000",,,,Explore a mouthwatering and reliable method for preparing salmon that guarantees perfect results every time.,[],,etsy.com,#db9b53,False,,Irresistibly Tasty Salmon: Easy Cooking Method for Perfect Results,False,[],[],375135843979959915,63d4674465a8b25ff27f6534513c8d17,True,True,False,False,False,False,False,https://www.etsy.com/listing/1841529083/your-path-to-healthy-weight-loss-the?1708267155=,1,,uploaded,,"{'ads_only_profile_site': None, 'blocked_by_me': False, 'domain_url': None, 'domain_verified': False, 'explicitly_followed_by_me': False, 'first_name': 'Phyllis Hackett', 'followed_by_me': False, 'follower_count': 54, 'full_name': 'Phyllis Hackett', 'id': '375135981369581396', 'image_medium_url': 'https://i.pinimg.com/75x75_RS/d5/97/0c/d5970c9aef14c0b0cf79bfe12369c42a.jpg', 'image_small_url': 'https://i.pinimg.com/30x30_RS/d5/97/0c/d5970c9aef14c0b0cf79bfe12369c42a.jpg', 'indexed': True, 'instagram_data': None, 'is_ads_only_profile': False, 'is_default_image': False, 'is_verified_merchant': False, 'type': 'user', 'username': 'blue_estrellas_0905', 'verified_identity': {}}",,{},,,"{'ads_only_profile_site': None, 'blocked_by_me': False, 'domain_url': None, 'domain_verified': False, 'explicitly_followed_by_me': False, 'first_name': 'Phyllis Hackett', 'followed_by_me': False, 'follower_count': 54, 'full_name': 'Phyllis Hackett', 'id': '375135981369581396', 'image_medium_url': 'https://i.pinimg.com/75x75_RS/d5/97/0c/d5970c9aef14c0b0cf79bfe12369c42a.jpg', 'image_small_url': 'https://i.pinimg.com/30x30_RS/d5/97/0c/d5970c9aef14c0b0cf79bfe12369c42a.jpg', 'indexed': True, 'instagram_data': None, 'is_ads_only_profile': False, 'is_default_image': False, 'is_verified_merchant': False, 'type': 'user', 'username': 'blue_estrellas_0905', 'verified_identity': {}}",USD,0,public,"{'id': '-4275413708835672429', 'type': 'productmetadata'}",,False,,0,{},24,25,,Pin on Salmon Cooking: Delicious & Foolproof Recipes,9,False,[6],False,False,,,,,,,Irresistibly Tasty Salmon: Easy Cooking Method for Perfect Results,pin,{},,https://www.etsy.com/listing/1841529083/your-path-to-healthy-weight-loss-the?1708267155=&utm_source=Pinterest&utm_medium=organic,,,,,,
[],,,"{'aggregated_stats': {'done': 0, 'saves': 2}, 'comment_count': 0, 'creator_analytics': None, 'did_it_data': {'details_count': 0, 'images_count': 0, 'rating': -1, 'recommend_scores': [{'count': 0, 'score': 1}, {'count': 0, 'score': 0.5}, {'count': 0, 'score': 0}], 'recommended_count': 0, 'responses_count': 0, 'tags': [], 'type': 'aggregateddiditdata', 'user_count': 0, 'videos_count': 0}, 'id': '3127823316499057344', 'is_shop_the_look': False, 'is_stela': False}",[],"This Easy Garlic Butter Shrimp with Orzo recipe is your go-to for a quick, flavorful dinner that feels special. Juicy shrimp cooked in rich garlic butter paired with tender orzo makes for a comforting meal ready in minutes. Perfect for busy weeknights or when you want something delicious without the fuss. Simple ingredients, big taste - get ready to impress your family or guests with minimal effort!",,,,,"{'ads_only_profile_site': None, 'blocked_by_me': False, 'domain_url': 'www.etsy.com', 'domain_verified': True, 'explicitly_followed_by_me': False, 'first_name': 'Etsy', 'followed_by_me': False, 'follower_count': 11239881, 'full_name': 'Etsy', 'id': '155304024558534660', 'image_medium_url': 'https://i.pinimg.com/75x75_RS/d1/84/c8/d184c8624cb409c8f6e4fcf8baf91cd2.jpg', 'image_small_url': 'https://i.pinimg.com/30x30_RS/d1/84/c8/d184c8624cb409c8f6e4fcf8baf91cd2.jpg', 'indexed': True, 'instagram_data': None, 'is_ads_only_profile': False, 'is_default_image': False, 'is_verified_merchant': True, 'node_id': 'VXNlcjoxNTUzMDQwMjQ1NTg1MzQ2NjA=', 'type': 'user', 'username': 'etsy', 'verified_identity': {'name': 'etsy', 'verified': True}}","This Easy Garlic Butter Shrimp with Orzo recipe is your go-to for a quick, flavorful dinner that feels special. Juicy shrimp cooked in rich garlic butter paired with tender orzo makes for a comforting meal ready in minutes. Perfect for busy weeknights or when you want something delicious without the fuss. Simple ingredients, big taste - get ready to impress your family or guests with minimal effort!",0,{},{},"Mon, 05 Jan 2026 21:26:15 +0000",,,,"This Easy Garlic Butter Shrimp with Orzo recipe is your go-to for a quick, flavorful dinner that feels special. Juicy shrimp cooked in rich garlic butter paired with tender orzo makes for a comforting meal ready in minutes. Perfect for busy weeknights or when you want something delicious without the fuss. Simple ingredients, big taste - get ready to impress your family or guests with minimal effort!",[],,etsy.com,#c69356,False,,Easy Garlic Butter Shrimp with Orzo Recipe Perfect for a Quick and Delicious Dinner,False,[],[],389842911515767566,1462678e8e9195dabc5032a7e1d7b279,True,True,False,False,False,False,False,https://www.etsy.com/listing/1814000236/mediterranean-orzo-skillet-recipe-pdf?5161545495=,1,,uploaded,,"{'ads_only_profile_site': None, 'blocked_by_me': False, 'domain_url': None, 'domain_verified': False, 'explicitly_followed_by_me': False, 'first_name': 'Chiruja Zuazo', 'followed_by_me': False, 'follower_count': 56, 'full_name': 'Chiruja Zuazo', 'id': '389843048902738919', 'image_medium_url': 'https://i.pinimg.com/75x75_RS/25/68/e5/2568e5454b0427dcb554ca0cca25b690.jpg', 'image_small_url': 'https://i.pinimg.com/30x30_RS/25/68/e5/2568e5454b0427dcb554ca0cca25b690.jpg', 'indexed': True, 'instagram_data': None, 'is_ads_only_profile': False, 'is_default_image': False, 'is_verified_merchant': False, 'type': 'user', 'username': 'chiruja_zuazo', 'verified_identity': {}}",,{},,,"{'ads_only_profile_site': None, 'blocked_by_me': False, 'domain_url': None, 'domain_verified': False, 'explicitly_followed_by_me': False, 'first_name': 'Chiruja Zuazo', 'followed_by_me': False, 'follower_count': 56, 'full_name': 'Chiruja Zuazo', 'id': '389843048902738919', 'image_medium_url': 'https://i.pinimg.com/75x75_RS/25/68/e5/2568e5454b0427dcb554ca0cca25b690.jpg', 'image_small_url': 'https://i.pinimg.com/30x30_RS/25/68/e5/2568e5454b0427dcb554ca0cca25b690.jpg', 'indexed': True, 'instagram_data': None, 'is_ads_only_profile': False, 'is_default_image': False, 'is_verified_merchant': False, 'type': 'user', 'username': 'chiruja_zuazo', 'verified_identity': {}}",USD,0,public,"{'id': '7100657376107695452', 'type': 'productmetadata'}",,False,,0,{},1,2,,Pin on Garlic Butter Dishes Shrimp,1,False,[6],False,False,,,,,3127822544009147136,,Easy Garlic Butter Shrimp with Orzo Recipe Perfect for a Quick and Delicious Dinner,pin,{},,https://www.etsy.com/listing/1814000236/mediterranean-orzo-skillet-recipe-pdf?5161545495=&utm_source=Pinterest&utm_medium=organic,,,,,,"{'access': [], 'category': None, 'collaborated_by_me': False, 'description': '', 'followed_by_me': False, 'id': '389842980184336655', 'image_cover_url': 'https://i.pinimg.com/200x150/14/62/67/1462678e8e9195dabc5032a7e1d7b279.jpg', 'image_thumbnail_url': 'https://i.pinimg.com/upload/389842980184336655_board_thumbnail_2026-01-05-21-26-35_83456_60.jpg', 'is_ads_only': False, 'is_collaborative': False, 'layout': 'default', 'map_id': 'pinterest.ijz1714i', 'name': 'Garlic Butter Dishes Shrimp', 'pin_thumbnail_urls': [], 'privacy': 'public', 'type': 'board', 'url': '/chiruja_zuazo/garlic-butter-dishes-shrimp/'}"
[],,,"{'aggregated_stats': {'done': 3, 'saves': 57209}, 'comment_count': 205, 'creator_analytics': None, 'did_it_data': {'details_count': 1, 'images_count': 3, 'rating': -1, 'recommend_scores': [{'count': 0, 'score': 1}, {'count': 0, 'score': 0.5}, {'count': 0, 'score': 0}], 'recommended_count': 3, 'responses_count': 0, 'tags': [], 'type': 'aggregateddiditdata', 'user_count': 3, 'videos_count': 0}, 'id': '5423730566423954786', 'is_shop_the_look': False, 'is_stela': False}",[],,,,,,,"GIANT DATE CARAMEL CINNAMON ROLL 

Simply…no words ✨ Recipe below OR comment ‘CINNAMON’ to get the recipe sent to you 🤎

#Recipe Details:
Date Caramel:
- 20 medjool dates, pitted 
- Boiling water, enough to cover dates
- 1 cup (240ml) milk 
- 1 tsp (4g) vanilla
- 1/2 tsp (3g) salt
Dough:
- 3/4 cup (180ml) warm milk (~110F)
- 2 1/2 tsp (8g) instant or active dry yeast
- 1 egg, room temp
- 1/3 cup (76g) salted butter, very softened 
- 1/4 cup (50g) granulated sugar, divided 
- 1/2 tsp (3g) salt...",205,{},{},"Sun, 20 Apr 2025 14:12:44 +0000",,,,"GIANT DATE CARAMEL CINNAMON ROLL   Simply…no words ✨ Recipe below OR comment ‘CINNAMON’ to get the recipe sent to you 🤎  #Recipe Details: Date Caramel: - 20 medjool dates, pitted  - Boiling water, enough to cover dates - 1 cup (240ml) milk  - 1 tsp (4g) vanilla - 1/2 tsp (3g) salt Dough: - 3/4 cup (180ml) warm milk (~110F) - 2 1/2 tsp (8g) instant or active dry yeast - 1 egg, room temp - 1/3 cup (76g) salted butter, very softened  - 1/4 cup (50g) granulated sugar, divided  - 1/2 tsp (3g) salt...",[],,instagram.com,#a16226,False,,,False,['#Recipe'],[],399342691979930410,0b0ca83bb6053c3e3aed20dd8ca53469,True,True,False,False,False,True,False,https://www.instagram.com/reel/DIOlxszuEW6/,1,,instagram_api,,"{'ads_only_profile_site': None, 'blocked_by_me': False, 'domain_url': 'www.wellmadebykiley.com', 'domain_verified': False, 'explicitly_followed_by_me': False, 'first_name': 'Well Made by Kiley', 'followed_by_me': False, 'follower_count': 9960, 'full_name': 'Well Made by Kiley', 'id': '902901562702137534', 'image_medium_url': 'https://i.pinimg.com/75x75_RS/fe/37/d0/fe37d08de9230190371349261303afb3.jpg', 'image_small_url': 'https://i.pinimg.com/30x30_RS/fe/37/d0/fe37d08de9230190371349261303afb3.jpg', 'indexed': True, 'instagram_data': {'has_invalid_instagram_auth': False, 'url': 'https://www.instagram.com/wellmadebykiley', 'username': 'wellmadebykiley'}, 'is_ads_only_profile': False, 'is_default_image': False, 'is_verified_merchant': False, 'type': 'user', 'username': 'wellmadebykiley', 'verified_identity': {}}",,{},,,"{'ads_only_profile_site': None, 'blocked_by_me': False, 'domain_url': None, 'domain_verified': False, 'explicitly_followed_by_me': False, 'first_name': 'majdouline', 'followed_by_me': False, 'follower_count': 3363, 'full_name': 'majdouline manou', 'id': '399342829366692551', 'image_medium_url': 'https://i.pinimg.com/75x75_RS/d3/c4/0d/d3c40d7f20b99706efd3aecb6764b82b.jpg', 'image_small_url': 'https://i.pinimg.com/30x30_RS/d3/c4/0d/d3c40d7f20b99706efd3aecb6764b82b.jpg', 'indexed': True, 'instagram_data': None, 'is_ads_only_profile': False, 'is_default_image': False, 'is_verified_merchant': False, 'type': 'user', 'username': 'majdoulinemanou', 'verified_identity': {}}",USD,0,public,,,False,,7683,"{'1': 7682, '7': 1}",3375,57209,,Pin on eat ..  dieat... sport... health .,237,False,[],False,False,,,,,,,,pin,{},,https://www.instagram.com/reel/DIOlxszuEW6/?utm_source=Pinterest&utm_medium=organic,"{'ads_only_profile_site': None, 'blocked_by_me': False, 'domain_url': None, 'domain_verified': False, 'explicitly_followed_by_me': False, 'first_name': ""Sophie's Homestead"", 'followed_by_me': False, 'follower_count': 7902, 'full_name': ""Sophie's Homestead"", 'id': '293719344356040636', 'image_medium_url': 'https://i.pinimg.com/75x75_RS/02/a5/98/02a59827116fd393d60d2bbdf79e080f.jpg', 'image_small_url': 'https://i.pinimg.com/30x30_RS/02/a5/98/02a59827116fd393d60d2bbdf79e080f.jpg', 'indexed': True, 'instagram_data': None, 'is_ads_only_profile': False, 'is_default_image': False, 'is_verified_merchant': False, 'type': 'user', 'username': 'twincreekshomestead', 'verified_identity': {}}",,,,,
[],,,"{'aggregated_stats': {'done': 0, 'saves': 11839}, 'comment_count': 20, 'creator_analytics': None, 'did_it_data': {'details_count': 0, 'images_count': 0, 'rating': -1, 'recommend_scores': [{'count': 0, 'score': 1}, {'count': 0, 'score': 0.5}, {'count': 0, 'score': 0}], 'recommended_count': 0, 'responses_count': 0, 'tags': [], 'type': 'aggregateddiditdata', 'user_count': 0, 'videos_count': 0}, 'id': '3211827408844128384', 'is_shop_the_look': False, 'is_stela': False}",[],,,,,,"{'ads_only_profile_site': None, 'blocked_by_me': False, 'domain_url': None, 'domain_verified': False, 'explicitly_followed_by_me': False, 'first_name': '✨ Fatoş Öğretmen ✨', 'followed_by_me': False, 'follower_count': 2364, 'full_name': '✨ Fatoş Öğretmen ✨', 'id': '431993926665255769', 'image_medium_url': 'https://i.pinimg.com/75x75_RS/7e/be/7c/7ebe7ca5db5924b40bfa4cbae97fe398.jpg', 'image_small_url': 'https://i.pinimg.com/30x30_RS/7e/be/7c/7ebe7ca5db5924b40bfa4cbae97fe398.jpg', 'indexed': True, 'instagram_data': None, 'is_ads_only_profile': False, 'is_default_image': False, 'is_verified_merchant': False, 'node_id': 'VXNlcjo0MzE5OTM5MjY2NjUyNTU3Njk=', 'type': 'user', 'username': 'SnfOgrtmn58', 'verified_identity': {}}",🍀,20,{},{},"Tue, 03 Feb 2026 20:51:55 +0000",,,,🍀,[],,Uploaded by user,#6b4932,False,,,False,[],[],431993789276433739,89b5e736049f6879f36a46ef9181bc02,True,True,False,False,False,False,False,,0,,shuffles_composer,,"{'ads_only_profile_site': None, 'blocked_by_me': False, 'domain_url': None, 'domain_verified': False, 'explicitly_followed_by_me': False, 'first_name': '✨ Fatoş Öğretmen ✨', 'followed_by_me': False, 'follower_count': 2364, 'full_name': '✨ Fatoş Öğretmen ✨', 'id': '431993926665255769', 'image_medium_url': 'https://i.pinimg.com/75x75_RS/7e/be/7c/7ebe7ca5db5924b40bfa4cbae97fe398.jpg', 'image_small_url': 'https://i.pinimg.com/30x30_RS/7e/be/7c/7ebe7ca5db5924b40bfa4cbae97fe398.jpg', 'indexed': True, 'instagram_data': None, 'is_ads_only_profile': False, 'is_default_image': False, 'is_verified_merchant': False, 'type': 'user', 'username': 'SnfOgrtmn58', 'verified_identity': {}}",,{},,,"{'ads_only_profile_site': None, 'blocked_by_me': False, 'domain_url': None, 'domain_verified': False, 'explicitly_followed_by_me': False, 'first_name': '✨ Fatoş Öğretmen ✨', 'followed_by_me': False, 'follower_count': 2364, 'full_name': '✨ Fatoş Öğretmen ✨', 'id': '431993926665255769', 'image_medium_url': 'https://i.pinimg.com/75x75_RS/7e/be/7c/7ebe7ca5db5924b40bfa4cbae97fe398.jpg', 'image_small_url': 'https://i.pinimg.com/30x30_RS/7e/be/7c/7ebe7ca5db5924b40bfa4cbae97fe398.jpg', 'indexed': True, 'instagram_data': None, 'is_ads_only_profile': False, 'is_default_image': False, 'is_verified_merchant': False, 'type': 'user', 'username': 'SnfOgrtmn58', 'verified_identity': {}}",USD,0,public,,,False,,1091,{'1': 1091},5435,11839,,Pinterest,707,False,[],False,False,,"{'is_remixable': False, 'node_id': 'U2h1ZmZsZTozMjExODI2Njg4MzMwOTU2MTYw'}",,,,,🔥,pin,{},,,,,,,,
[],,,"{'aggregated_stats': {'done': 0, 'saves': 24}, 'comment_count': 0, 'creator_analytics': None, 'did_it_data': {'details_count': 0, 'images_count': 0, 'rating': -1, 'recommend_scores': [{'count': 0, 'score': 1}, {'count': 0, 'score': 0.5}, {'count': 0, 'score': 0}], 'recommended_count': 0, 'responses_count': 0, 'tags': [], 'type': 'aggregateddiditdata', 'user_count': 0, 'videos_count': 0}, 'id': '3543121307372024640', 'is_shop_the_look': False, 'is_stela': False}",[],,,,,,"{'ads_only_profile_site': None, 'blocked_by_me': False, 'domain_url': 'www.etsy.com', 'domain_verified': True, 'explicitly_followed_by_me': False, 'first_name': 'Etsy', 'followed_by_me': False, 'follower_count': 11239885, 'full_name': 'Etsy', 'id': '155304024558534660', 'image_medium_url': 'https://i.pinimg.com/75x75_RS/d1/84/c8/d184c8624cb409c8f6e4fcf8baf91cd2.jpg', 'image_small_url': 'https://i.pinimg.com/30x30_RS/d1/84/c8/d184c8624cb409c8f6e4fcf8baf91cd2.jpg', 'indexed': True, 'instagram_data': None, 'is_ads_only_profile': False, 'is_default_image': False, 'is_verified_merchant': True, 'node_id': 'VXNlcjoxNTUzMDQwMjQ1NTg1MzQ2NjA=', 'type': 'user', 'username': 'etsy', 'verified_identity': {'name': 'etsy', 'verified': True}}","Each tile measures 16"" x 10"" Each pack holds 10 tiles Borders do not come with the pack call for availability Shipping charges will apply please call for a quote Installation tips Always follow instructions as recommended by the adhesive product manufacturers installation directions. When installing any ceramic tile it is recommended to pull tiles from several different cartons at one time to insure maximum uniformity of shade throughout the installation area. Use minimum of 1/8"" grout joint when installing floor tiles. Sanded grout works best with grout joints 1/8"" or larger. Maintenance Tips Your tile do not require any sealing, it is naturally sealed and protected. Grout joints should be sealed as per manufacturers recommendations. Sweep floor and use a mild soap cleaner for regular mai",0,{},{},"Fri, 22 May 2026 16:39:58 +0000",,,,"Each tile measures 16"" x 10"" Each pack holds 10 tiles Borders do not come with the pack call for availability Shipping charges will apply please call for a quote Installation tips Always follow instructions as recommended by the adhesive product manufacturers installation directions. When installing any ceramic tile it is recommended to pull tiles from several different cartons at one time to insure maximum uniformity of shade throughout the installation area. Use minimum of 1/8"" grout joint when installing floor tiles. Sanded grout works best with grout joints 1/8"" or larger. Maintenance Tips Your tile do not require any sealing, it is naturally sealed and protected. Grout joints should be sealed as per manufacturers recommendations. Sweep floor and use a mild soap cleaner for regular mai",[],,etsy.com,#947255,False,,Andalusian Ceramic Tile Pack | Moroccan Geometric Wall Decor,False,[],[],4595219867534727808,ee73ca67ec2132ca5cec5dfd54e54622,False,True,False,False,False,False,False,https://www.etsy.com/listing/1449339069/pack-andalusian-ceramic-tile-moroccan,1,,catalog_items_api_create,,"{'ads_only_profile_site': None, 'blocked_by_me': False, 'domain_url': 'www.etsy.com', 'domain_verified': True, 'explicitly_followed_by_me': False, 'first_name': 'Etsy', 'followed_by_me': False, 'follower_count': 11239885, 'full_name': 'Etsy', 'id': '155304024558534660', 'image_medium_url': 'https://i.pinimg.com/75x75_RS/d1/84/c8/d184c8624cb409c8f6e4fcf8baf91cd2.jpg', 'image_small_url': 'https://i.pinimg.com/30x30_RS/d1/84/c8/d184c8624cb409c8f6e4fcf8baf91cd2.jpg', 'indexed': True, 'instagram_data': None, 'is_ads_only_profile': False, 'is_default_image': False, 'is_verified_merchant': True, 'type': 'user', 'username': 'etsy', 'verified_identity': {'name': 'etsy', 'verified': True}}",,{},,,"{'ads_only_profile_site': None, 'blocked_by_me': False, 'domain_url': 'www.etsy.com', 'domain_verified': True, 'explicitly_followed_by_me': False, 'first_name': 'Etsy', 'followed_by_me': False, 'follower_count': 11239885, 'full_name': 'Etsy', 'id': '155304024558534660', 'image_medium_url': 'https://i.pinimg.com/75x75_RS/d1/84/c8/d184c8624cb409c8f6e4fcf8baf91cd2.jpg', 'image_small_url': 'https://i.pinimg.com/30x30_RS/d1/84/c8/d184c8624cb409c8f6e4fcf8baf91cd2.jpg', 'indexed': True, 'instagram_data': None, 'is_ads_only_profile': False, 'is_default_image': False, 'is_verified_merchant': True, 'type': 'user', 'username': 'etsy', 'verified_identity': {'name': 'etsy', 'verified': True}}",USD,0,public,"{'id': '1589036457368894035', 'type': 'productmetadata'}",,False,,2,{'1': 2},23,24,,Pin on Products,0,False,"[1, 5, 8, 11]",False,False,,,,,,,Andalusian Ceramic Tile Pack | Moroccan Geometric Wall Decor,pin,{},,https://www.etsy.com/listing/1449339069/pack-andalusian-ceramic-tile-moroccan?utm_source=Pinterest&utm_medium=organic,,,,,,"{'access': [], 'category': 'products', 'collaborated_by_me': False, 'description': '', 'followed_by_me': False, 'id': '155303955839369647', 'image_cover_url': 'https://i.pinimg.com/200x150/4a/9b/ee/4a9bee97716a99ecae406f12c8d126db.jpg', 'image_thumbnail_url': 'https://i.pinimg.com/upload/155303955839369647_board_thumbnail_2026-06-24-00-57-55_75712_60.jpg', 'is_ads_only': False, 'is_collaborative': False, 'layout': 'default', 'map_id': 'pinterest.ijz1714i', 'name': 'Products', 'pin_thumbnail_urls': ['https://i.pinimg.com/150x150/85/b7/67/85b767281dc829b29572f1213321abf6.jpg', 'https://i.pinimg.com/150x150/7f/84/5b/7f845ba2acecb98d60fccdcff446b85d.jpg', 'https://i.pinimg.com/150x150/33/14/86/3314869a14ae4693ec6fa44724d5812d.jpg'], 'privacy': 'protected', 'type': 'board', 'url': '/etsy/_products/'}"
[],,,"{'aggregated_stats': {'done': 0, 'saves': 2352}, 'comment_count': 0, 'creator_analytics': None, 'did_it_data': {'details_count': 0, 'images_count': 0, 'rating': -1, 'recommend_scores': [{'count': 0, 'score': 1}, {'count': 0, 'score': 0.5}, {'count': 0, 'score': 0}], 'recommended_count': 0, 'responses_count': 0, 'tags': [], 'type': 'aggregateddiditdata', 'user_count': 0, 'videos_count': 0}, 'id': '5168067180333409678', 'is_shop_the_look': False, 'is_stela': False}",[],,,,,,"{'ads_only_profile_site': None, 'blocked_by_me': False, 'domain_url': 'www.carlsbadcravings.com', 'domain_verified': True, 'explicitly_followed_by_me': False, 'first_name': 'Carlsbad Cravings', 'followed_by_me': False, 'follower_count': 572456, 'full_name': 'Carlsbad Cravings', 'id': '371124962951460657', 'image_medium_url': 'https://i.pinimg.com/75x75_RS/05/df/58/05df58b9a00ee31f0e94d4f621d845ef.jpg', 'image_small_url': 'https://i.pinimg.com/30x30_RS/05/df/58/05df58b9a00ee31f0e94d4f621d845ef.jpg', 'indexed': True, 'instagram_data': None, 'is_ads_only_profile': False, 'is_default_image': False, 'is_verified_merchant': False, 'node_id': 'VXNlcjozNzExMjQ5NjI5NTE0NjA2NTc=', 'type': 'user', 'username': 'carlsbadcraving', 'verified_identity': {}}","Harissa Chicken (Grill, Oven, or Stovetop) with Cilantro Yogurt Sauce!",0,{},{},"Sun, 30 May 2021 18:11:40 +0000",,,,"Harissa Chicken (Grill, Oven, or Stovetop) with Cilantro Yogurt Sauce!",[],,carlsbadcravings.com,#ae7544,False,,,False,[],[],473581717074569680,314156454f3ca4e7c89e41c1042c4e10,False,True,False,False,False,False,False,https://carlsbadcravings.com/harissa-chicken/,2,,extension,,,,{},,,"{'ads_only_profile_site': None, 'blocked_by_me': False, 'domain_url': None, 'domain_verified': False, 'explicitly_followed_by_me': False, 'first_name': 'Mary Judith Pohlers', 'followed_by_me': False, 'follower_count': 66, 'full_name': 'Mary Judith Pohlers', 'id': '473581854474144049', 'image_medium_url': 'https://i.pinimg.com/75x75_RS/7b/48/04/7b4804cf7da036e21780552d045aa5b7.jpg', 'image_small_url': 'https://i.pinimg.com/30x30_RS/7b/48/04/7b4804cf7da036e21780552d045aa5b7.jpg', 'indexed': True, 'instagram_data': None, 'is_ads_only_profile': False, 'is_default_image': False, 'is_verified_merchant': False, 'type': 'user', 'username': 'judithpohlers', 'verified_identity': {}}",USD,0,public,,,False,,5,{'1': 5},105,2352,,Pin on Poultry,8,False,[],False,False,,,,,,,,pin,{},,,,,,,,
[],,,"{'aggregated_stats': {'done': 0, 'saves': 205}, 'comment_count': 0, 'creator_analytics': None, 'did_it_data': {'details_count': 0, 'images_count': 0, 'rating': -1, 'recommend_scores': [{'count': 0, 'score': 1}, {'count': 0, 'score': 0.5}, {'count': 0, 'score': 0}], 'recommended_count': 0, 'responses_count': 0, 'tags': [], 'type': 'aggregateddiditdata', 'user_count': 0, 'videos_count': 0}, 'id': '3126619497898830656', 'is_shop_the_look': False, 'is_stela': False}",[],,,,,,"{'ads_only_profile_site': None, 'blocked_by_me': False, 'domain_url': None, 'domain_verified': False, 'explicitly_followed_by_me': False, 'first_name': 'deborah', 'followed_by_me': False, 'follower_count': 62, 'full_name': 'deborah hornbuckle', 'id': '480126147682660107', 'image_medium_url': 'https://s.pinimg.com/images/user/default_75.png', 'image_small_url': 'https://s.pinimg.com/images/user/default_30.png', 'indexed': True, 'instagram_data': None, 'is_ads_only_profile': False, 'is_default_image': True, 'is_verified_merchant': False, 'node_id': 'VXNlcjo0ODAxMjYxNDc2ODI2NjAxMDc=', 'type': 'user', 'username': 'deborahhornbuck', 'verified_identity': {}}","Enjoy the videos and music you love, upload original content, and share it all with friends, family, and the world on YouTube.",0,{},{},"Mon, 05 Jan 2026 11:28:38 +0000",,,, ,[],,search.app,#a8764e,False,,How To Make Stanley Tucci’s Tuna Bean Salad!,False,[],[],480126010297657074,4074fb15e440c800b27393bd1eae2c96,False,True,False,False,False,False,False,https://search.app/jRuqw,2,,share_extension_android,,,,{},,,"{'ads_only_profile_site': None, 'blocked_by_me': False, 'domain_url': None, 'domain_verified': False, 'explicitly_followed_by_me': False, 'first_name': 'deborah', 'followed_by_me': False, 'follower_count': 62, 'full_name': 'deborah hornbuckle', 'id': '480126147682660107', 'image_medium_url': 'https://s.pinimg.com/images/user/default_75.png', 'image_small_url': 'https://s.pinimg.com/images/user/default_30.png', 'indexed': True, 'instagram_data': None, 'is_ads_only_profile': False, 'is_default_image': True, 'is_verified_merchant': False, 'type': 'user', 'username': 'deborahhornbuck', 'verified_identity': {}}",USD,0,public,,,False,,0,{},179,205,,Pin on food,6,False,[],False,False,,,,,,,,pin,{},,,,,,,,
[],,,"{'aggregated_stats': {'done': 5, 'saves': 2896}, 'comment_count': 15, 'creator_analytics': None, 'did_it_data': {'details_count': 5, 'images_count': 5, 'rating': -1, 'recommend_scores': [{'count': 0, 'score': 1}, {'count': 0, 'score': 0.5}, {'count': 0, 'score': 0}], 'recommended_count': 5, 'responses_count': 0, 'tags': [], 'type': 'aggregateddiditdata', 'user_count': 5, 'videos_count': 0}, 'id': '5088742635504454968', 'is_shop_the_look': False, 'is_stela': False}",[],,,,,,"{'ads_only_profile_site': None, 'blocked_by_me': False, 'domain_url': 'www.unicornsinthekitchen.com', 'domain_verified': True, 'explicitly_followed_by_me': False, 'first_name': 'Unicorns In The Kitchen', 'followed_by_me': False, 'follower_count': 63737, 'full_name': 'Unicorns In The Kitchen', 'id': '373447131509407456', 'image_medium_url': 'https://i.pinimg.com/75x75_RS/e3/0c/0e/e30c0e33a7a869a2a49df02da14c408b.jpg', 'image_small_url': 'https://i.pinimg.com/30x30_RS/e3/0c/0e/e30c0e33a7a869a2a49df02da14c408b.jpg', 'indexed': True, 'instagram_data': None, 'is_ads_only_profile': False, 'is_default_image': False, 'is_verified_merchant': False, 'node_id': 'VXNlcjozNzM0NDcxMzE1MDk0MDc0NTY=', 'type': 'user', 'username': 'UnicornsKitchen', 'verified_identity': {'verified': True}}",Quick Korean Beef and Rice is a family favorite that comes together in less than 20 minutes and tastes better than take out thanks to our secret sauce. Got ground beef? This is the recipe you'll want to make for a quick weeknight dinner! You can turn it into a bowl and serve it with some veggies! #koreanbeef #koreanbeefrecipes #groundbeefrecipes,15,{},{},"Sat, 25 Apr 2020 21:46:01 +0000",,,,Quick Korean Beef and Rice is a family favorite that comes together in less than 20 minutes and tastes better than take out thanks to our secret sauce. Got ground beef? This is the recipe you'll want to make for a quick weeknight dinner! You can turn it into a bowl and serve it with some veggies! #koreanbeef #koreanbeefrecipes #groundbeefrecipes,[],,unicornsinthekitchen.com,#cac2b8,False,,,False,"['#koreanbeef', '#koreanbeefrecipes', '#groundbeefrecipes']",[],481955597626660344,83bc091ffe3a6461d25ed162f1ce4f65,False,True,False,False,False,False,False,https://www.unicornsinthekitchen.com/quick-korean-beef/,1,,in_app_browser,,,,{},,,"{'ads_only_profile_site': None, 'blocked_by_me': False, 'domain_url': None, 'domain_verified': False, 'explicitly_followed_by_me': False, 'first_name': 'V', 'followed_by_me': False, 'follower_count': 15, 'full_name': 'V koersvelt', 'id': '481955735031256905', 'image_medium_url': 'https://s.pinimg.com/images/user/default_75.png', 'image_small_url': 'https://s.pinimg.com/images/user/default_30.png', 'indexed': True, 'instagram_data': None, 'is_ads_only_profile': False, 'is_default_image': True, 'is_verified_merchant': False, 'type': 'user', 'username': 'vkoersvelt', 'verified_identity': {}}",USD,0,public,,,False,,10,{'1': 10},32,2896,,Pin on Aqr,8,False,[],False,False,,,,,,,,pin,{},,https://www.unicornsinthekitchen.com/quick-korean-beef/?utm_source=Pinterest&utm_medium=organic,,,,,,
[],,,"{'aggregated_stats': {'done': 0, 'saves': 22}, 'comment_count': 0, 'creator_analytics': None, 'did_it_data': {'details_count': 0, 'images_count': 0, 'rating': -1, 'recommend_scores': [{'count': 0, 'score': 1}, {'count': 0, 'score': 0.5}, {'count': 0, 'score': 0}], 'recommended_count': 0, 'responses_count': 0, 'tags': [], 'type': 'aggregateddiditdata', 'user_count': 0, 'videos_count': 0}, 'id': '5452987211075087933', 'is_shop_the_look': False, 'is_stela': False}",[],,,,,,"{'ads_only_profile_site': None, 'blocked_by_me': False, 'domain_url': 'www.etsy.com', 'domain_verified': True, 'explicitly_followed_by_me': False, 'first_name': 'Etsy', 'followed_by_me': False, 'follower_count': 11239885, 'full_name': 'Etsy', 'id': '155304024558534660', 'image_medium_url': 'https://i.pinimg.com/75x75_RS/d1/84/c8/d184c8624cb409c8f6e4fcf8baf91cd2.jpg', 'image_small_url': 'https://i.pinimg.com/30x30_RS/d1/84/c8/d184c8624cb409c8f6e4fcf8baf91cd2.jpg', 'indexed': True, 'instagram_data': None, 'is_ads_only_profile': False, 'is_default_image': False, 'is_verified_merchant': True, 'node_id': 'VXNlcjoxNTUzMDQwMjQ1NTg1MzQ2NjA=', 'type': 'user', 'username': 'etsy', 'verified_identity': {'name': 'etsy', 'verified': True}}","Make a bold statement with this stunning vintage gold watch face necklace and bracelet set. Designed using gold watch faces, this one-of-a-kind jewelry set blends retro elegance with modern creativity. The unique design features five vintage watch faces linked together, creating an eye-catching and conversation-starting accessory. ♡Battery operation watch,watch can work ♡Material:Titanium steel chain,gold plating, will not oxidize ♡length:14inch +3 extender chain ♡ lobster trap ♡Need customized length? Please add note when placing order ♡ handcrafted & made with heart ♡For any custom requests, order updates or product info, feel free to drop me a message ♡Packaged in a beautiful gift box, perfect for gifting, I can handwrite a message card for you, please add a note when placing order! ♡Order processing 2-5 days. ♡Order delivery 5-12 days. ♡Please message me if you need expedited delivery! Perfect for those who love vintage aesthetics, upcycled jewelry, and timeless fashion, this set adds a sophisticated yet edgy touch to any outfit. Whether you're looking for a thoughtful gift for a jewelry lover or a distinctive piece to elevate your own collection, this set is a must-have!",0,{},{},"Thu, 18 Sep 2025 02:21:12 +0000",,,,Retro Watch Face Choker Necklace – Handmade Vintage Gold Watch Jewelry – Unique Statement Jewelry Gift for Her – Antique Timepiece Necklace - Etsy,[],,etsy.com,#b2aca2,False,,Retro Watch Face Choker Necklace – Handmade Vintage Gold Watch Jewelry – Unique Statement Jewelry Gift for Her – Antique Timepiece Necklace - Etsy,False,[],[],519813982013984639,f2a90921931de4873587b7218bb9a148,False,True,False,False,False,False,False,https://www.etsy.com/listing/1885895804/retro-watch-face-choker-necklace,1,,in_app_browser,,,,{},,,"{'ads_only_profile_site': None, 'blocked_by_me': False, 'domain_url': None, 'domain_verified': False, 'explicitly_followed_by_me': False, 'first_name': 'Tyra J', 'followed_by_me': False, 'follower_count': 214, 'full_name': 'Tyra J', 'id': '519814119398843002', 'image_medium_url': 'https://i.pinimg.com/75x75_RS/a4/49/c0/a449c0358c91cd1c13e4fa665d56ec5a.jpg', 'image_small_url': 'https://i.pinimg.com/30x30_RS/a4/49/c0/a449c0358c91cd1c13e4fa665d56ec5a.jpg', 'indexed': True, 'instagram_data': None, 'is_ads_only_profile': False, 'is_default_image': False, 'is_verified_merchant': False, 'type': 'user', 'username': 'tyrataughtyou', 'verified_identity': {}}",USD,0,public,"{'id': '-466254369112146430', 'type': 'productmetadata'}",,False,,1,{'1': 1},22,22,,Pin on deetz,1,False,"[1, 5, 8, 11]",False,False,,,,,,,,pin,{},,https://www.etsy.com/listing/1885895804/retro-watch-face-choker-necklace?utm_source=Pinterest&utm_medium=organic,,,,,,
[],,,"{'aggregated_stats': {'done': 0, 'saves': 485}, 'comment_count': 0, 'creator_analytics': None, 'did_it_data': {'details_count': 0, 'images_count': 0, 'rating': -1, 'recommend_scores': [{'count': 0, 'score': 1}, {'count': 0, 'score': 0.5}, {'count': 0, 'score': 0}], 'recommended_count': 0, 'responses_count': 0, 'tags': [], 'type': 'aggregateddiditdata', 'user_count': 0, 'videos_count': 0}, 'id': '3066554629002929280', 'is_shop_the_look': False, 'is_stela': False}",[],,,,,,"{'ads_only_profile_site': None, 'blocked_by_me': False, 'domain_url': 'foodlovinfamily.com', 'domain_verified': True, 'explicitly_followed_by_me': False, 'first_name': ""Heather | Food Lovin' Family"", 'followed_by_me': False, 'follower_count': 84267, 'full_name': ""Heather | Food Lovin' Family"", 'id': '291397175798188231', 'image_medium_url': 'https://i.pinimg.com/75x75_RS/26/32/9a/26329a1743df539cb8020755bd6eb072.jpg', 'image_small_url': 'https://i.pinimg.com/30x30_RS/26/32/9a/26329a1743df539cb8020755bd6eb072.jpg', 'indexed': True, 'instagram_data': None, 'is_ads_only_profile': False, 'is_default_image': False, 'is_verified_merchant': False, 'node_id': 'VXNlcjoyOTEzOTcxNzU3OTgxODgyMzE=', 'type': 'user', 'username': 'foodlovinfamily', 'verified_identity': {}}",Peach custard - creamy custard filling with a vanilla wafer crust. #peach #dessert #custard #peachdessert #vanillawafer #summerdessert,0,{},{},"Mon, 15 Dec 2025 18:14:09 +0000",,,,Peach custard - creamy custard filling with a vanilla wafer crust. #peach #dessert #custard #peachdessert #vanillawafer #summerdessert,[],,foodlovinfamily.com,#e6d5c9,False,,,False,"['#peach', '#dessert', '#custard', '#peachdessert', '#vanillawafer', '#summerdessert']",[],534591418292165895,27c389774a0a0cef5250efdc1c0cda83,False,True,False,False,False,False,False,https://www.foodlovinfamily.com/peach-nectar-custard-bars/,1,,in_app_browser,,,,{},,,"{'ads_only_profile_site': None, 'blocked_by_me': False, 'domain_url': None, 'domain_verified': False, 'explicitly_followed_by_me': False, 'first_name': 'Carl Kathy', 'followed_by_me': False, 'follower_count': 22, 'full_name': 'Carl Kathy Lill', 'id': '534591555676145004', 'image_medium_url': 'https://i.pinimg.com/75x75_RS/2e/8a/e9/2e8ae9a1d659bdbc18cf837543c1dfcb.jpg', 'image_small_url': 'https://i.pinimg.com/30x30_RS/2e/8a/e9/2e8ae9a1d659bdbc18cf837543c1dfcb.jpg', 'indexed': False, 'instagram_data': None, 'is_ads_only_profile': False, 'is_default_image': False, 'is_verified_merchant': False, 'type': 'user', 'username': 'kathrynlill', 'verified_identity': {}}",USD,0,public,,,False,,3,{'1': 3},360,485,,Pin on Sweets,7,False,[],False,False,,,,,,,,pin,{},,https://www.foodlovinfamily.com/peach-nectar-custard-bars/?utm_source=Pinterest&utm_medium=organic,,,,,,
[],,,"{'aggregated_stats': {'done': 0, 'saves': 132}, 'comment_count': 0, 'creator_analytics': None, 'did_it_data': {'details_count': 0, 'images_count': 0, 'rating': -1, 'recommend_scores': [{'count': 0, 'score': 1}, {'count': 0, 'score': 0.5}, {'count': 0, 'score': 0}], 'recommended_count': 0, 'responses_count': 0, 'tags': [], 'type': 'aggregateddiditdata', 'user_count': 0, 'videos_count': 0}, 'id': '3535546321637064448', 'is_shop_the_look': False, 'is_stela': False}",[],,,,,,"{'ads_only_profile_site': None, 'blocked_by_me': False, 'domain_url': 'www.bunsinmyoven.com', 'domain_verified': True, 'explicitly_followed_by_me': False, 'first_name': 'Buns in My Oven', 'followed_by_me': False, 'follower_count': 363715, 'full_name': 'Buns in My Oven', 'id': '123356614701875240', 'image_medium_url': 'https://i.pinimg.com/75x75_RS/8b/b8/77/8bb8779ffc2cf2eccf5ad8a379a16f65.jpg', 'image_small_url': 'https://i.pinimg.com/30x30_RS/8b/b8/77/8bb8779ffc2cf2eccf5ad8a379a16f65.jpg', 'indexed': True, 'instagram_data': None, 'is_ads_only_profile': False, 'is_default_image': False, 'is_verified_merchant': False, 'node_id': 'VXNlcjoxMjMzNTY2MTQ3MDE4NzUyNDA=', 'type': 'user', 'username': 'bunsinmyoven', 'verified_identity': {}}", ,0,{},{},"Mon, 09 Jun 2025 19:01:21 +0000",,,, ,[],,bunsinmyoven.com,#b87b40,False,,,False,[],[],560627853636034923,57f5f9bdf96fe22e0497272701569f4f,False,True,False,False,False,False,False,https://www.bunsinmyoven.com/big-mac-sloppy-joes/,1,,scraped,,,,{},,,"{'ads_only_profile_site': None, 'blocked_by_me': False, 'domain_url': None, 'domain_verified': False, 'explicitly_followed_by_me': False, 'first_name': 'Alexis', 'followed_by_me': False, 'follower_count': 73, 'full_name': 'Alexis Dubois', 'id': '560627991021885781', 'image_medium_url': 'https://i.pinimg.com/75x75_RS/66/77/9c/66779c482491ae31bdd5c00784161855.jpg', 'image_small_url': 'https://i.pinimg.com/30x30_RS/66/77/9c/66779c482491ae31bdd5c00784161855.jpg', 'indexed': True, 'instagram_data': None, 'is_ads_only_profile': False, 'is_default_image': False, 'is_verified_merchant': False, 'type': 'user', 'username': 'tripletcutie', 'verified_identity': {}}",USD,0,public,,,False,,0,{},125,132,,Pin on food,8,False,[],False,False,,,,,,,Big Mac Sloppy Jo,pin,{},,https://www.bunsinmyoven.com/big-mac-sloppy-joes/?utm_source=Pinterest&utm_medium=organic,,,,,,
[],,,"{'aggregated_stats': {'done': 0, 'saves': 647}, 'comment_count': 0, 'creator_analytics': None, 'did_it_data': {'details_count': 0, 'images_count': 0, 'rating': -1, 'recommend_scores': [{'count': 0, 'score': 1}, {'count': 0, 'score': 0.5}, {'count': 0, 'score': 0}], 'recommended_count': 0, 'responses_count': 0, 'tags': [], 'type': 'aggregateddiditdata', 'user_count': 0, 'videos_count': 0}, 'id': '4905728442072312931', 'is_shop_the_look': False, 'is_stela': False}",[],,,,,,"{'ads_only_profile_site': None, 'blocked_by_me': False, 'domain_url': 'www.theslowroasteditalian.com', 'domain_verified': True, 'explicitly_followed_by_me': False, 'first_name': 'Donna Elick | The Slow Roasted Italian', 'followed_by_me': False, 'follower_count': 757807, 'full_name': 'Donna Elick | The Slow Roasted Italian', 'id': '261842303243518139', 'image_medium_url': 'https://i.pinimg.com/75x75_RS/96/bb/79/96bb79e954ff363e8f8812d9cd19735a.jpg', 'image_small_url': 'https://i.pinimg.com/30x30_RS/96/bb/79/96bb79e954ff363e8f8812d9cd19735a.jpg', 'indexed': True, 'instagram_data': None, 'is_ads_only_profile': False, 'is_default_image': False, 'is_verified_merchant': False, 'node_id': 'VXNlcjoyNjE4NDIzMDMyNDM1MTgxMzk=', 'type': 'user', 'username': 'slowroasted', 'verified_identity': {}}",This simple recipe Summer Berry Cheesecake Salad recipe comes together with just 5 ingredients. Rich and creamy cheesecake filling is folded into your favorite berries to create the most amazing fruit salad ever! Your family will go nuts over it.,0,{},{},"Sun, 18 Jun 2017 22:59:41 +0000",,,,This simple recipe Summer Berry Cheesecake Salad recipe comes together with just 5 ingredients. Rich and creamy cheesecake filling is folded into your favorite berries to create the most amazing fruit salad ever! Your family will go nuts over it.,[],,theslowroasteditalian.com,#b69994,False,,,False,[],[],564146290813383546,c75f5beb030477ea6bf03f6e1723f4cf,False,True,False,False,False,False,False,http://www.theslowroasteditalian.com/2016/04/summer-berry-cheesecake-salad-recipe.html,1,,in_app_browser,,,,{},,,"{'ads_only_profile_site': None, 'blocked_by_me': False, 'domain_url': None, 'domain_verified': False, 'explicitly_followed_by_me': False, 'first_name': 'Renee', 'followed_by_me': False, 'follower_count': 35, 'full_name': 'Renee De La Rosa', 'id': '564146428230768851', 'image_medium_url': 'https://i.pinimg.com/75x75_RS/6f/a6/b8/6fa6b8621b5709a9e2c199429d391ad2.jpg', 'image_small_url': 'https://i.pinimg.com/30x30_RS/6f/a6/b8/6fa6b8621b5709a9e2c199429d391ad2.jpg', 'indexed': True, 'instagram_data': None, 'is_ads_only_profile': False, 'is_default_image': False, 'is_verified_merchant': False, 'type': 'user', 'username': 'reneedlr', 'verified_identity': {}}",USD,0,public,,,False,,0,{},454,647,,Pin on Fruit salads,0,False,[],False,False,True,,,,,,,pin,{},,http://www.theslowroasteditalian.com/2016/04/summer-berry-cheesecake-salad-recipe.html?utm_source=Pinterest&utm_medium=organic,,,,,,"{'access': [], 'category': None, 'collaborated_by_me': False, 'description': '', 'followed_by_me': False, 'id': '564146359511878087', 'image_cover_url': 'https://i.pinimg.com/200x150/c7/5f/5b/c75f5beb030477ea6bf03f6e1723f4cf.jpg', 'image_thumbnail_url': 'https://i.pinimg.com/upload/564146359511878087_board_thumbnail_2017-06-24-11-05-02_33871_60.jpg', 'is_ads_only': False, 'is_collaborative': False, 'layout': 'default', 'map_id': 'pinterest.ijz1714i', 'name': 'Fruit salads', 'pin_thumbnail_urls': ['https://i.pinimg.com/150x150/56/b4/5b/56b45b04dc13df3e48b3962bc37ab0c3.jpg'], 'privacy': 'public', 'type': 'board', 'url': '/reneedlr/fruit-salads/'}"
[],,,"{'aggregated_stats': {'done': 0, 'saves': 421}, 'comment_count': 1, 'creator_analytics': None, 'did_it_data': {'details_count': 0, 'images_count': 0, 'rating': -1, 'recommend_scores': [{'count': 0, 'score': 1}, {'count': 0, 'score': 0.5}, {'count': 0, 'score': 0}], 'recommended_count': 0, 'responses_count': 0, 'tags': [], 'type': 'aggregateddiditdata', 'user_count': 0, 'videos_count': 0}, 'id': '5417809006446042327', 'is_shop_the_look': False, 'is_stela': False}",[],,,,,,"{'ads_only_profile_site': None, 'blocked_by_me': False, 'domain_url': 'www.etsy.com', 'domain_verified': True, 'explicitly_followed_by_me': False, 'first_name': 'Etsy', 'followed_by_me': False, 'follower_count': 11239881, 'full_name': 'Etsy', 'id': '155304024558534660', 'image_medium_url': 'https://i.pinimg.com/75x75_RS/d1/84/c8/d184c8624cb409c8f6e4fcf8baf91cd2.jpg', 'image_small_url': 'https://i.pinimg.com/30x30_RS/d1/84/c8/d184c8624cb409c8f6e4fcf8baf91cd2.jpg', 'indexed': True, 'instagram_data': None, 'is_ads_only_profile': False, 'is_default_image': False, 'is_verified_merchant': True, 'node_id': 'VXNlcjoxNTUzMDQwMjQ1NTg1MzQ2NjA=', 'type': 'user', 'username': 'etsy', 'verified_identity': {'name': 'etsy', 'verified': True}}",This Pin was discovered by Palmer Recipes. Discover (and save!) your own Pins on Pinterest.,1,{},{},"Fri, 07 Mar 2025 22:49:55 +0000",,,,This Pin was discovered by Palmer Recipes. Discover (and save!) your own Pins on Pinterest.,[],,etsy.com,#bba476,False,,Pin on Dessert Ideas,False,[],[],586382814017644267,06ea5251a70afc9e8b9460d6cf6c6011,True,True,False,False,False,False,False,https://www.etsy.com/listing/1855721138/best-recipe-for-creamy-parmesan-chicken?ref=listings_manager_grid,1,,pinterest_platform,,"{'ads_only_profile_site': None, 'blocked_by_me': False, 'domain_url': 'thethoughtprocess.net', 'domain_verified': True, 'explicitly_followed_by_me': False, 'first_name': 'TTP - Lifestyle Blogger + Budgeting & Relationship', 'followed_by_me': False, 'follower_count': 20044, 'full_name': 'TTP - Lifestyle Blogger + Budgeting & Relationship', 'id': '586382951390975524', 'image_medium_url': 'https://i.pinimg.com/75x75_RS/37/a7/b2/37a7b2ee8d24a985b3e725fa7b3aeb13.jpg', 'image_small_url': 'https://i.pinimg.com/30x30_RS/37/a7/b2/37a7b2ee8d24a985b3e725fa7b3aeb13.jpg', 'indexed': True, 'instagram_data': None, 'is_ads_only_profile': False, 'is_default_image': False, 'is_verified_merchant': False, 'type': 'user', 'username': 'TheThoughtProcess_', 'verified_identity': {}}",,{},,,"{'ads_only_profile_site': None, 'blocked_by_me': False, 'domain_url': 'thethoughtprocess.net', 'domain_verified': True, 'explicitly_followed_by_me': False, 'first_name': 'TTP - Lifestyle Blogger + Budgeting & Relationship', 'followed_by_me': False, 'follower_count': 20044, 'full_name': 'TTP - Lifestyle Blogger + Budgeting & Relationship', 'id': '586382951390975524', 'image_medium_url': 'https://i.pinimg.com/75x75_RS/37/a7/b2/37a7b2ee8d24a985b3e725fa7b3aeb13.jpg', 'image_small_url': 'https://i.pinimg.com/30x30_RS/37/a7/b2/37a7b2ee8d24a985b3e725fa7b3aeb13.jpg', 'indexed': True, 'instagram_data': None, 'is_ads_only_profile': False, 'is_default_image': False, 'is_verified_merchant': False, 'type': 'user', 'username': 'TheThoughtProcess_', 'verified_identity': {}}",USD,0,public,"{'id': '1436419822566422254', 'type': 'productmetadata'}",,False,,5,{'1': 5},419,421,,Pin on Easy Dinner Recipes,17,False,"[1, 5, 8, 11]",False,False,,,,,5417809056152731522,,Pin on Dessert Ideas,pin,{},,https://www.etsy.com/listing/1855721138/best-recipe-for-creamy-parmesan-chicken?ref=listings_manager_grid&utm_source=Pinterest&utm_medium=organic,,,,,,
[],,,"{'aggregated_stats': {'done': 0, 'saves': 22799}, 'comment_count': 7, 'creator_analytics': None, 'did_it_data': {'details_count': 0, 'images_count': 0, 'rating': -1, 'recommend_scores': [{'count': 0, 'score': 1}, {'count': 0, 'score': 0.5}, {'count': 0, 'score': 0}], 'recommended_count': 0, 'responses_count': 0, 'tags': [], 'type': 'aggregateddiditdata', 'user_count': 0, 'videos_count': 0}, 'id': '5416824133474368255', 'is_shop_the_look': False, 'is_stela': False}",[],,,,,,"{'ads_only_profile_site': None, 'blocked_by_me': False, 'domain_url': 'www.etsy.com', 'domain_verified': True, 'explicitly_followed_by_me': False, 'first_name': 'Etsy', 'followed_by_me': False, 'follower_count': 11239885, 'full_name': 'Etsy', 'id': '155304024558534660', 'image_medium_url': 'https://i.pinimg.com/75x75_RS/d1/84/c8/d184c8624cb409c8f6e4fcf8baf91cd2.jpg', 'image_small_url': 'https://i.pinimg.com/30x30_RS/d1/84/c8/d184c8624cb409c8f6e4fcf8baf91cd2.jpg', 'indexed': True, 'instagram_data': None, 'is_ads_only_profile': False, 'is_default_image': False, 'is_verified_merchant': True, 'node_id': 'VXNlcjoxNTUzMDQwMjQ1NTg1MzQ2NjA=', 'type': 'user', 'username': 'etsy', 'verified_identity': {'name': 'etsy', 'verified': True}}","Savor the irresistible taste of soft pretzels stuffed with melty mozzarella, perfectly complemented by the fragrant notes of rosemary and parmesan. A delightful recipe crafted by Baker by Nature.",7,{},{},"Sun, 02 Mar 2025 12:22:51 +0000",,,,"Savor the irresistible taste of soft pretzels stuffed with melty mozzarella, perfectly complemented by the fragrant notes of rosemary and parmesan. A delightful recipe crafted by Baker by Nature.",[],,etsy.com,#c3ae91,False,,Mozzarella-Stuffed Rosemary Parmesan Pretzels by Baker by Nature,False,[],[],644366659222532526,22f7bd7901ac63e2a89280aea6d37780,True,True,False,False,False,False,False,https://www.etsy.com/listing/1841529083/your-path-to-healthy-weight-loss-the?9225466990=,1,,uploaded,,"{'ads_only_profile_site': None, 'blocked_by_me': False, 'domain_url': None, 'domain_verified': False, 'explicitly_followed_by_me': False, 'first_name': 'Sharon Palmer', 'followed_by_me': False, 'follower_count': 10, 'full_name': 'Sharon Palmer', 'id': '644366796593496604', 'image_medium_url': 'https://s.pinimg.com/images/user/default_75.png', 'image_small_url': 'https://s.pinimg.com/images/user/default_30.png', 'indexed': True, 'instagram_data': None, 'is_ads_only_profile': False, 'is_default_image': True, 'is_verified_merchant': False, 'type': 'user', 'username': 'tbrown7637', 'verified_identity': {}}",,{},,,"{'ads_only_profile_site': None, 'blocked_by_me': False, 'domain_url': None, 'domain_verified': False, 'explicitly_followed_by_me': False, 'first_name': 'Sharon Palmer', 'followed_by_me': False, 'follower_count': 10, 'full_name': 'Sharon Palmer', 'id': '644366796593496604', 'image_medium_url': 'https://s.pinimg.com/images/user/default_75.png', 'image_small_url': 'https://s.pinimg.com/images/user/default_30.png', 'indexed': True, 'instagram_data': None, 'is_ads_only_profile': False, 'is_default_image': True, 'is_verified_merchant': False, 'type': 'user', 'username': 'tbrown7637', 'verified_identity': {}}",USD,0,public,"{'id': '8846391924716991599', 'type': 'productmetadata'}",,False,,139,{'1': 139},21963,22799,,Pin on Potato Rolls with Amazing Crust by Salome89,228,False,"[1, 6, 8, 11]",False,False,,,,,,,Mozzarella-Stuffed Rosemary Parmesan Pretzels by Baker by Nature,pin,{},,https://www.etsy.com/listing/1841529083/your-path-to-healthy-weight-loss-the?9225466990=&utm_source=Pinterest&utm_medium=organic,,,,,,
[],,,"{'aggregated_stats': {'done': 0, 'saves': 244}, 'comment_count': 2, 'creator_analytics': None, 'did_it_data': {'details_count': 0, 'images_count': 0, 'rating': -1, 'recommend_scores': [{'count': 0, 'score': 1}, {'count': 0, 'score': 0.5}, {'count': 0, 'score': 0}], 'recommended_count': 0, 'responses_count': 0, 'tags': [], 'type': 'aggregateddiditdata', 'user_count': 0, 'videos_count': 0}, 'id': '5422951334831776021', 'is_shop_the_look': False, 'is_stela': False}",[],,,,,,"{'ads_only_profile_site': None, 'blocked_by_me': False, 'domain_url': None, 'domain_verified': False, 'explicitly_followed_by_me': False, 'first_name': 'Sandra Henderson', 'followed_by_me': False, 'follower_count': 7, 'full_name': 'Sandra Henderson', 'id': '674203144124775699', 'image_medium_url': 'https://s.pinimg.com/images/user/default_75.png', 'image_small_url': 'https://s.pinimg.com/images/user/default_30.png', 'indexed': True, 'instagram_data': None, 'is_ads_only_profile': False, 'is_default_image': True, 'is_verified_merchant': False, 'node_id': 'VXNlcjo2NzQyMDMxNDQxMjQ3NzU2OTk=', 'type': 'user', 'username': 'joea51', 'verified_identity': {}}",Experience the delightful fusion of bold chai spices and smooth vanilla in our cool and creamy Iced Vanilla Chai Latte. An ideal treat to savor on warm summer afternoons.,2,{},{},"Sat, 05 Apr 2025 07:57:23 +0000",,,,Experience the delightful fusion of bold chai spices and smooth vanilla in our cool and creamy Iced Vanilla Chai Latte. An ideal treat to savor on warm summer afternoons.,[],,foodsimp.com,#c2a36a,False,,Beat the Heat with a Refreshing Vanilla Chai Latte Iced Recipe,False,[],[],674203006755610387,0c5ee185132f1c0db60ee37d358ecbd1,True,True,False,False,False,False,False,https://foodsimp.com/recipe/vanilla-matcha-caffeinated-smoothie?9854755798=,1,,uploaded,,"{'ads_only_profile_site': None, 'blocked_by_me': False, 'domain_url': None, 'domain_verified': False, 'explicitly_followed_by_me': False, 'first_name': 'Sandra Henderson', 'followed_by_me': False, 'follower_count': 7, 'full_name': 'Sandra Henderson', 'id': '674203144124775699', 'image_medium_url': 'https://s.pinimg.com/images/user/default_75.png', 'image_small_url': 'https://s.pinimg.com/images/user/default_30.png', 'indexed': True, 'instagram_data': None, 'is_ads_only_profile': False, 'is_default_image': True, 'is_verified_merchant': False, 'type': 'user', 'username': 'joea51', 'verified_identity': {}}",,{},,,"{'ads_only_profile_site': None, 'blocked_by_me': False, 'domain_url': None, 'domain_verified': False, 'explicitly_followed_by_me': False, 'first_name': 'Sandra Henderson', 'followed_by_me': False, 'follower_count': 7, 'full_name': 'Sandra Henderson', 'id': '674203144124775699', 'image_medium_url': 'https://s.pinimg.com/images/user/default_75.png', 'image_small_url': 'https://s.pinimg.com/images/user/default_30.png', 'indexed': True, 'instagram_data': None, 'is_ads_only_profile': False, 'is_default_image': True, 'is_verified_merchant': False, 'type': 'user', 'username': 'joea51', 'verified_identity': {}}",USD,0,public,,,False,,2,{'1': 2},175,244,,Pin on Deliciously Creamy Chicken Recipes,6,False,[],False,False,,,,,,,Beat the Heat with a Refreshing Vanilla Chai Latte Iced Recipe,pin,{},,https://foodsimp.com/recipe/vanilla-matcha-caffeinated-smoothie?9854755798=&utm_source=Pinterest&utm_medium=organic,,,,,,
[],,,"{'aggregated_stats': {'done': 0, 'saves': 10316}, 'comment_count': 16, 'creator_analytics': None, 'did_it_data': {'details_count': 0, 'images_count': 0, 'rating': -1, 'recommend_scores': [{'count': 0, 'score': 1}, {'count': 0, 'score': 0.5}, {'count': 0, 'score': 0}], 'recommended_count': 0, 'responses_count': 0, 'tags': [], 'type': 'aggregateddiditdata', 'user_count': 0, 'videos_count': 0}, 'id': '5140777341645006788', 'is_shop_the_look': False, 'is_stela': False}",[],,,,,,"{'ads_only_profile_site': None, 'blocked_by_me': False, 'domain_url': 'www.stylishcravings.com', 'domain_verified': True, 'explicitly_followed_by_me': False, 'first_name': 'Stylish Cravings', 'followed_by_me': False, 'follower_count': 157054, 'full_name': 'Stylish Cravings', 'id': '69313419173429299', 'image_medium_url': 'https://i.pinimg.com/75x75_RS/3d/24/ec/3d24ecd48657b537e03e5cc768250077.jpg', 'image_small_url': 'https://i.pinimg.com/30x30_RS/3d/24/ec/3d24ecd48657b537e03e5cc768250077.jpg', 'indexed': True, 'instagram_data': None, 'is_ads_only_profile': False, 'is_default_image': False, 'is_verified_merchant': False, 'node_id': 'VXNlcjo2OTMxMzQxOTE3MzQyOTI5OQ==', 'type': 'user', 'username': 'stylishcravings', 'verified_identity': {}}",Avocado Chicken Egg Salad - Easy canned chicken egg salad that's packed with protein and there are so many different ways you can eat it! #lowcarb #Lowcarbrecipes #chickensalad #eggsalad #chickeneggsalad #lunchideas #leftoverideas #cannedchicken #healthyrecipes #food #recipes,16,{},{},"Wed, 30 Dec 2020 00:40:04 +0000",,,,Avocado Chicken Egg Salad - Easy canned chicken egg salad that's packed with protein and there are so many different ways you can eat it! #lowcarb #Lowcarbrecipes #chickensalad #eggsalad #chickeneggsalad #lunchideas #leftoverideas #cannedchicken #healthyrecipes #food #recipes,[],,stylishcravings.com,#c7be74,False,,Avocado Chicken Egg Salad,False,"['#lowcarb', '#Lowcarbrecipes', '#chickensalad', '#eggsalad', '#chickeneggsalad', '#lunchideas', '#leftoverideas', '#cannedchicken', '#healthyrecipes', '#food', '#recipes']",[],69313281755965986,62f256dabea03155c4fcaee09fbb3e43,True,True,False,False,False,False,False,https://stylishcravings.com/low-carb-chicken-egg-salad/,1,,uploaded,,"{'ads_only_profile_site': None, 'blocked_by_me': False, 'domain_url': 'www.stylishcravings.com', 'domain_verified': True, 'explicitly_followed_by_me': False, 'first_name': 'Stylish Cravings', 'followed_by_me': False, 'follower_count': 157054, 'full_name': 'Stylish Cravings', 'id': '69313419173429299', 'image_medium_url': 'https://i.pinimg.com/75x75_RS/3d/24/ec/3d24ecd48657b537e03e5cc768250077.jpg', 'image_small_url': 'https://i.pinimg.com/30x30_RS/3d/24/ec/3d24ecd48657b537e03e5cc768250077.jpg', 'indexed': True, 'instagram_data': None, 'is_ads_only_profile': False, 'is_default_image': False, 'is_verified_merchant': False, 'type': 'user', 'username': 'stylishcravings', 'verified_identity': {}}",,{},,,"{'ads_only_profile_site': None, 'blocked_by_me': False, 'domain_url': 'www.stylishcravings.com', 'domain_verified': True, 'explicitly_followed_by_me': False, 'first_name': 'Stylish Cravings', 'followed_by_me': False, 'follower_count': 157054, 'full_name': 'Stylish Cravings', 'id': '69313419173429299', 'image_medium_url': 'https://i.pinimg.com/75x75_RS/3d/24/ec/3d24ecd48657b537e03e5cc768250077.jpg', 'image_small_url': 'https://i.pinimg.com/30x30_RS/3d/24/ec/3d24ecd48657b537e03e5cc768250077.jpg', 'indexed': True, 'instagram_data': None, 'is_ads_only_profile': False, 'is_default_image': False, 'is_verified_merchant': False, 'type': 'user', 'username': 'stylishcravings', 'verified_identity': {}}",USD,0,public,,,False,,97,"{'1': 96, '7': 1}",704,10316,,Pin on Low Carb Recipes,35,False,[],False,False,,,,,,,Avocado Chicken Egg Salad,pin,{},,https://stylishcravings.com/low-carb-chicken-egg-salad/?utm_source=Pinterest&utm_medium=organic,,,,,,
[],,,"{'aggregated_stats': {'done': 1, 'saves': 12706}, 'comment_count': 4, 'creator_analytics': None, 'did_it_data': {'details_count': 0, 'images_count': 1, 'rating': -1, 'recommend_scores': [{'count': 0, 'score': 1}, {'count': 0, 'score': 0.5}, {'count': 0, 'score': 0}], 'recommended_count': 1, 'responses_count': 0, 'tags': [], 'type': 'aggregateddiditdata', 'user_count': 1, 'videos_count': 0}, 'id': '5395199034828839771', 'is_shop_the_look': False, 'is_stela': False}",[],,,,,,"{'ads_only_profile_site': None, 'blocked_by_me': False, 'domain_url': None, 'domain_verified': False, 'explicitly_followed_by_me': False, 'first_name': 'Desirée Alexis', 'followed_by_me': False, 'follower_count': 235, 'full_name': 'Desirée Alexis', 'id': '708613460027615178', 'image_medium_url': 'https://i.pinimg.com/75x75_RS/44/bb/66/44bb66f3d1c5fd68c212b33cb8f81ed0.jpg', 'image_small_url': 'https://i.pinimg.com/30x30_RS/44/bb/66/44bb66f3d1c5fd68c212b33cb8f81ed0.jpg', 'indexed': True, 'instagram_data': None, 'is_ads_only_profile': False, 'is_default_image': False, 'is_verified_merchant': False, 'node_id': 'VXNlcjo3MDg2MTM0NjAwMjc2MTUxNzg=', 'type': 'user', 'username': 'The11thLab', 'verified_identity': {}}","Sea of Roses captures the essence of gentle romance meeting the tranquility of the ocean. This palette combines deep blue-greens with vibrant rose tones, creating a balance between warmth and coolness. It’s perfect for brands aiming to evoke a sense of elegance and calm, with a touch of passion. Whether for a wellness brand, skincare line, or a dreamy beachside cafe, this color scheme suggests both depth and serenity, making it versatile for any project where sophistication meets nature's beauty.",4,{},{},"Sun, 03 Nov 2024 04:01:59 +0000",,,,"Sea of Roses captures the essence of gentle romance meeting the tranquility of the ocean. This palette combines deep blue-greens with vibrant rose tones, creating a balance between warmth and coolness. It’s perfect for brands aiming to evoke a sense of elegance and calm, with a touch of passion. Whether for a wellness brand, skincare line, or a dreamy beachside cafe, this color scheme suggests both depth and serenity, making it versatile for any project where sophistication meets nature's beauty.",[],,Uploaded by user,#016f95,False,,Sea of Roses,False,[],[],708613322656021401,a3c797cc300cb78587f5bb8a8b89021a,True,True,False,False,False,False,False,,0,,pin_scheduling,,"{'ads_only_profile_site': None, 'blocked_by_me': False, 'domain_url': None, 'domain_verified': False, 'explicitly_followed_by_me': False, 'first_name': 'Desirée Alexis', 'followed_by_me': False, 'follower_count': 235, 'full_name': 'Desirée Alexis', 'id': '708613460027615178', 'image_medium_url': 'https://i.pinimg.com/75x75_RS/44/bb/66/44bb66f3d1c5fd68c212b33cb8f81ed0.jpg', 'image_small_url': 'https://i.pinimg.com/30x30_RS/44/bb/66/44bb66f3d1c5fd68c212b33cb8f81ed0.jpg', 'indexed': True, 'instagram_data': None, 'is_ads_only_profile': False, 'is_default_image': False, 'is_verified_merchant': False, 'type': 'user', 'username': 'The11thLab', 'verified_identity': {}}",,{},,,"{'ads_only_profile_site': None, 'blocked_by_me': False, 'domain_url': None, 'domain_verified': False, 'explicitly_followed_by_me': False, 'first_name': 'Desirée Alexis', 'followed_by_me': False, 'follower_count': 235, 'full_name': 'Desirée Alexis', 'id': '708613460027615178', 'image_medium_url': 'https://i.pinimg.com/75x75_RS/44/bb/66/44bb66f3d1c5fd68c212b33cb8f81ed0.jpg', 'image_small_url': 'https://i.pinimg.com/30x30_RS/44/bb/66/44bb66f3d1c5fd68c212b33cb8f81ed0.jpg', 'indexed': True, 'instagram_data': None, 'is_ads_only_profile': False, 'is_default_image': False, 'is_verified_merchant': False, 'type': 'user', 'username': 'The11thLab', 'verified_identity': {}}",USD,0,public,,,False,,431,{'1': 431},1852,12706,,Pin on Design,19,False,[],True,False,,,,,5395199026639466813,,Sea of Roses,pin,{},,,,,,,,
[],,,"{'aggregated_stats': {'done': 0, 'saves': 13517}, 'comment_count': 11, 'creator_analytics': None, 'did_it_data': {'details_count': 0, 'images_count': 0, 'rating': -1, 'recommend_scores': [{'count': 0, 'score': 1}, {'count': 0, 'score': 0.5}, {'count': 0, 'score': 0}], 'recommended_count': 0, 'responses_count': 0, 'tags': [], 'type': 'aggregateddiditdata', 'user_count': 0, 'videos_count': 0}, 'id': '5425653737408476423', 'is_shop_the_look': False, 'is_stela': False}",[],,,,,,,"This gorgeous and easy Indian Butter Chickpeas recipe is a rich, creamy, and comforting dish inspired by the classic Indian butter chicken, but made entirely vegetarian. Chickpeas simmered in a spiced, buttery tomato sauce create a meal that’s both hearty and full of flavor. It’s a one-pan recipe that comes together in just 30 minutes, making it perfect for busy weeknights!",11,{},{},"Sun, 20 Apr 2025 05:54:15 +0000",,,,"This gorgeous and easy Indian Butter Chickpeas recipe is a rich, creamy, and comforting dish inspired by the classic Indian butter chicken, but made entirely vegetarian. Chickpeas simmered in a spiced, buttery tomato sauce create a meal that’s both hearty and full of flavor. It’s a one-pan recipe that comes together in just 30 minutes, making it perfect for busy weeknights!",[],,bytheforkful.com,#dc7020,False,,Indian Butter Chickpeas Recipe,False,[],[],722124121539600025,7360e3c77abcebe9283f25bf4972ceb9,True,True,False,False,False,False,False,https://www.bytheforkful.com/indian-butter-chickpeas-recipe/,1,,pinterest_platform,,"{'ads_only_profile_site': None, 'blocked_by_me': False, 'domain_url': 'bytheforkful.com', 'domain_verified': True, 'explicitly_followed_by_me': False, 'first_name': 'By The Forkful 🌱 Vegetarian Recipes', 'followed_by_me': False, 'follower_count': 3368, 'full_name': 'By The Forkful 🌱 Vegetarian Recipes', 'id': '722124258909710715', 'image_medium_url': 'https://i.pinimg.com/75x75_RS/be/ee/44/beee441f338c3068a4e6625b1d808f2b.jpg', 'image_small_url': 'https://i.pinimg.com/30x30_RS/be/ee/44/beee441f338c3068a4e6625b1d808f2b.jpg', 'indexed': True, 'instagram_data': {'has_invalid_instagram_auth': False, 'url': 'https://www.instagram.com/bytheforkful_', 'username': 'bytheforkful_'}, 'is_ads_only_profile': False, 'is_default_image': False, 'is_verified_merchant': False, 'type': 'user', 'username': 'bytheforkful_', 'verified_identity': {}}",,{},,,"{'ads_only_profile_site': None, 'blocked_by_me': False, 'domain_url': 'bytheforkful.com', 'domain_verified': True, 'explicitly_followed_by_me': False, 'first_name': 'By The Forkful 🌱 Vegetarian Recipes', 'followed_by_me': False, 'follower_count': 3368, 'full_name': 'By The Forkful 🌱 Vegetarian Recipes', 'id': '722124258909710715', 'image_medium_url': 'https://i.pinimg.com/75x75_RS/be/ee/44/beee441f338c3068a4e6625b1d808f2b.jpg', 'image_small_url': 'https://i.pinimg.com/30x30_RS/be/ee/44/beee441f338c3068a4e6625b1d808f2b.jpg', 'indexed': True, 'instagram_data': {'has_invalid_instagram_auth': False, 'url': 'https://www.instagram.com/bytheforkful_', 'username': 'bytheforkful_'}, 'is_ads_only_profile': False, 'is_default_image': False, 'is_verified_merchant': False, 'type': 'user', 'username': 'bytheforkful_', 'verified_identity': {}}",USD,0,public,,,False,,80,{'1': 80},1689,13517,,Pin on By The Forkful Recipes,64,False,[],False,False,True,,,,,,Indian Butter Chickpeas Recipe,pin,{},,https://www.bytheforkful.com/indian-butter-chickpeas-recipe/?utm_source=Pinterest&utm_medium=organic,,,,,,
[],,,"{'aggregated_stats': {'done': 0, 'saves': 21}, 'comment_count': 0, 'creator_analytics': None, 'did_it_data': {'details_count': 0, 'images_count': 0, 'rating': -1, 'recommend_scores': [{'count': 0, 'score': 1}, {'count': 0, 'score': 0.5}, {'count': 0, 'score': 0}], 'recommended_count': 0, 'responses_count': 0, 'tags': [], 'type': 'aggregateddiditdata', 'user_count': 0, 'videos_count': 0}, 'id': '5254746452130840502', 'is_shop_the_look': False, 'is_stela': False}",[],,,,,,"{'ads_only_profile_site': None, 'blocked_by_me': False, 'domain_url': 'nurturedhomes.com', 'domain_verified': True, 'explicitly_followed_by_me': False, 'first_name': 'Nurtured Homes | Emma Kelly', 'followed_by_me': False, 'follower_count': 4999, 'full_name': 'Nurtured Homes | Emma Kelly', 'id': '683280712123786426', 'image_medium_url': 'https://i.pinimg.com/75x75_RS/0b/32/60/0b3260756af8a9d3f74d262f071321c2.jpg', 'image_small_url': 'https://i.pinimg.com/30x30_RS/0b/32/60/0b3260756af8a9d3f74d262f071321c2.jpg', 'indexed': True, 'instagram_data': None, 'is_ads_only_profile': False, 'is_default_image': False, 'is_verified_merchant': False, 'node_id': 'VXNlcjo2ODMyODA3MTIxMjM3ODY0MjY=', 'type': 'user', 'username': 'nurturedhomes', 'verified_identity': {}}","Whenever I make this cilantro garlic sauce for fish, steak and chicken, I’m reminded of how versatile it is and…",0,{},{},"Tue, 20 Sep 2022 00:25:06 +0000",,,, ,[],,nurturedhomes.com,#b1a07c,False,,"Oh So Good Cilantro Garlic Sauce for Fish, Steak and Chicken - Nurtured Homes",False,[],[],729020258449144681,cceaae4732a3f46764700365a7d7b484,False,True,False,False,False,False,False,https://nurturedhomes.com/cilantro-garlic-sauce?pp=0,1,,in_app_browser,,,,{},,,"{'ads_only_profile_site': None, 'blocked_by_me': False, 'domain_url': None, 'domain_verified': False, 'explicitly_followed_by_me': False, 'first_name': 'Teva', 'followed_by_me': False, 'follower_count': 51, 'full_name': 'Teva', 'id': '729020395839318357', 'image_medium_url': 'https://s.pinimg.com/images/user/default_75.png', 'image_small_url': 'https://s.pinimg.com/images/user/default_30.png', 'indexed': True, 'instagram_data': None, 'is_ads_only_profile': False, 'is_default_image': True, 'is_verified_merchant': False, 'type': 'user', 'username': 'harristeva7', 'verified_identity': {}}",USD,0,public,,,False,,0,{},4,21,,Pin on sauces,0,False,[],False,False,True,,,,,,,pin,{},,https://nurturedhomes.com/cilantro-garlic-sauce?pp=0&utm_source=Pinterest&utm_medium=organic,,,,,,
[],,,"{'aggregated_stats': {'done': 1, 'saves': 482}, 'comment_count': 0, 'creator_analytics': None, 'did_it_data': {'details_count': 1, 'images_count': 1, 'rating': -1, 'recommend_scores': [{'count': 0, 'score': 1}, {'count': 0, 'score': 0.5}, {'count': 0, 'score': 0}], 'recommended_count': 1, 'responses_count': 0, 'tags': [], 'type': 'aggregateddiditdata', 'user_count': 1, 'videos_count': 0}, 'id': '5334490626528435382', 'is_shop_the_look': False, 'is_stela': False}",[],,,,,,"{'ads_only_profile_site': None, 'blocked_by_me': False, 'domain_url': 'bakingwithbutter.com', 'domain_verified': False, 'explicitly_followed_by_me': False, 'first_name': 'Elien - Baking With Butter', 'followed_by_me': False, 'follower_count': 5961, 'full_name': 'Elien - Baking With Butter', 'id': '754704987464166455', 'image_medium_url': 'https://i.pinimg.com/75x75_RS/e6/7b/8a/e67b8a9c28beacf1616dd0120d8e9ce5.jpg', 'image_small_url': 'https://i.pinimg.com/30x30_RS/e6/7b/8a/e67b8a9c28beacf1616dd0120d8e9ce5.jpg', 'indexed': True, 'instagram_data': None, 'is_ads_only_profile': False, 'is_default_image': False, 'is_verified_merchant': False, 'node_id': 'VXNlcjo3NTQ3MDQ5ODc0NjQxNjY0NTU=', 'type': 'user', 'username': 'lovebakingwithbutter', 'verified_identity': {}}","Amazing Cappuccino Cookies, a unique blend of white chocolate and espresso for a sophisticated and flavorful treat.",0,{},{},"Mon, 04 Dec 2023 02:54:55 +0000",,,,"Amazing Cappuccino Cookies, a unique blend of white chocolate and espresso for a sophisticated and flavorful treat.",[],,bakingwithbutter.com,#c9a572,False,,Amazing Cappuccino Cookies (White Chocolate Coffee),False,[],[],754704850083554786,ad92cb2cb022cff762a73ffd6efb77c0,True,True,False,False,False,False,False,https://bakingwithbutter.com/white-chocolate-coffee-cookies/,1,,pinterest_platform,,"{'ads_only_profile_site': None, 'blocked_by_me': False, 'domain_url': 'bakingwithbutter.com', 'domain_verified': False, 'explicitly_followed_by_me': False, 'first_name': 'Elien - Baking With Butter', 'followed_by_me': False, 'follower_count': 5961, 'full_name': 'Elien - Baking With Butter', 'id': '754704987464166455', 'image_medium_url': 'https://i.pinimg.com/75x75_RS/e6/7b/8a/e67b8a9c28beacf1616dd0120d8e9ce5.jpg', 'image_small_url': 'https://i.pinimg.com/30x30_RS/e6/7b/8a/e67b8a9c28beacf1616dd0120d8e9ce5.jpg', 'indexed': True, 'instagram_data': None, 'is_ads_only_profile': False, 'is_default_image': False, 'is_verified_merchant': False, 'type': 'user', 'username': 'lovebakingwithbutter', 'verified_identity': {}}",,{},,,"{'ads_only_profile_site': None, 'blocked_by_me': False, 'domain_url': 'bakingwithbutter.com', 'domain_verified': False, 'explicitly_followed_by_me': False, 'first_name': 'Elien - Baking With Butter', 'followed_by_me': False, 'follower_count': 5961, 'full_name': 'Elien - Baking With Butter', 'id': '754704987464166455', 'image_medium_url': 'https://i.pinimg.com/75x75_RS/e6/7b/8a/e67b8a9c28beacf1616dd0120d8e9ce5.jpg', 'image_small_url': 'https://i.pinimg.com/30x30_RS/e6/7b/8a/e67b8a9c28beacf1616dd0120d8e9ce5.jpg', 'indexed': True, 'instagram_data': None, 'is_ads_only_profile': False, 'is_default_image': False, 'is_verified_merchant': False, 'type': 'user', 'username': 'lovebakingwithbutter', 'verified_identity': {}}",USD,0,public,,,False,,1,{'1': 1},110,482,,Pin on Sweet Eats,5,False,[],False,False,,,,,,,Amazing Cappuccino Cookies (White Chocolate Coffee),pin,{},,https://bakingwithbutter.com/white-chocolate-coffee-cookies/?utm_source=Pinterest&utm_medium=organic,,,,,,
[],,,"{'aggregated_stats': {'done': 0, 'saves': 3131}, 'comment_count': 1, 'creator_analytics': None, 'did_it_data': {'details_count': 0, 'images_count': 0, 'rating': -1, 'recommend_scores': [{'count': 0, 'score': 1}, {'count': 0, 'score': 0.5}, {'count': 0, 'score': 0}], 'recommended_count': 0, 'responses_count': 0, 'tags': [], 'type': 'aggregateddiditdata', 'user_count': 0, 'videos_count': 0}, 'id': '5083647109660456133', 'is_shop_the_look': False, 'is_stela': False}",[],,,,,,,#stew,1,{},{},"Tue, 18 Feb 2020 17:29:45 +0000",,,,#stew,[],,lifemadesimplebakes.com,#a28c39,False,,Chicken and Hatch Chile Stew - Life Made Simple,False,['#stew'],[],768778598877630003,971709913d56edae917615f39925986b,False,True,False,False,False,False,False,https://lifemadesimplebakes.com/chicken-and-hatch-chile-stew/,1,,martech,,,,{},,,,USD,0,public,,,False,,3,{'1': 3},302,3131,,Pin on CHICKEN RECIPES,9,False,[],False,False,True,,,,,,Chicken and Hatch Chile Stew - Life Made Simple,pin,{},,https://lifemadesimplebakes.com/chicken-and-hatch-chile-stew/?utm_source=Pinterest&utm_medium=organic,,,,,,
[],,,"{'aggregated_stats': {'done': 0, 'saves': 2477}, 'comment_count': 0, 'creator_analytics': None, 'did_it_data': {'details_count': 0, 'images_count': 0, 'rating': -1, 'recommend_scores': [{'count': 0, 'score': 1}, {'count': 0, 'score': 0.5}, {'count': 0, 'score': 0}], 'recommended_count': 0, 'responses_count': 0, 'tags': [], 'type': 'aggregateddiditdata', 'user_count': 0, 'videos_count': 0}, 'id': '5222381891553907156', 'is_shop_the_look': False, 'is_stela': False}",[],Moroccan Tomato Couscous,,,,,,"This dish features couscous cooked in a rich tomato sauce. It is bursting with flavour and is super fluffy! This Tomato Couscous Recipe is easy-to-follow and will soon become a household favourite! Serve this delicious side with fish, meat or veggies.",0,{},{},"Fri, 25 Mar 2022 09:34:44 +0000",,,,"This dish features couscous cooked in a rich tomato sauce. It is bursting with flavour and is super fluffy! This Tomato Couscous Recipe is easy-to-follow and will soon become a household favourite! Serve this delicious side with fish, meat or veggies.",[],,simshomekitchen.com,#d96712,False,,Moroccan Tomato Couscous,False,[],[],768778598902216067,37ce808babc8132ad1558e3b2063d61c,True,True,False,False,False,False,False,https://simshomekitchen.com/moroccan-tomato-couscous-recipe/,1,,photos,,,,{},,,,USD,0,public,,,False,,17,{'1': 17},236,2477,,Pin on Simshomekitchen.com,2,False,[],False,False,,,,,,,Moroccan Tomato Couscous,pin,{},,https://simshomekitchen.com/moroccan-tomato-couscous-recipe/?utm_source=Pinterest&utm_medium=organic,,,,,,
[],,,"{'aggregated_stats': {'done': 0, 'saves': 36}, 'comment_count': 0, 'creator_analytics': None, 'did_it_data': {'details_count': 0, 'images_count': 0, 'rating': -1, 'recommend_scores': [{'count': 0, 'score': 1}, {'count': 0, 'score': 0.5}, {'count': 0, 'score': 0}], 'recommended_count': 0, 'responses_count': 0, 'tags': [], 'type': 'aggregateddiditdata', 'user_count': 0, 'videos_count': 0}, 'id': '3033129249059268288', 'is_shop_the_look': False, 'is_stela': False}",[],"Savor the perfect blend of tender zucchini and earthy mushrooms sauted to golden perfection. This healthy side dish is quick to make, bursting with flavor, and pairs beautifully with any meal. Whether you're looking to add more veggies to your plate or need a simple, nutritious recipe, this sauted zucchini and mushrooms dish is a delicious choice that's both satisfying and easy to customize.",,,,,"{'ads_only_profile_site': None, 'blocked_by_me': False, 'domain_url': None, 'domain_verified': False, 'explicitly_followed_by_me': False, 'first_name': 'Kfserhat', 'followed_by_me': False, 'follower_count': 23, 'full_name': 'Kfserhat', 'id': '786933872297454148', 'image_medium_url': 'https://s.pinimg.com/images/user/default_75.png', 'image_small_url': 'https://s.pinimg.com/images/user/default_30.png', 'indexed': True, 'instagram_data': None, 'is_ads_only_profile': False, 'is_default_image': True, 'is_verified_merchant': False, 'node_id': 'VXNlcjo3ODY5MzM4NzIyOTc0NTQxNDg=', 'type': 'user', 'username': 'akbelbaac', 'verified_identity': {}}","Savor the perfect blend of tender zucchini and earthy mushrooms sauted to golden perfection. This healthy side dish is quick to make, bursting with flavor, and pairs beautifully with any meal. Whether you're looking to add more veggies to your plate or need a simple, nutritious recipe, this sauted zucchini and mushrooms dish is a delicious choice that's both satisfying and easy to customize.",0,{},{},"Thu, 04 Dec 2025 05:31:35 +0000",,,,"Savor the perfect blend of tender zucchini and earthy mushrooms sauted to golden perfection. This healthy side dish is quick to make, bursting with flavor, and pairs beautifully with any meal. Whether you're looking to add more veggies to your plate or need a simple, nutritious recipe, this sauted zucchini and mushrooms dish is a delicious choice that's both satisfying and easy to customize.",[],,etsy.com,#81601c,False,,Deliciously Sauted Zucchini and Mushrooms Recipe for a Healthy and Flavorful Side Dish,False,[],[],786933734932887845,698fcde69a2f1ff8e4789701f83d0b31,True,True,False,False,False,False,False,https://www.etsy.com/listing/1814490530/mushroom-salad-recipe-pdf-cups-grams-o?7949264125=,1,,uploaded,,"{'ads_only_profile_site': None, 'blocked_by_me': False, 'domain_url': None, 'domain_verified': False, 'explicitly_followed_by_me': False, 'first_name': 'Kfserhat', 'followed_by_me': False, 'follower_count': 23, 'full_name': 'Kfserhat', 'id': '786933872297454148', 'image_medium_url': 'https://s.pinimg.com/images/user/default_75.png', 'image_small_url': 'https://s.pinimg.com/images/user/default_30.png', 'indexed': True, 'instagram_data': None, 'is_ads_only_profile': False, 'is_default_image': True, 'is_verified_merchant': False, 'type': 'user', 'username': 'akbelbaac', 'verified_identity': {}}",,{},,,"{'ads_only_profile_site': None, 'blocked_by_me': False, 'domain_url': None, 'domain_verified': False, 'explicitly_followed_by_me': False, 'first_name': 'Kfserhat', 'followed_by_me': False, 'follower_count': 23, 'full_name': 'Kfserhat', 'id': '786933872297454148', 'image_medium_url': 'https://s.pinimg.com/images/user/default_75.png', 'image_small_url': 'https://s.pinimg.com/images/user/default_30.png', 'indexed': True, 'instagram_data': None, 'is_ads_only_profile': False, 'is_default_image': True, 'is_verified_merchant': False, 'type': 'user', 'username': 'akbelbaac', 'verified_identity': {}}",USD,0,public,,,False,,2,{'1': 2},35,36,,Pin on Food and Drink,2,False,[],False,False,,,,,3033129241812948352,,Deliciously Sauted Zucchini and Mushrooms Recipe for a Healthy and Flavorful Side Dish,pin,{},,https://www.etsy.com/listing/1814490530/mushroom-salad-recipe-pdf-cups-grams-o?7949264125=&utm_source=Pinterest&utm_medium=organic,,,,,,
[],,,"{'aggregated_stats': {'done': 0, 'saves': 63122}, 'comment_count': 24, 'creator_analytics': None, 'did_it_data': {'details_count': 0, 'images_count': 0, 'rating': -1, 'recommend_scores': [{'count': 0, 'score': 1}, {'count': 0, 'score': 0.5}, {'count': 0, 'score': 0}], 'recommended_count': 0, 'responses_count': 0, 'tags': [], 'type': 'aggregateddiditdata', 'user_count': 0, 'videos_count': 0}, 'id': '5312878456225189157', 'is_shop_the_look': False, 'is_stela': False}",[],,,,,,"{'ads_only_profile_site': None, 'blocked_by_me': False, 'domain_url': None, 'domain_verified': False, 'explicitly_followed_by_me': False, 'first_name': '𝓚𝓢𝓔𝓝𝓘𝓐', 'followed_by_me': False, 'follower_count': 2347, 'full_name': '𝓚𝓢𝓔𝓝𝓘𝓐', 'id': '815573951177623130', 'image_medium_url': 'https://i.pinimg.com/75x75_RS/33/08/13/33081324d749538f6ff64045d4a4c30a.jpg', 'image_small_url': 'https://i.pinimg.com/30x30_RS/33/08/13/33081324d749538f6ff64045d4a4c30a.jpg', 'indexed': True, 'instagram_data': None, 'is_ads_only_profile': False, 'is_default_image': False, 'is_verified_merchant': False, 'node_id': 'VXNlcjo4MTU1NzM5NTExNzc2MjMxMzA=', 'type': 'user', 'username': 'kisssenia', 'verified_identity': {}}"," 

Классический рецепт турецкого Карниярык 🍆🤤🫶

Ингредиенты
 • 2 больших баклажана
 • 4 столовые ложки оливкового масла
 • 200/250 гр тертой моцареллы или сыра чеддер
 • Масло
 • 300 г мясного фарша
 • 1 луковица
 • 1-2 зеленых перца
 • 2 помидора
 • 1 столовая ложка томатной пасты
 • 1 чайная ложка паприки
 • 1/2 чайной ложки черного перца
 • 1/4 чайной ложки паприки
 • 1/2 чайной ложки тимьяна
 • Соль
 • 100 мл воды

Приготовление:

Баклажаны помойте, разрежьте вдоль пополам и нарежьте ножом как на видео. Смешайте 4 столовые ложки оливкового масла, немного соли и перца и смажьте баклажаны. Затем выложить в форму для запекания и запекать в разогретой до 200 градусов духовке (верхний и нижний нагрев) 30 минут до мягкости.

Тем временем разогрейте масло в сковороде. Недолго обжариваем на",24,{},{},"Sun, 06 Aug 2023 20:16:49 +0000",,,," 

Классический рецепт турецкого Карниярык 🍆🤤🫶

Ингредиенты
 • 2 больших баклажана
 • 4 столовые ложки оливкового масла
 • 200/250 гр тертой моцареллы или сыра чеддер
 • Масло
 • 300 г мясного фарша
 • 1 луковица
 • 1-2 зеленых перца
 • 2 помидора
 • 1 столовая ложка томатной пасты
 • 1 чайная ложка паприки
 • 1/2 чайной ложки черного перца
 • 1/4 чайной ложки паприки
 • 1/2 чайной ложки тимьяна
 • Соль
 • 100 мл воды

Приготовление:

Баклажаны помойте, разрежьте вдоль пополам и нарежьте ножом как на видео. Смешайте 4 столовые ложки оливкового масла, немного соли и перца и смажьте баклажаны. Затем выложить в форму для запекания и запекать в разогретой до 200 градусов духовке (верхний и нижний нагрев) 30 минут до мягкости.

Тем временем разогрейте масло в сковороде. Недолго обжариваем на",[],,Uploaded by user,#85604e,False,,Классический рецепт турецкого Карниярык 🍆🤤🫶,False,[],[],815573814206130938,e90bec22b15b761243355baf4ac2cb2d,True,True,False,False,False,False,False,,0,,photos,,"{'ads_only_profile_site': None, 'blocked_by_me': False, 'domain_url': None, 'domain_verified': False, 'explicitly_followed_by_me': False, 'first_name': '𝓚𝓢𝓔𝓝𝓘𝓐', 'followed_by_me': False, 'follower_count': 2347, 'full_name': '𝓚𝓢𝓔𝓝𝓘𝓐', 'id': '815573951177623130', 'image_medium_url': 'https://i.pinimg.com/75x75_RS/33/08/13/33081324d749538f6ff64045d4a4c30a.jpg', 'image_small_url': 'https://i.pinimg.com/30x30_RS/33/08/13/33081324d749538f6ff64045d4a4c30a.jpg', 'indexed': True, 'instagram_data': None, 'is_ads_only_profile': False, 'is_default_image': False, 'is_verified_merchant': False, 'type': 'user', 'username': 'kisssenia', 'verified_identity': {}}",,{},,,"{'ads_only_profile_site': None, 'blocked_by_me': False, 'domain_url': None, 'domain_verified': False, 'explicitly_followed_by_me': False, 'first_name': '𝓚𝓢𝓔𝓝𝓘𝓐', 'followed_by_me': False, 'follower_count': 2347, 'full_name': '𝓚𝓢𝓔𝓝𝓘𝓐', 'id': '815573951177623130', 'image_medium_url': 'https://i.pinimg.com/75x75_RS/33/08/13/33081324d749538f6ff64045d4a4c30a.jpg', 'image_small_url': 'https://i.pinimg.com/30x30_RS/33/08/13/33081324d749538f6ff64045d4a4c30a.jpg', 'indexed': True, 'instagram_data': None, 'is_ads_only_profile': False, 'is_default_image': False, 'is_verified_merchant': False, 'type': 'user', 'username': 'kisssenia', 'verified_identity': {}}",USD,0,public,,,False,,4856,"{'1': 4855, '11': 1}",62763,63122,,Pin on Кулинария ∞︎︎ Cooking,5826,False,[],False,True,,,,,5312878455711384819,,Классический рецепт турецкого Карниярык 🍆🤤🫶,pin,{},,,,,,,,
[],,,"{'aggregated_stats': {'done': 0, 'saves': 791}, 'comment_count': 0, 'creator_analytics': None, 'did_it_data': {'details_count': 0, 'images_count': 0, 'rating': -1, 'recommend_scores': [{'count': 0, 'score': 1}, {'count': 0, 'score': 0.5}, {'count': 0, 'score': 0}], 'recommended_count': 0, 'responses_count': 0, 'tags': [], 'type': 'aggregateddiditdata', 'user_count': 0, 'videos_count': 0}, 'id': '5434640808561143165', 'is_shop_the_look': False, 'is_stela': False}",[],,,,,,"{'ads_only_profile_site': None, 'blocked_by_me': False, 'domain_url': 'lonerecipes.com', 'domain_verified': True, 'explicitly_followed_by_me': False, 'first_name': 'Lone Recipes', 'followed_by_me': False, 'follower_count': 1172, 'full_name': 'Lone Recipes', 'id': '820640500758484507', 'image_medium_url': 'https://i.pinimg.com/75x75_RS/8a/35/fe/8a35fe7df1c9816ecbe749569358a962.jpg', 'image_small_url': 'https://i.pinimg.com/30x30_RS/8a/35/fe/8a35fe7df1c9816ecbe749569358a962.jpg', 'indexed': True, 'instagram_data': None, 'is_ads_only_profile': False, 'is_default_image': False, 'is_verified_merchant': False, 'node_id': 'VXNlcjo4MjA2NDA1MDA3NTg0ODQ1MDc=', 'type': 'user', 'username': 'Lone_recipes', 'verified_identity': {}}",This Virgin Lavender Mojito is the perfect blend of floral elegance and refreshing taste. It's an ideal non-alcoholic option for entertaining or simply treating yourself to something special. The beautiful purple color and aromatic garnish make it as visually stunning as it is delicious. Serve it at your next gathering and watch your guests fall in love with this sophisticated mocktail.,0,{},{},"Sun, 08 Jun 2025 20:16:42 +0000",,,,This Virgin Lavender Mojito is the perfect blend of floral elegance and refreshing taste. It's an ideal non-alcoholic option for entertaining or simply treating yourself to something special. The beautiful purple color and aromatic garnish make it as visually stunning as it is delicious. Serve it at your next gathering and watch your guests fall in love with this sophisticated mocktail.,[],,lonerecipes.com,#8f7aa6,False,,Refreshing Virgin Lavender Mojito with Fresh Mint and Sparkling Water,False,[],[],820640363391212118,41956a7fbd6ac81dbe9ce4f6406604fc,True,True,False,False,False,False,False,https://lonerecipes.com/recipes/virginlavendermojito.html,1,,uploaded,,"{'ads_only_profile_site': None, 'blocked_by_me': False, 'domain_url': 'lonerecipes.com', 'domain_verified': True, 'explicitly_followed_by_me': False, 'first_name': 'Lone Recipes', 'followed_by_me': False, 'follower_count': 1172, 'full_name': 'Lone Recipes', 'id': '820640500758484507', 'image_medium_url': 'https://i.pinimg.com/75x75_RS/8a/35/fe/8a35fe7df1c9816ecbe749569358a962.jpg', 'image_small_url': 'https://i.pinimg.com/30x30_RS/8a/35/fe/8a35fe7df1c9816ecbe749569358a962.jpg', 'indexed': True, 'instagram_data': None, 'is_ads_only_profile': False, 'is_default_image': False, 'is_verified_merchant': False, 'type': 'user', 'username': 'Lone_recipes', 'verified_identity': {}}",,{},,,"{'ads_only_profile_site': None, 'blocked_by_me': False, 'domain_url': 'lonerecipes.com', 'domain_verified': True, 'explicitly_followed_by_me': False, 'first_name': 'Lone Recipes', 'followed_by_me': False, 'follower_count': 1172, 'full_name': 'Lone Recipes', 'id': '820640500758484507', 'image_medium_url': 'https://i.pinimg.com/75x75_RS/8a/35/fe/8a35fe7df1c9816ecbe749569358a962.jpg', 'image_small_url': 'https://i.pinimg.com/30x30_RS/8a/35/fe/8a35fe7df1c9816ecbe749569358a962.jpg', 'indexed': True, 'instagram_data': None, 'is_ads_only_profile': False, 'is_default_image': False, 'is_verified_merchant': False, 'type': 'user', 'username': 'Lone_recipes', 'verified_identity': {}}",USD,0,public,,,False,,14,{'1': 14},214,791,,Pin on beverages,9,False,[],False,False,True,,,,5434640760142086060,,Refreshing Virgin Lavender Mojito with Fresh Mint and Sparkling Water,pin,{},,https://lonerecipes.com/recipes/virginlavendermojito.html?utm_source=Pinterest&utm_medium=organic,,,,,,
[],,,"{'aggregated_stats': {'done': 0, 'saves': 782}, 'comment_count': 0, 'creator_analytics': None, 'did_it_data': {'details_count': 0, 'images_count': 0, 'rating': -1, 'recommend_scores': [{'count': 0, 'score': 1}, {'count': 0, 'score': 0.5}, {'count': 0, 'score': 0}], 'recommended_count': 0, 'responses_count': 0, 'tags': [], 'type': 'aggregateddiditdata', 'user_count': 0, 'videos_count': 0}, 'id': '3260205612303992448', 'is_shop_the_look': False, 'is_stela': False}",[],,,,,,"{'ads_only_profile_site': None, 'blocked_by_me': False, 'domain_url': 'dinewithlila.com', 'domain_verified': True, 'explicitly_followed_by_me': False, 'first_name': 'Easy Recipes | Dine With Lila', 'followed_by_me': False, 'follower_count': 140, 'full_name': 'Easy Recipes | Dine With Lila', 'id': '977773906507348567', 'image_medium_url': 'https://i.pinimg.com/75x75_RS/36/47/87/364787cbfe895517d38ddcae37b578bb.jpg', 'image_small_url': 'https://i.pinimg.com/30x30_RS/36/47/87/364787cbfe895517d38ddcae37b578bb.jpg', 'indexed': True, 'instagram_data': None, 'is_ads_only_profile': False, 'is_default_image': False, 'is_verified_merchant': False, 'node_id': 'VXNlcjo5Nzc3NzM5MDY1MDczNDg1Njc=', 'type': 'user', 'username': 'easyrecipesdinewithlila', 'verified_identity': {}}","This Flavorful Cajun Garlic Butter Sauce is an easy recipe that delivers big flavor in under 10 minutes. Made with rich butter, aromatic garlic, Cajun spice, and a hint of honey, it’s the perfect drizzle for seafood, steak, bread, or even veggies. Whether you’re planning a quick dinner or adding a finishing touch to your favorite food ideas, this is one sauce you’ll come back to over and over again.",0,{},{},"Fri, 20 Feb 2026 13:21:38 +0000",,,,Flavorful Cajun Garlic Butter Sauce - Pin 1,[],,dinewithlila.com,#95601a,False,,Flavorful Cajun Garlic Butter Sauce,False,[],[],834854849720275643,8013cc4f032b1df5410e658dcdb5549e,False,True,False,False,False,False,False,https://dinewithlila.com/flavorful-cajun-garlic-butter-sauce/?utm_source=Pinterest&utm_medium=organic,1,,in_app_browser,,,,{},,,"{'ads_only_profile_site': None, 'blocked_by_me': False, 'domain_url': None, 'domain_verified': False, 'explicitly_followed_by_me': False, 'first_name': 'Mel', 'followed_by_me': False, 'follower_count': 4, 'full_name': 'Mel Anita', 'id': '834854987082446060', 'image_medium_url': 'https://s.pinimg.com/images/user/default_75.png', 'image_small_url': 'https://s.pinimg.com/images/user/default_30.png', 'indexed': True, 'instagram_data': None, 'is_ads_only_profile': False, 'is_default_image': True, 'is_verified_merchant': False, 'type': 'user', 'username': 'mel_anita', 'verified_identity': {}}",USD,0,public,,,False,,6,{'1': 6},679,782,,Pin on Sassy menu,13,False,[],False,False,True,,,,,,,pin,{},,https://dinewithlila.com/flavorful-cajun-garlic-butter-sauce/?utm_source=Pinterest&utm_medium=organic,,,,,,
[],,,"{'aggregated_stats': {'done': 0, 'saves': 1848}, 'comment_count': 0, 'creator_analytics': None, 'did_it_data': {'details_count': 0, 'images_count': 0, 'rating': -1, 'recommend_scores': [{'count': 0, 'score': 1}, {'count': 0, 'score': 0.5}, {'count': 0, 'score': 0}], 'recommended_count': 0, 'responses_count': 0, 'tags': [], 'type': 'aggregateddiditdata', 'user_count': 0, 'videos_count': 0}, 'id': '5442927972705163928', 'is_shop_the_look': False, 'is_stela': False}",[],,,,,,"{'ads_only_profile_site': None, 'blocked_by_me': False, 'domain_url': None, 'domain_verified': False, 'explicitly_followed_by_me': False, 'first_name': 'Neth', 'followed_by_me': False, 'follower_count': 104, 'full_name': 'Neth', 'id': '877709552286720535', 'image_medium_url': 'https://i.pinimg.com/75x75_RS/0b/d0/29/0bd029093127dff4aa0e6705620a4043.jpg', 'image_small_url': 'https://i.pinimg.com/30x30_RS/0b/d0/29/0bd029093127dff4aa0e6705620a4043.jpg', 'indexed': True, 'instagram_data': None, 'is_ads_only_profile': False, 'is_default_image': False, 'is_verified_merchant': False, 'node_id': 'VXNlcjo4Nzc3MDk1NTIyODY3MjA1MzU=', 'type': 'user', 'username': 'nethuakarsha0145', 'verified_identity': {}}", ,0,{},{},"Thu, 24 Jul 2025 13:57:32 +0000",,,, ,[],,Uploaded by user,#cf9509,False,,,False,[],[],877709414884099975,8192a4875aec9a8060a2b463b1dfa406,True,False,False,False,False,False,False,,0,,uploaded,,"{'ads_only_profile_site': None, 'blocked_by_me': False, 'domain_url': None, 'domain_verified': False, 'explicitly_followed_by_me': False, 'first_name': 'Neth', 'followed_by_me': False, 'follower_count': 104, 'full_name': 'Neth', 'id': '877709552286720535', 'image_medium_url': 'https://i.pinimg.com/75x75_RS/0b/d0/29/0bd029093127dff4aa0e6705620a4043.jpg', 'image_small_url': 'https://i.pinimg.com/30x30_RS/0b/d0/29/0bd029093127dff4aa0e6705620a4043.jpg', 'indexed': True, 'instagram_data': None, 'is_ads_only_profile': False, 'is_default_image': False, 'is_verified_merchant': False, 'type': 'user', 'username': 'nethuakarsha0145', 'verified_identity': {}}",,{},,,"{'ads_only_profile_site': None, 'blocked_by_me': False, 'domain_url': None, 'domain_verified': False, 'explicitly_followed_by_me': False, 'first_name': 'Neth', 'followed_by_me': False, 'follower_count': 104, 'full_name': 'Neth', 'id': '877709552286720535', 'image_medium_url': 'https://i.pinimg.com/75x75_RS/0b/d0/29/0bd029093127dff4aa0e6705620a4043.jpg', 'image_small_url': 'https://i.pinimg.com/30x30_RS/0b/d0/29/0bd029093127dff4aa0e6705620a4043.jpg', 'indexed': True, 'instagram_data': None, 'is_ads_only_profile': False, 'is_default_image': False, 'is_verified_merchant': False, 'type': 'user', 'username': 'nethuakarsha0145', 'verified_identity': {}}",USD,0,public,,,False,,55,{'1': 55},578,1848,,Pin on Recipes,7,False,[],False,False,,,,,,,,pin,{},,,,,,,,
[],,,"{'aggregated_stats': {'done': 0, 'saves': 2}, 'comment_count': 0, 'creator_analytics': None, 'did_it_data': {'details_count': 0, 'images_count': 0, 'rating': -1, 'recommend_scores': [{'count': 0, 'score': 1}, {'count': 0, 'score': 0.5}, {'count': 0, 'score': 0}], 'recommended_count': 0, 'responses_count': 0, 'tags': [], 'type': 'aggregateddiditdata', 'user_count': 0, 'videos_count': 0}, 'id': '3069745941369085184', 'is_shop_the_look': False, 'is_stela': False}",[],,,,,,"{'ads_only_profile_site': None, 'blocked_by_me': False, 'domain_url': 'imperialpdx.com', 'domain_verified': True, 'explicitly_followed_by_me': False, 'first_name': 'Imperial Recipes', 'followed_by_me': False, 'follower_count': 87, 'full_name': 'Imperial Recipes', 'id': '884183476751091864', 'image_medium_url': 'https://i.pinimg.com/75x75_RS/23/b9/d2/23b9d2b36dbbe7faa54c30e22d4c6c0b.jpg', 'image_small_url': 'https://i.pinimg.com/30x30_RS/23/b9/d2/23b9d2b36dbbe7faa54c30e22d4c6c0b.jpg', 'indexed': True, 'instagram_data': None, 'is_ads_only_profile': False, 'is_default_image': False, 'is_verified_merchant': False, 'node_id': 'VXNlcjo4ODQxODM0NzY3NTEwOTE4NjQ=', 'type': 'user', 'username': 'imperialrecipes', 'verified_identity': {}}","Sesame-Crusted Seared Ahi Tuna Platter With Soy-Citrus Sauce
",0,{},{},"Tue, 16 Dec 2025 20:39:18 +0000",,,,"Sesame-Crusted Seared Ahi Tuna Platter With Soy-Citrus Sauce
",[],,imperialpdx.com,#a2603f,False,,Sesame-Crusted Seared Ahi Tuna Platter With Soy-Citrus Sauce,False,[],[],884183339817843200,0a95afc1f82d477006dd8d154017b5f2,True,True,False,False,False,False,False,https://imperialpdx.com/sesame-crusted-seared-ahi-tuna-platter-with-soy-citrus-sauce/,1,,uploaded,,"{'ads_only_profile_site': None, 'blocked_by_me': False, 'domain_url': 'imperialpdx.com', 'domain_verified': True, 'explicitly_followed_by_me': False, 'first_name': 'Imperial Recipes', 'followed_by_me': False, 'follower_count': 87, 'full_name': 'Imperial Recipes', 'id': '884183476751091864', 'image_medium_url': 'https://i.pinimg.com/75x75_RS/23/b9/d2/23b9d2b36dbbe7faa54c30e22d4c6c0b.jpg', 'image_small_url': 'https://i.pinimg.com/30x30_RS/23/b9/d2/23b9d2b36dbbe7faa54c30e22d4c6c0b.jpg', 'indexed': True, 'instagram_data': None, 'is_ads_only_profile': False, 'is_default_image': False, 'is_verified_merchant': False, 'type': 'user', 'username': 'imperialrecipes', 'verified_identity': {}}",,{},,,"{'ads_only_profile_site': None, 'blocked_by_me': False, 'domain_url': 'imperialpdx.com', 'domain_verified': True, 'explicitly_followed_by_me': False, 'first_name': 'Imperial Recipes', 'followed_by_me': False, 'follower_count': 87, 'full_name': 'Imperial Recipes', 'id': '884183476751091864', 'image_medium_url': 'https://i.pinimg.com/75x75_RS/23/b9/d2/23b9d2b36dbbe7faa54c30e22d4c6c0b.jpg', 'image_small_url': 'https://i.pinimg.com/30x30_RS/23/b9/d2/23b9d2b36dbbe7faa54c30e22d4c6c0b.jpg', 'indexed': True, 'instagram_data': None, 'is_ads_only_profile': False, 'is_default_image': False, 'is_verified_merchant': False, 'type': 'user', 'username': 'imperialrecipes', 'verified_identity': {}}",USD,0,public,,,False,,0,{},1,2,,Pin on 90 Buffet Style Recipes,0,False,[],False,False,True,,,,3069745931841021568,,Sesame-Crusted Seared Ahi Tuna Platter With Soy-Citrus Sauce,pin,{},,https://imperialpdx.com/sesame-crusted-seared-ahi-tuna-platter-with-soy-citrus-sauce/?utm_source=Pinterest&utm_medium=organic,,,,,,
[],,,"{'aggregated_stats': {'done': 1, 'saves': 21603}, 'comment_count': 58, 'creator_analytics': None, 'did_it_data': {'details_count': 0, 'images_count': 1, 'rating': -1, 'recommend_scores': [{'count': 0, 'score': 1}, {'count': 0, 'score': 0.5}, {'count': 0, 'score': 0}], 'recommended_count': 1, 'responses_count': 0, 'tags': [], 'type': 'aggregateddiditdata', 'user_count': 1, 'videos_count': 0}, 'id': '2929573577395572416', 'is_shop_the_look': False, 'is_stela': False}",[],"Fluffy Turkish baked egg and sausage breakfast pan with melted cheese, colorful bell peppers, and golden crust — easy oven-baked breakfast recipe, perfect for busy mornings or family brunch.",,,,,"{'ads_only_profile_site': None, 'blocked_by_me': False, 'domain_url': None, 'domain_verified': False, 'explicitly_followed_by_me': False, 'first_name': 'Ab kitchen', 'followed_by_me': False, 'follower_count': 870, 'full_name': 'Ab kitchen', 'id': '925841773304006822', 'image_medium_url': 'https://i.pinimg.com/75x75_RS/eb/95/35/eb95353e9669a5df11d92224e63e14c7.jpg', 'image_small_url': 'https://i.pinimg.com/30x30_RS/eb/95/35/eb95353e9669a5df11d92224e63e14c7.jpg', 'indexed': True, 'instagram_data': None, 'is_ads_only_profile': False, 'is_default_image': False, 'is_verified_merchant': False, 'node_id': 'VXNlcjo5MjU4NDE3NzMzMDQwMDY4MjI=', 'type': 'user', 'username': 'abrecipes', 'verified_identity': {}}","A soft, delicious Turkish-style breakfast pan made with eggs, milk, and flour — loaded with colorful bell peppers, sausage (sucuk), and melted cheese. Perfect for busy mornings or a family brunch! 🧡 Quick to prepare, easy to bake, and full of flavor!

Bake Time: 15 minutes at 190°C (375°F) on the lowest rack of the oven for an evenly baked, golden top and perfectly cooked bottom.
Pro Tip: Always use baking paper to prevent sticking and achieve the best texture.



Ingredients :

2 cups milk

2 eggs

1 tsp salt

1 cup + 1 tbsp flour

Toppings: sliced green and red bell peppers, grated cheese (kaşar), sliced sausage (sucuk)",58,{},{},"Wed, 29 Oct 2025 12:14:56 +0000",,,,"A soft, delicious Turkish-style breakfast pan made with eggs, milk, and flour — loaded with colorful bell peppers, sausage (sucuk), and melted cheese. Perfect for busy mornings or a family brunch! 🧡 Quick to prepare, easy to bake, and full of flavor!

Bake Time: 15 minutes at 190°C (375°F) on the lowest rack of the oven for an evenly baked, golden top and perfectly cooked bottom.
Pro Tip: Always use baking paper to prevent sticking and achieve the best texture.



Ingredients :

2 cups milk

2 eggs

1 tsp salt

1 cup + 1 tbsp flour

Toppings: sliced green and red bell peppers, grated cheese (kaşar), sliced sausage (sucuk)",[],,Uploaded by user,#ad8354,False,,Fluffy Baked Egg & Sausage Breakfast Pan | Easy Turkish Breakfast Recipe 🍳,False,[],[],925841635911006503,0cba4758a4c1c5e037ed4a30a678e7ef,True,True,False,False,False,False,False,,0,,pin_scheduling,,"{'ads_only_profile_site': None, 'blocked_by_me': False, 'domain_url': None, 'domain_verified': False, 'explicitly_followed_by_me': False, 'first_name': 'Ab kitchen', 'followed_by_me': False, 'follower_count': 870, 'full_name': 'Ab kitchen', 'id': '925841773304006822', 'image_medium_url': 'https://i.pinimg.com/75x75_RS/eb/95/35/eb95353e9669a5df11d92224e63e14c7.jpg', 'image_small_url': 'https://i.pinimg.com/30x30_RS/eb/95/35/eb95353e9669a5df11d92224e63e14c7.jpg', 'indexed': True, 'instagram_data': None, 'is_ads_only_profile': False, 'is_default_image': False, 'is_verified_merchant': False, 'type': 'user', 'username': 'abrecipes', 'verified_identity': {}}",,{},,,"{'ads_only_profile_site': None, 'blocked_by_me': False, 'domain_url': None, 'domain_verified': False, 'explicitly_followed_by_me': False, 'first_name': 'Ab kitchen', 'followed_by_me': False, 'follower_count': 870, 'full_name': 'Ab kitchen', 'id': '925841773304006822', 'image_medium_url': 'https://i.pinimg.com/75x75_RS/eb/95/35/eb95353e9669a5df11d92224e63e14c7.jpg', 'image_small_url': 'https://i.pinimg.com/30x30_RS/eb/95/35/eb95353e9669a5df11d92224e63e14c7.jpg', 'indexed': True, 'instagram_data': None, 'is_ads_only_profile': False, 'is_default_image': False, 'is_verified_merchant': False, 'type': 'user', 'username': 'abrecipes', 'verified_identity': {}}",USD,0,public,,,False,,2039,{'1': 2039},19001,21603,,Pin on Pins by you,3369,False,[],False,True,,,,,2929573558169248960,,Fluffy Baked Egg & Sausage Breakfast Pan | Easy Turkish Breakfast Recipe 🍳,pin,{},,,,,,,,
[],,,"{'aggregated_stats': {'done': 0, 'saves': 16575}, 'comment_count': 32, 'creator_analytics': None, 'did_it_data': {'details_count': 0, 'images_count': 0, 'rating': -1, 'recommend_scores': [{'count': 0, 'score': 1}, {'count': 0, 'score': 0.5}, {'count': 0, 'score': 0}], 'recommended_count': 0, 'responses_count': 0, 'tags': [], 'type': 'aggregateddiditdata', 'user_count': 0, 'videos_count': 0}, 'id': '5452095341635629321', 'is_shop_the_look': False, 'is_stela': False}",[],,,,,,"{'ads_only_profile_site': None, 'blocked_by_me': False, 'domain_url': 'www.elararecipes.com', 'domain_verified': True, 'explicitly_followed_by_me': False, 'first_name': 'Isabella Rossi', 'followed_by_me': False, 'follower_count': 532, 'full_name': 'Isabella Rossi', 'id': '943715434325384205', 'image_medium_url': 'https://i.pinimg.com/75x75_RS/51/35/36/5135362360e2f4f752280ac5c61cf8e0.jpg', 'image_small_url': 'https://i.pinimg.com/30x30_RS/51/35/36/5135362360e2f4f752280ac5c61cf8e0.jpg', 'indexed': True, 'instagram_data': None, 'is_ads_only_profile': False, 'is_default_image': False, 'is_verified_merchant': False, 'node_id': 'VXNlcjo5NDM3MTU0MzQzMjUzODQyMDU=', 'type': 'user', 'username': 'foodzisite', 'verified_identity': {}}","Discover the best homemade Healthy Chewy Granola Bars with Oats. This easy, quick, and family-friendly recipe features wholesome rolled oats, crunchy nuts, nutrient-dense seeds, and chewy dried fruit. Perfect for a grab-and-go breakfast, healthy snack, or efficient meal prep. Craft these delicious, make-ahead energy bars for a satisfying, on-the-go boost. Ideal for kids' lunches or an anytime healthy treat. Explore this natural, healthy snack bar recipe today.",32,{},{},"Sat, 13 Sep 2025 04:13:14 +0000",,,,"Discover the best homemade Healthy Chewy Granola Bars with Oats. This easy, quick, and family-friendly recipe features wholesome rolled oats, crunchy nuts, nutrient-dense seeds, and chewy dried fruit. Perfect for a grab-and-go breakfast, healthy snack, or efficient meal prep. Craft these delicious, make-ahead energy bars for a satisfying, on-the-go boost. Ideal for kids' lunches or an anytime healthy treat. Explore this natural, healthy snack bar recipe today.",[],,Uploaded by user,#a58d6b,False,,Healthy Chewy Granola Bar Recipe With Oats,False,[],[],943715296947541199,bac3e8ed783c7569b399c9a147ce6870,True,True,False,False,False,False,False,,0,,pin_scheduling,,"{'ads_only_profile_site': None, 'blocked_by_me': False, 'domain_url': 'www.elararecipes.com', 'domain_verified': True, 'explicitly_followed_by_me': False, 'first_name': 'Isabella Rossi', 'followed_by_me': False, 'follower_count': 532, 'full_name': 'Isabella Rossi', 'id': '943715434325384205', 'image_medium_url': 'https://i.pinimg.com/75x75_RS/51/35/36/5135362360e2f4f752280ac5c61cf8e0.jpg', 'image_small_url': 'https://i.pinimg.com/30x30_RS/51/35/36/5135362360e2f4f752280ac5c61cf8e0.jpg', 'indexed': True, 'instagram_data': None, 'is_ads_only_profile': False, 'is_default_image': False, 'is_verified_merchant': False, 'type': 'user', 'username': 'foodzisite', 'verified_identity': {}}",,{},,,"{'ads_only_profile_site': None, 'blocked_by_me': False, 'domain_url': 'www.elararecipes.com', 'domain_verified': True, 'explicitly_followed_by_me': False, 'first_name': 'Isabella Rossi', 'followed_by_me': False, 'follower_count': 532, 'full_name': 'Isabella Rossi', 'id': '943715434325384205', 'image_medium_url': 'https://i.pinimg.com/75x75_RS/51/35/36/5135362360e2f4f752280ac5c61cf8e0.jpg', 'image_small_url': 'https://i.pinimg.com/30x30_RS/51/35/36/5135362360e2f4f752280ac5c61cf8e0.jpg', 'indexed': True, 'instagram_data': None, 'is_ads_only_profile': False, 'is_default_image': False, 'is_verified_merchant': False, 'type': 'user', 'username': 'foodzisite', 'verified_identity': {}}",USD,0,public,,,False,,493,{'1': 493},4502,16575,,Pin on recipes,299,False,[],False,False,,,,,2795244977365958144,,Healthy Chewy Granola Bar Recipe With Oats,pin,{},,,,,,,,
[],,,"{'aggregated_stats': {'done': 0, 'saves': 2}, 'comment_count': 0, 'creator_analytics': None, 'did_it_data': {'details_count': 0, 'images_count': 0, 'rating': -1, 'recommend_scores': [{'count': 0, 'score': 1}, {'count': 0, 'score': 0.5}, {'count': 0, 'score': 0}], 'recommended_count': 0, 'responses_count': 0, 'tags': [], 'type': 'aggregateddiditdata', 'user_count': 0, 'videos_count': 0}, 'id': '5453009073255536652', 'is_shop_the_look': False, 'is_stela': False}",[],,,,,,"{'ads_only_profile_site': None, 'blocked_by_me': False, 'domain_url': None, 'domain_verified': False, 'explicitly_followed_by_me': False, 'first_name': 'MERIN', 'followed_by_me': False, 'follower_count': 65, 'full_name': 'MERIN', 'id': '957296601951587438', 'image_medium_url': 'https://i.pinimg.com/75x75_RS/f7/57/fd/f757fd06716b8c35fc8fcaf48ba3ea14.jpg', 'image_small_url': 'https://i.pinimg.com/30x30_RS/f7/57/fd/f757fd06716b8c35fc8fcaf48ba3ea14.jpg', 'indexed': True, 'instagram_data': None, 'is_ads_only_profile': False, 'is_default_image': False, 'is_verified_merchant': False, 'node_id': 'VXNlcjo5NTcyOTY2MDE5NTE1ODc0Mzg=', 'type': 'user', 'username': 'merin018', 'verified_identity': {}}", ,0,{},{},"Thu, 18 Sep 2025 05:14:54 +0000",,,, ,[],,Uploaded by user,#b59e8d,False,,,False,[],[],957296464553908379,d67ee78f9d7fb6c0b81dbf5066b61c2f,True,False,False,False,False,False,False,,0,,uploaded,,"{'ads_only_profile_site': None, 'blocked_by_me': False, 'domain_url': None, 'domain_verified': False, 'explicitly_followed_by_me': False, 'first_name': 'MERIN', 'followed_by_me': False, 'follower_count': 65, 'full_name': 'MERIN', 'id': '957296601951587438', 'image_medium_url': 'https://i.pinimg.com/75x75_RS/f7/57/fd/f757fd06716b8c35fc8fcaf48ba3ea14.jpg', 'image_small_url': 'https://i.pinimg.com/30x30_RS/f7/57/fd/f757fd06716b8c35fc8fcaf48ba3ea14.jpg', 'indexed': True, 'instagram_data': None, 'is_ads_only_profile': False, 'is_default_image': False, 'is_verified_merchant': False, 'type': 'user', 'username': 'merin018', 'verified_identity': {}}",,{},,,"{'ads_only_profile_site': None, 'blocked_by_me': False, 'domain_url': None, 'domain_verified': False, 'explicitly_followed_by_me': False, 'first_name': 'MERIN', 'followed_by_me': False, 'follower_count': 65, 'full_name': 'MERIN', 'id': '957296601951587438', 'image_medium_url': 'https://i.pinimg.com/75x75_RS/f7/57/fd/f757fd06716b8c35fc8fcaf48ba3ea14.jpg', 'image_small_url': 'https://i.pinimg.com/30x30_RS/f7/57/fd/f757fd06716b8c35fc8fcaf48ba3ea14.jpg', 'indexed': True, 'instagram_data': None, 'is_ads_only_profile': False, 'is_default_image': False, 'is_verified_merchant': False, 'type': 'user', 'username': 'merin018', 'verified_identity': {}}",USD,0,public,,,False,,1,{'1': 1},1,2,,Pin on SHIRT DESING,0,False,[],False,False,,,,,,,,pin,{},,,,,,,,
[],,,"{'aggregated_stats': {'done': 0, 'saves': 907}, 'comment_count': 5, 'creator_analytics': None, 'did_it_data': {'details_count': 0, 'images_count': 0, 'rating': -1, 'recommend_scores': [{'count': 0, 'score': 1}, {'count': 0, 'score': 0.5}, {'count': 0, 'score': 0}], 'recommended_count': 0, 'responses_count': 0, 'tags': [], 'type': 'aggregateddiditdata', 'user_count': 0, 'videos_count': 0}, 'id': '3051226588856920064', 'is_shop_the_look': False, 'is_stela': False}",[],,,,,,"{'ads_only_profile_site': None, 'blocked_by_me': False, 'domain_url': None, 'domain_verified': False, 'explicitly_followed_by_me': False, 'first_name': 'Vital Vibes', 'followed_by_me': False, 'follower_count': 371, 'full_name': 'Vital Vibes', 'id': '958703976835231067', 'image_medium_url': 'https://i.pinimg.com/75x75_RS/0b/0d/e3/0b0de3abcdf03235dddacbaa9b62b350.jpg', 'image_small_url': 'https://i.pinimg.com/30x30_RS/0b/0d/e3/0b0de3abcdf03235dddacbaa9b62b350.jpg', 'indexed': True, 'instagram_data': None, 'is_ads_only_profile': False, 'is_default_image': False, 'is_verified_merchant': False, 'node_id': 'VXNlcjo5NTg3MDM5NzY4MzUyMzEwNjc=', 'type': 'user', 'username': 'lwork5178', 'verified_identity': {}}", ,5,{},{},"Wed, 10 Dec 2025 11:20:38 +0000",,,, ,[],,Uploaded by user,#957a5c,False,,,False,[],[],958703839436956566,969da436e75163ca4eb91ab550ac7c99,True,True,False,False,False,False,False,,0,,uploaded,,"{'ads_only_profile_site': None, 'blocked_by_me': False, 'domain_url': None, 'domain_verified': False, 'explicitly_followed_by_me': False, 'first_name': 'Vital Vibes', 'followed_by_me': False, 'follower_count': 371, 'full_name': 'Vital Vibes', 'id': '958703976835231067', 'image_medium_url': 'https://i.pinimg.com/75x75_RS/0b/0d/e3/0b0de3abcdf03235dddacbaa9b62b350.jpg', 'image_small_url': 'https://i.pinimg.com/30x30_RS/0b/0d/e3/0b0de3abcdf03235dddacbaa9b62b350.jpg', 'indexed': True, 'instagram_data': None, 'is_ads_only_profile': False, 'is_default_image': False, 'is_verified_merchant': False, 'type': 'user', 'username': 'lwork5178', 'verified_identity': {}}",,{},,,"{'ads_only_profile_site': None, 'blocked_by_me': False, 'domain_url': None, 'domain_verified': False, 'explicitly_followed_by_me': False, 'first_name': 'Vital Vibes', 'followed_by_me': False, 'follower_count': 371, 'full_name': 'Vital Vibes', 'id': '958703976835231067', 'image_medium_url': 'https://i.pinimg.com/75x75_RS/0b/0d/e3/0b0de3abcdf03235dddacbaa9b62b350.jpg', 'image_small_url': 'https://i.pinimg.com/30x30_RS/0b/0d/e3/0b0de3abcdf03235dddacbaa9b62b350.jpg', 'indexed': True, 'instagram_data': None, 'is_ads_only_profile': False, 'is_default_image': False, 'is_verified_merchant': False, 'type': 'user', 'username': 'lwork5178', 'verified_identity': {}}",USD,0,public,,,False,,9,{'1': 9},335,907,,Pin on Cupcake Heaven 🧁,1,False,[],False,False,,,,,3051226582078943040,,,pin,{},,,,,,,,
[],,,"{'aggregated_stats': {'done': 0, 'saves': 4780}, 'comment_count': 1, 'creator_analytics': None, 'did_it_data': {'details_count': 0, 'images_count': 0, 'rating': -1, 'recommend_scores': [{'count': 0, 'score': 1}, {'count': 0, 'score': 0.5}, {'count': 0, 'score': 0}], 'recommended_count': 0, 'responses_count': 0, 'tags': [], 'type': 'aggregateddiditdata', 'user_count': 0, 'videos_count': 0}, 'id': '5418275064130893107', 'is_shop_the_look': False, 'is_stela': False}",[],,,,,,,"A vibrant and refreshing salad combining fresh spinach, juicy mango, and sweet blueberries, perfect for a healthy lunch or light dinner.",1,{},{},"Mon, 10 Mar 2025 12:33:49 +0000",,,,Mango Blueberry Spinach Salad,[],,middleeastsector.com,#7e7b33,False,,Mango Blueberry Spinach Salad,False,[],[],978195981565654380,238b23bef7d3de80525117ded2f8899f,False,True,False,False,False,False,False,https://middleeastsector.com/mango-blueberry-spinach-salad/,1,,bookmarklet,,,,{},,,"{'ads_only_profile_site': None, 'blocked_by_me': False, 'domain_url': 'www.middleeastsector.com', 'domain_verified': True, 'explicitly_followed_by_me': False, 'first_name': 'Middleeastsector I Easy Dinner Recipes-Dessert Tips & Meals Ideas', 'followed_by_me': False, 'follower_count': 4808, 'full_name': 'Middleeastsector I Easy Dinner Recipes-Dessert Tips & Meals Ideas', 'id': '978196118972399805', 'image_medium_url': 'https://i.pinimg.com/75x75_RS/90/b2/c8/90b2c855f9b581b1e96d51bc9c7168c5.jpg', 'image_small_url': 'https://i.pinimg.com/30x30_RS/90/b2/c8/90b2c855f9b581b1e96d51bc9c7168c5.jpg', 'indexed': True, 'instagram_data': None, 'is_ads_only_profile': False, 'is_default_image': False, 'is_verified_merchant': False, 'type': 'user', 'username': 'Middleeastsector25', 'verified_identity': {}}",USD,0,public,,,False,,63,{'1': 63},1191,4780,,Pin on Easy Salad Recipe,53,False,[],False,False,True,,,,,,,pin,{},,https://middleeastsector.com/mango-blueberry-spinach-salad/?utm_source=Pinterest&utm_medium=organic,,,,,,
[],,,"{'aggregated_stats': {'done': 1, 'saves': 6062}, 'comment_count': 17, 'creator_analytics': None, 'did_it_data': {'details_count': 0, 'images_count': 1, 'rating': -1, 'recommend_scores': [{'count': 0, 'score': 1}, {'count': 0, 'score': 0.5}, {'count': 0, 'score': 0}], 'recommended_count': 1, 'responses_count': 0, 'tags': [], 'type': 'aggregateddiditdata', 'user_count': 1, 'videos_count': 0}, 'id': '3161529850269788672', 'is_shop_the_look': False, 'is_stela': False}",[],,,,,,,"📊 Estimated Macros (per bonbon, est. – makes 5):
Calories: ~60 | Fat: ~5 g | Protein: ~2.8 g | Net Carbs: ~1.5 g

Ingredients (Makes 5 bonbons):
⅔ cup full-fat Greek yogurt (150 g)
1 tbsp peanut butter (15 g)
1 tbsp cocoa powder (8 g)
Keto-friendly sweetener, to taste (I used sugar-free maple syrup, about 1–2 tsp / 5–10 ml)
Topping:
Sugar-free dark chocolate, melted (about 1 oz / 30 g)

Instructions:
In a bowl, combine the Greek yogurt, peanut butter, cocoa powder, and sweetener until smooth.
Spoon or shape the mixture into bonbons and place them on a parchment-lined tray.
Freeze for at least 4 hours, until fully firm.
Dip the frozen bonbons into the melted sugar-free dark chocolate.
Return to the freezer or fridge until the chocolate sets, then enjoy! 🫶🏼
. #chocolatebonbons",17,{},{},"Sat, 17 Jan 2026 12:28:51 +0000",,,,"📊 Estimated Macros (per bonbon, est. – makes 5):
Calories: ~60 | Fat: ~5 g | Protein: ~2.8 g | Net Carbs: ~1.5 g

Ingredients (Makes 5 bonbons):
⅔ cup full-fat Greek yogurt (150 g)
1 tbsp peanut butter (15 g)
1 tbsp cocoa powder (8 g)
Keto-friendly sweetener, to taste (I used sugar-free maple syrup, about 1–2 tsp / 5–10 ml)
Topping:
Sugar-free dark chocolate, melted (about 1 oz / 30 g)

Instructions:
In a bowl, combine the Greek yogurt, peanut butter, cocoa powder, and sweetener until smooth.
Spoon or shape the mixture into bonbons and place them on a parchment-lined tray.
Freeze for at least 4 hours, until fully firm.
Dip the frozen bonbons into the melted sugar-free dark chocolate.
Return to the freezer or fridge until the chocolate sets, then enjoy! 🫶🏼
. #chocolatebonbons",[],,Uploaded by user,#7f5031,False,,"🥜🍫 Peanut & Chocolate Bonbons – Creamy, Keto-Friendly & Freezer-Ready! By: @chiara.fiorani",False,['#chocolatebonbons'],[],980799625116780424,2befe97f414c70d302c25c354d94fd49,True,True,False,False,False,False,False,,0,,photos,,,,{},,,,USD,0,public,,,False,,247,{'1': 247},3299,6062,,Pin on Low Carb Dessert,102,False,[],False,True,,,,,3161529839261985856,,"🥜🍫 Peanut & Chocolate Bonbons – Creamy, Keto-Friendly & Freezer-Ready! By: @chiara.fiorani",pin,{},,,,,,,,
[],,,"{'aggregated_stats': {'done': 0, 'saves': 144}, 'comment_count': 0, 'creator_analytics': None, 'did_it_data': {'details_count': 0, 'images_count': 0, 'rating': -1, 'recommend_scores': [{'count': 0, 'score': 1}, {'count': 0, 'score': 0.5}, {'count': 0, 'score': 0}], 'recommended_count': 0, 'responses_count': 0, 'tags': [], 'type': 'aggregateddiditdata', 'user_count': 0, 'videos_count': 0}, 'id': '2990429115008179200', 'is_shop_the_look': False, 'is_stela': False}",[],,,,,,"{'ads_only_profile_site': None, 'blocked_by_me': False, 'domain_url': 'www.pictureperfectmeals.com', 'domain_verified': True, 'explicitly_followed_by_me': False, 'first_name': 'Picture Perfect Meals', 'followed_by_me': False, 'follower_count': 178, 'full_name': 'Picture Perfect Meals', 'id': '992058761575425570', 'image_medium_url': 'https://i.pinimg.com/75x75_RS/e4/d7/ff/e4d7ff13800d96367c6a7652ac91aec3.jpg', 'image_small_url': 'https://i.pinimg.com/30x30_RS/e4/d7/ff/e4d7ff13800d96367c6a7652ac91aec3.jpg', 'indexed': True, 'instagram_data': None, 'is_ads_only_profile': False, 'is_default_image': False, 'is_verified_merchant': False, 'node_id': 'VXNlcjo5OTIwNTg3NjE1NzU0MjU1NzA=', 'type': 'user', 'username': 'pictureperfectmeals', 'verified_identity': {}}","Elegant raspberry white chocolate cake roll recipe creates a heavenly dessert that impresses any guest. Grab a fork and experience pure bliss with every dreamy, fruity bite.",0,{},{},"Wed, 19 Nov 2025 12:02:12 +0000",,,,"Elegant raspberry white chocolate cake roll recipe creates a heavenly dessert that impresses any guest. Grab a fork and experience pure bliss with every dreamy, fruity bite.",[],,pictureperfectmeals.com,#b26c59,False,,Dreamy Raspberry White Chocolate Cake Roll Recipe for Joy,False,[],[],992058624200575056,ca7b491bf880fbd09e3868f82dc78d48,True,True,False,False,False,False,False,https://www.pictureperfectmeals.com/recipes/elegant-raspberry-white-chocolate-cake-roll-recipe/,1,,pin_scheduling,,"{'ads_only_profile_site': None, 'blocked_by_me': False, 'domain_url': 'www.pictureperfectmeals.com', 'domain_verified': True, 'explicitly_followed_by_me': False, 'first_name': 'Picture Perfect Meals', 'followed_by_me': False, 'follower_count': 178, 'full_name': 'Picture Perfect Meals', 'id': '992058761575425570', 'image_medium_url': 'https://i.pinimg.com/75x75_RS/e4/d7/ff/e4d7ff13800d96367c6a7652ac91aec3.jpg', 'image_small_url': 'https://i.pinimg.com/30x30_RS/e4/d7/ff/e4d7ff13800d96367c6a7652ac91aec3.jpg', 'indexed': True, 'instagram_data': None, 'is_ads_only_profile': False, 'is_default_image': False, 'is_verified_merchant': False, 'type': 'user', 'username': 'pictureperfectmeals', 'verified_identity': {}}",,{},,,"{'ads_only_profile_site': None, 'blocked_by_me': False, 'domain_url': 'www.pictureperfectmeals.com', 'domain_verified': True, 'explicitly_followed_by_me': False, 'first_name': 'Picture Perfect Meals', 'followed_by_me': False, 'follower_count': 178, 'full_name': 'Picture Perfect Meals', 'id': '992058761575425570', 'image_medium_url': 'https://i.pinimg.com/75x75_RS/e4/d7/ff/e4d7ff13800d96367c6a7652ac91aec3.jpg', 'image_small_url': 'https://i.pinimg.com/30x30_RS/e4/d7/ff/e4d7ff13800d96367c6a7652ac91aec3.jpg', 'indexed': True, 'instagram_data': None, 'is_ads_only_profile': False, 'is_default_image': False, 'is_verified_merchant': False, 'type': 'user', 'username': 'pictureperfectmeals', 'verified_identity': {}}",USD,0,public,,,False,,3,{'1': 3},87,144,,Pin on Dessert Recipes,4,False,[],False,False,True,,,,2990429104001516096,,Dreamy Raspberry White Chocolate Cake Roll Recipe for Joy,pin,{},,https://www.pictureperfectmeals.com/recipes/elegant-raspberry-white-chocolate-cake-roll-recipe/?utm_source=Pinterest&utm_medium=organic,,,,,,
[],,,"{'aggregated_stats': {'done': 0, 'saves': 2804}, 'comment_count': 1, 'creator_analytics': None, 'did_it_data': {'details_count': 0, 'images_count': 0, 'rating': -1, 'recommend_scores': [{'count': 0, 'score': 1}, {'count': 0, 'score': 0.5}, {'count': 0, 'score': 0}], 'recommended_count': 0, 'responses_count': 0, 'tags': [], 'type': 'aggregateddiditdata', 'user_count': 0, 'videos_count': 0}, 'id': '3293982180111790912', 'is_shop_the_look': False, 'is_stela': False}",[],,,,,,"{'ads_only_profile_site': None, 'blocked_by_me': False, 'domain_url': 'www.frostyrecipes.com', 'domain_verified': True, 'explicitly_followed_by_me': False, 'first_name': 'Frosty Recipes | Quick and Easy Recipes', 'followed_by_me': False, 'follower_count': 1046, 'full_name': 'Frosty Recipes | Quick and Easy Recipes', 'id': '998321579807233347', 'image_medium_url': 'https://i.pinimg.com/75x75_RS/dd/8e/ba/dd8ebacf763892fa2c428021713e0a51.jpg', 'image_small_url': 'https://i.pinimg.com/30x30_RS/dd/8e/ba/dd8ebacf763892fa2c428021713e0a51.jpg', 'indexed': True, 'instagram_data': None, 'is_ads_only_profile': False, 'is_default_image': False, 'is_verified_merchant': False, 'node_id': 'VXNlcjo5OTgzMjE1Nzk4MDcyMzMzNDc=', 'type': 'user', 'username': 'Frostyrecipes', 'verified_identity': {}}","Crispy edges, gooey center—this Banana Cream Pie Blended Chia Pudding will satisfy your dessert cravings without the guilt! Packed with the creamy goodness of bananas, chia seeds, and a hint of vanilla, this delightful recipe is a nutritious twist on a classic favorite. Perfect for breakfast or a sweet treat, it’s easy to make and loaded with healthy ingredients. Enjoy this delicious blend of flavors!",1,{},{},"Sun, 01 Mar 2026 22:10:35 +0000",,,,"Crispy edges, gooey center—this Banana Cream Pie Blended Chia Pudding will satisfy your dessert cravings without the guilt! Packed with the creamy goodness of bananas, chia seeds, and a hint of vanilla, this delightful recipe is a nutritious twist on a classic favorite. Perfect for breakfast or a sweet treat, it’s easy to make and loaded with healthy ingredients. Enjoy this delicious blend of flavors!",[],,frostyrecipes.com,#aa976c,False,,Banana Cream Pie Recipe: Delicious Blended Chia Pudding Delight,False,[],[],998321442472535097,5d2dd3dd4a16ae2a488df2e0ad6f5b48,True,True,False,False,False,False,False,https://www.frostyrecipes.com/banana-cream-pie-blended-chia-pudding-recipe,1,,uploaded,,"{'ads_only_profile_site': None, 'blocked_by_me': False, 'domain_url': 'www.frostyrecipes.com', 'domain_verified': True, 'explicitly_followed_by_me': False, 'first_name': 'Frosty Recipes | Quick and Easy Recipes', 'followed_by_me': False, 'follower_count': 1046, 'full_name': 'Frosty Recipes | Quick and Easy Recipes', 'id': '998321579807233347', 'image_medium_url': 'https://i.pinimg.com/75x75_RS/dd/8e/ba/dd8ebacf763892fa2c428021713e0a51.jpg', 'image_small_url': 'https://i.pinimg.com/30x30_RS/dd/8e/ba/dd8ebacf763892fa2c428021713e0a51.jpg', 'indexed': True, 'instagram_data': None, 'is_ads_only_profile': False, 'is_default_image': False, 'is_verified_merchant': False, 'type': 'user', 'username': 'Frostyrecipes', 'verified_identity': {}}",,{},,,"{'ads_only_profile_site': None, 'blocked_by_me': False, 'domain_url': 'www.frostyrecipes.com', 'domain_verified': True, 'explicitly_followed_by_me': False, 'first_name': 'Frosty Recipes | Quick and Easy Recipes', 'followed_by_me': False, 'follower_count': 1046, 'full_name': 'Frosty Recipes | Quick and Easy Recipes', 'id': '998321579807233347', 'image_medium_url': 'https://i.pinimg.com/75x75_RS/dd/8e/ba/dd8ebacf763892fa2c428021713e0a51.jpg', 'image_small_url': 'https://i.pinimg.com/30x30_RS/dd/8e/ba/dd8ebacf763892fa2c428021713e0a51.jpg', 'indexed': True, 'instagram_data': None, 'is_ads_only_profile': False, 'is_default_image': False, 'is_verified_merchant': False, 'type': 'user', 'username': 'Frostyrecipes', 'verified_identity': {}}",USD,0,public,,,False,,22,{'1': 22},1150,2804,,Pin on Dessert Recipes,56,False,[],False,False,True,,,,3287362445870297344,,Banana Cream Pie Recipe: Delicious Blended Chia Pudding Delight,pin,{},,https://www.frostyrecipes.com/banana-cream-pie-blended-chia-pudding-recipe?utm_source=Pinterest&utm_medium=organic,,,,,,
[],Paid link,,"{'aggregated_stats': {'done': 1, 'saves': 21052}, 'comment_count': 18, 'creator_analytics': None, 'did_it_data': {'details_count': 1, 'images_count': 1, 'rating': -1, 'recommend_scores': [{'count': 0, 'score': 1}, {'count': 0, 'score': 0.5}, {'count': 0, 'score': 0}], 'recommended_count': 1, 'responses_count': 0, 'tags': [], 'type': 'aggregateddiditdata', 'user_count': 1, 'videos_count': 0}, 'id': '5217853237079626222', 'is_shop_the_look': False, 'is_stela': False}",[],Need Dinner Recipes ? This Buffalo Chicken Stuffed Peppers{whole30 paleo glutenfree lowcarb} is worth a try Its,,,,,"{'ads_only_profile_site': None, 'blocked_by_me': False, 'domain_url': None, 'domain_verified': False, 'explicitly_followed_by_me': False, 'first_name': 'Patricia', 'followed_by_me': False, 'follower_count': 616, 'full_name': 'Patricia', 'id': '535928561815533143', 'image_medium_url': 'https://s.pinimg.com/images/user/default_75.png', 'image_small_url': 'https://s.pinimg.com/images/user/default_30.png', 'indexed': True, 'instagram_data': None, 'is_ads_only_profile': False, 'is_default_image': True, 'is_verified_merchant': False, 'node_id': 'VXNlcjo1MzU5Mjg1NjE4MTU1MzMxNDM=', 'type': 'user', 'username': 'andrade0999', 'verified_identity': {}}",Need Dinner Recipes ? This Buffalo Chicken Stuffed Peppers{whole30 paleo glutenfree lowcarb} is worth a try Its,18,{},{},"Tue, 11 Mar 2025 23:44:02 +0000",,,, ,[],,etsy.com,#c99d5e,False,,Dinner Recipes | Buffalo Chicken Stuffed Peppers{whole30 paleo glutenfree lowcarb},False,[],[],AcHGIZ4PUYCGt8mdIPQR6Bxw3ipuiro5syZytXpKXxUOGON9kZ-1HA4s5ONmYcoN2_V4jcsV-DtbE5wzwKblEVA,a94fc7c4b704602f6fa5d4fd03c43cce,True,False,False,False,False,True,False,https://www.etsy.com/listing/1154766702/super-bowl-super-bowl-party-football/?id=58920&pins_campaign_id=626754815219&pp=1,1,,uploaded,,"{'ads_only_profile_site': None, 'blocked_by_me': False, 'domain_url': None, 'domain_verified': False, 'explicitly_followed_by_me': False, 'first_name': 'Patricia', 'followed_by_me': False, 'follower_count': 616, 'full_name': 'Patricia', 'id': '535928561815533143', 'image_medium_url': 'https://s.pinimg.com/images/user/default_75.png', 'image_small_url': 'https://s.pinimg.com/images/user/default_30.png', 'indexed': True, 'instagram_data': None, 'is_ads_only_profile': False, 'is_default_image': True, 'is_verified_merchant': False, 'type': 'user', 'username': 'andrade0999', 'verified_identity': {}}","{'ads_only_profile_site': None, 'blocked_by_me': False, 'domain_url': None, 'domain_verified': False, 'explicitly_followed_by_me': False, 'first_name': 'Patricia', 'followed_by_me': False, 'follower_count': 616, 'full_name': 'Patricia', 'id': '535928561815533143', 'image_medium_url': 'https://s.pinimg.com/images/user/default_75.png', 'image_small_url': 'https://s.pinimg.com/images/user/default_30.png', 'indexed': True, 'instagram_data': None, 'is_ads_only_profile': False, 'is_default_image': True, 'is_verified_merchant': False, 'node_id': 'VXNlcjo1MzU5Mjg1NjE4MTU1MzMxNDM=', 'type': 'user', 'username': 'andrade0999', 'verified_identity': {}}",{},,,"{'ads_only_profile_site': None, 'blocked_by_me': False, 'domain_url': None, 'domain_verified': False, 'explicitly_followed_by_me': False, 'first_name': 'Colby', 'followed_by_me': False, 'follower_count': 0, 'full_name': 'Colby Quesada', 'id': '739716444954160348', 'image_medium_url': 'https://i.pinimg.com/75x75_RS/ce/55/9b/ce559b1b0903e1e7c8dfeecf5759d802.jpg', 'image_small_url': 'https://i.pinimg.com/30x30_RS/ce/55/9b/ce559b1b0903e1e7c8dfeecf5759d802.jpg', 'indexed': True, 'instagram_data': None, 'is_ads_only_profile': False, 'is_default_image': False, 'is_verified_merchant': False, 'type': 'user', 'username': 'llcoolbee88', 'verified_identity': {}}",USD,0,public,"{'id': '1720826889550702475', 'type': 'productmetadata'}",,False,"{'ads_only_profile_site': None, 'blocked_by_me': False, 'domain_url': None, 'domain_verified': False, 'explicitly_followed_by_me': False, 'first_name': 'Easy peasy', 'followed_by_me': False, 'follower_count': 0, 'full_name': 'Easy peasy', 'id': '971440719531357707', 'image_medium_url': 'https://s.pinimg.com/images/user/default_75.png', 'image_small_url': 'https://s.pinimg.com/images/user/default_30.png', 'indexed': True, 'instagram_data': None, 'is_ads_only_profile': False, 'is_default_image': True, 'is_verified_merchant': False, 'node_id': 'VXNlcjo5NzE0NDA3MTk1MzEzNTc3MDc=', 'type': 'user', 'username': 'somoj13811', 'verified_identity': {}}",248,{'1': 248},601,21052,,Pin on Quick Saves,3,False,[5],False,False,,,,,,,Dinner Recipes | Buffalo Chicken Stuffed Peppers{whole30 paleo glutenfree lowcarb},pin,{},,https://www.etsy.com/listing/1154766702/super-bowl-super-bowl-party-football/?id=58920&pins_campaign_id=626754815219&pp=1&utm_source=Pinterest&utm_medium=organic,"{'ads_only_profile_site': None, 'blocked_by_me': False, 'domain_url': None, 'domain_verified': False, 'explicitly_followed_by_me': False, 'first_name': 'Stellie', 'followed_by_me': False, 'follower_count': 92, 'full_name': 'Stellie Shanley', 'id': '308215305656605205', 'image_medium_url': 'https://s.pinimg.com/images/user/default_75.png', 'image_small_url': 'https://s.pinimg.com/images/user/default_30.png', 'indexed': True, 'instagram_data': None, 'is_ads_only_profile': False, 'is_default_image': True, 'is_verified_merchant': False, 'type': 'user', 'username': 'stellar66', 'verified_identity': {}}",,,,,"{'access': [], 'category': None, 'collaborated_by_me': False, 'description': '', 'followed_by_me': False, 'id': '739716376236217837', 'image_cover_url': 'https://i.pinimg.com/200x150/a9/4f/c7/a94fc7c4b704602f6fa5d4fd03c43cce.jpg', 'image_thumbnail_url': 'https://i.pinimg.com/upload/739716376236217837_board_thumbnail_2025-03-11-23-48-20_95265_60.jpg', 'is_ads_only': False, 'is_collaborative': False, 'layout': 'quick_saves', 'map_id': 'pinterest.ijz1714i', 'name': 'Quick Saves', 'pin_thumbnail_urls': ['https://i.pinimg.com/150x150/0a/39/24/0a39240360a3730425c870ce9ae28861.jpg', 'https://i.pinimg.com/150x150/39/85/be/3985be487f46e2471396bd283571a61a.jpg'], 'privacy': 'public', 'type': 'board', 'url': '/llcoolbee88/_quick_saves/'}"
