access,allow_homefeed_recommendations,archived_by_me_at,blocking_actions,board_order_modified_at,category,collab_board_email,collaborated_by_me,collaborator_count,collaborator_requests_enabled,cover_pin,createdAt,description,event_date,event_start_date,featured_board_metadata,featured_in,followed_by_me,follower_count,header,id,image_cover_url,is_ads_only,is_collaborative,is_featured_for_active_campaign,layout,map_id,modifiedAt,name,node_id,owner,pin_count,privacy,section_count,sectionless_pin_count,sensitivity_screen,should_show_board_collaborators,should_show_more_ideas,should_show_shop_feed,type,updatedAt,url,viewer_collaborator_join_requested,viewer_contact_request,images,eligible_pin_type_filters
[],True,,[],"Sat, 08 Jan 2022 04:23:18 +0000",,True,False,0,False,{},{},,,,,[],False,3891,,1011832309969775737,https://i.pinimg.com/150x150/94/17/6e/94176ecd2d4ce2e4617e7e86034623a0.jpg,False,False,False,quick_creates,pinterest.ijz1714i,{},Pins by you,Qm9hcmQ6MTAxMTgzMjMwOTk2OTc3NTczNw==,"{'ads_only_profile_site': None, 'blocked_by_me': False, 'domain_url': None, 'first_name': 'FoodNMood', 'full_name': 'FoodNMood', 'id': '1011832378689129721', 'image_medium_url': 'https://i.pinimg.com/75x75_RS/d3/a0/12/d3a0121a5d51a515b8d3122d9c897e6c.jpg', 'image_small_url': 'https://i.pinimg.com/30x30_RS/d3/a0/12/d3a0121a5d51a515b8d3122d9c897e6c.jpg', 'image_xlarge_url': 'https://i.pinimg.com/280x280_RS/d3/a0/12/d3a0121a5d51a515b8d3122d9c897e6c.jpg', 'indexed': True, 'is_ads_only_profile': False, 'is_partner': True, 'is_private_profile': False, 'is_tastemaker': False, 'is_verified_merchant': False, 'node_id': 'VXNlcjoxMDExODMyMzc4Njg5MTI5NzIx', 'type': 'user', 'username': 'FooddNMood', 'verified_identity': {}}",676,public,0,676,"{'reason': None, 'show_warning': False}",True,False,False,board,{},/FooddNMood/_quick_creates/,False,,,
[],True,,[],"Wed, 17 Jun 2026 14:30:33 +0000",food_drink,True,False,0,False,"{'crop': [0, 59], 'custom_cover': True, 'image_signature': 'c8f1d2d20013883d55e5646d3f68747b', 'image_size': [236, None], 'image_url': 'https://i.pinimg.com/236x/c8/f1/d2/c8f1d2d20013883d55e5646d3f68747b.jpg', 'pin_id': '102808803982311391', 'scale': 1, 'size': [236, 236], 'timestamp': 1608163847}",{},"Prepare delicious lunches with the easy, quick lunch recipe ideas! From lunch salad, sandwiches, pasta and more!",,,,[],False,177270,,102808872682804426,https://i.pinimg.com/custom_covers/200x150/102808872682804426_1608163847.jpg,False,False,False,default,pinterest.ijz1714i,{},Easy Lunch Recipes,Qm9hcmQ6MTAyODA4ODcyNjgyODA0NDI2,"{'ads_only_profile_site': None, 'blocked_by_me': False, 'domain_url': 'divascancook.com', 'first_name': 'Divas Can Cook | Southern Recipes', 'full_name': 'Divas Can Cook | Southern Recipes', 'id': '102808941401999770', 'image_medium_url': 'https://i.pinimg.com/75x75_RS/5b/07/ae/5b07aebb86066e126b140f1bce4e8c94.jpg', 'image_small_url': 'https://i.pinimg.com/30x30_RS/5b/07/ae/5b07aebb86066e126b140f1bce4e8c94.jpg', 'image_xlarge_url': 'https://i.pinimg.com/280x280_RS/5b/07/ae/5b07aebb86066e126b140f1bce4e8c94.jpg', 'indexed': True, 'is_ads_only_profile': False, 'is_partner': True, 'is_private_profile': False, 'is_tastemaker': False, 'is_verified_merchant': False, 'node_id': 'VXNlcjoxMDI4MDg5NDE0MDE5OTk3NzA=', 'type': 'user', 'username': 'divascancook', 'verified_identity': {'verified': True}}",1114,public,0,1114,"{'reason': None, 'show_warning': False}",True,False,False,board,{},/divascancook/easy-lunch-recipes/,False,,,
[],True,,[],"Tue, 23 Jun 2026 13:49:37 +0000",,True,False,0,False,"{'image_signature': '0e7e7ce8d933c3e8947506b3a3225099', 'pin_id': '1050675788070415713', 'timestamp': 1743415388}",{},"Explora el fascinante mundo del café. Encuentra recetas deliciosas, consejos para preparar el café perfecto, y descubre la cultura y el arte detrás de esta bebida tan amada. ¡Convierte tu amor por el café en una verdadera experiencia!",,,,[],False,840,,1050675856757057964,https://i.pinimg.com/200x150/0e/7e/7c/0e7e7ce8d933c3e8947506b3a3225099.jpg,False,False,False,default,pinterest.ijz1714i,{},"Café: Recetas, tips y cultura",Qm9hcmQ6MTA1MDY3NTg1Njc1NzA1Nzk2NA==,"{'ads_only_profile_site': None, 'blocked_by_me': False, 'domain_url': None, 'first_name': 'Café con hielo', 'full_name': 'Café con hielo', 'id': '1050675925475363251', 'image_medium_url': 'https://i.pinimg.com/75x75_RS/a6/3e/bb/a63ebba03d77f7612617d8c34cb0a715.jpg', 'image_small_url': 'https://i.pinimg.com/30x30_RS/a6/3e/bb/a63ebba03d77f7612617d8c34cb0a715.jpg', 'image_xlarge_url': 'https://i.pinimg.com/280x280_RS/a6/3e/bb/a63ebba03d77f7612617d8c34cb0a715.jpg', 'indexed': True, 'is_ads_only_profile': False, 'is_partner': True, 'is_private_profile': False, 'is_tastemaker': False, 'is_verified_merchant': False, 'node_id': 'VXNlcjoxMDUwNjc1OTI1NDc1MzYzMjUx', 'type': 'user', 'username': 'cafeconhielooficial', 'verified_identity': {}}",8338,public,0,8338,"{'reason': None, 'show_warning': False}",True,False,False,board,{},/cafeconhielooficial/caf%C3%A9-recetas-tips-y-cultura/,False,,,
[],True,,[],"Wed, 13 May 2026 19:28:53 +0000",,True,False,0,False,"{'crop': [0, 6], 'custom_cover': True, 'image_signature': '67542e5a3cbf03e62593796a834aa348', 'image_size': [236, None], 'image_url': 'https://i.pinimg.com/236x/67/54/2e/67542e5a3cbf03e62593796a834aa348.jpg', 'pin_id': '1059542249817619700', 'scale': 1, 'size': [236, 236], 'timestamp': 1703539458}",{},"Discover the best of Pinterest recipes, we share sweet desserts, easy meals! Find delicious idea recipes: yummy appetizers, recipes for biscuits and breakfast, chicken dinners, salads recipes, one-pot meals...",,,,[],False,2900,,1059542318522626521,https://i.pinimg.com/custom_covers/200x150/1059542318522626521_1703539458.jpg,False,False,False,default,pinterest.ijz1714i,{},Best Pinterest Recipes,Qm9hcmQ6MTA1OTU0MjMxODUyMjYyNjUyMQ==,,621,public,0,621,"{'reason': None, 'show_warning': False}",True,False,False,board,{},/sosrecipesofficial/best-pinterest-recipes/,False,,,
[],True,,[],"Wed, 24 Jun 2026 03:27:54 +0000",products,True,False,0,False,"{'image_signature': '990a5e5f41fcc9cc0b2a9a0ecb55f443', 'pin_id': '4609363937874630912', 'timestamp': 1761998736}",{},,,,,[],False,176,,1061442274616463768,https://i.pinimg.com/200x150/99/0a/5e/990a5e5f41fcc9cc0b2a9a0ecb55f443.jpg,False,False,False,default,pinterest.ijz1714i,{},Products,Qm9hcmQ6MTA2MTQ0MjI3NDYxNjQ2Mzc2OA==,"{'ads_only_profile_site': None, 'blocked_by_me': False, 'domain_url': 'thetablegourmet.com', 'first_name': 'The Table Gourmet', 'full_name': 'The Table Gourmet', 'id': '1061442343334618669', 'image_medium_url': 'https://i.pinimg.com/75x75_RS/36/d5/bd/36d5bd51452bbc18d564cb7b09eecd29.jpg', 'image_small_url': 'https://i.pinimg.com/30x30_RS/36/d5/bd/36d5bd51452bbc18d564cb7b09eecd29.jpg', 'image_xlarge_url': 'https://i.pinimg.com/280x280_RS/36/d5/bd/36d5bd51452bbc18d564cb7b09eecd29.jpg', 'indexed': True, 'is_ads_only_profile': False, 'is_partner': True, 'is_private_profile': False, 'is_tastemaker': False, 'is_verified_merchant': False, 'node_id': 'VXNlcjoxMDYxNDQyMzQzMzM0NjE4NjY5', 'type': 'user', 'username': 'thetablegourmet', 'verified_identity': {}}",9266,protected,0,9266,"{'reason': None, 'show_warning': False}",True,False,False,board,{},/thetablegourmet/_products/,False,,{},
[],True,,[],"Wed, 24 Jun 2026 06:37:44 +0000",,True,False,0,False,"{'crop': [0, 0], 'custom_cover': True, 'image_signature': 'e067e27662decc7aaa9c212d4363be3f', 'image_size': [236, None], 'image_url': 'https://i.pinimg.com/236x/e0/67/e2/e067e27662decc7aaa9c212d4363be3f.jpg', 'pin_id': '1083326885396569592', 'scale': 1, 'size': [236, 837], 'timestamp': 1780390103}",{},"The best grilled meat recipes — steaks, chicken, ribs and chops with simple marinades, rubs and tips for perfect char and flavor every time.",,,,[],False,16,,1083326954056378906,https://i.pinimg.com/custom_covers/200x150/1083326954056378906_1780390103.jpg,False,False,False,default,pinterest.ijz1714i,{},Grilled Meat Recipes,Qm9hcmQ6MTA4MzMyNjk1NDA1NjM3ODkwNg==,"{'ads_only_profile_site': None, 'blocked_by_me': False, 'domain_url': None, 'first_name': 'Char & Coal | Grilled Meat Recipes', 'full_name': 'Char & Coal | Grilled Meat Recipes', 'id': '1083327022774062758', 'image_medium_url': 'https://i.pinimg.com/75x75_RS/d6/95/7f/d6957f6b4e2ac5321fd5da5567cd296a.jpg', 'image_small_url': 'https://i.pinimg.com/30x30_RS/d6/95/7f/d6957f6b4e2ac5321fd5da5567cd296a.jpg', 'image_xlarge_url': 'https://i.pinimg.com/280x280_RS/d6/95/7f/d6957f6b4e2ac5321fd5da5567cd296a.jpg', 'indexed': True, 'is_ads_only_profile': False, 'is_partner': True, 'is_private_profile': False, 'is_tastemaker': False, 'is_verified_merchant': False, 'node_id': 'VXNlcjoxMDgzMzI3MDIyNzc0MDYyNzU4', 'type': 'user', 'username': 'charandcoall', 'verified_identity': {}}",293,public,0,293,"{'reason': None, 'show_warning': False}",True,False,False,board,{},/charandcoall/grilled-meat-recipes/,False,,,
[],True,,[],"Wed, 24 Jun 2026 06:05:13 +0000",,True,False,0,False,"{'crop': [0, 66], 'custom_cover': True, 'image_signature': '0b6f0912e89c560eb9c25f3d9ae26239', 'image_size': [236, None], 'image_url': 'https://i.pinimg.com/236x/0b/6f/09/0b6f0912e89c560eb9c25f3d9ae26239.jpg', 'pin_id': '1083326885396569628', 'scale': 1, 'size': [236, 236], 'timestamp': 1780390132}",{},"Hearty meat dinner recipes for any night — beef, pork, chicken and lamb made easy, from quick weeknight meals to crowd-pleasing mains.",,,,[],False,16,,1083326954056378910,https://i.pinimg.com/custom_covers/200x150/1083326954056378910_1780390132.jpg,False,False,False,default,pinterest.ijz1714i,{},Meat Dinner Recipes,Qm9hcmQ6MTA4MzMyNjk1NDA1NjM3ODkxMA==,"{'ads_only_profile_site': None, 'blocked_by_me': False, 'domain_url': None, 'first_name': 'Char & Coal | Grilled Meat Recipes', 'full_name': 'Char & Coal | Grilled Meat Recipes', 'id': '1083327022774062758', 'image_medium_url': 'https://i.pinimg.com/75x75_RS/d6/95/7f/d6957f6b4e2ac5321fd5da5567cd296a.jpg', 'image_small_url': 'https://i.pinimg.com/30x30_RS/d6/95/7f/d6957f6b4e2ac5321fd5da5567cd296a.jpg', 'image_xlarge_url': 'https://i.pinimg.com/280x280_RS/d6/95/7f/d6957f6b4e2ac5321fd5da5567cd296a.jpg', 'indexed': True, 'is_ads_only_profile': False, 'is_partner': True, 'is_private_profile': False, 'is_tastemaker': False, 'is_verified_merchant': False, 'node_id': 'VXNlcjoxMDgzMzI3MDIyNzc0MDYyNzU4', 'type': 'user', 'username': 'charandcoall', 'verified_identity': {}}",276,public,0,276,"{'reason': None, 'show_warning': False}",True,False,False,board,{},/charandcoall/meat-dinner-recipes/,False,,,
[],True,,[],"Wed, 24 Jun 2026 07:34:09 +0000",,True,False,0,False,"{'image_signature': 'a2f9952a4e97fda30b2e3ce46bdfcb91', 'pin_id': '1084523154039787738', 'timestamp': 1780565812}",{},"Baking made simple and cozy. Easy recipes for cakes, breads, muffins and everything worth turning the oven on for, even on a busy day.

The sweet stuff. Cookies, cakes, brownies and dreamy desserts — fun bakes for birthdays, holidays or just because you wanted something good.",,,,[],False,7,,1084523222707437285,https://i.pinimg.com/200x150/a2/f9/95/a2f9952a4e97fda30b2e3ce46bdfcb91.jpg,False,False,False,default,pinterest.ijz1714i,{},"Easy Baking Recipes | Cakes, Cookies & Sweet",Qm9hcmQ6MTA4NDUyMzIyMjcwNzQzNzI4NQ==,"{'ads_only_profile_site': None, 'blocked_by_me': False, 'domain_url': None, 'first_name': 'The Cozy Bakehouse - Easy Baking Recipes', 'full_name': 'The Cozy Bakehouse - Easy Baking Recipes', 'id': '1084523291425085363', 'image_medium_url': 'https://i.pinimg.com/75x75_RS/8c/a8/ee/8ca8ee20d840aa5e42b173404f2d3806.jpg', 'image_small_url': 'https://i.pinimg.com/30x30_RS/8c/a8/ee/8ca8ee20d840aa5e42b173404f2d3806.jpg', 'image_xlarge_url': 'https://i.pinimg.com/280x280_RS/8c/a8/ee/8ca8ee20d840aa5e42b173404f2d3806.jpg', 'indexed': True, 'is_ads_only_profile': False, 'is_partner': True, 'is_private_profile': False, 'is_tastemaker': False, 'is_verified_merchant': False, 'node_id': 'VXNlcjoxMDg0NTIzMjkxNDI1MDg1MzYz', 'type': 'user', 'username': 'cozybakehouselove', 'verified_identity': {}}",291,public,0,291,"{'reason': None, 'show_warning': False}",True,False,False,board,{},/cozybakehouselove/easy-baking-recipes-cakes-cookies-sweet/,False,,,
[],True,,[],"Wed, 24 Jun 2026 09:00:16 +0000",,True,False,0,False,"{'image_signature': '0347619db4572ca022281aa4150a1d52', 'pin_id': '1085226841486239562', 'timestamp': 1777755684}",{},"Discover easy dessert recipes including cakes, cookies, brownies, and no-bake treats. Perfect for beginners and quick sweet cravings.",,,,[],False,15,,1085226910149097133,https://i.pinimg.com/200x150/03/47/61/0347619db4572ca022281aa4150a1d52.jpg,False,False,False,default,pinterest.ijz1714i,{},Easy Dessert Recipes 🍰,Qm9hcmQ6MTA4NTIyNjkxMDE0OTA5NzEzMw==,"{'ads_only_profile_site': None, 'blocked_by_me': False, 'domain_url': 'breakfastideas.lokog.com', 'first_name': 'Emma Kitchen', 'full_name': 'Emma Kitchen', 'id': '1085226978866698256', 'image_medium_url': 'https://i.pinimg.com/75x75_RS/b2/81/b2/b281b21cd83f6b43d7cb4fcc8e9c2c7c.jpg', 'image_small_url': 'https://i.pinimg.com/30x30_RS/b2/81/b2/b281b21cd83f6b43d7cb4fcc8e9c2c7c.jpg', 'image_xlarge_url': 'https://i.pinimg.com/280x280_RS/b2/81/b2/b281b21cd83f6b43d7cb4fcc8e9c2c7c.jpg', 'indexed': True, 'is_ads_only_profile': False, 'is_partner': True, 'is_private_profile': False, 'is_tastemaker': False, 'is_verified_merchant': False, 'node_id': 'VXNlcjoxMDg1MjI2OTc4ODY2Njk4MjU2', 'type': 'user', 'username': 'KitchenbyEmma', 'verified_identity': {}}",236,public,0,236,"{'reason': None, 'show_warning': False}",True,False,False,board,{},/KitchenbyEmma/easy-dessert-recipes/,False,,,
[],True,,[],"Fri, 27 Mar 2026 08:06:58 +0000",food_drink,True,False,0,False,"{'image_signature': 'd30c77e0b8c01f7c90e945b0b384ed7d', 'pin_id': '1087337903804631164', 'timestamp': 1773197221}",{},,,,,[],False,83,,1087337972474254708,https://i.pinimg.com/200x150/d3/0c/77/d30c77e0b8c01f7c90e945b0b384ed7d.jpg,False,False,False,default,pinterest.ijz1714i,{},COOKING,Qm9hcmQ6MTA4NzMzNzk3MjQ3NDI1NDcwOA==,,14,public,0,14,"{'reason': None, 'show_warning': False}",True,False,False,board,{},/scratchymamakitchen/cooking/,False,,,
[],True,,[],"Sun, 01 Sep 2024 01:35:36 +0000",,True,False,0,False,"{'image_signature': '0c2ce89148c8d9af49bf9c10e8270046', 'pin_id': '1088182328707416686', 'timestamp': 1725154446}",{},,,,,[],False,3,,1088182397403499218,https://i.pinimg.com/200x150/0c/2c/e8/0c2ce89148c8d9af49bf9c10e8270046.jpg,False,False,False,default,pinterest.ijz1714i,{},Lemonade,Qm9hcmQ6MTA4ODE4MjM5NzQwMzQ5OTIxOA==,"{'ads_only_profile_site': None, 'blocked_by_me': False, 'domain_url': None, 'first_name': 'Shavonna', 'full_name': 'Shavonna Alexander', 'id': '1088182466121860314', 'image_medium_url': 'https://i.pinimg.com/75x75_RS/5e/b3/5d/5eb35d2a076d2f1c7917da7b5c7d4ada.jpg', 'image_small_url': 'https://i.pinimg.com/30x30_RS/5e/b3/5d/5eb35d2a076d2f1c7917da7b5c7d4ada.jpg', 'image_xlarge_url': 'https://i.pinimg.com/280x280_RS/5e/b3/5d/5eb35d2a076d2f1c7917da7b5c7d4ada.jpg', 'indexed': True, 'is_ads_only_profile': False, 'is_partner': False, 'is_private_profile': False, 'is_tastemaker': False, 'is_verified_merchant': False, 'node_id': 'VXNlcjoxMDg4MTgyNDY2MTIxODYwMzE0', 'type': 'user', 'username': 'alexandershavonna8', 'verified_identity': {}}",23,public,0,23,"{'reason': None, 'show_warning': False}",True,True,False,board,{},/alexandershavonna8/lemonade/,False,,,
[],True,,[],"Wed, 24 Jun 2026 10:29:25 +0000",,True,False,0,False,"{'crop': [0, 58], 'custom_cover': True, 'image_signature': 'ae6ea22389c56fe005b4d4d96ec5ced8', 'image_size': [236, None], 'image_url': 'https://i.pinimg.com/236x/ae/6e/a2/ae6ea22389c56fe005b4d4d96ec5ced8.jpg', 'pin_id': '1089026753675851712', 'scale': 1, 'size': [236, 236], 'timestamp': 1780478357}",{},"A gentler way to do keto, made for real life. Clean low-carb meals, electrolyte and gut-health tips and calm routines that bring steady energy without the burnout.",,,,[],False,7,,1089026822334848100,https://i.pinimg.com/custom_covers/200x150/1089026822334848100_1780478357.jpg,False,False,False,default,pinterest.ijz1714i,{},Clean Keto Wellness,Qm9hcmQ6MTA4OTAyNjgyMjMzNDg0ODEwMA==,"{'ads_only_profile_site': None, 'blocked_by_me': False, 'domain_url': None, 'first_name': 'Quiet Glow | Clean Keto Wellness', 'full_name': 'Quiet Glow | Clean Keto Wellness', 'id': '1089026891052454084', 'image_medium_url': 'https://i.pinimg.com/75x75_RS/81/51/01/815101dff951104544d2704bb853fbf7.jpg', 'image_small_url': 'https://i.pinimg.com/30x30_RS/81/51/01/815101dff951104544d2704bb853fbf7.jpg', 'image_xlarge_url': 'https://i.pinimg.com/280x280_RS/81/51/01/815101dff951104544d2704bb853fbf7.jpg', 'indexed': True, 'is_ads_only_profile': False, 'is_partner': True, 'is_private_profile': False, 'is_tastemaker': False, 'is_verified_merchant': False, 'node_id': 'VXNlcjoxMDg5MDI2ODkxMDUyNDU0MDg0', 'type': 'user', 'username': 'quietglowcoy', 'verified_identity': {}}",285,public,0,285,"{'reason': None, 'show_warning': False}",True,False,False,board,{},/quietglowcoy/clean-keto-wellness/,False,,,
[],True,,[],"Thu, 26 Feb 2026 17:09:56 +0000",,True,False,0,False,"{'image_signature': '82614a6b787fd061aeb4e7bc50492a85', 'pin_id': '1093459984542314493', 'timestamp': 1769724084}",{},,,,,[],False,3,,1093460053217534297,https://i.pinimg.com/200x150/82/61/4a/82614a6b787fd061aeb4e7bc50492a85.jpg,False,False,False,default,pinterest.ijz1714i,{},dessert ideas,Qm9hcmQ6MTA5MzQ2MDA1MzIxNzUzNDI5Nw==,"{'ads_only_profile_site': None, 'blocked_by_me': False, 'domain_url': None, 'first_name': 'Sophia', 'full_name': 'Sophia', 'id': '1093460121935520596', 'image_medium_url': 'https://i.pinimg.com/75x75_RS/24/8d/35/248d35dc8448c2495e95bf4f237ec3de.jpg', 'image_small_url': 'https://i.pinimg.com/30x30_RS/24/8d/35/248d35dc8448c2495e95bf4f237ec3de.jpg', 'image_xlarge_url': 'https://i.pinimg.com/280x280_RS/24/8d/35/248d35dc8448c2495e95bf4f237ec3de.jpg', 'indexed': True, 'is_ads_only_profile': False, 'is_partner': True, 'is_private_profile': False, 'is_tastemaker': False, 'is_verified_merchant': False, 'node_id': 'VXNlcjoxMDkzNDYwMTIxOTM1NTIwNTk2', 'type': 'user', 'username': 'sophiapatricia13', 'verified_identity': {}}",668,public,0,668,"{'reason': None, 'show_warning': False}",True,False,False,board,{},/sophiapatricia13/dessert-ideas/,False,,,
[],True,,[],"Wed, 24 Jun 2026 09:09:46 +0000",,True,False,0,False,"{'image_signature': 'e7f2846c6d61019c5e20c8dff449b129', 'pin_id': '1097048790509596207', 'timestamp': 1775671212}",{},"Browse healthy recipes for weight loss including low calorie meals, high protein dishes, and quick food ideas. Discover simple breakfast, lunch, and dinner options that support fat loss without complex cooking. Perfect for daily inspiration and saving easy meals that fit a clean eating lifestyle.",,,,[],False,62,,1097048859170908371,https://i.pinimg.com/200x150/e7/f2/84/e7f2846c6d61019c5e20c8dff449b129.jpg,False,False,False,default,pinterest.ijz1714i,{},Healthy Recipes for Weight Loss,Qm9hcmQ6MTA5NzA0ODg1OTE3MDkwODM3MQ==,"{'ads_only_profile_site': None, 'blocked_by_me': False, 'domain_url': None, 'first_name': 'Healthy Weight Loss Recipes | Meal Plan Hub', 'full_name': 'Healthy Weight Loss Recipes | Meal Plan Hub', 'id': '1097048927888656714', 'image_medium_url': 'https://i.pinimg.com/75x75_RS/4d/57/67/4d5767ed0ab15f83b1d7b2c281580f47.jpg', 'image_small_url': 'https://i.pinimg.com/30x30_RS/4d/57/67/4d5767ed0ab15f83b1d7b2c281580f47.jpg', 'image_xlarge_url': 'https://i.pinimg.com/280x280_RS/4d/57/67/4d5767ed0ab15f83b1d7b2c281580f47.jpg', 'indexed': True, 'is_ads_only_profile': False, 'is_partner': True, 'is_private_profile': False, 'is_tastemaker': False, 'is_verified_merchant': False, 'node_id': 'VXNlcjoxMDk3MDQ4OTI3ODg4NjU2NzE0', 'type': 'user', 'username': 'ZollinSadru', 'verified_identity': {}}",1351,public,0,1351,"{'reason': None, 'show_warning': False}",True,False,False,board,{},/ZollinSadru/healthy-recipes-for-weight-loss/,False,,,
[],True,,[],"Tue, 12 May 2026 02:40:50 +0000",,True,False,0,False,"{'image_signature': 'ec65766b515ed0462086df8d06516cb1', 'pin_id': '1100637596425420897', 'timestamp': 1723505986}",{},,,,,[],False,10,,1100637665122861019,https://i.pinimg.com/200x150/ec/65/76/ec65766b515ed0462086df8d06516cb1.jpg,False,False,False,default,pinterest.ijz1714i,{},Heirloom recipes,Qm9hcmQ6MTEwMDYzNzY2NTEyMjg2MTAxOQ==,"{'ads_only_profile_site': None, 'blocked_by_me': False, 'domain_url': None, 'first_name': 'Marsha', 'full_name': 'Marsha', 'id': '1100637733841469569', 'image_medium_url': 'https://s.pinimg.com/images/user/default_75.png', 'image_small_url': 'https://s.pinimg.com/images/user/default_30.png', 'image_xlarge_url': 'https://s.pinimg.com/images/user/default_280.png', 'indexed': True, 'is_ads_only_profile': False, 'is_partner': False, 'is_private_profile': False, 'is_tastemaker': False, 'is_verified_merchant': False, 'node_id': 'VXNlcjoxMTAwNjM3NzMzODQxNDY5NTY5', 'type': 'user', 'username': 'ladymargaretrose1957', 'verified_identity': {}}",578,public,0,578,"{'reason': None, 'show_warning': False}",True,True,False,board,{},/ladymargaretrose1957/heirloom-recipes/,False,,,
[],True,,[],"Sat, 20 Jun 2026 22:08:34 +0000",,True,False,0,False,"{'image_signature': 'a4dc7925af6b40eb0b63f0a919100ef7', 'pin_id': '1100778333942427337', 'timestamp': 1772740450}",{},,,,,[],False,44,,1100778402612186140,https://i.pinimg.com/200x150/a4/dc/79/a4dc7925af6b40eb0b63f0a919100ef7.jpg,False,False,False,default,pinterest.ijz1714i,{},Easy Dinner Recipes,Qm9hcmQ6MTEwMDc3ODQwMjYxMjE4NjE0MA==,"{'ads_only_profile_site': None, 'blocked_by_me': False, 'domain_url': None, 'first_name': 'Emma Whitaker', 'full_name': 'Emma Whitaker', 'id': '1100778471330032009', 'image_medium_url': 'https://s.pinimg.com/images/user/default_75.png', 'image_small_url': 'https://s.pinimg.com/images/user/default_30.png', 'image_xlarge_url': 'https://s.pinimg.com/images/user/default_280.png', 'indexed': True, 'is_ads_only_profile': False, 'is_partner': True, 'is_private_profile': False, 'is_tastemaker': False, 'is_verified_merchant': False, 'node_id': 'VXNlcjoxMTAwNzc4NDcxMzMwMDMyMDA5', 'type': 'user', 'username': 'emmawhitaker0374', 'verified_identity': {}}",177,public,0,177,"{'reason': None, 'show_warning': False}",True,False,False,board,{},/emmawhitaker0374/easy-dinner-recipes/,False,,,
[],True,,[],"Wed, 24 Jun 2026 07:46:53 +0000",,True,False,0,False,"{'image_signature': '1feb9fa7da7f4029e85407630ff1a13f', 'pin_id': '1102256077568968298', 'timestamp': 1768067642}",{},"Simplify your weeknight routine with easy crockpot soup recipes that let the slow cooker do all the work. This board highlights indulgent, creamy soup textures like potato leek, broccoli cheddar, and chowders that are effortless to prepare. Whether you need a ""set and forget"" meal or a quick stovetop solution, find the most convenient ""soup recipes"" for your busy schedule.

 #CrockpotRecipes #SlowCookerSoup #CreamySoup #EasyDinner #QuickMeals #WinterWarmer",,,,[],False,28,,1102256146239792722,https://i.pinimg.com/200x150/1f/eb/9f/1feb9fa7da7f4029e85407630ff1a13f.jpg,False,False,False,default,pinterest.ijz1714i,{},Easy Soup Favorites,Qm9hcmQ6MTEwMjI1NjE0NjIzOTc5MjcyMg==,"{'ads_only_profile_site': None, 'blocked_by_me': False, 'domain_url': None, 'first_name': 'Healthy Soup Recipes', 'full_name': 'Healthy Soup Recipes', 'id': '1102256214957721690', 'image_medium_url': 'https://i.pinimg.com/75x75_RS/7f/77/62/7f7762f3f7365a004563b0d38130abd5.jpg', 'image_small_url': 'https://i.pinimg.com/30x30_RS/7f/77/62/7f7762f3f7365a004563b0d38130abd5.jpg', 'image_xlarge_url': 'https://i.pinimg.com/280x280_RS/7f/77/62/7f7762f3f7365a004563b0d38130abd5.jpg', 'indexed': True, 'is_ads_only_profile': False, 'is_partner': True, 'is_private_profile': False, 'is_tastemaker': False, 'is_verified_merchant': False, 'node_id': 'VXNlcjoxMTAyMjU2MjE0OTU3NzIxNjkw', 'type': 'user', 'username': 'utawunumog', 'verified_identity': {}}",1603,public,0,1603,"{'reason': None, 'show_warning': False}",True,False,False,board,{},/utawunumog/easy-soup-favorites/,False,,,
[],True,,[],"Sun, 21 Jun 2026 16:47:18 +0000",,True,False,0,False,"{'image_signature': 'e4859da06cb6d1a4fa797ada80228bd2', 'pin_id': '1103733821214745802', 'timestamp': 1778697323}",{},,,,,[],False,51,,1103733889867891869,https://i.pinimg.com/200x150/e4/85/9d/e4859da06cb6d1a4fa797ada80228bd2.jpg,False,False,False,default,pinterest.ijz1714i,{},Best dessert recipes ever,Qm9hcmQ6MTEwMzczMzg4OTg2Nzg5MTg2OQ==,"{'ads_only_profile_site': None, 'blocked_by_me': False, 'domain_url': None, 'first_name': 'Isla Daduid', 'full_name': 'Isla Daduid', 'id': '1103733958585567505', 'image_medium_url': 'https://i.pinimg.com/75x75_RS/65/ee/5a/65ee5ad1736aa3c6c6cd5f09493e9af4.jpg', 'image_small_url': 'https://i.pinimg.com/30x30_RS/65/ee/5a/65ee5ad1736aa3c6c6cd5f09493e9af4.jpg', 'image_xlarge_url': 'https://i.pinimg.com/280x280_RS/65/ee/5a/65ee5ad1736aa3c6c6cd5f09493e9af4.jpg', 'indexed': True, 'is_ads_only_profile': False, 'is_partner': True, 'is_private_profile': False, 'is_tastemaker': False, 'is_verified_merchant': False, 'node_id': 'VXNlcjoxMTAzNzMzOTU4NTg1NTY3NTA1', 'type': 'user', 'username': '0tvo3k7mvqjom6547tmpxnkjv2jg6f', 'verified_identity': {}}",72,public,0,72,"{'reason': None, 'show_warning': False}",True,False,False,board,{},/0tvo3k7mvqjom6547tmpxnkjv2jg6f/best-dessert-recipes-ever/,False,,,
[],True,,[],"Mon, 22 Jun 2026 16:46:51 +0000",,True,False,0,False,"{'image_signature': '5bf9be04bd716936fd998da22d525862', 'pin_id': '1112248439247212187', 'timestamp': 1777500878}",{},,,,,[],False,2,,1112248507913238195,https://i.pinimg.com/200x150/5b/f9/be/5bf9be04bd716936fd998da22d525862.jpg,False,False,False,default,pinterest.ijz1714i,{},Recipes ideas,Qm9hcmQ6MTExMjI0ODUwNzkxMzIzODE5NQ==,"{'ads_only_profile_site': None, 'blocked_by_me': False, 'domain_url': 'etsy.com', 'first_name': ""Fria Cook's"", 'full_name': ""Fria Cook's"", 'id': '1112248576631023400', 'image_medium_url': 'https://i.pinimg.com/75x75_RS/57/33/59/57335968ce089e9dcf4b735b9b272b63.jpg', 'image_small_url': 'https://i.pinimg.com/30x30_RS/57/33/59/57335968ce089e9dcf4b735b9b272b63.jpg', 'image_xlarge_url': 'https://i.pinimg.com/280x280_RS/57/33/59/57335968ce089e9dcf4b735b9b272b63.jpg', 'indexed': True, 'is_ads_only_profile': False, 'is_partner': True, 'is_private_profile': False, 'is_tastemaker': False, 'is_verified_merchant': False, 'node_id': 'VXNlcjoxMTEyMjQ4NTc2NjMxMDIzNDAw', 'type': 'user', 'username': 'friacooks', 'verified_identity': {}}",667,public,0,667,"{'reason': None, 'show_warning': False}",True,False,False,board,{},/friacooks/recipes-ideas/,False,,,
[],True,,[],"Thu, 19 Feb 2026 03:12:06 +0000",,True,False,0,False,"{'image_signature': '7b9ab26a3830b7c196e085cfc7901a3f', 'pin_id': '1112389176728186576', 'timestamp': 1770562042}",{},,,,,[],False,324,,1112389245401400651,https://i.pinimg.com/200x150/7b/9a/b2/7b9ab26a3830b7c196e085cfc7901a3f.jpg,False,False,False,default,pinterest.ijz1714i,{},Eat,Qm9hcmQ6MTExMjM4OTI0NTQwMTQwMDY1MQ==,"{'ads_only_profile_site': None, 'blocked_by_me': False, 'domain_url': 'slsrecipes.com', 'first_name': 'SLS Recipes by Nora Wynn | Easy Comfort Food & Family Meals', 'full_name': 'SLS Recipes by Nora Wynn | Easy Comfort Food & Family Meals', 'id': '1112389314119330137', 'image_medium_url': 'https://i.pinimg.com/75x75_RS/82/c6/a7/82c6a70f95c33d1b118329793ff54afe.jpg', 'image_small_url': 'https://i.pinimg.com/30x30_RS/82/c6/a7/82c6a70f95c33d1b118329793ff54afe.jpg', 'image_xlarge_url': 'https://i.pinimg.com/280x280_RS/82/c6/a7/82c6a70f95c33d1b118329793ff54afe.jpg', 'indexed': True, 'is_ads_only_profile': False, 'is_partner': True, 'is_private_profile': False, 'is_tastemaker': False, 'is_verified_merchant': False, 'node_id': 'VXNlcjoxMTEyMzg5MzE0MTE5MzMwMTM3', 'type': 'user', 'username': 'norawynncooks', 'verified_identity': {}}",3,public,0,3,"{'reason': None, 'show_warning': False}",True,False,False,board,{},/norawynncooks/eat/,False,,"{'474x': [{'dominant_color': '#AF9259', 'height': 711, 'url': 'https://i.pinimg.com/474x/7b/9a/b2/7b9ab26a3830b7c196e085cfc7901a3f.jpg', 'width': 474}, {'dominant_color': '#E06B0A', 'height': 948, 'url': 'https://i.pinimg.com/474x/28/89/d1/2889d142cfdc8f550109b1106a754847.jpg', 'width': 474}, {'dominant_color': '#AF9259', 'height': 711, 'url': 'https://i.pinimg.com/474x/7b/9a/b2/7b9ab26a3830b7c196e085cfc7901a3f.jpg', 'width': 474}]}",
[],True,,[],"Wed, 03 Jun 2026 11:48:25 +0000",food_drink,True,False,0,False,"{'image_signature': '45405a75e371333f76f4b1a23100397a', 'pin_id': '1116681670145219631', 'timestamp': 1775730125}",{},,,,,[],False,7,,1116681738796458126,https://i.pinimg.com/200x150/45/40/5a/45405a75e371333f76f4b1a23100397a.jpg,False,False,False,default,pinterest.ijz1714i,{},Dinner Ideas,Qm9hcmQ6MTExNjY4MTczODc5NjQ1ODEyNg==,"{'ads_only_profile_site': None, 'blocked_by_me': False, 'domain_url': 'flavordishrecipes.com', 'first_name': 'Flavor Dish Recipes | Cook Easy, Eat Better.', 'full_name': 'Flavor Dish Recipes | Cook Easy, Eat Better.', 'id': '1116681807514222806', 'image_medium_url': 'https://i.pinimg.com/75x75_RS/1d/ac/1e/1dac1e2aef7026300105097e24d3c8c9.jpg', 'image_small_url': 'https://i.pinimg.com/30x30_RS/1d/ac/1e/1dac1e2aef7026300105097e24d3c8c9.jpg', 'image_xlarge_url': 'https://i.pinimg.com/280x280_RS/1d/ac/1e/1dac1e2aef7026300105097e24d3c8c9.jpg', 'indexed': True, 'is_ads_only_profile': False, 'is_partner': True, 'is_private_profile': False, 'is_tastemaker': False, 'is_verified_merchant': False, 'node_id': 'VXNlcjoxMTE2NjgxODA3NTE0MjIyODA2', 'type': 'user', 'username': 'flavordishrecipes', 'verified_identity': {}}",42,public,0,42,"{'reason': None, 'show_warning': False}",True,False,False,board,{},/flavordishrecipes/dinner-ideas/,False,,,
[],True,,[],"Tue, 23 Jun 2026 19:16:58 +0000",,True,False,0,False,"{'image_signature': '8d3dc3599e0b3cc51d92d974148b0050', 'pin_id': '1117033513853147318', 'timestamp': 1776173584}",{},"Dinner recipes for every night, every family and every budget. Easy dinner recipes that come together fast, ground beef recipes for dinner on a budget, quick and easy dinner recipes for busy weeknights, easy dinner recipes for family & casserole recipes for dinner that feed a crowd. Stop staring at the fridge — follow this board and eat well every night.",,,,[],False,5,,1117033582517461513,https://i.pinimg.com/200x150/8d/3d/c3/8d3dc3599e0b3cc51d92d974148b0050.jpg,False,False,False,default,pinterest.ijz1714i,{},Quick & Easy Weeknight Dinner Ideas,Qm9hcmQ6MTExNzAzMzU4MjUxNzQ2MTUxMw==,"{'ads_only_profile_site': None, 'blocked_by_me': False, 'domain_url': 'www.meacook.com', 'first_name': 'Healthy Cooking Daily | Chicken, Dinner & Breakfast Ideas', 'full_name': 'Healthy Cooking Daily | Chicken, Dinner & Breakfast Ideas', 'id': '1117033651235116513', 'image_medium_url': 'https://i.pinimg.com/75x75_RS/90/60/94/906094e2142dac06fafdc4be1d6a5d35.jpg', 'image_small_url': 'https://i.pinimg.com/30x30_RS/90/60/94/906094e2142dac06fafdc4be1d6a5d35.jpg', 'image_xlarge_url': 'https://i.pinimg.com/280x280_RS/90/60/94/906094e2142dac06fafdc4be1d6a5d35.jpg', 'indexed': True, 'is_ads_only_profile': False, 'is_partner': True, 'is_private_profile': False, 'is_tastemaker': False, 'is_verified_merchant': False, 'node_id': 'VXNlcjoxMTE3MDMzNjUxMjM1MTE2NTEz', 'type': 'user', 'username': 'meacook01', 'verified_identity': {}}",94,public,0,94,"{'reason': None, 'show_warning': False}",True,False,False,board,{},/meacook01/quick-easy-weeknight-dinner-ideas/,False,,,
[],True,,[],"Wed, 24 Jun 2026 09:21:06 +0000",,True,False,0,False,"{'image_signature': '732a34e15b9858ec668ce9c8f3e5ae3f', 'pin_id': '1118229782509284349', 'timestamp': 1775515759}",{},"Easy recipes, quick meals, dinner ideas, simple lunches, healthy food inspiration, and practical home cooking for busy days. Perfect for saving flavorful, realistic meals that feel approachable, satisfying, and easy to make any day of the week.",,,,[],False,7,,1118229851168363068,https://i.pinimg.com/200x150/73/2a/34/732a34e15b9858ec668ce9c8f3e5ae3f.jpg,False,False,False,default,pinterest.ijz1714i,{},"Easy Recipes, Quick Meals & Dinner Ideas",Qm9hcmQ6MTExODIyOTg1MTE2ODM2MzA2OA==,"{'ads_only_profile_site': None, 'blocked_by_me': False, 'domain_url': None, 'first_name': 'Easy Recipes, Meal Ideas & Everyday Home Cooking', 'full_name': 'Easy Recipes, Meal Ideas & Everyday Home Cooking', 'id': '1118229919886129894', 'image_medium_url': 'https://i.pinimg.com/75x75_RS/43/0c/ff/430cffcb52d1798b3cbcb4b32cd7b1db.jpg', 'image_small_url': 'https://i.pinimg.com/30x30_RS/43/0c/ff/430cffcb52d1798b3cbcb4b32cd7b1db.jpg', 'image_xlarge_url': 'https://i.pinimg.com/280x280_RS/43/0c/ff/430cffcb52d1798b3cbcb4b32cd7b1db.jpg', 'indexed': True, 'is_ads_only_profile': False, 'is_partner': True, 'is_private_profile': False, 'is_tastemaker': False, 'is_verified_merchant': False, 'node_id': 'VXNlcjoxMTE4MjI5OTE5ODg2MTI5ODk0', 'type': 'user', 'username': 'alboersguise', 'verified_identity': {}}",1312,public,0,1312,"{'reason': None, 'show_warning': False}",True,False,False,board,{},/alboersguise/easy-recipes-quick-meals-dinner-ideas/,False,,,
[],True,,[],"Wed, 17 Jun 2026 23:35:03 +0000",,True,False,0,False,"{'image_signature': '9684b621544e5540c51e22068aaf291c', 'pin_id': '1118722363708929585', 'timestamp': 1776044243}",{},"Looking for quick high protein meal ideas? Find 30-minute high protein dinners, easy protein snacks, and healthy high protein lunch recipes for work. We share simple high protein cooking recipes using basic kitchen ingredients like eggs, lentils, and lean meats. Perfect for healthy meal planning and staying full longer. Pin these recipes to simplify your high protein diet!""",,,,[],False,80,,1118722432377588345,https://i.pinimg.com/200x150/96/84/b6/9684b621544e5540c51e22068aaf291c.jpg,False,False,False,default,pinterest.ijz1714i,{},High Protein Recipes for Weight Loss,Qm9hcmQ6MTExODcyMjQzMjM3NzU4ODM0NQ==,"{'ads_only_profile_site': None, 'blocked_by_me': False, 'domain_url': None, 'first_name': 'Dizzy Daisy\nThe Recipe Hub: Easy Kitchen Recipes & Food Hacks', 'full_name': 'Dizzy Daisy\nThe Recipe Hub: Easy Kitchen Recipes & Food Hacks', 'id': '1118722501095367305', 'image_medium_url': 'https://i.pinimg.com/75x75_RS/66/8d/98/668d988d34bc667f5df385617ddf5b4f.jpg', 'image_small_url': 'https://i.pinimg.com/30x30_RS/66/8d/98/668d988d34bc667f5df385617ddf5b4f.jpg', 'image_xlarge_url': 'https://i.pinimg.com/280x280_RS/66/8d/98/668d988d34bc667f5df385617ddf5b4f.jpg', 'indexed': True, 'is_ads_only_profile': False, 'is_partner': True, 'is_private_profile': False, 'is_tastemaker': False, 'is_verified_merchant': False, 'node_id': 'VXNlcjoxMTE4NzIyNTAxMDk1MzY3MzA1', 'type': 'user', 'username': 'DizzyDaisyEats', 'verified_identity': {}}",33,public,0,33,"{'reason': None, 'show_warning': False}",True,False,False,board,{},/DizzyDaisyEats/high-protein-recipes-for-weight-loss/,False,,,
[],True,,[],"Wed, 24 Jun 2026 12:15:33 +0000",,True,False,0,False,"{'crop': [0, 0], 'custom_cover': True, 'image_signature': '1079bc78035b62c831ee5d00d76f54ff', 'image_size': [236, None], 'image_url': 'https://i.pinimg.com/236x/10/79/bc/1079bc78035b62c831ee5d00d76f54ff.jpg', 'pin_id': '1121677850968948865', 'scale': 1, 'size': [236, 462], 'timestamp': 1780391370}",{},"Healthy and high protein meal ideas — balanced breakfasts, lunches and dinners packed with flavor to fuel your day and keep you full.",,,,[],False,16,,1121677919633253800,https://i.pinimg.com/custom_covers/200x150/1121677919633253800_1780391370.jpg,False,False,False,default,pinterest.ijz1714i,{},Healthy & High Protein Meals,Qm9hcmQ6MTEyMTY3NzkxOTYzMzI1MzgwMA==,"{'ads_only_profile_site': None, 'blocked_by_me': False, 'domain_url': None, 'first_name': 'Everyday Eats | Easy Healthy Recipes', 'full_name': 'Everyday Eats | Easy Healthy Recipes', 'id': '1121677988350892655', 'image_medium_url': 'https://i.pinimg.com/75x75_RS/a5/b5/ac/a5b5acff9769e734e3716e91bf373f26.jpg', 'image_small_url': 'https://i.pinimg.com/30x30_RS/a5/b5/ac/a5b5acff9769e734e3716e91bf373f26.jpg', 'image_xlarge_url': 'https://i.pinimg.com/280x280_RS/a5/b5/ac/a5b5acff9769e734e3716e91bf373f26.jpg', 'indexed': True, 'is_ads_only_profile': False, 'is_partner': True, 'is_private_profile': False, 'is_tastemaker': False, 'is_verified_merchant': False, 'node_id': 'VXNlcjoxMTIxNjc3OTg4MzUwODkyNjU1', 'type': 'user', 'username': 'everydayeatskitchen', 'verified_identity': {}}",280,public,0,280,"{'reason': None, 'show_warning': False}",True,False,False,board,{},/everydayeatskitchen/healthy-high-protein-meals/,False,,,
[],True,,[],"Wed, 24 Jun 2026 10:09:31 +0000",,True,False,0,False,"{'image_signature': 'a7886beaea599787ceee5ad06263dca5', 'pin_id': '1122240800920072904', 'timestamp': 1776241632}",{},"The most-saved keto recipes on Pinterest, all in one board. From creamy chicken dishes and cheesy cauliflower bakes to viral egg-based breakfasts and 30-minute low carb dinners, every pin here is designed to perform. These are the recipes real people save, cook, and come back to. If you want fast, delicious, macro-friendly meals that support fat loss and keep carbs low, this board delivers exactly that.",,,,[],False,49,,1122240869586507057,https://i.pinimg.com/200x150/a7/88/6b/a7886beaea599787ceee5ad06263dca5.jpg,False,False,False,default,pinterest.ijz1714i,{},Trending Keto Recipes for Weight Loss,Qm9hcmQ6MTEyMjI0MDg2OTU4NjUwNzA1Nw==,"{'ads_only_profile_site': None, 'blocked_by_me': False, 'domain_url': None, 'first_name': 'Keto Diet Recipes and Fast Weight Loss Tips', 'full_name': 'Keto Diet Recipes and Fast Weight Loss Tips', 'id': '1122240938304265964', 'image_medium_url': 'https://i.pinimg.com/75x75_RS/5c/84/a0/5c84a00c8a69d9aa2b1039960a94943d.jpg', 'image_small_url': 'https://i.pinimg.com/30x30_RS/5c/84/a0/5c84a00c8a69d9aa2b1039960a94943d.jpg', 'image_xlarge_url': 'https://i.pinimg.com/280x280_RS/5c/84/a0/5c84a00c8a69d9aa2b1039960a94943d.jpg', 'indexed': True, 'is_ads_only_profile': False, 'is_partner': True, 'is_private_profile': False, 'is_tastemaker': False, 'is_verified_merchant': False, 'node_id': 'VXNlcjoxMTIyMjQwOTM4MzA0MjY1OTY0', 'type': 'user', 'username': 'TyraniorViscot', 'verified_identity': {}}",1203,public,0,1203,"{'reason': None, 'show_warning': False}",True,False,False,board,{},/TyraniorViscot/trending-keto-recipes-for-weight-loss/,False,,,
[],True,,[],"Wed, 24 Jun 2026 09:13:39 +0000",,True,False,0,False,"{'image_signature': '1e034f5e2bbad11e369581df5be3fd31', 'pin_id': '1125548131904005327', 'timestamp': 1771925413}",{},"The pizzas everyone should know how to make. Perfect Margherita, crispy pepperoni, authentic Neapolitan, and classic cheese. Tips for the best dough, sauce, and baking techniques. Master the basics first .",,,,[],False,159,,1125548200562686334,https://i.pinimg.com/200x150/1e/03/4f/1e034f5e2bbad11e369581df5be3fd31.jpg,False,False,False,default,pinterest.ijz1714i,{},Classic Pizza Recipes | Perfect Crust Every Time,Qm9hcmQ6MTEyNTU0ODIwMDU2MjY4NjMzNA==,"{'ads_only_profile_site': None, 'blocked_by_me': False, 'domain_url': None, 'first_name': 'Soup & Pizza Vault | Ultimate Recipe Collections', 'full_name': 'Soup & Pizza Vault | Ultimate Recipe Collections', 'id': '1125548269280569680', 'image_medium_url': 'https://i.pinimg.com/75x75_RS/33/ad/df/33addffbefc59a95ddb0feacfe67718e.jpg', 'image_small_url': 'https://i.pinimg.com/30x30_RS/33/ad/df/33addffbefc59a95ddb0feacfe67718e.jpg', 'image_xlarge_url': 'https://i.pinimg.com/280x280_RS/33/ad/df/33addffbefc59a95ddb0feacfe67718e.jpg', 'indexed': True, 'is_ads_only_profile': False, 'is_partner': True, 'is_private_profile': False, 'is_tastemaker': False, 'is_verified_merchant': False, 'node_id': 'VXNlcjoxMTI1NTQ4MjY5MjgwNTY5Njgw', 'type': 'user', 'username': 'yarosesovik', 'verified_identity': {}}",1925,public,0,1925,"{'reason': None, 'show_warning': False}",True,False,False,board,{},/yarosesovik/classic-pizza-recipes-perfect-crust-every-time/,False,,,
[],True,,[],"Wed, 24 Jun 2026 09:00:43 +0000",,True,False,0,False,"{'crop': [0, 0], 'custom_cover': True, 'image_signature': '9cf0bae1c2ef6267dc09a99f1ff088a4', 'image_size': [236, None], 'image_url': 'https://i.pinimg.com/236x/9c/f0/ba/9cf0bae1c2ef6267dc09a99f1ff088a4.jpg', 'pin_id': '1126181450593245395', 'scale': 1, 'size': [236, 236], 'timestamp': 1737815123}",{},"Discover a world of delicious chicken recipes perfect for every occasion! From quick and easy weeknight dinners to flavorful grilled, baked, and slow-cooked dishes, this board has it all. Explore healthy chicken meals, comforting classics, and creative ideas to elevate your cooking game. Whether you love chicken breasts, thighs, or wings, you’ll find recipes your family will love. #ChickenRecipes #EasyMeals #HealthyCooking #DinnerIdeas #FoodieFavorites",,,,[],False,1748,,1126181519259525934,https://i.pinimg.com/custom_covers/200x150/1126181519259525934_1737815123.jpg,False,False,False,default,pinterest.ijz1714i,{},Chicken Recipes,Qm9hcmQ6MTEyNjE4MTUxOTI1OTUyNTkzNA==,"{'ads_only_profile_site': None, 'blocked_by_me': False, 'domain_url': 'chickenmagicrecipes.com', 'first_name': 'Chicken Magic Recipes', 'full_name': 'Chicken Magic Recipes', 'id': '1126181587978014939', 'image_medium_url': 'https://i.pinimg.com/75x75_RS/60/c1/2c/60c12cf75948da130bae162da5b6d9c0.jpg', 'image_small_url': 'https://i.pinimg.com/30x30_RS/60/c1/2c/60c12cf75948da130bae162da5b6d9c0.jpg', 'image_xlarge_url': 'https://i.pinimg.com/280x280_RS/60/c1/2c/60c12cf75948da130bae162da5b6d9c0.jpg', 'indexed': True, 'is_ads_only_profile': False, 'is_partner': True, 'is_private_profile': False, 'is_tastemaker': False, 'is_verified_merchant': False, 'node_id': 'VXNlcjoxMTI2MTgxNTg3OTc4MDE0OTM5', 'type': 'user', 'username': 'chickenmagicrecipes', 'verified_identity': {}}",1402,public,2,51,"{'reason': None, 'show_warning': False}",True,False,False,board,{},/chickenmagicrecipes/chicken-recipes/,False,,,
[],True,,[],"Wed, 24 Jun 2026 10:11:43 +0000",,True,False,0,False,"{'crop': [0, 198], 'custom_cover': True, 'image_signature': '98d8d96086b64f93c95741887781965a', 'image_size': [236, None], 'image_url': 'https://i.pinimg.com/236x/98/d8/d9/98d8d96086b64f93c95741887781965a.jpg', 'pin_id': '1129488781576116744', 'scale': 1, 'size': [236, 236], 'timestamp': 1780477567}",{},"A cleaner take on keto, built on whole foods. Low-carb breakfasts, lunches and dinners that keep you in rhythm through a structured reset without feeling deprived.",,,,[],False,7,,1129488850236970871,https://i.pinimg.com/custom_covers/200x150/1129488850236970871_1780477567.jpg,False,False,False,default,pinterest.ijz1714i,{},Clean Keto Meal Plan,Qm9hcmQ6MTEyOTQ4ODg1MDIzNjk3MDg3MQ==,"{'ads_only_profile_site': None, 'blocked_by_me': False, 'domain_url': None, 'first_name': 'The Keto Edit - Clean Keto for Women', 'full_name': 'The Keto Edit - Clean Keto for Women', 'id': '1129488918954611794', 'image_medium_url': 'https://i.pinimg.com/75x75_RS/ab/74/47/ab74476abf25555619c64fa83fb5094f.jpg', 'image_small_url': 'https://i.pinimg.com/30x30_RS/ab/74/47/ab74476abf25555619c64fa83fb5094f.jpg', 'image_xlarge_url': 'https://i.pinimg.com/280x280_RS/ab/74/47/ab74476abf25555619c64fa83fb5094f.jpg', 'indexed': True, 'is_ads_only_profile': False, 'is_partner': True, 'is_private_profile': False, 'is_tastemaker': False, 'is_verified_merchant': False, 'node_id': 'VXNlcjoxMTI5NDg4OTE4OTU0NjExNzk0', 'type': 'user', 'username': 'theketoeditt', 'verified_identity': {}}",285,public,0,285,"{'reason': None, 'show_warning': False}",True,False,False,board,{},/theketoeditt/clean-keto-meal-plan/,False,,,
[],True,,[],"Wed, 24 Jun 2026 06:02:51 +0000",,True,False,0,False,"{'crop': [0, 0], 'custom_cover': True, 'image_signature': '656eb27a3d741616bf657c09b993e9e4', 'image_size': [236, None], 'image_url': 'https://i.pinimg.com/236x/65/6e/b2/656eb27a3d741616bf657c09b993e9e4.jpg', 'pin_id': '1134696068642226243', 'scale': 1, 'size': [236, 472], 'timestamp': 1780392847}",{},"Easy fish recipes for any night — baked, pan-seared and grilled salmon, cod and white fish with simple seasonings and fresh, light flavors.",,,,[],False,18,,1134696137306156031,https://i.pinimg.com/custom_covers/200x150/1134696137306156031_1780392847.jpg,False,False,False,default,pinterest.ijz1714i,{},Easy Fish Recipes,Qm9hcmQ6MTEzNDY5NjEzNzMwNjE1NjAzMQ==,"{'ads_only_profile_site': None, 'blocked_by_me': False, 'domain_url': None, 'first_name': 'Hook & Sea | Easy Fish Recipes', 'full_name': 'Hook & Sea | Easy Fish Recipes', 'id': '1134696206023758291', 'image_medium_url': 'https://i.pinimg.com/75x75_RS/33/3d/b7/333db72e807626805216324559b2eb70.jpg', 'image_small_url': 'https://i.pinimg.com/30x30_RS/33/3d/b7/333db72e807626805216324559b2eb70.jpg', 'image_xlarge_url': 'https://i.pinimg.com/280x280_RS/33/3d/b7/333db72e807626805216324559b2eb70.jpg', 'indexed': True, 'is_ads_only_profile': False, 'is_partner': True, 'is_private_profile': False, 'is_tastemaker': False, 'is_verified_merchant': False, 'node_id': 'VXNlcjoxMTM0Njk2MjA2MDIzNzU4Mjkx', 'type': 'user', 'username': 'hookandsea', 'verified_identity': {}}",294,public,0,294,"{'reason': None, 'show_warning': False}",True,False,False,board,{},/hookandsea/easy-fish-recipes/,False,,,
[],True,,[],"Wed, 24 Jun 2026 04:04:13 +0000",,True,False,0,False,"{'image_signature': '103c0e4b0dfc65d26fc7cac8105a5441', 'pin_id': '1139551511986559310', 'timestamp': 1777327500}",{},,,,,[],False,13,,1139551580654261970,https://i.pinimg.com/200x150/10/3c/0e/103c0e4b0dfc65d26fc7cac8105a5441.jpg,False,False,False,default,pinterest.ijz1714i,{},Dinner Inspirations,Qm9hcmQ6MTEzOTU1MTU4MDY1NDI2MTk3MA==,,246,public,0,246,"{'reason': None, 'show_warning': False}",True,False,False,board,{},/thegrandmarecipez/dinner-inspirations/,False,,,
[],True,,[],"Wed, 24 Jun 2026 09:36:16 +0000",,True,False,0,False,"{'image_signature': '617ff2a8f3de10f62166642e0ad3fc94', 'pin_id': '1141169993113135849', 'timestamp': 1776077821}",{},"Cozy dinner recipes, warm soups, comfort food favorites, homemade pasta, baked meals, and simple family cooking inspiration for everyday life. Perfect for saving flavorful dishes that feel comforting, satisfying, and easy to enjoy during busy weeks or quiet evenings at home.",,,,[],False,8,,1141170061770268803,https://i.pinimg.com/200x150/61/7f/f2/617ff2a8f3de10f62166642e0ad3fc94.jpg,False,False,False,default,pinterest.ijz1714i,{},"Cozy Dinner Recipes, Soups & Comfort Food",Qm9hcmQ6MTE0MTE3MDA2MTc3MDI2ODgwMw==,"{'ads_only_profile_site': None, 'blocked_by_me': False, 'domain_url': None, 'first_name': 'Cozy Recipes, Comfort Food & Homemade Meal Ideas', 'full_name': 'Cozy Recipes, Comfort Food & Homemade Meal Ideas', 'id': '1141170130488054987', 'image_medium_url': 'https://i.pinimg.com/75x75_RS/4f/3b/eb/4f3beb2deefb7c082d82cbf2daba8a68.jpg', 'image_small_url': 'https://i.pinimg.com/30x30_RS/4f/3b/eb/4f3beb2deefb7c082d82cbf2daba8a68.jpg', 'image_xlarge_url': 'https://i.pinimg.com/280x280_RS/4f/3b/eb/4f3beb2deefb7c082d82cbf2daba8a68.jpg', 'indexed': True, 'is_ads_only_profile': False, 'is_partner': True, 'is_private_profile': False, 'is_tastemaker': False, 'is_verified_merchant': False, 'node_id': 'VXNlcjoxMTQxMTcwMTMwNDg4MDU0OTg3', 'type': 'user', 'username': 'tuveiros2705', 'verified_identity': {}}",1160,public,0,1160,"{'reason': None, 'show_warning': False}",True,False,False,board,{},/tuveiros2705/cozy-dinner-recipes-soups-comfort-food/,False,,,
[],True,,[],"Wed, 24 Jun 2026 08:07:39 +0000",,True,False,0,False,"{'image_signature': '96003e82cc8c62b26327bbef3645c72e', 'pin_id': '1141592205565565282', 'timestamp': 1771926257}",{},"Lemon herb cod, parmesan-crusted halibut, buttery scallops, and steamed clams in white wine. Simple preparations that let the seafood shine. Elegant enough for company, easy enough for Tuesday .",,,,[],False,270,,1141592274235167338,https://i.pinimg.com/200x150/96/00/3e/96003e82cc8c62b26327bbef3645c72e.jpg,False,False,False,default,pinterest.ijz1714i,{},White Fish & Shellfish | Light & Delicate,Qm9hcmQ6MTE0MTU5MjI3NDIzNTE2NzMzOA==,"{'ads_only_profile_site': None, 'blocked_by_me': False, 'domain_url': None, 'first_name': 'Seafood & Grill Master | Ultimate Recipe Collections', 'full_name': 'Seafood & Grill Master | Ultimate Recipe Collections', 'id': '1141592342953077088', 'image_medium_url': 'https://i.pinimg.com/75x75_RS/be/e5/05/bee505f69082c6d5ef1aac21d5700800.jpg', 'image_small_url': 'https://i.pinimg.com/30x30_RS/be/e5/05/bee505f69082c6d5ef1aac21d5700800.jpg', 'image_xlarge_url': 'https://i.pinimg.com/280x280_RS/be/e5/05/bee505f69082c6d5ef1aac21d5700800.jpg', 'indexed': True, 'is_ads_only_profile': False, 'is_partner': True, 'is_private_profile': False, 'is_tastemaker': False, 'is_verified_merchant': False, 'node_id': 'VXNlcjoxMTQxNTkyMzQyOTUzMDc3MDg4', 'type': 'user', 'username': 'ragonuregaso', 'verified_identity': {}}",1908,public,0,1908,"{'reason': None, 'show_warning': False}",True,False,False,board,{},/ragonuregaso/white-fish-shellfish-light-delicate/,False,,,
[],True,,[],"Sun, 24 Nov 2024 12:14:41 +0000",,True,False,0,False,"{'image_signature': '3f1638b568f0ea494e1cf185257cdc62', 'pin_id': '1145884698956206581', 'timestamp': 1732446978}",{},,,,,[],False,5,,1145884767629252537,https://i.pinimg.com/200x150/3f/16/38/3f1638b568f0ea494e1cf185257cdc62.jpg,False,False,False,default,pinterest.ijz1714i,{},viral story,Qm9hcmQ6MTE0NTg4NDc2NzYyOTI1MjUzNw==,"{'ads_only_profile_site': None, 'blocked_by_me': False, 'domain_url': None, 'first_name': 'Amelia Miller', 'full_name': 'Amelia Miller', 'id': '1145884836347765602', 'image_medium_url': 'https://s.pinimg.com/images/user/default_75.png', 'image_small_url': 'https://s.pinimg.com/images/user/default_30.png', 'image_xlarge_url': 'https://s.pinimg.com/images/user/default_280.png', 'indexed': True, 'is_ads_only_profile': False, 'is_partner': True, 'is_private_profile': False, 'is_tastemaker': False, 'is_verified_merchant': False, 'node_id': 'VXNlcjoxMTQ1ODg0ODM2MzQ3NzY1NjAy', 'type': 'user', 'username': 'ameliamiller00088', 'verified_identity': {}}",5,public,0,5,"{'reason': None, 'show_warning': False}",True,False,False,board,{},/ameliamiller00088/viral-story/,False,,"{'474x': [{'dominant_color': '#E4D4CE', 'height': 1422, 'url': 'https://i.pinimg.com/474x/4f/4b/ae/4f4baee43aaab1dbd31a7186d57ad907.jpg', 'width': 474}, {'dominant_color': '#F18C6E', 'height': 1327, 'url': 'https://i.pinimg.com/474x/8f/fc/66/8ffc66ebdf9d6237b56c181f32440d58.jpg', 'width': 474}, {'dominant_color': '#B0A487', 'height': 842, 'url': 'https://i.pinimg.com/474x/bb/da/65/bbda65210a1e09556f6ec267ffe52111.jpg', 'width': 474}, {'dominant_color': '#B08B53', 'height': 421, 'url': 'https://i.pinimg.com/474x/99/6a/c9/996ac9aaff5b932ed4a559a3909915fd.jpg', 'width': 236}, {'dominant_color': '#807877', 'height': 750, 'url': 'https://i.pinimg.com/474x/3f/16/38/3f1638b568f0ea494e1cf185257cdc62.jpg', 'width': 375}]}",
[],True,,[],"Sat, 20 Jun 2026 07:02:13 +0000",,True,False,0,False,"{'image_signature': '6fb4fdfef0561765c10fb8559d28da9f', 'pin_id': '1147292073875970303', 'timestamp': 1753081363}",{},,,,,[],False,892,,1147292142513196947,https://i.pinimg.com/200x150/6f/b4/fd/6fb4fdfef0561765c10fb8559d28da9f.jpg,False,False,False,default,pinterest.ijz1714i,{},Sandwiches and Wrapped Recipes,Qm9hcmQ6MTE0NzI5MjE0MjUxMzE5Njk0Nw==,"{'ads_only_profile_site': None, 'blocked_by_me': False, 'domain_url': 'www.ayleenrecipes.com', 'first_name': 'Ayleen Recipes | Easy Homemade Recipes for Families', 'full_name': 'Ayleen Recipes | Easy Homemade Recipes for Families', 'id': '1147292211231358580', 'image_medium_url': 'https://i.pinimg.com/75x75_RS/fd/4e/05/fd4e053d533e79c690acb8672fa509bf.jpg', 'image_small_url': 'https://i.pinimg.com/30x30_RS/fd/4e/05/fd4e053d533e79c690acb8672fa509bf.jpg', 'image_xlarge_url': 'https://i.pinimg.com/280x280_RS/fd/4e/05/fd4e053d533e79c690acb8672fa509bf.jpg', 'indexed': True, 'is_ads_only_profile': False, 'is_partner': True, 'is_private_profile': False, 'is_tastemaker': False, 'is_verified_merchant': False, 'node_id': 'VXNlcjoxMTQ3MjkyMjExMjMxMzU4NTgw', 'type': 'user', 'username': 'AyleenRecipes', 'verified_identity': {}}",64,public,0,64,"{'reason': None, 'show_warning': False}",True,False,False,board,{},/AyleenRecipes/sandwiches-and-wrapped-recipes/,False,,,
[],True,,[],"Thu, 12 Feb 2026 04:52:01 +0000",,True,False,0,False,"{'image_signature': '6d9f15aefbb65cad515ecb04329f6fcb', 'pin_id': '1150247561098988890', 'timestamp': 1770871761}",{},,,,,[],False,3,,1150247629769048158,https://i.pinimg.com/200x150/6d/9f/15/6d9f15aefbb65cad515ecb04329f6fcb.jpg,False,False,False,default,pinterest.ijz1714i,{},Easy Morning Food,Qm9hcmQ6MTE1MDI0NzYyOTc2OTA0ODE1OA==,"{'ads_only_profile_site': None, 'blocked_by_me': False, 'domain_url': None, 'first_name': 'Pamea', 'full_name': 'Pamea', 'id': '1150247698486915648', 'image_medium_url': 'https://s.pinimg.com/images/user/default_75.png', 'image_small_url': 'https://s.pinimg.com/images/user/default_30.png', 'image_xlarge_url': 'https://s.pinimg.com/images/user/default_280.png', 'indexed': True, 'is_ads_only_profile': False, 'is_partner': True, 'is_private_profile': False, 'is_tastemaker': False, 'is_verified_merchant': False, 'node_id': 'VXNlcjoxMTUwMjQ3Njk4NDg2OTE1NjQ4', 'type': 'user', 'username': 'pama1264', 'verified_identity': {}}",31,public,0,31,"{'reason': None, 'show_warning': False}",True,False,False,board,{},/pama1264/easy-morning-food/,False,,,
[],True,,[],"Tue, 02 Dec 2025 18:06:17 +0000",food_drink,True,False,0,False,"{'crop': [4, 41], 'custom_cover': True, 'image_key': '204350901812055243_avhWiBvS', 'image_signature': '1af937d15489dd00926c98ac9c2b8393', 'image_size': [550, None], 'image_url': 'https://i.pinimg.com/550x/1a/f9/37/1af937d15489dd00926c98ac9c2b8393.jpg', 'pin_id': '115264071683601138', 'scale': 0.7733333333333333, 'size': [222, 150], 'timestamp': 1348530700, 'url': 'uploads/cover_115264140401998887_204350901812055243_avhWiBvS_1348530700_222.jpg'}",{},,,,,[],False,59,,115264140401998887,https://i.pinimg.com/custom_covers/200x150/115264140401998887_1348530700.jpg,False,False,False,default,pinterest.ijz1714i,{},Pasta,Qm9hcmQ6MTE1MjY0MTQwNDAxOTk4ODg3,"{'ads_only_profile_site': None, 'blocked_by_me': False, 'domain_url': None, 'first_name': 'Kathy', 'full_name': 'Kathy Gunnette', 'id': '115264209121447306', 'image_medium_url': 'https://i.pinimg.com/75x75_RS/1a/74/5f/1a745f52a0280086e2e6ea23c351ddc1.jpg', 'image_small_url': 'https://i.pinimg.com/30x30_RS/1a/74/5f/1a745f52a0280086e2e6ea23c351ddc1.jpg', 'image_xlarge_url': 'https://i.pinimg.com/280x280_RS/1a/74/5f/1a745f52a0280086e2e6ea23c351ddc1.jpg', 'indexed': False, 'is_ads_only_profile': False, 'is_partner': False, 'is_private_profile': False, 'is_tastemaker': False, 'is_verified_merchant': False, 'node_id': 'VXNlcjoxMTUyNjQyMDkxMjE0NDczMDY=', 'type': 'user', 'username': 'mandmx2', 'verified_identity': {}}",297,public,0,297,"{'reason': None, 'show_warning': False}",True,True,False,board,{},/mandmx2/pasta/,False,,,
[],True,,[],"Sun, 28 Dec 2025 04:03:08 +0000",,True,False,0,False,"{'image_signature': '686cd0cfb2a62760b6df9a669653b80e', 'pin_id': '127930445662955671', 'timestamp': 1766894589}",{},,,,,[],False,23,,127930514354439890,https://i.pinimg.com/200x150/68/6c/d0/686cd0cfb2a62760b6df9a669653b80e.jpg,False,False,False,default,pinterest.ijz1714i,{},Bake Energy Snacks,Qm9hcmQ6MTI3OTMwNTE0MzU0NDM5ODkw,"{'ads_only_profile_site': None, 'blocked_by_me': False, 'domain_url': None, 'first_name': 'Nidanur1530', 'full_name': 'Nidanur1530', 'id': '127930583073462968', 'image_medium_url': 'https://s.pinimg.com/images/user/default_75.png', 'image_small_url': 'https://s.pinimg.com/images/user/default_30.png', 'image_xlarge_url': 'https://s.pinimg.com/images/user/default_280.png', 'indexed': True, 'is_ads_only_profile': False, 'is_partner': True, 'is_private_profile': False, 'is_tastemaker': False, 'is_verified_merchant': False, 'node_id': 'VXNlcjoxMjc5MzA1ODMwNzM0NjI5Njg=', 'type': 'user', 'username': 'nidanur1530', 'verified_identity': {}}",1,public,0,1,"{'reason': None, 'show_warning': False}",True,False,False,board,{},/nidanur1530/bake-energy-snacks/,False,,"{'474x': [{'dominant_color': '#AA8D63', 'height': 709, 'url': 'https://i.pinimg.com/474x/68/6c/d0/686cd0cfb2a62760b6df9a669653b80e.jpg', 'width': 474}]}",
[],True,,[],"Wed, 17 Jun 2026 00:16:07 +0000",food_drink,True,False,0,False,"{'image_signature': 'e49d9caf1b04e327b2cbea051b407a43', 'pin_id': '1337074864502061', 'timestamp': 1396388481}",{},,,,,[],False,244,,1337143578441742,https://i.pinimg.com/200x150/e4/9d/9c/e49d9caf1b04e327b2cbea051b407a43.jpg,False,False,False,default,pinterest.ijz1714i,{},Soups/Stews,Qm9hcmQ6MTMzNzE0MzU3ODQ0MTc0Mg==,"{'ads_only_profile_site': None, 'blocked_by_me': False, 'domain_url': None, 'first_name': 'Anne', 'full_name': 'Anne Messinger', 'id': '1337212297807736', 'image_medium_url': 'https://i.pinimg.com/75x75_RS/f6/b4/f9/f6b4f924d76a017588c60d25a114504b.jpg', 'image_small_url': 'https://i.pinimg.com/30x30_RS/f6/b4/f9/f6b4f924d76a017588c60d25a114504b.jpg', 'image_xlarge_url': 'https://i.pinimg.com/280x280_RS/f6/b4/f9/f6b4f924d76a017588c60d25a114504b.jpg', 'indexed': True, 'is_ads_only_profile': False, 'is_partner': False, 'is_private_profile': False, 'is_tastemaker': False, 'is_verified_merchant': False, 'node_id': 'VXNlcjoxMzM3MjEyMjk3ODA3NzM2', 'type': 'user', 'username': 'neab153', 'verified_identity': {}}",708,public,0,708,"{'reason': None, 'show_warning': False}",True,True,False,board,{},/neab153/soupsstews/,False,,,
[],True,,[],"Sun, 26 Apr 2026 03:52:36 +0000",food_drink,True,False,0,False,"{'crop': [0, 90], 'custom_cover': True, 'image_signature': 'aefbd9458405ad1b36e4132421ab0205', 'image_size': [236, None], 'image_url': 'https://i.pinimg.com/236x/ae/fb/d9/aefbd9458405ad1b36e4132421ab0205.jpg', 'pin_id': '142918988149038121', 'scale': 0.940677966102, 'size': [222, 150], 'timestamp': 1411682627}",{},,,,,[],False,82,,142919056863827925,https://i.pinimg.com/custom_covers/200x150/142919056863827925_1411682627.jpg,False,False,False,default,pinterest.ijz1714i,{},to eat,Qm9hcmQ6MTQyOTE5MDU2ODYzODI3OTI1,"{'ads_only_profile_site': None, 'blocked_by_me': False, 'domain_url': None, 'first_name': 'Emma Dale', 'full_name': 'Emma Dale', 'id': '142919125583266233', 'image_medium_url': 'https://i.pinimg.com/75x75_RS/1d/fb/4d/1dfb4d3ff41149b183ae1c4d9385c81c.jpg', 'image_small_url': 'https://i.pinimg.com/30x30_RS/1d/fb/4d/1dfb4d3ff41149b183ae1c4d9385c81c.jpg', 'image_xlarge_url': 'https://i.pinimg.com/280x280_RS/1d/fb/4d/1dfb4d3ff41149b183ae1c4d9385c81c.jpg', 'indexed': False, 'is_ads_only_profile': False, 'is_partner': False, 'is_private_profile': False, 'is_tastemaker': False, 'is_verified_merchant': False, 'node_id': 'VXNlcjoxNDI5MTkxMjU1ODMyNjYyMzM=', 'type': 'user', 'username': 'emmaloudi', 'verified_identity': {}}",626,public,0,626,"{'reason': None, 'show_warning': False}",True,True,False,board,{},/emmaloudi/to-eat/,False,,,"[{'id': '15926951830088', 'pin_type': -1, 'text': 'All Pins', 'type': 'pintypefilter'}, {'id': '15930133667175', 'pin_type': 6, 'text': 'Favorites', 'type': 'pintypefilter'}]"
[],True,,[],"Sun, 11 Jan 2026 12:54:43 +0000",,True,False,0,False,"{'image_signature': 'd98fb4c214da377e7f48ced287021124', 'pin_id': '159244536815271112', 'timestamp': 1628704423}",{},,,,,[],False,507,,159244605513394675,https://i.pinimg.com/200x150/d9/8f/b4/d98fb4c214da377e7f48ced287021124.jpg,False,False,False,default,pinterest.ijz1714i,{},Mediterranean,Qm9hcmQ6MTU5MjQ0NjA1NTEzMzk0Njc1,"{'ads_only_profile_site': None, 'blocked_by_me': False, 'domain_url': None, 'first_name': 'Anne', 'full_name': 'Anne Lee', 'id': '159244674232484643', 'image_medium_url': 'https://i.pinimg.com/75x75_RS/d4/22/df/d422df7896cd0015e1d03f409a013606.jpg', 'image_small_url': 'https://i.pinimg.com/30x30_RS/d4/22/df/d422df7896cd0015e1d03f409a013606.jpg', 'image_xlarge_url': 'https://i.pinimg.com/280x280_RS/d4/22/df/d422df7896cd0015e1d03f409a013606.jpg', 'indexed': True, 'is_ads_only_profile': False, 'is_partner': False, 'is_private_profile': False, 'is_tastemaker': False, 'is_verified_merchant': False, 'node_id': 'VXNlcjoxNTkyNDQ2NzQyMzI0ODQ2NDM=', 'type': 'user', 'username': 'weezie78', 'verified_identity': {}}",71,public,5,8,"{'reason': None, 'show_warning': False}",True,True,False,board,{},/weezie78/mediterranean/,False,,,
[],True,,[],"Tue, 02 Feb 2021 12:30:33 +0000",,True,False,0,False,"{'image_signature': 'c4a4715819f797d18a09243155e3a872', 'pin_id': '194428908892106054', 'timestamp': 1469309017}",{},,,,,[],False,131,,194428977602085007,https://i.pinimg.com/200x150/c4/a4/71/c4a4715819f797d18a09243155e3a872.jpg,False,False,False,default,pinterest.ijz1714i,{},low carbohydrate,Qm9hcmQ6MTk0NDI4OTc3NjAyMDg1MDA3,"{'ads_only_profile_site': None, 'blocked_by_me': False, 'domain_url': None, 'first_name': 'Bobbie', 'full_name': 'Bobbie Walls', 'id': '194429046321316552', 'image_medium_url': 'https://i.pinimg.com/75x75_RS/88/66/bb/8866bbbfed8022058b3a7e828ab1946f.jpg', 'image_small_url': 'https://i.pinimg.com/30x30_RS/88/66/bb/8866bbbfed8022058b3a7e828ab1946f.jpg', 'image_xlarge_url': 'https://i.pinimg.com/280x280_RS/88/66/bb/8866bbbfed8022058b3a7e828ab1946f.jpg', 'indexed': True, 'is_ads_only_profile': False, 'is_partner': False, 'is_private_profile': False, 'is_tastemaker': False, 'is_verified_merchant': False, 'node_id': 'VXNlcjoxOTQ0MjkwNDYzMjEzMTY1NTI=', 'type': 'user', 'username': 'bobbie1954', 'verified_identity': {}}",922,public,0,922,"{'reason': None, 'show_warning': False}",True,True,False,board,{},/bobbie1954/low-carbohydrate/,False,,,
[],True,,[],"Sun, 21 Jun 2026 02:54:37 +0000",food_drink,True,False,0,False,"{'crop': [0, 579], 'custom_cover': True, 'image_signature': '43d5e863933775d22e0280572eaf93a6', 'image_size': [640, None], 'image_url': 'https://i.pinimg.com/640x/43/d5/e8/43d5e863933775d22e0280572eaf93a6.jpg', 'pin_id': '200480620897707006', 'scale': 1, 'size': [640, 640], 'timestamp': 1547398211}",{},Desserts to Crave!,,,,[],False,12413,,200480689601216968,https://i.pinimg.com/custom_covers/200x150/200480689601216968_1547398211.jpg,False,False,False,default,pinterest.ijz1714i,{},Dessert,Qm9hcmQ6MjAwNDgwNjg5NjAxMjE2OTY4,"{'ads_only_profile_site': None, 'blocked_by_me': False, 'domain_url': 'www.eightdollarjewelryshop.com', 'first_name': 'Shimmer and Sparkle LLC', 'full_name': 'Shimmer and Sparkle LLC', 'id': '200480758320598237', 'image_medium_url': 'https://i.pinimg.com/75x75_RS/be/bb/6c/bebb6cc3776eb16308dc9b12b8fe342e.jpg', 'image_small_url': 'https://i.pinimg.com/30x30_RS/be/bb/6c/bebb6cc3776eb16308dc9b12b8fe342e.jpg', 'image_xlarge_url': 'https://i.pinimg.com/280x280_RS/be/bb/6c/bebb6cc3776eb16308dc9b12b8fe342e.jpg', 'indexed': True, 'is_ads_only_profile': False, 'is_partner': True, 'is_private_profile': False, 'is_tastemaker': False, 'is_verified_merchant': True, 'node_id': 'VXNlcjoyMDA0ODA3NTgzMjA1OTgyMzc=', 'type': 'user', 'username': 'paparazzigirly', 'verified_identity': {}}",4524,public,0,4524,"{'reason': None, 'show_warning': False}",True,False,False,board,{},/paparazzigirly/dessert/,False,,,
[],True,,[],"Sun, 14 Jun 2026 03:35:41 +0000",,True,False,0,False,"{'image_signature': '227686c05a40c00ff3ee620ee56fb42f', 'pin_id': '212654413649690102', 'timestamp': 1689693245}",{},,,,,[],False,144,,212654482344283043,https://i.pinimg.com/200x150/22/76/86/227686c05a40c00ff3ee620ee56fb42f.jpg,False,False,False,default,pinterest.ijz1714i,{},Flat Iron Griddle,Qm9hcmQ6MjEyNjU0NDgyMzQ0MjgzMDQz,"{'ads_only_profile_site': None, 'blocked_by_me': False, 'domain_url': None, 'first_name': 'Terri', 'full_name': 'Terri Vagasky', 'id': '212654551063333609', 'image_medium_url': 'https://i.pinimg.com/75x75_RS/13/c7/f3/13c7f3e0d15d68a1d5e08d5127d52fe9.jpg', 'image_small_url': 'https://i.pinimg.com/30x30_RS/13/c7/f3/13c7f3e0d15d68a1d5e08d5127d52fe9.jpg', 'image_xlarge_url': 'https://i.pinimg.com/280x280_RS/13/c7/f3/13c7f3e0d15d68a1d5e08d5127d52fe9.jpg', 'indexed': True, 'is_ads_only_profile': False, 'is_partner': False, 'is_private_profile': False, 'is_tastemaker': False, 'is_verified_merchant': False, 'node_id': 'VXNlcjoyMTI2NTQ1NTEwNjMzMzM2MDk=', 'type': 'user', 'username': 'tvagasky', 'verified_identity': {}}",32,public,0,32,"{'reason': None, 'show_warning': False}",True,True,False,board,{},/tvagasky/flat-iron-griddle/,False,,,
[],True,,[],"Mon, 18 Nov 2024 12:20:45 +0000",food_drink,True,False,0,False,"{'image_signature': '77b5034285fd4db9dedeefdbc456fbee', 'pin_id': '22306960641127242', 'timestamp': 1553922027}",{},Recipes Related Pins,,,,[],False,3834,,22307029343607553,https://i.pinimg.com/200x150/77/b5/03/77b5034285fd4db9dedeefdbc456fbee.jpg,False,False,False,default,pinterest.ijz1714i,{},Recipes,Qm9hcmQ6MjIzMDcwMjkzNDM2MDc1NTM=,"{'ads_only_profile_site': None, 'blocked_by_me': False, 'domain_url': 'mhrmasum.info', 'first_name': 'Mohammad Harunur Rashid', 'full_name': 'Mohammad Harunur Rashid', 'id': '22307098062753118', 'image_medium_url': 'https://i.pinimg.com/75x75_RS/de/45/6a/de456a5a42b17072c3ea50e69978d176.jpg', 'image_small_url': 'https://i.pinimg.com/30x30_RS/de/45/6a/de456a5a42b17072c3ea50e69978d176.jpg', 'image_xlarge_url': 'https://i.pinimg.com/280x280_RS/de/45/6a/de456a5a42b17072c3ea50e69978d176.jpg', 'indexed': False, 'is_ads_only_profile': False, 'is_partner': True, 'is_private_profile': False, 'is_tastemaker': False, 'is_verified_merchant': False, 'node_id': 'VXNlcjoyMjMwNzA5ODA2Mjc1MzExOA==', 'type': 'user', 'username': 'mhrmasum', 'verified_identity': {}}",266,public,0,266,"{'reason': None, 'show_warning': False}",True,False,False,board,{},/mhrmasum/recipes/,False,,,
[],True,,[],"Tue, 02 Jun 2020 00:50:17 +0000",food_drink,True,False,0,False,"{'crop': [0, 20], 'custom_cover': True, 'image_signature': '2d73a8a7ef9885b14e09d2a6c553479f', 'image_size': [236, None], 'image_url': 'https://i.pinimg.com/236x/2d/73/a8/2d73a8a7ef9885b14e09d2a6c553479f.jpg', 'pin_id': '49539664636794445', 'scale': 1, 'size': [236, 111], 'timestamp': 1513395906}",{},,,,,[],False,13574,,230598512109361049,https://i.pinimg.com/custom_covers/200x150/230598512109361049_1513395906.jpg,False,False,False,default,pinterest.ijz1714i,{},Brownies ❤ Bars,Qm9hcmQ6MjMwNTk4NTEyMTA5MzYxMDQ5,"{'ads_only_profile_site': None, 'blocked_by_me': False, 'domain_url': None, 'first_name': 'Sue', 'full_name': 'Sue B', 'id': '230598580828638398', 'image_medium_url': 'https://i.pinimg.com/75x75_RS/40/d4/74/40d474c7195ce92ebeb4e7210a1a487b.jpg', 'image_small_url': 'https://i.pinimg.com/30x30_RS/40/d4/74/40d474c7195ce92ebeb4e7210a1a487b.jpg', 'image_xlarge_url': 'https://i.pinimg.com/280x280_RS/40/d4/74/40d474c7195ce92ebeb4e7210a1a487b.jpg', 'indexed': True, 'is_ads_only_profile': False, 'is_partner': False, 'is_private_profile': False, 'is_tastemaker': False, 'is_verified_merchant': False, 'node_id': 'VXNlcjoyMzA1OTg1ODA4Mjg2MzgzOTg=', 'type': 'user', 'username': 'irenesue', 'verified_identity': {}}",428,public,0,428,"{'reason': None, 'show_warning': False}",True,True,False,board,{},/irenesue/brownies-bars/,False,,,
[],True,,[],"Thu, 11 Jun 2026 02:27:40 +0000",,True,False,0,False,"{'crop': [0, 0], 'custom_cover': True, 'image_signature': 'ca7e32289cb0d6fe664ca3e11ac019aa', 'image_size': [236, None], 'image_url': 'https://i.pinimg.com/236x/ca/7e/32/ca7e32289cb0d6fe664ca3e11ac019aa.jpg', 'pin_id': '237916792809964099', 'scale': 1, 'size': [236, 236], 'timestamp': 1748015003}",{},"Find the perfect bite-sized inspiration with these delicious appetizer recipes and snack ideas! From easy finger foods and game day snacks to party appetizers and make-ahead bites, this board has something for every occasion. Explore savory dips, cheese boards, meatballs, pinwheels, and more. Perfect for holiday gatherings, potlucks, or casual snacking. Quick, tasty, and crowd-pleasing, start pinning your next favorite recipe!",,,,[],False,451509,,237916861503951774,https://i.pinimg.com/custom_covers/200x150/237916861503951774_1748015003.jpg,False,False,False,default,pinterest.ijz1714i,{},Appetizer and Snack Recipes,Qm9hcmQ6MjM3OTE2ODYxNTAzOTUxNzc0,,4041,public,0,4041,"{'reason': None, 'show_warning': False}",True,False,False,board,{},/willcook4smiles/appetizer-and-snack-recipes/,False,,,
[],True,,[],"Sun, 21 Jun 2026 23:42:51 +0000",food_drink,True,False,0,False,"{'crop': [0, 689], 'custom_cover': True, 'image_signature': '13d2e14035bb619a2fc5ddaf76875cb7', 'image_size': [1200, None], 'image_url': 'https://i.pinimg.com/1200x/13/d2/e1/13d2e14035bb619a2fc5ddaf76875cb7.jpg', 'pin_id': '256705247507188788', 'scale': 1, 'size': [1200, 1200], 'timestamp': 1761520587}",{},,,,,[],False,387,"{'cropping_info': {'crop_x': 0, 'crop_y': 152, 'height': 485, 'width': 736}, 'id': '2922209434657645888', 'image_signature': 'f6322cc428d9be0a69d215b2fe21473c', 'large_image_url': 'https://i.pinimg.com/474x/f6/32/2c/f6322cc428d9be0a69d215b2fe21473c.jpg', 'node_id': 'Qm9hcmRIZWFkZXI6MjkyMjIwOTQzNDY1NzY0NTg4OA==', 'pin_id': '256705247507266949', 'root_pin_id': '870883646699785512', 'small_image_url': 'https://i.pinimg.com/236x/f6/32/2c/f6322cc428d9be0a69d215b2fe21473c.jpg', 'xlarge_image_url': 'https://i.pinimg.com/1200x/f6/32/2c/f6322cc428d9be0a69d215b2fe21473c.jpg'}",256705316199115686,https://i.pinimg.com/custom_covers/200x150/256705316199115686_1761520587.jpg,False,False,False,default,pinterest.ijz1714i,{},Baking Ideas,Qm9hcmQ6MjU2NzA1MzE2MTk5MTE1Njg2,"{'ads_only_profile_site': None, 'blocked_by_me': False, 'domain_url': None, 'first_name': 'Katy', 'full_name': 'Katy S', 'id': '256705384918548539', 'image_medium_url': 'https://i.pinimg.com/75x75_RS/10/4d/16/104d1681a3e85bbf0b99ee18cb482480.jpg', 'image_small_url': 'https://i.pinimg.com/30x30_RS/10/4d/16/104d1681a3e85bbf0b99ee18cb482480.jpg', 'image_xlarge_url': 'https://i.pinimg.com/280x280_RS/10/4d/16/104d1681a3e85bbf0b99ee18cb482480.jpg', 'indexed': False, 'is_ads_only_profile': False, 'is_partner': False, 'is_private_profile': False, 'is_tastemaker': False, 'is_verified_merchant': False, 'node_id': 'VXNlcjoyNTY3MDUzODQ5MTg1NDg1Mzk=', 'type': 'user', 'username': 'kstets', 'verified_identity': {}}",654,public,0,654,"{'reason': None, 'show_warning': False}",True,True,False,board,{},/kstets/baking-ideas/,False,,,"[{'id': '16821372352114', 'pin_type': -1, 'text': 'All Pins', 'type': 'pintypefilter'}, {'id': '16821372351619', 'pin_type': 6, 'text': 'Favorites', 'type': 'pintypefilter'}]"
[],True,,[],"Thu, 29 Jan 2026 17:08:49 +0000",,True,False,0,False,"{'image_signature': 'bc16f96b80f1e4cc3c1e0cc82f7e81f2', 'pin_id': '295056213066492906', 'timestamp': 1444543517}",{},,,,,[],False,186,,295056281776277963,https://i.pinimg.com/200x150/bc/16/f9/bc16f96b80f1e4cc3c1e0cc82f7e81f2.jpg,False,False,False,default,pinterest.ijz1714i,{},Christmas,Qm9hcmQ6Mjk1MDU2MjgxNzc2Mjc3OTYz,"{'ads_only_profile_site': None, 'blocked_by_me': False, 'domain_url': None, 'first_name': 'rose', 'full_name': 'rose beaver', 'id': '295056350495410667', 'image_medium_url': 'https://i.pinimg.com/75x75_RS/32/e8/e4/32e8e407bc20f26f0cfbb9a7e0f40e66.jpg', 'image_small_url': 'https://i.pinimg.com/30x30_RS/32/e8/e4/32e8e407bc20f26f0cfbb9a7e0f40e66.jpg', 'image_xlarge_url': 'https://i.pinimg.com/280x280_RS/32/e8/e4/32e8e407bc20f26f0cfbb9a7e0f40e66.jpg', 'indexed': True, 'is_ads_only_profile': False, 'is_partner': False, 'is_private_profile': False, 'is_tastemaker': False, 'is_verified_merchant': False, 'node_id': 'VXNlcjoyOTUwNTYzNTA0OTU0MTA2Njc=', 'type': 'user', 'username': 'rbeaver5259', 'verified_identity': {}}",1934,public,0,1934,"{'reason': None, 'show_warning': False}",True,True,False,board,{},/rbeaver5259/christmas/,False,,,
[],True,,[],"Sun, 21 Jun 2026 16:39:56 +0000",food_drink,True,False,0,False,"{'crop': [0, 70], 'custom_cover': True, 'image_signature': 'c3f355fc590465d6377b0eee6b73ec3d', 'image_size': [236, None], 'image_url': 'https://i.pinimg.com/236x/c3/f3/55/c3f355fc590465d6377b0eee6b73ec3d.jpg', 'pin_id': '298715387803075467', 'scale': 1, 'size': [236, 236], 'timestamp': 1735941562}",{},"A meal isn’t complete without the perfect side dish. There are the classics like mashed potatoes, baked sweet potatoes, and roasted vegetables that are essential holiday and Thanksgiving sides. Or when summer cookout side dishes are needed, enjoy everything from potato salad to grilled vegetables.",,,,[],False,194577,,298715456473343660,https://i.pinimg.com/custom_covers/200x150/298715456473343660_1735941562.jpg,False,False,False,default,pinterest.ijz1714i,{},Side Dishes,Qm9hcmQ6Mjk4NzE1NDU2NDczMzQzNjYw,,419,public,0,419,"{'reason': None, 'show_warning': False}",True,False,False,board,{},/downshiftology/side-dishes/,False,,,
[],True,,[],"Wed, 24 Jun 2026 01:40:43 +0000",food_drink,True,False,65,False,"{'crop': [0, 37], 'custom_cover': True, 'image_signature': '6f85fe42a60c3044c8db9a1d36f028b1', 'image_size': [236, None], 'image_url': 'https://i.pinimg.com/236x/6f/85/fe/6f85fe42a60c3044c8db9a1d36f028b1.jpg', 'pin_id': '30047522489744057', 'scale': 0.940677966102, 'size': [222, 150], 'timestamp': 1418187503}",{},"Desserts, Breads, Snacks, Breakfast foods. Make sure you pin from the original source and have a good description. Happy Pinning! ",,,,[],False,137941,,30047591202829269,https://i.pinimg.com/custom_covers/200x150/30047591202829269_1418187503.jpg,False,True,False,default,pinterest.ijz1714i,{},"* Sweets * Cookies, Cakes, Bars, Pies,Frozen Treats, Drinks and more",Qm9hcmQ6MzAwNDc1OTEyMDI4MjkyNjk=,"{'ads_only_profile_site': None, 'blocked_by_me': False, 'domain_url': 'www.chocolatechocolateandmore.com', 'first_name': 'Grace | ChocolateChocolateandmore', 'full_name': 'Grace | ChocolateChocolateandmore', 'id': '30047659922293276', 'image_medium_url': 'https://i.pinimg.com/75x75_RS/8e/ba/21/8eba21267b4caac31aa7ee8d84e37872.jpg', 'image_small_url': 'https://i.pinimg.com/30x30_RS/8e/ba/21/8eba21267b4caac31aa7ee8d84e37872.jpg', 'image_xlarge_url': 'https://i.pinimg.com/280x280_RS/8e/ba/21/8eba21267b4caac31aa7ee8d84e37872.jpg', 'indexed': True, 'is_ads_only_profile': False, 'is_partner': True, 'is_private_profile': False, 'is_tastemaker': False, 'is_verified_merchant': False, 'node_id': 'VXNlcjozMDA0NzY1OTkyMjI5MzI3Ng==', 'type': 'user', 'username': 'chocolatemore', 'verified_identity': {}}",106793,public,0,106793,"{'reason': None, 'show_warning': False}",True,False,False,board,{},/chocolatemore/sweets-cookies-cakes-bars-piesfrozen-treats-drinks/,False,,,"[{'id': '16818180723281', 'pin_type': -1, 'text': 'All Pins', 'type': 'pintypefilter'}, {'id': '16819307050928', 'pin_type': 6, 'text': 'Favorites', 'type': 'pintypefilter'}]"
[],True,,[],"Mon, 01 Jun 2026 23:12:01 +0000",food_drink,True,False,0,False,"{'image_signature': '38dc848713996e38fee5c5f0b7c25829', 'pin_id': '303148618649330027', 'timestamp': 1460323887}",{},,,,,[],False,3,,303148687356778237,https://i.pinimg.com/200x150/38/dc/84/38dc848713996e38fee5c5f0b7c25829.jpg,False,False,False,default,pinterest.ijz1714i,{},Recipes,Qm9hcmQ6MzAzMTQ4Njg3MzU2Nzc4MjM3,"{'ads_only_profile_site': None, 'blocked_by_me': False, 'domain_url': None, 'first_name': 'Alexandra', 'full_name': 'Alexandra Steinmann', 'id': '303148756075844147', 'image_medium_url': 'https://s.pinimg.com/images/user/default_75.png', 'image_small_url': 'https://s.pinimg.com/images/user/default_30.png', 'image_xlarge_url': 'https://s.pinimg.com/images/user/default_280.png', 'indexed': False, 'is_ads_only_profile': False, 'is_partner': False, 'is_private_profile': False, 'is_tastemaker': False, 'is_verified_merchant': False, 'node_id': 'VXNlcjozMDMxNDg3NTYwNzU4NDQxNDc=', 'type': 'user', 'username': 'alexandra8421', 'verified_identity': {}}",172,public,0,172,"{'reason': None, 'show_warning': False}",True,True,False,board,{},/alexandra8421/recipes/,False,,,
[],True,,[],"Sat, 11 Apr 2026 17:24:52 +0000",food_drink,True,False,0,False,"{'image_signature': '6aad494f17282d5efb0a316aa20f615e', 'pin_id': '309200330652424285', 'timestamp': 1482541537}",{},,,,,[],False,1,,309200399356126843,https://i.pinimg.com/200x150/6a/ad/49/6aad494f17282d5efb0a316aa20f615e.jpg,False,False,False,default,pinterest.ijz1714i,{},healthy food,Qm9hcmQ6MzA5MjAwMzk5MzU2MTI2ODQz,"{'ads_only_profile_site': None, 'blocked_by_me': False, 'domain_url': None, 'first_name': 'sherry', 'full_name': 'sherry', 'id': '309200468075140492', 'image_medium_url': 'https://s.pinimg.com/images/user/default_75.png', 'image_small_url': 'https://s.pinimg.com/images/user/default_30.png', 'image_xlarge_url': 'https://s.pinimg.com/images/user/default_280.png', 'indexed': True, 'is_ads_only_profile': False, 'is_partner': False, 'is_private_profile': False, 'is_tastemaker': False, 'is_verified_merchant': False, 'node_id': 'VXNlcjozMDkyMDA0NjgwNzUxNDA0OTI=', 'type': 'user', 'username': 'sherrysmale30', 'verified_identity': {}}",79,public,0,79,"{'reason': None, 'show_warning': False}",True,True,False,board,{},/sherrysmale30/healthy-food/,False,,,
[],True,,[],"Sat, 07 Feb 2026 01:28:50 +0000",,True,False,0,False,"{'image_signature': '7b6e4addd3c7d7e5fea51434c4e87ffe', 'pin_id': '335940453439888841', 'timestamp': 1483142539}",{},,,,,[],False,72,,335940522143647161,https://i.pinimg.com/200x150/7b/6e/4a/7b6e4addd3c7d7e5fea51434c4e87ffe.jpg,False,False,False,default,pinterest.ijz1714i,{},more apps,Qm9hcmQ6MzM1OTQwNTIyMTQzNjQ3MTYx,"{'ads_only_profile_site': None, 'blocked_by_me': False, 'domain_url': None, 'first_name': 'Tricia', 'full_name': 'Tricia Foretich', 'id': '335940590862598558', 'image_medium_url': 'https://i.pinimg.com/75x75_RS/76/10/66/761066282d5d940089d58a682e009589.jpg', 'image_small_url': 'https://i.pinimg.com/30x30_RS/76/10/66/761066282d5d940089d58a682e009589.jpg', 'image_xlarge_url': 'https://i.pinimg.com/280x280_RS/76/10/66/761066282d5d940089d58a682e009589.jpg', 'indexed': True, 'is_ads_only_profile': False, 'is_partner': False, 'is_private_profile': False, 'is_tastemaker': False, 'is_verified_merchant': False, 'node_id': 'VXNlcjozMzU5NDA1OTA4NjI1OTg1NTg=', 'type': 'user', 'username': 'triciaforetich', 'verified_identity': {}}",91,public,0,91,"{'reason': None, 'show_warning': False}",True,True,False,board,{},/triciaforetich/more-apps/,False,,,
[],True,,[],"Sun, 31 May 2026 16:14:38 +0000",,True,False,0,False,"{'image_signature': 'a8de046fd5b4573976426cc1d09a505c', 'pin_id': '348114246217809578', 'timestamp': 1775454320}",{},,,,,[],False,128,,348114314886951634,https://i.pinimg.com/200x150/a8/de/04/a8de046fd5b4573976426cc1d09a505c.jpg,False,False,False,default,pinterest.ijz1714i,{},"Homemade Food Mixes, Sauces etc",Qm9hcmQ6MzQ4MTE0MzE0ODg2OTUxNjM0,"{'ads_only_profile_site': None, 'blocked_by_me': False, 'domain_url': None, 'first_name': 'Kathy', 'full_name': 'Kathy Swanson', 'id': '348114383605338172', 'image_medium_url': 'https://i.pinimg.com/75x75_RS/37/86/d0/3786d02bc8f3bc236446d3d43efe8c8b.jpg', 'image_small_url': 'https://i.pinimg.com/30x30_RS/37/86/d0/3786d02bc8f3bc236446d3d43efe8c8b.jpg', 'image_xlarge_url': 'https://i.pinimg.com/280x280_RS/37/86/d0/3786d02bc8f3bc236446d3d43efe8c8b.jpg', 'indexed': True, 'is_ads_only_profile': False, 'is_partner': False, 'is_private_profile': False, 'is_tastemaker': False, 'is_verified_merchant': False, 'node_id': 'VXNlcjozNDgxMTQzODM2MDUzMzgxNzI=', 'type': 'user', 'username': 'sawyersgma', 'verified_identity': {}}",14,public,0,14,"{'reason': None, 'show_warning': False}",True,True,False,board,{},/sawyersgma/homemade-food-mixes-sauces-etc/,False,,,
[],True,,[],"Tue, 23 Jun 2026 09:57:05 +0000",food_drink,True,False,0,False,"{'crop': [0, 0], 'custom_cover': True, 'image_signature': '835beea5211504f2f55dd918167a5485', 'image_size': [236, None], 'image_url': 'https://i.pinimg.com/236x/83/5b/ee/835beea5211504f2f55dd918167a5485.jpg', 'pin_id': '366128644729998959', 'scale': 1, 'size': [236, 236], 'timestamp': 1771362642}",{},Welcome to this space where you can see videos of dinner meals you would like to try.,,,,[],False,1053,,366128713396395926,https://i.pinimg.com/custom_covers/200x150/366128713396395926_1771362642.jpg,False,False,False,default,pinterest.ijz1714i,{},DINNER /MEALS,Qm9hcmQ6MzY2MTI4NzEzMzk2Mzk1OTI2,,233,public,13,43,"{'reason': None, 'show_warning': False}",True,False,False,board,{},/GailsFinest/dinner-meals/,False,,,
[],True,,[],"Mon, 15 Dec 2025 14:27:06 +0000",,True,False,0,False,"{'image_signature': '98db499d10da92849075ead48d34d1a7', 'pin_id': '38773246777460549', 'timestamp': 1600743270}",{},,,,,[],False,376,,38773315481215925,https://i.pinimg.com/200x150/98/db/49/98db499d10da92849075ead48d34d1a7.jpg,False,False,False,default,pinterest.ijz1714i,{},{Dessert} Brownies,Qm9hcmQ6Mzg3NzMzMTU0ODEyMTU5MjU=,"{'ads_only_profile_site': None, 'blocked_by_me': False, 'domain_url': None, 'first_name': 'Denise', 'full_name': 'Denise', 'id': '38773384200326588', 'image_medium_url': 'https://i.pinimg.com/75x75_RS/25/40/4b/25404b2a43649e800703eaa01476d155.jpg', 'image_small_url': 'https://i.pinimg.com/30x30_RS/25/40/4b/25404b2a43649e800703eaa01476d155.jpg', 'image_xlarge_url': 'https://i.pinimg.com/280x280_RS/25/40/4b/25404b2a43649e800703eaa01476d155.jpg', 'indexed': True, 'is_ads_only_profile': False, 'is_partner': False, 'is_private_profile': False, 'is_tastemaker': False, 'is_verified_merchant': False, 'node_id': 'VXNlcjozODc3MzM4NDIwMDMyNjU4OA==', 'type': 'user', 'username': 'dstultz1228', 'verified_identity': {}}",133,public,0,133,"{'reason': None, 'show_warning': False}",True,True,False,board,{},/dstultz1228/dessert-brownies/,False,,,
[],True,,[],"Sun, 10 May 2026 14:28:39 +0000",food_drink,True,False,0,False,"{'image_signature': '435c80d3780d4f6be238d423d599c45f', 'pin_id': '399905641889464932', 'timestamp': 1434941525}",{},,,,,[],False,31,,399905710600929044,https://i.pinimg.com/200x150/43/5c/80/435c80d3780d4f6be238d423d599c45f.jpg,False,False,False,default,pinterest.ijz1714i,{},Food!!,Qm9hcmQ6Mzk5OTA1NzEwNjAwOTI5MDQ0,"{'ads_only_profile_site': None, 'blocked_by_me': False, 'domain_url': None, 'first_name': 'Tiffany', 'full_name': 'Tiffany Warner', 'id': '399905779320101852', 'image_medium_url': 'https://i.pinimg.com/75x75_RS/ab/72/f1/ab72f148e49f84c89472f7fe3d0ca0a9.jpg', 'image_small_url': 'https://i.pinimg.com/30x30_RS/ab/72/f1/ab72f148e49f84c89472f7fe3d0ca0a9.jpg', 'image_xlarge_url': 'https://i.pinimg.com/280x280_RS/ab/72/f1/ab72f148e49f84c89472f7fe3d0ca0a9.jpg', 'indexed': True, 'is_ads_only_profile': False, 'is_partner': False, 'is_private_profile': False, 'is_tastemaker': False, 'is_verified_merchant': False, 'node_id': 'VXNlcjozOTk5MDU3NzkzMjAxMDE4NTI=', 'type': 'user', 'username': 'tiffanynwarner4', 'verified_identity': {}}",456,public,0,456,"{'reason': None, 'show_warning': False}",True,True,False,board,{},/tiffanynwarner4/food/,False,,,
[],True,,[],"Sun, 01 Jun 2025 04:00:19 +0000",,True,False,0,False,"{'image_signature': '39c09d99a66e5a9d3ed8cb36c98d2fde', 'pin_id': '403635185324131667', 'timestamp': 1376604155}",{},,,,,[],False,10,,403635254042095777,https://i.pinimg.com/200x150/39/c0/9d/39c09d99a66e5a9d3ed8cb36c98d2fde.jpg,False,False,False,default,pinterest.ijz1714i,{},Must Try Recipes - Sweets,Qm9hcmQ6NDAzNjM1MjU0MDQyMDk1Nzc3,"{'ads_only_profile_site': None, 'blocked_by_me': False, 'domain_url': None, 'first_name': 'Colleen', 'full_name': 'Colleen Laughlin', 'id': '403635322761525206', 'image_medium_url': 'https://i.pinimg.com/75x75_RS/5d/cd/f0/5dcdf0e9d7dae522711e9e3bcc2ef091.jpg', 'image_small_url': 'https://i.pinimg.com/30x30_RS/5d/cd/f0/5dcdf0e9d7dae522711e9e3bcc2ef091.jpg', 'image_xlarge_url': 'https://i.pinimg.com/280x280_RS/5d/cd/f0/5dcdf0e9d7dae522711e9e3bcc2ef091.jpg', 'indexed': True, 'is_ads_only_profile': False, 'is_partner': False, 'is_private_profile': False, 'is_tastemaker': False, 'is_verified_merchant': False, 'node_id': 'VXNlcjo0MDM2MzUzMjI3NjE1MjUyMDY=', 'type': 'user', 'username': 'claughlin0177', 'verified_identity': {}}",65,public,0,65,"{'reason': None, 'show_warning': False}",True,True,False,board,{},/claughlin0177/must-try-recipes-sweets/,False,,,
[],True,,[],"Sat, 06 Jun 2026 12:30:56 +0000",,True,False,0,False,"{'image_signature': '51924ea592b51471f8ea8276acaf0941', 'pin_id': '411023903469810475', 'timestamp': 1436119878}",{},,,,,[],False,39,,411023972181003042,https://i.pinimg.com/200x150/51/92/4e/51924ea592b51471f8ea8276acaf0941.jpg,False,False,False,default,pinterest.ijz1714i,{},Recipes to Cook,Qm9hcmQ6NDExMDIzOTcyMTgxMDAzMDQy,"{'ads_only_profile_site': None, 'blocked_by_me': False, 'domain_url': None, 'first_name': 'Heather', 'full_name': 'Heather Ross', 'id': '411024040900169898', 'image_medium_url': 'https://i.pinimg.com/75x75_RS/14/e7/39/14e73976a680b630967c01b19f3ecb6b.jpg', 'image_small_url': 'https://i.pinimg.com/30x30_RS/14/e7/39/14e73976a680b630967c01b19f3ecb6b.jpg', 'image_xlarge_url': 'https://i.pinimg.com/280x280_RS/14/e7/39/14e73976a680b630967c01b19f3ecb6b.jpg', 'indexed': True, 'is_ads_only_profile': False, 'is_partner': False, 'is_private_profile': False, 'is_tastemaker': False, 'is_verified_merchant': False, 'node_id': 'VXNlcjo0MTEwMjQwNDA5MDAxNjk4OTg=', 'type': 'user', 'username': 'angelkiss2', 'verified_identity': {}}",148,public,0,148,"{'reason': None, 'show_warning': False}",True,True,False,board,{},/angelkiss2/recipes-to-cook/,False,,,"[{'id': '16299371947868', 'pin_type': -1, 'text': 'All Pins', 'type': 'pintypefilter'}, {'id': '16299371947712', 'pin_type': 6, 'text': 'Favorites', 'type': 'pintypefilter'}]"
[],True,,[],"Sun, 31 May 2026 04:53:24 +0000",,True,False,0,False,"{'image_signature': '3179e0530d2528a442e1fa78e1e3adf4', 'pin_id': '4292562137056972', 'timestamp': 1665174538}",{},,,,,[],False,489,,4292630834228085,https://i.pinimg.com/200x150/31/79/e0/3179e0530d2528a442e1fa78e1e3adf4.jpg,False,False,False,default,pinterest.ijz1714i,{},Drinking & eating,Qm9hcmQ6NDI5MjYzMDgzNDIyODA4NQ==,"{'ads_only_profile_site': None, 'blocked_by_me': False, 'domain_url': None, 'first_name': 'Kelsie', 'full_name': 'Kelsie Cly', 'id': '4292699553319443', 'image_medium_url': 'https://i.pinimg.com/75x75_RS/06/af/29/06af29a0c0ceffe187e5fd7599ddf88d.jpg', 'image_small_url': 'https://i.pinimg.com/30x30_RS/06/af/29/06af29a0c0ceffe187e5fd7599ddf88d.jpg', 'image_xlarge_url': 'https://i.pinimg.com/280x280_RS/06/af/29/06af29a0c0ceffe187e5fd7599ddf88d.jpg', 'indexed': True, 'is_ads_only_profile': False, 'is_partner': False, 'is_private_profile': False, 'is_tastemaker': False, 'is_verified_merchant': False, 'node_id': 'VXNlcjo0MjkyNjk5NTUzMzE5NDQz', 'type': 'user', 'username': 'staryblu', 'verified_identity': {}}",3029,public,0,3029,"{'reason': None, 'show_warning': False}",True,True,False,board,{},/staryblu/drinking-eating/,False,,,"[{'id': '16774934925238', 'pin_type': -1, 'text': 'All Pins', 'type': 'pintypefilter'}, {'id': '16771763812792', 'pin_type': 6, 'text': 'Favorites', 'type': 'pintypefilter'}]"
[],True,,[],"Sat, 20 Jun 2026 13:23:16 +0000",,True,False,0,False,"{'image_signature': '3b50d67ba3123da75870d40c6995613a', 'pin_id': '437271445083223299', 'timestamp': 1673234227}",{},,,,,[],False,40,,437271513759926865,https://i.pinimg.com/200x150/3b/50/d6/3b50d67ba3123da75870d40c6995613a.jpg,False,False,False,default,pinterest.ijz1714i,{},Vegetarian Diet,Qm9hcmQ6NDM3MjcxNTEzNzU5OTI2ODY1,"{'ads_only_profile_site': None, 'blocked_by_me': False, 'domain_url': None, 'first_name': 'Kristy', 'full_name': 'Kristy Burch', 'id': '437271582478451252', 'image_medium_url': 'https://i.pinimg.com/75x75_RS/23/ff/97/23ff9788b40bf562359d575af5c69367.jpg', 'image_small_url': 'https://i.pinimg.com/30x30_RS/23/ff/97/23ff9788b40bf562359d575af5c69367.jpg', 'image_xlarge_url': 'https://i.pinimg.com/280x280_RS/23/ff/97/23ff9788b40bf562359d575af5c69367.jpg', 'indexed': False, 'is_ads_only_profile': False, 'is_partner': False, 'is_private_profile': False, 'is_tastemaker': False, 'is_verified_merchant': False, 'node_id': 'VXNlcjo0MzcyNzE1ODI0Nzg0NTEyNTI=', 'type': 'user', 'username': 'maddfrancis', 'verified_identity': {}}",642,public,47,17,"{'reason': None, 'show_warning': False}",True,True,False,board,{},/maddfrancis/vegetarian-diet/,False,,,
[],True,,[],"Sat, 06 Jun 2026 03:40:16 +0000",,True,False,0,False,"{'image_signature': '354e46f2a21a8c15cc5bb4a1b3b2b1f9', 'pin_id': '442900944596750591', 'timestamp': 1519534303}",{},,,,,[],False,28,,442901013293817653,https://i.pinimg.com/200x150/35/4e/46/354e46f2a21a8c15cc5bb4a1b3b2b1f9.jpg,False,False,False,default,pinterest.ijz1714i,{},Recipes,Qm9hcmQ6NDQyOTAxMDEzMjkzODE3NjUz,"{'ads_only_profile_site': None, 'blocked_by_me': False, 'domain_url': None, 'first_name': 'Stacie', 'full_name': 'Stacie Williams', 'id': '442901082012666469', 'image_medium_url': 'https://i.pinimg.com/75x75_RS/c6/f5/91/c6f59127651c32a027d464b9a1facb29.jpg', 'image_small_url': 'https://i.pinimg.com/30x30_RS/c6/f5/91/c6f59127651c32a027d464b9a1facb29.jpg', 'image_xlarge_url': 'https://i.pinimg.com/280x280_RS/c6/f5/91/c6f59127651c32a027d464b9a1facb29.jpg', 'indexed': True, 'is_ads_only_profile': False, 'is_partner': False, 'is_private_profile': False, 'is_tastemaker': False, 'is_verified_merchant': False, 'node_id': 'VXNlcjo0NDI5MDEwODIwMTI2NjY0Njk=', 'type': 'user', 'username': 'swilly118', 'verified_identity': {}}",630,public,18,2,"{'reason': None, 'show_warning': False}",True,True,False,board,{},/swilly118/recipes/,False,,,"[{'id': '16930377427864', 'pin_type': -1, 'text': 'All Pins', 'type': 'pintypefilter'}, {'id': '16932570381061', 'pin_type': 6, 'text': 'Favorites', 'type': 'pintypefilter'}]"
[],True,,[],"Wed, 25 Feb 2026 16:36:51 +0000",,True,False,0,False,"{'image_signature': '4316ea39fe2b85bb7ad72de74d11db74', 'pin_id': '446349013080887185', 'timestamp': 1676911194}",{},,,,,[],False,1,,446349081758845348,https://i.pinimg.com/200x150/43/16/ea/4316ea39fe2b85bb7ad72de74d11db74.jpg,False,False,False,default,pinterest.ijz1714i,{},Quick dessert recipes,Qm9hcmQ6NDQ2MzQ5MDgxNzU4ODQ1MzQ4,"{'ads_only_profile_site': None, 'blocked_by_me': False, 'domain_url': None, 'first_name': 'Christine', 'full_name': 'Christine Pereira', 'id': '446349150477379443', 'image_medium_url': 'https://s.pinimg.com/images/user/default_75.png', 'image_small_url': 'https://s.pinimg.com/images/user/default_30.png', 'image_xlarge_url': 'https://s.pinimg.com/images/user/default_280.png', 'indexed': True, 'is_ads_only_profile': False, 'is_partner': False, 'is_private_profile': False, 'is_tastemaker': False, 'is_verified_merchant': False, 'node_id': 'VXNlcjo0NDYzNDkxNTA0NzczNzk0NDM=', 'type': 'user', 'username': 'christine9019', 'verified_identity': {}}",117,public,0,117,"{'reason': None, 'show_warning': False}",True,True,False,board,{},/christine9019/quick-dessert-recipes/,False,,,
[],True,,[],"Wed, 20 May 2026 01:50:37 +0000",,True,False,0,False,"{'image_signature': 'e6df38fdb3e0d7caf5c262360033ae07', 'pin_id': '457608012153328845', 'timestamp': 1683324009}",{},,,,,[],False,6,,457608080827291015,https://i.pinimg.com/200x150/e6/df/38/e6df38fdb3e0d7caf5c262360033ae07.jpg,False,False,False,default,pinterest.ijz1714i,{},Bowls,Qm9hcmQ6NDU3NjA4MDgwODI3MjkxMDE1,"{'ads_only_profile_site': None, 'blocked_by_me': False, 'domain_url': None, 'first_name': 'Carol', 'full_name': 'Carol R', 'id': '457608149545815778', 'image_medium_url': 'https://s.pinimg.com/images/user/default_75.png', 'image_small_url': 'https://s.pinimg.com/images/user/default_30.png', 'image_xlarge_url': 'https://s.pinimg.com/images/user/default_280.png', 'indexed': True, 'is_ads_only_profile': False, 'is_partner': False, 'is_private_profile': False, 'is_tastemaker': False, 'is_verified_merchant': False, 'node_id': 'VXNlcjo0NTc2MDgxNDk1NDU4MTU3Nzg=', 'type': 'user', 'username': 'carolr0309', 'verified_identity': {}}",14,public,0,14,"{'reason': None, 'show_warning': False}",True,True,False,board,{},/carolr0309/bowls/,False,,,
[],True,,[],"Sun, 08 Feb 2026 18:55:20 +0000",diy_crafts,True,False,0,False,"{'image_signature': 'e648ab6c8856a09a1f89457710392d40', 'pin_id': '458733912061395847', 'timestamp': 1708831382}",{},,,,,[],False,1,,458733980734152370,https://i.pinimg.com/200x150/e6/48/ab/e648ab6c8856a09a1f89457710392d40.jpg,False,False,False,default,pinterest.ijz1714i,{},Sewing,Qm9hcmQ6NDU4NzMzOTgwNzM0MTUyMzcw,"{'ads_only_profile_site': None, 'blocked_by_me': False, 'domain_url': None, 'first_name': 'Doug', 'full_name': 'Doug Guthrie', 'id': '458734049452658767', 'image_medium_url': 'https://s.pinimg.com/images/user/default_75.png', 'image_small_url': 'https://s.pinimg.com/images/user/default_30.png', 'image_xlarge_url': 'https://s.pinimg.com/images/user/default_280.png', 'indexed': True, 'is_ads_only_profile': False, 'is_partner': False, 'is_private_profile': False, 'is_tastemaker': False, 'is_verified_merchant': False, 'node_id': 'VXNlcjo0NTg3MzQwNDk0NTI2NTg3Njc=', 'type': 'user', 'username': 'dougguthrie1238', 'verified_identity': {}}",54,public,0,54,"{'reason': None, 'show_warning': False}",True,True,False,board,{},/dougguthrie1238/sewing/,False,,,
[],True,,[],"Sat, 08 Nov 2025 01:17:29 +0000",food_drink,True,False,0,False,"{'image_signature': 'fdabd9a515c82dc63e824dcf6aad9bce', 'pin_id': '463237511668635941', 'timestamp': 1538364700}",{},,,,,[],False,2,,463237580361277583,https://i.pinimg.com/200x150/fd/ab/d9/fdabd9a515c82dc63e824dcf6aad9bce.jpg,False,False,False,default,pinterest.ijz1714i,{},Desserts,Qm9hcmQ6NDYzMjM3NTgwMzYxMjc3NTgz,"{'ads_only_profile_site': None, 'blocked_by_me': False, 'domain_url': None, 'first_name': 'peggy', 'full_name': 'peggy turnipseed', 'id': '463237649080042186', 'image_medium_url': 'https://s.pinimg.com/images/user/default_75.png', 'image_small_url': 'https://s.pinimg.com/images/user/default_30.png', 'image_xlarge_url': 'https://s.pinimg.com/images/user/default_280.png', 'indexed': True, 'is_ads_only_profile': False, 'is_partner': False, 'is_private_profile': False, 'is_tastemaker': False, 'is_verified_merchant': False, 'node_id': 'VXNlcjo0NjMyMzc2NDkwODAwNDIxODY=', 'type': 'user', 'username': 'jatseed1', 'verified_identity': {}}",105,public,0,105,"{'reason': None, 'show_warning': False}",True,True,False,board,{},/jatseed1/desserts/,False,,,
[],True,,[],"Mon, 13 Mar 2023 03:12:16 +0000",,True,False,0,False,"{'image_signature': '2d02a25b6a719079317683967d3f1c09', 'pin_id': '468374429992286569', 'timestamp': 1522636533}",{},,,,,[],False,14,,468374498686151892,https://i.pinimg.com/200x150/2d/02/a2/2d02a25b6a719079317683967d3f1c09.jpg,False,False,False,default,pinterest.ijz1714i,{},Keto,Qm9hcmQ6NDY4Mzc0NDk4Njg2MTUxODky,"{'ads_only_profile_site': None, 'blocked_by_me': False, 'domain_url': None, 'first_name': 'Lorelei', 'full_name': 'Lorelei Denault', 'id': '468374567405014307', 'image_medium_url': 'https://i.pinimg.com/75x75_RS/96/56/87/965687f1df7cd641b2a05f6814c8cc79.jpg', 'image_small_url': 'https://i.pinimg.com/30x30_RS/96/56/87/965687f1df7cd641b2a05f6814c8cc79.jpg', 'image_xlarge_url': 'https://i.pinimg.com/280x280_RS/96/56/87/965687f1df7cd641b2a05f6814c8cc79.jpg', 'indexed': False, 'is_ads_only_profile': False, 'is_partner': False, 'is_private_profile': False, 'is_tastemaker': False, 'is_verified_merchant': False, 'node_id': 'VXNlcjo0NjgzNzQ1Njc0MDUwMTQzMDc=', 'type': 'user', 'username': 'loreleidenault', 'verified_identity': {}}",559,public,0,559,"{'reason': None, 'show_warning': False}",True,True,False,board,{},/loreleidenault/keto/,False,,,
[],True,,[],"Tue, 09 Jun 2026 13:09:16 +0000",,True,False,0,False,"{'crop': [105, 0], 'custom_cover': True, 'image_signature': 'd8f13b0c58bed6dbbc1782a2d1f66d0e', 'image_size': [750, None], 'image_url': 'https://i.pinimg.com/750x/d8/f1/3b/d8f13b0c58bed6dbbc1782a2d1f66d0e.jpg', 'pin_id': '484559241158200933', 'scale': 1, 'size': [546, 546], 'timestamp': 1563176636}",{},,,,,[],False,139471,,484559309847097010,https://i.pinimg.com/custom_covers/200x150/484559309847097010_1563176636.jpg,False,False,False,default,pinterest.ijz1714i,{},WHAT’S FOR DINNER?,Qm9hcmQ6NDg0NTU5MzA5ODQ3MDk3MDEw,"{'ads_only_profile_site': None, 'blocked_by_me': False, 'domain_url': 'www.kookmutsjes.com', 'first_name': 'Kookmutsjes', 'full_name': 'Kookmutsjes', 'id': '484559378565853096', 'image_medium_url': 'https://i.pinimg.com/75x75_RS/ab/ca/b3/abcab354f3af751dd2a04d34e926072a.jpg', 'image_small_url': 'https://i.pinimg.com/30x30_RS/ab/ca/b3/abcab354f3af751dd2a04d34e926072a.jpg', 'image_xlarge_url': 'https://i.pinimg.com/280x280_RS/ab/ca/b3/abcab354f3af751dd2a04d34e926072a.jpg', 'indexed': True, 'is_ads_only_profile': False, 'is_partner': True, 'is_private_profile': False, 'is_tastemaker': False, 'is_verified_merchant': True, 'node_id': 'VXNlcjo0ODQ1NTkzNzg1NjU4NTMwOTY=', 'type': 'user', 'username': 'kookmutsjes', 'verified_identity': {}}",1180,public,0,1180,"{'reason': None, 'show_warning': False}",True,False,False,board,{},/kookmutsjes/whats-for-dinner/,False,,,"[{'id': '16072554282769', 'pin_type': -1, 'text': 'All Pins', 'type': 'pintypefilter'}, {'id': '16072554282400', 'pin_type': 6, 'text': 'Favorites', 'type': 'pintypefilter'}]"
[],True,,[],"Wed, 24 Jun 2026 09:51:15 +0000",food_drink,True,False,351,False,"{'image_signature': '526d9677431d300d4a43c2a79d9128ab', 'pin_id': '491244271838440252', 'timestamp': 1474129648}",{},Anything food! No longer accepting collaborators.,,,,[],False,35485,,491244340543715304,https://i.pinimg.com/200x150/52/6d/96/526d9677431d300d4a43c2a79d9128ab.jpg,False,True,False,default,pinterest.ijz1714i,{},FOOD Favorites,Qm9hcmQ6NDkxMjQ0MzQwNTQzNzE1MzA0,"{'ads_only_profile_site': None, 'blocked_by_me': False, 'domain_url': 'recipesworthrepeating.com', 'first_name': 'Recipes Worth Repeating', 'full_name': 'Recipes Worth Repeating', 'id': '491244409262766629', 'image_medium_url': 'https://i.pinimg.com/75x75_RS/46/f0/71/46f0710ea63870332184df39d7adf465.jpg', 'image_small_url': 'https://i.pinimg.com/30x30_RS/46/f0/71/46f0710ea63870332184df39d7adf465.jpg', 'image_xlarge_url': 'https://i.pinimg.com/280x280_RS/46/f0/71/46f0710ea63870332184df39d7adf465.jpg', 'indexed': True, 'is_ads_only_profile': False, 'is_partner': True, 'is_private_profile': False, 'is_tastemaker': False, 'is_verified_merchant': False, 'node_id': 'VXNlcjo0OTEyNDQ0MDkyNjI3NjY2Mjk=', 'type': 'user', 'username': 'recipesworthrep', 'verified_identity': {}}",144848,public,0,144848,"{'reason': None, 'show_warning': False}",True,False,False,board,{},/recipesworthrep/food-favorites/,False,,,"[{'id': '15807915636155', 'pin_type': -1, 'text': 'All Pins', 'type': 'pintypefilter'}, {'id': '15807915636491', 'pin_type': 6, 'text': 'Favorites', 'type': 'pintypefilter'}]"
[],True,,[],"Sat, 29 Nov 2025 00:29:09 +0000",,True,False,0,False,"{'image_signature': '22d8302c13f97db5a542edd9e2a84228', 'pin_id': '508203139181747630', 'timestamp': 1451956639}",{},,,,,[],False,8,,508203207890480797,https://i.pinimg.com/200x150/22/d8/30/22d8302c13f97db5a542edd9e2a84228.jpg,False,False,False,default,pinterest.ijz1714i,{},Snackin,Qm9hcmQ6NTA4MjAzMjA3ODkwNDgwNzk3,"{'ads_only_profile_site': None, 'blocked_by_me': False, 'domain_url': None, 'first_name': 'NykaMyka ', 'full_name': 'NykaMyka', 'id': '508203276609549097', 'image_medium_url': 'https://s.pinimg.com/images/user/default_75.png', 'image_small_url': 'https://s.pinimg.com/images/user/default_30.png', 'image_xlarge_url': 'https://s.pinimg.com/images/user/default_280.png', 'indexed': True, 'is_ads_only_profile': False, 'is_partner': False, 'is_private_profile': False, 'is_tastemaker': False, 'is_verified_merchant': False, 'node_id': 'VXNlcjo1MDgyMDMyNzY2MDk1NDkwOTc=', 'type': 'user', 'username': 'monyka_arnoldus', 'verified_identity': {}}",28,public,0,28,"{'reason': None, 'show_warning': False}",True,True,False,board,{},/monyka_arnoldus/snackin/,False,,,
[],True,,[],"Fri, 29 May 2026 20:17:26 +0000",,True,False,0,False,"{'image_signature': '701375f8099689519d55c8bd05beb082', 'pin_id': '524950900300523254', 'timestamp': 1476044006}",{},,,,,[],False,15,,524950969004843240,https://i.pinimg.com/200x150/70/13/75/701375f8099689519d55c8bd05beb082.jpg,False,False,False,default,pinterest.ijz1714i,{},Alcoholic beverages,Qm9hcmQ6NTI0OTUwOTY5MDA0ODQzMjQw,"{'ads_only_profile_site': None, 'blocked_by_me': False, 'domain_url': None, 'first_name': 'Regina', 'full_name': 'Regina Herre', 'id': '524951037723849558', 'image_medium_url': 'https://i.pinimg.com/75x75_RS/c0/3a/6a/c03a6a4211d5fe32c1d61f3e660418d4.jpg', 'image_small_url': 'https://i.pinimg.com/30x30_RS/c0/3a/6a/c03a6a4211d5fe32c1d61f3e660418d4.jpg', 'image_xlarge_url': 'https://i.pinimg.com/280x280_RS/c0/3a/6a/c03a6a4211d5fe32c1d61f3e660418d4.jpg', 'indexed': True, 'is_ads_only_profile': False, 'is_partner': False, 'is_private_profile': False, 'is_tastemaker': False, 'is_verified_merchant': False, 'node_id': 'VXNlcjo1MjQ5NTEwMzc3MjM4NDk1NTg=', 'type': 'user', 'username': 'jherre94', 'verified_identity': {}}",129,public,0,129,"{'reason': None, 'show_warning': False}",True,True,False,board,{},/jherre94/alcoholic-beverages/,False,,,
[],True,,[],"Fri, 17 Oct 2025 11:30:10 +0000",,True,False,0,False,"{'image_signature': '661e3bd730081793234d71e172e42eb7', 'pin_id': '527273068864882482', 'timestamp': 1500230731}",{},,,,,[],False,26,,527273137562793165,https://i.pinimg.com/200x150/66/1e/3b/661e3bd730081793234d71e172e42eb7.jpg,False,False,False,default,pinterest.ijz1714i,{},Dumplings,Qm9hcmQ6NTI3MjczMTM3NTYyNzkzMTY1,"{'ads_only_profile_site': None, 'blocked_by_me': False, 'domain_url': None, 'first_name': 'Paula', 'full_name': 'Paula Abreu Silva', 'id': '527273206281673077', 'image_medium_url': 'https://i.pinimg.com/75x75_RS/6e/03/1a/6e031a7aee063afefb7b6e6e46891c8f.jpg', 'image_small_url': 'https://i.pinimg.com/30x30_RS/6e/03/1a/6e031a7aee063afefb7b6e6e46891c8f.jpg', 'image_xlarge_url': 'https://i.pinimg.com/280x280_RS/6e/03/1a/6e031a7aee063afefb7b6e6e46891c8f.jpg', 'indexed': True, 'is_ads_only_profile': False, 'is_partner': False, 'is_private_profile': False, 'is_tastemaker': False, 'is_verified_merchant': False, 'node_id': 'VXNlcjo1MjcyNzMyMDYyODE2NzMwNzc=', 'type': 'user', 'username': 'PaulaAbreuSilva', 'verified_identity': {}}",43,public,0,43,"{'reason': None, 'show_warning': False}",True,True,False,board,{},/PaulaAbreuSilva/dumplings/,False,,,
[],True,,[],"Sun, 21 Jun 2026 19:57:56 +0000",other,True,False,0,False,"{'image_signature': 'bc65f16fa16bdc6f48a30075bc0871bd', 'pin_id': '527695281320377401', 'timestamp': 1463729404}",{},,,,,[],False,153,,527695350027706913,https://i.pinimg.com/200x150/bc/65/f1/bc65f16fa16bdc6f48a30075bc0871bd.jpg,False,False,False,default,pinterest.ijz1714i,{},Recipes,Qm9hcmQ6NTI3Njk1MzUwMDI3NzA2OTEz,"{'ads_only_profile_site': None, 'blocked_by_me': False, 'domain_url': None, 'first_name': 'Nate', 'full_name': 'Nate Smith', 'id': '527695418746779310', 'image_medium_url': 'https://i.pinimg.com/75x75_RS/56/1f/83/561f8351c790c0694bd2bdfbb3de394d.jpg', 'image_small_url': 'https://i.pinimg.com/30x30_RS/56/1f/83/561f8351c790c0694bd2bdfbb3de394d.jpg', 'image_xlarge_url': 'https://i.pinimg.com/280x280_RS/56/1f/83/561f8351c790c0694bd2bdfbb3de394d.jpg', 'indexed': True, 'is_ads_only_profile': False, 'is_partner': False, 'is_private_profile': False, 'is_tastemaker': False, 'is_verified_merchant': False, 'node_id': 'VXNlcjo1Mjc2OTU0MTg3NDY3NzkzMTA=', 'type': 'user', 'username': 'natessmith58', 'verified_identity': {}}",5264,public,0,5264,"{'reason': None, 'show_warning': False}",True,True,False,board,{},/natessmith58/recipes/,False,,,
[],True,,[],"Wed, 22 Jan 2020 21:32:22 +0000",,True,False,0,False,"{'image_signature': '9831b30b595023ca6c89bee6edb54589', 'pin_id': '545639311106338488', 'timestamp': 1577769274}",{},,,,,[],False,24,,545639379793345656,https://i.pinimg.com/200x150/98/31/b3/9831b30b595023ca6c89bee6edb54589.jpg,False,False,False,default,pinterest.ijz1714i,{},instant pot,Qm9hcmQ6NTQ1NjM5Mzc5NzkzMzQ1NjU2,"{'ads_only_profile_site': None, 'blocked_by_me': False, 'domain_url': None, 'first_name': 'Cortney', 'full_name': 'Cortney Dattalo', 'id': '545639448512079960', 'image_medium_url': 'https://s.pinimg.com/images/user/default_75.png', 'image_small_url': 'https://s.pinimg.com/images/user/default_30.png', 'image_xlarge_url': 'https://s.pinimg.com/images/user/default_280.png', 'indexed': True, 'is_ads_only_profile': False, 'is_partner': False, 'is_private_profile': False, 'is_tastemaker': False, 'is_verified_merchant': False, 'node_id': 'VXNlcjo1NDU2Mzk0NDg1MTIwNzk5NjA=', 'type': 'user', 'username': 'bellarosederosi', 'verified_identity': {}}",21,public,0,21,"{'reason': None, 'show_warning': False}",True,True,False,board,{},/bellarosederosi/instant-pot/,False,,,
[],True,,[],"Wed, 17 Jun 2026 00:32:29 +0000",food_drink,True,False,0,False,"{'image_signature': 'afe918f9830daab23d8fe661d53f04f8', 'pin_id': '556898310159127683', 'timestamp': 1486046398}",{},,,,,[],False,26,,556898378861545747,https://i.pinimg.com/200x150/af/e9/18/afe918f9830daab23d8fe661d53f04f8.jpg,False,False,False,default,pinterest.ijz1714i,{},Healthy Food,Qm9hcmQ6NTU2ODk4Mzc4ODYxNTQ1NzQ3,"{'ads_only_profile_site': None, 'blocked_by_me': False, 'domain_url': 'www.nubianqueenscorner.blogspot.com', 'first_name': 'Mikyah', 'full_name': 'Mikyah Henderson', 'id': '556898447580468421', 'image_medium_url': 'https://i.pinimg.com/75x75_RS/1d/28/dc/1d28dc25a558912bd02d8b6542fd7766.jpg', 'image_small_url': 'https://i.pinimg.com/30x30_RS/1d/28/dc/1d28dc25a558912bd02d8b6542fd7766.jpg', 'image_xlarge_url': 'https://i.pinimg.com/280x280_RS/1d/28/dc/1d28dc25a558912bd02d8b6542fd7766.jpg', 'indexed': True, 'is_ads_only_profile': False, 'is_partner': False, 'is_private_profile': False, 'is_tastemaker': False, 'is_verified_merchant': False, 'node_id': 'VXNlcjo1NTY4OTg0NDc1ODA0Njg0MjE=', 'type': 'user', 'username': 'nubianqueen18', 'verified_identity': {}}",72,public,0,72,"{'reason': None, 'show_warning': False}",True,True,False,board,{},/nubianqueen18/healthy-food/,False,,,
[],True,,[],"Sun, 04 Jan 2026 23:05:10 +0000",food_drink,True,False,0,False,"{'image_signature': 'bcd42e0ec5b3b9ebd4ee372f624d6f03', 'pin_id': '565694403247306468', 'timestamp': 1653248083}",{},,,,,[],False,1,,565694471884144310,https://i.pinimg.com/200x150/bc/d4/2e/bcd42e0ec5b3b9ebd4ee372f624d6f03.jpg,False,False,False,default,pinterest.ijz1714i,{},Recipes,Qm9hcmQ6NTY1Njk0NDcxODg0MTQ0MzEw,"{'ads_only_profile_site': None, 'blocked_by_me': False, 'domain_url': None, 'first_name': 'Jack', 'full_name': 'Jack R', 'id': '565694540602717537', 'image_medium_url': 'https://i.pinimg.com/75x75_RS/6b/3f/d1/6b3fd1ab8d016ff3e82f615b1103cd61.jpg', 'image_small_url': 'https://i.pinimg.com/30x30_RS/6b/3f/d1/6b3fd1ab8d016ff3e82f615b1103cd61.jpg', 'image_xlarge_url': 'https://i.pinimg.com/280x280_RS/6b/3f/d1/6b3fd1ab8d016ff3e82f615b1103cd61.jpg', 'indexed': True, 'is_ads_only_profile': False, 'is_partner': False, 'is_private_profile': False, 'is_tastemaker': False, 'is_verified_merchant': False, 'node_id': 'VXNlcjo1NjU2OTQ1NDA2MDI3MTc1Mzc=', 'type': 'user', 'username': 'jmeps43', 'verified_identity': {}}",122,public,0,122,"{'reason': None, 'show_warning': False}",True,True,False,board,{},/jmeps43/recipes/,False,,,
[],True,,[],"Mon, 22 Jun 2026 07:19:01 +0000",,True,False,0,False,"{'image_signature': '38618c959429df88e97ffdd2d12f5d5a', 'pin_id': '582442164349183553', 'timestamp': 1759492844}",{},"Explore delicious quick and easy dinner recipes perfect for busy nights, along with wholesome healthy dinner options that keep mealtime simple, satisfying, and full of flavor.",,,,[],False,44,,582442232999230681,https://i.pinimg.com/200x150/38/61/8c/38618c959429df88e97ffdd2d12f5d5a.jpg,False,False,False,default,pinterest.ijz1714i,{},Dinner Recipes,Qm9hcmQ6NTgyNDQyMjMyOTk5MjMwNjgx,"{'ads_only_profile_site': None, 'blocked_by_me': False, 'domain_url': 'irmacooks.com', 'first_name': 'Irma Cooks', 'full_name': 'Irma Cooks', 'id': '582442301717048258', 'image_medium_url': 'https://i.pinimg.com/75x75_RS/30/6a/16/306a1686caa39197f998ff6723b51b73.jpg', 'image_small_url': 'https://i.pinimg.com/30x30_RS/30/6a/16/306a1686caa39197f998ff6723b51b73.jpg', 'image_xlarge_url': 'https://i.pinimg.com/280x280_RS/30/6a/16/306a1686caa39197f998ff6723b51b73.jpg', 'indexed': True, 'is_ads_only_profile': False, 'is_partner': True, 'is_private_profile': False, 'is_tastemaker': False, 'is_verified_merchant': False, 'node_id': 'VXNlcjo1ODI0NDIzMDE3MTcwNDgyNTg=', 'type': 'user', 'username': 'irma15cooks', 'verified_identity': {}}",100,public,0,100,"{'reason': None, 'show_warning': False}",True,False,False,board,{},/irma15cooks/dinner-recipes/,False,,,
[],True,,[],"Wed, 09 Apr 2025 02:46:45 +0000",,True,False,0,False,"{'crop': [0, 0], 'customized': False, 'image_key': '248964685620959388_4LIz55wS', 'image_signature': 'c6295147099457b174cd4407eef43c98', 'pin_id': '58757970108892748', 'scale': 1, 'size': [0, 0], 'timestamp': 1358851118, 'url': 'upload/248964685620959388_4LIz55wS_222.jpg'}",{},,,,,[],False,88,,58758038827348463,https://i.pinimg.com/200x150/c6/29/51/c6295147099457b174cd4407eef43c98.jpg,False,False,False,default,pinterest.ijz1714i,{},Creative thinking ,Qm9hcmQ6NTg3NTgwMzg4MjczNDg0NjM=,"{'ads_only_profile_site': None, 'blocked_by_me': False, 'domain_url': None, 'first_name': 'Ginny', 'full_name': 'Ginny Holt', 'id': '58758107546783520', 'image_medium_url': 'https://i.pinimg.com/75x75_RS/e6/16/23/e61623f4e2c79073272db65e69e99630.jpg', 'image_small_url': 'https://i.pinimg.com/30x30_RS/e6/16/23/e61623f4e2c79073272db65e69e99630.jpg', 'image_xlarge_url': 'https://i.pinimg.com/280x280_RS/e6/16/23/e61623f4e2c79073272db65e69e99630.jpg', 'indexed': True, 'is_ads_only_profile': False, 'is_partner': False, 'is_private_profile': False, 'is_tastemaker': False, 'is_verified_merchant': False, 'node_id': 'VXNlcjo1ODc1ODEwNzU0Njc4MzUyMA==', 'type': 'user', 'username': '1gin12', 'verified_identity': {}}",465,public,0,465,"{'reason': None, 'show_warning': False}",True,True,False,board,{},/1gin12/creative-thinking/,False,,,
[],True,,[],"Sun, 07 Jun 2026 21:20:42 +0000",,True,False,0,False,"{'crop': [0, 0], 'customized': False, 'image_key': '258394097340069034_YJhOlXg9', 'image_signature': 'd1c1c3a22691e05096fd0dd2d86d6567', 'pin_id': '60657926200858805', 'scale': 1, 'size': [0, 0], 'timestamp': 1358843030, 'url': 'upload/258394097340069034_YJhOlXg9_222.jpg'}",{},,,,,[],False,79,,60657994920114374,https://i.pinimg.com/200x150/d1/c1/c3/d1c1c3a22691e05096fd0dd2d86d6567.jpg,False,False,False,default,pinterest.ijz1714i,{},FOOD!,Qm9hcmQ6NjA2NTc5OTQ5MjAxMTQzNzQ=,"{'ads_only_profile_site': None, 'blocked_by_me': False, 'domain_url': None, 'first_name': 'Rachel', 'full_name': 'Rachel Harley', 'id': '60658063639578056', 'image_medium_url': 'https://i.pinimg.com/75x75_RS/67/a7/ab/67a7abb96a6d38fe4b0d1877c9822b85.jpg', 'image_small_url': 'https://i.pinimg.com/30x30_RS/67/a7/ab/67a7abb96a6d38fe4b0d1877c9822b85.jpg', 'image_xlarge_url': 'https://i.pinimg.com/280x280_RS/67/a7/ab/67a7abb96a6d38fe4b0d1877c9822b85.jpg', 'indexed': True, 'is_ads_only_profile': False, 'is_partner': False, 'is_private_profile': False, 'is_tastemaker': False, 'is_verified_merchant': False, 'node_id': 'VXNlcjo2MDY1ODA2MzYzOTU3ODA1Ng==', 'type': 'user', 'username': 'harleyra', 'verified_identity': {}}",376,public,1,294,"{'reason': None, 'show_warning': False}",True,True,False,board,{},/harleyra/food/,False,,,"[{'id': '17279396964074', 'pin_type': -1, 'text': 'All Pins', 'type': 'pintypefilter'}, {'id': '17276156743874', 'pin_type': 6, 'text': 'Favorites', 'type': 'pintypefilter'}]"
[],True,,[],"Mon, 01 Jun 2026 13:22:44 +0000",,True,False,0,False,"{'crop': [0, 79], 'custom_cover': True, 'image_signature': '2606322b288488b1b2c3b6729781da31', 'image_size': [736, None], 'image_url': 'https://i.pinimg.com/736x/26/06/32/2606322b288488b1b2c3b6729781da31.jpg', 'pin_id': '631489178992699383', 'scale': 1, 'size': [736, 736], 'timestamp': 1695689999}",{},,,,,[],False,5367,,631489247690665524,https://i.pinimg.com/custom_covers/200x150/631489247690665524_1695689999.jpg,False,False,False,default,pinterest.ijz1714i,{},Architectural Digest,Qm9hcmQ6NjMxNDg5MjQ3NjkwNjY1NTI0,"{'ads_only_profile_site': None, 'blocked_by_me': False, 'domain_url': None, 'first_name': 'Jonesthuraia', 'full_name': 'Jonesthuraia', 'id': '631489316408978660', 'image_medium_url': 'https://i.pinimg.com/75x75_RS/08/b7/4c/08b74cdd33d3fbb73dd14b10082e9ba5.jpg', 'image_small_url': 'https://i.pinimg.com/30x30_RS/08/b7/4c/08b74cdd33d3fbb73dd14b10082e9ba5.jpg', 'image_xlarge_url': 'https://i.pinimg.com/280x280_RS/08/b7/4c/08b74cdd33d3fbb73dd14b10082e9ba5.jpg', 'indexed': True, 'is_ads_only_profile': False, 'is_partner': False, 'is_private_profile': False, 'is_tastemaker': False, 'is_verified_merchant': False, 'node_id': 'VXNlcjo2MzE0ODkzMTY0MDg5Nzg2NjA=', 'type': 'user', 'username': 'jonesthuraia', 'verified_identity': {}}",3199,public,2,3132,"{'reason': None, 'show_warning': False}",True,True,False,board,{},/jonesthuraia/architectural-digest/,False,,,
[],True,,[],"Thu, 13 Jun 2024 22:17:13 +0000",,True,False,1,False,"{'image_signature': '52f7d5a43e7e27e2a3c559ca0ef9c1c0', 'pin_id': '645422190338231815', 'timestamp': 1589496374}",{},,,,,[],False,816,,645422259037168712,https://i.pinimg.com/200x150/52/f7/d5/52f7d5a43e7e27e2a3c559ca0ef9c1c0.jpg,False,True,False,default,pinterest.ijz1714i,{},Recipes to Cook,Qm9hcmQ6NjQ1NDIyMjU5MDM3MTY4NzEy,"{'ads_only_profile_site': None, 'blocked_by_me': False, 'domain_url': 'chileansalmon.org', 'first_name': 'Chilean Salmon Marketing Council', 'full_name': 'Chilean Salmon Marketing Council', 'id': '645422327756195882', 'image_medium_url': 'https://i.pinimg.com/75x75_RS/41/de/f8/41def87070a75a9f3a9413bedde23cd8.jpg', 'image_small_url': 'https://i.pinimg.com/30x30_RS/41/de/f8/41def87070a75a9f3a9413bedde23cd8.jpg', 'image_xlarge_url': 'https://i.pinimg.com/280x280_RS/41/de/f8/41def87070a75a9f3a9413bedde23cd8.jpg', 'indexed': True, 'is_ads_only_profile': False, 'is_partner': True, 'is_private_profile': False, 'is_tastemaker': False, 'is_verified_merchant': False, 'node_id': 'VXNlcjo2NDU0MjIzMjc3NTYxOTU4ODI=', 'type': 'user', 'username': 'chileansalmonMC', 'verified_identity': {}}",79,public,0,79,"{'reason': None, 'show_warning': False}",True,False,False,board,{},/chileansalmonMC/recipes-to-cook/,False,,,
[],True,,[],"Wed, 09 Sep 2020 20:17:17 +0000",food_drink,True,False,0,False,"{'crop': [0, 0], 'custom_cover': True, 'image_signature': 'a3381c0e57237867ca810e86a9c4cf84', 'image_size': [236, None], 'image_url': 'https://i.pinimg.com/236x/a3/38/1c/a3381c0e57237867ca810e86a9c4cf84.jpg', 'pin_id': '659495939174919752', 'scale': 1, 'size': [236, 236], 'timestamp': 1592426596}",{},"Vegan recipes, vegan snacks, vegan meal ideas—this is where I'll share all my vegan food ideas! From plant-based dinners to oil-free vegan snacks. I'll cover some vegan keto and vegan low-carb ideas, too.",,,,[],False,229,,659496007872728006,https://i.pinimg.com/custom_covers/200x150/659496007872728006_1592426596.jpg,False,False,False,default,pinterest.ijz1714i,{},Vegan Food Ideas | Vegan Snacks and Meals,Qm9hcmQ6NjU5NDk2MDA3ODcyNzI4MDA2,"{'ads_only_profile_site': None, 'blocked_by_me': False, 'domain_url': 'iamgoingvegan.com', 'first_name': 'I Am Going Vegan | Plant-Based Diet Tips for Beginners', 'full_name': 'I Am Going Vegan | Plant-Based Diet Tips for Beginners', 'id': '659496076591703474', 'image_medium_url': 'https://i.pinimg.com/75x75_RS/f9/53/d9/f953d99cd4dcd6df88480b781054414b.jpg', 'image_small_url': 'https://i.pinimg.com/30x30_RS/f9/53/d9/f953d99cd4dcd6df88480b781054414b.jpg', 'image_xlarge_url': 'https://i.pinimg.com/280x280_RS/f9/53/d9/f953d99cd4dcd6df88480b781054414b.jpg', 'indexed': True, 'is_ads_only_profile': False, 'is_partner': True, 'is_private_profile': False, 'is_tastemaker': False, 'is_verified_merchant': False, 'node_id': 'VXNlcjo2NTk0OTYwNzY1OTE3MDM0NzQ=', 'type': 'user', 'username': 'iamgoingvegandotcom', 'verified_identity': {}}",428,public,0,428,"{'reason': None, 'show_warning': False}",True,False,False,board,{},/iamgoingvegandotcom/vegan-food-ideas-vegan-snacks-and-meals/,False,,,
[],True,,[],"Mon, 08 Jun 2026 17:55:39 +0000",food_drink,True,False,0,False,"{'image_signature': 'c85c81872432be4b37af44b1b10dde88', 'pin_id': '680606562430035139', 'timestamp': 1597154577}",{},,,,,[],False,169,,680606631126065608,https://i.pinimg.com/200x150/c8/5c/81/c85c81872432be4b37af44b1b10dde88.jpg,False,False,False,default,pinterest.ijz1714i,{},Receitas,Qm9hcmQ6NjgwNjA2NjMxMTI2MDY1NjA4,"{'ads_only_profile_site': None, 'blocked_by_me': False, 'domain_url': None, 'first_name': 'Amanda de Jesus Serra', 'full_name': 'Amanda de Jesus Serra', 'id': '680606699844825347', 'image_medium_url': 'https://i.pinimg.com/75x75_RS/41/12/0d/41120da30a293b8540c579855be6aa5c.jpg', 'image_small_url': 'https://i.pinimg.com/30x30_RS/41/12/0d/41120da30a293b8540c579855be6aa5c.jpg', 'image_xlarge_url': 'https://i.pinimg.com/280x280_RS/41/12/0d/41120da30a293b8540c579855be6aa5c.jpg', 'indexed': False, 'is_ads_only_profile': False, 'is_partner': True, 'is_private_profile': False, 'is_tastemaker': False, 'is_verified_merchant': False, 'node_id': 'VXNlcjo2ODA2MDY2OTk4NDQ4MjUzNDc=', 'type': 'user', 'username': 'amandajserra3', 'verified_identity': {}}",183,public,0,183,"{'reason': None, 'show_warning': False}",True,False,False,board,{},/amandajserra3/receitas/,False,,,
[],True,,[],"Thu, 11 Jun 2026 13:47:53 +0000",,True,False,0,False,"{'image_signature': '07771fef97554c8370a405da5ceeef11', 'pin_id': '681521356148872537', 'timestamp': 1750041526}",{},,,,,[],False,0,,681521424801317637,https://i.pinimg.com/200x150/07/77/1f/07771fef97554c8370a405da5ceeef11.jpg,False,False,False,default,pinterest.ijz1714i,{},New to print,Qm9hcmQ6NjgxNTIxNDI0ODAxMzE3NjM3,"{'ads_only_profile_site': None, 'blocked_by_me': False, 'domain_url': None, 'first_name': 'Catherine', 'full_name': 'Catherine', 'id': '681521493519218784', 'image_medium_url': 'https://s.pinimg.com/images/user/default_75.png', 'image_small_url': 'https://s.pinimg.com/images/user/default_30.png', 'image_xlarge_url': 'https://s.pinimg.com/images/user/default_280.png', 'indexed': True, 'is_ads_only_profile': False, 'is_partner': False, 'is_private_profile': False, 'is_tastemaker': False, 'is_verified_merchant': False, 'node_id': 'VXNlcjo2ODE1MjE0OTM1MTkyMTg3ODQ=', 'type': 'user', 'username': 'catherinetownsend1992', 'verified_identity': {}}",984,public,0,984,"{'reason': None, 'show_warning': False}",True,True,False,board,{},/catherinetownsend1992/new-to-print/,False,,,
[],True,,[],"Fri, 29 May 2026 12:06:08 +0000",,True,False,0,False,"{'crop': [0, 0], 'custom_cover': True, 'image_signature': 'e92cb8f40a0c5a6a9b0c0dfd32a12e86', 'image_size': [236, None], 'image_url': 'https://i.pinimg.com/236x/e9/2c/b8/e92cb8f40a0c5a6a9b0c0dfd32a12e86.jpg', 'pin_id': '695383998749664463', 'scale': 1, 'size': [236, 354], 'timestamp': 1738863611}",{},"Make dinner a breeze with these quick and simple recipes! From one-pan meals to 30-minute wonders, you'll find ideas that satisfy even the busiest evenings. Whether you're cooking for a family or making a solo meal, these easy dinner recipes will leave you with more time to enjoy your evening. Think simple pasta dishes, stir-fries, sheet pan meals, and comforting casseroles that are perfect for any night of the week.",,,,[],False,1790,,695384067403695800,https://i.pinimg.com/custom_covers/200x150/695384067403695800_1738863611.jpg,False,False,False,default,pinterest.ijz1714i,{},Easy Dinner Recipes,Qm9hcmQ6Njk1Mzg0MDY3NDAzNjk1ODAw,"{'ads_only_profile_site': None, 'blocked_by_me': False, 'domain_url': 'www.thecookingfoodie.com', 'first_name': 'The Cooking Foodie', 'full_name': 'The Cooking Foodie', 'id': '695384136122147073', 'image_medium_url': 'https://i.pinimg.com/75x75_RS/1f/19/ab/1f19ab504a02290bc3de5a1ea9999952.jpg', 'image_small_url': 'https://i.pinimg.com/30x30_RS/1f/19/ab/1f19ab504a02290bc3de5a1ea9999952.jpg', 'image_xlarge_url': 'https://i.pinimg.com/280x280_RS/1f/19/ab/1f19ab504a02290bc3de5a1ea9999952.jpg', 'indexed': True, 'is_ads_only_profile': False, 'is_partner': True, 'is_private_profile': False, 'is_tastemaker': False, 'is_verified_merchant': False, 'node_id': 'VXNlcjo2OTUzODQxMzYxMjIxNDcwNzM=', 'type': 'user', 'username': 'thecookingfoodie', 'verified_identity': {}}",107,public,0,107,"{'reason': None, 'show_warning': False}",True,False,False,board,{},/thecookingfoodie/easy-dinner-recipes/,False,,,
[],True,,[],"Thu, 11 Jun 2026 07:04:56 +0000",food_drink,True,False,0,False,"{'crop': [0, 0], 'custom_cover': True, 'image_signature': '76e055abd534757c856bd51bc1d74103', 'image_size': [236, None], 'image_url': 'https://i.pinimg.com/236x/76/e0/55/76e055abd534757c856bd51bc1d74103.jpg', 'pin_id': '724164815057980900', 'scale': 1, 'size': [236, 236], 'timestamp': 1546815984}",{},"You'll love these authentic Mexican and Tex Mex recipe ideas. Do you want taco recipes? Or how about nachos, quesadillas, or salsa? Whether you need to feed a crowd or just need a quick and simple dinner, you'll find something delicioso! Pick out your favorite dip or lunch or dinner meal that will have your family loving Mexican recipes more and more!",,,,[],False,10065,,724164883771515687,https://i.pinimg.com/custom_covers/200x150/724164883771515687_1546815984.jpg,False,False,False,default,pinterest.ijz1714i,{},Incredible Mexican Recipes,Qm9hcmQ6NzI0MTY0ODgzNzcxNTE1Njg3,"{'ads_only_profile_site': None, 'blocked_by_me': False, 'domain_url': 'www.thetravelpalate.com', 'first_name': 'The Travel Palate | Easy Meals and Simple Desserts', 'full_name': 'The Travel Palate | Easy Meals and Simple Desserts', 'id': '724164952490843700', 'image_medium_url': 'https://i.pinimg.com/75x75_RS/cb/49/19/cb49193938e0f087406f5db7484b933f.jpg', 'image_small_url': 'https://i.pinimg.com/30x30_RS/cb/49/19/cb49193938e0f087406f5db7484b933f.jpg', 'image_xlarge_url': 'https://i.pinimg.com/280x280_RS/cb/49/19/cb49193938e0f087406f5db7484b933f.jpg', 'indexed': True, 'is_ads_only_profile': False, 'is_partner': True, 'is_private_profile': False, 'is_tastemaker': False, 'is_verified_merchant': False, 'node_id': 'VXNlcjo3MjQxNjQ5NTI0OTA4NDM3MDA=', 'type': 'user', 'username': 'thetravelpalate', 'verified_identity': {}}",1345,public,0,1345,"{'reason': None, 'show_warning': False}",True,False,False,board,{},/thetravelpalate/incredible-mexican-recipes/,False,,,
[],True,,[],"Mon, 25 May 2026 17:18:54 +0000",food_drink,True,False,0,False,"{'crop': [0, 107], 'custom_cover': True, 'image_signature': '88719654f2abfabd50e7fb4b73740860', 'image_size': [236, None], 'image_url': 'https://i.pinimg.com/236x/88/71/96/88719654f2abfabd50e7fb4b73740860.jpg', 'pin_id': '75083518782751223', 'scale': 1, 'size': [236, 236], 'timestamp': 1757463210}",{},,,,,[],False,252613,,75083587476589873,https://i.pinimg.com/custom_covers/200x150/75083587476589873_1757463210.jpg,False,False,False,default,pinterest.ijz1714i,{},BARS & SQUARES,Qm9hcmQ6NzUwODM1ODc0NzY1ODk4NzM=,"{'ads_only_profile_site': None, 'blocked_by_me': False, 'domain_url': None, 'first_name': 'Marianne', 'full_name': 'Marianne Thomson', 'id': '75083656195999516', 'image_medium_url': 'https://i.pinimg.com/75x75_RS/26/1d/fe/261dfe1bfe337f0ebcfcebd516d433b7.jpg', 'image_small_url': 'https://i.pinimg.com/30x30_RS/26/1d/fe/261dfe1bfe337f0ebcfcebd516d433b7.jpg', 'image_xlarge_url': 'https://i.pinimg.com/280x280_RS/26/1d/fe/261dfe1bfe337f0ebcfcebd516d433b7.jpg', 'indexed': True, 'is_ads_only_profile': False, 'is_partner': False, 'is_private_profile': False, 'is_tastemaker': False, 'is_verified_merchant': False, 'node_id': 'VXNlcjo3NTA4MzY1NjE5NTk5OTUxNg==', 'type': 'user', 'username': 'mathomson', 'verified_identity': {}}",236,public,0,236,"{'reason': None, 'show_warning': False}",True,True,False,board,{},/mathomson/bars-squares/,False,,,
[],True,,[],"Thu, 15 Jun 2023 14:45:25 +0000",,True,False,0,False,"{'image_signature': '208e4dcf672bbc9c64d5bda9660dfc87', 'pin_id': '760193612123478834', 'timestamp': 1678478419}",{},,,,,[],False,793,,760193680791644458,https://i.pinimg.com/200x150/20/8e/4d/208e4dcf672bbc9c64d5bda9660dfc87.jpg,False,False,False,default,pinterest.ijz1714i,{},foodie,Qm9hcmQ6NzYwMTkzNjgwNzkxNjQ0NDU4,"{'ads_only_profile_site': None, 'blocked_by_me': False, 'domain_url': None, 'first_name': 'madi:)', 'full_name': 'madi:)', 'id': '760193749509955186', 'image_medium_url': 'https://i.pinimg.com/75x75_RS/00/be/cf/00becf087b290636a57140ceb947e865.jpg', 'image_small_url': 'https://i.pinimg.com/30x30_RS/00/be/cf/00becf087b290636a57140ceb947e865.jpg', 'image_xlarge_url': 'https://i.pinimg.com/280x280_RS/00/be/cf/00becf087b290636a57140ceb947e865.jpg', 'indexed': True, 'is_ads_only_profile': False, 'is_partner': True, 'is_private_profile': False, 'is_tastemaker': False, 'is_verified_merchant': False, 'node_id': 'VXNlcjo3NjAxOTM3NDk1MDk5NTUxODY=', 'type': 'user', 'username': 'madisenwilliamswi', 'verified_identity': {}}",72,public,0,72,"{'reason': None, 'show_warning': False}",True,False,False,board,{},/madisenwilliamswi/foodie/,False,,,
[],True,,[],"Tue, 25 Jun 2024 14:59:50 +0000",,True,False,0,False,"{'image_signature': 'd18cbf7f6ecdbf6c7a340b0570e0e579', 'pin_id': '766808274034160206', 'timestamp': 1554480475}",{},,,,,[],False,7,,766808342743311092,https://i.pinimg.com/200x150/d1/8c/bf/d18cbf7f6ecdbf6c7a340b0570e0e579.jpg,False,False,False,default,pinterest.ijz1714i,{},Pizza,Qm9hcmQ6NzY2ODA4MzQyNzQzMzExMDky,"{'ads_only_profile_site': None, 'blocked_by_me': False, 'domain_url': None, 'first_name': 'Joan', 'full_name': 'Joan', 'id': '766808411462436003', 'image_medium_url': 'https://i.pinimg.com/75x75_RS/20/c8/99/20c899eef7da7463c98812b4d3f14538.jpg', 'image_small_url': 'https://i.pinimg.com/30x30_RS/20/c8/99/20c899eef7da7463c98812b4d3f14538.jpg', 'image_xlarge_url': 'https://i.pinimg.com/280x280_RS/20/c8/99/20c899eef7da7463c98812b4d3f14538.jpg', 'indexed': True, 'is_ads_only_profile': False, 'is_partner': False, 'is_private_profile': False, 'is_tastemaker': False, 'is_verified_merchant': False, 'node_id': 'VXNlcjo3NjY4MDg0MTE0NjI0MzYwMDM=', 'type': 'user', 'username': 'tgardgmc', 'verified_identity': {}}",7,public,0,7,"{'reason': None, 'show_warning': False}",True,True,False,board,{},/tgardgmc/pizza/,False,,,
[],True,,[],"Mon, 22 Jun 2026 14:16:17 +0000",food_drink,True,False,0,False,"{'crop': [0, 300], 'custom_cover': True, 'image_signature': '667e40c02b8926e7aff2cd633e2609e1', 'image_size': [1200, None], 'image_url': 'https://i.pinimg.com/1200x/66/7e/40/667e40c02b8926e7aff2cd633e2609e1.jpg', 'pin_id': '768778598927242406', 'scale': 1, 'size': [600, 600], 'timestamp': 1745655417}",{},"Cakes, cookies, pasta, chicken, world food recipes and more! Visit www.simshomekitchen.com.",,,,[],False,34280,,768778667580218671,https://i.pinimg.com/custom_covers/200x150/768778667580218671_1745655417.jpg,False,False,False,default,pinterest.ijz1714i,{},Simshomekitchen.com,Qm9hcmQ6NzY4Nzc4NjY3NTgwMjE4Njcx,,9351,public,0,9351,"{'reason': None, 'show_warning': False}",True,False,False,board,{},/simshomekitchen/simshomekitchencom/,False,,,"[{'id': '17418864675043', 'pin_type': -1, 'text': 'All Pins', 'type': 'pintypefilter'}, {'id': '17418835366628', 'pin_type': 6, 'text': 'Favorites', 'type': 'pintypefilter'}]"
[],True,,[],"Tue, 09 Jun 2026 05:25:56 +0000",,True,False,0,False,"{'image_signature': '113fda671b5f202c818675aca389c3d3', 'pin_id': '769552655069013186', 'timestamp': 1595911668}",{},,,,,[],False,512,,769552723766617783,https://i.pinimg.com/200x150/11/3f/da/113fda671b5f202c818675aca389c3d3.jpg,False,False,False,default,pinterest.ijz1714i,{},Vibes/Just Diggin It🤙✌️,Qm9hcmQ6NzY5NTUyNzIzNzY2NjE3Nzgz,"{'ads_only_profile_site': None, 'blocked_by_me': False, 'domain_url': None, 'first_name': 'Amber', 'full_name': 'Amber', 'id': '769552792485616015', 'image_medium_url': 'https://i.pinimg.com/75x75_RS/48/b9/68/48b968b5ff032b662af4ba678f22abd9.jpg', 'image_small_url': 'https://i.pinimg.com/30x30_RS/48/b9/68/48b968b5ff032b662af4ba678f22abd9.jpg', 'image_xlarge_url': 'https://i.pinimg.com/280x280_RS/48/b9/68/48b968b5ff032b662af4ba678f22abd9.jpg', 'indexed': True, 'is_ads_only_profile': False, 'is_partner': False, 'is_private_profile': False, 'is_tastemaker': False, 'is_verified_merchant': False, 'node_id': 'VXNlcjo3Njk1NTI3OTI0ODU2MTYwMTU=', 'type': 'user', 'username': 'amber_price1111', 'verified_identity': {}}",2146,public,0,2146,"{'reason': None, 'show_warning': False}",True,True,False,board,{},/amber_price1111/vibesjust-diggin-it/,False,,,
[],True,,[],"Wed, 18 Feb 2026 16:04:30 +0000",food_drink,True,False,0,False,"{'image_signature': 'c12f3870fcb06b2adf36344e552f093e', 'pin_id': '779122804305093416', 'timestamp': 1673670384}",{},,,,,[],False,1,,779122872975409950,https://i.pinimg.com/200x150/c1/2f/38/c12f3870fcb06b2adf36344e552f093e.jpg,False,False,False,default,pinterest.ijz1714i,{},breakfast,Qm9hcmQ6Nzc5MTIyODcyOTc1NDA5OTUw,"{'ads_only_profile_site': None, 'blocked_by_me': False, 'domain_url': None, 'first_name': 'S', 'full_name': 'S', 'id': '779122941693736316', 'image_medium_url': 'https://s.pinimg.com/images/user/default_75.png', 'image_small_url': 'https://s.pinimg.com/images/user/default_30.png', 'image_xlarge_url': 'https://s.pinimg.com/images/user/default_280.png', 'indexed': True, 'is_ads_only_profile': False, 'is_partner': False, 'is_private_profile': False, 'is_tastemaker': False, 'is_verified_merchant': False, 'node_id': 'VXNlcjo3NzkxMjI5NDE2OTM3MzYzMTY=', 'type': 'user', 'username': 'dirtychones1', 'verified_identity': {}}",97,public,0,97,"{'reason': None, 'show_warning': False}",True,True,False,board,{},/dirtychones1/breakfast/,False,,,
[],True,,[],"Mon, 01 Sep 2025 17:28:50 +0000",,True,False,1,False,"{'image_signature': '7815aca528e5033297eedf1f18c20d43', 'pin_id': '800374165024501180', 'timestamp': 1607942597}",{},,,,,[],False,12,,800374233716585352,https://i.pinimg.com/200x150/78/15/ac/7815aca528e5033297eedf1f18c20d43.jpg,False,True,False,default,pinterest.ijz1714i,{},bars,Qm9hcmQ6ODAwMzc0MjMzNzE2NTg1MzUy,"{'ads_only_profile_site': None, 'blocked_by_me': False, 'domain_url': None, 'first_name': 'Mary', 'full_name': 'Mary Samuel', 'id': '800374302435231453', 'image_medium_url': 'https://s.pinimg.com/images/user/default_75.png', 'image_small_url': 'https://s.pinimg.com/images/user/default_30.png', 'image_xlarge_url': 'https://s.pinimg.com/images/user/default_280.png', 'indexed': False, 'is_ads_only_profile': False, 'is_partner': False, 'is_private_profile': False, 'is_tastemaker': False, 'is_verified_merchant': False, 'node_id': 'VXNlcjo4MDAzNzQzMDI0MzUyMzE0NTM=', 'type': 'user', 'username': 'togetmarys', 'verified_identity': {}}",254,public,0,254,"{'reason': None, 'show_warning': False}",True,True,False,board,{},/togetmarys/bars/,False,,,
[],True,,[],"Wed, 24 Jun 2026 01:23:57 +0000",food_drink,True,False,0,False,"{'crop': [0, 214], 'custom_cover': True, 'image_signature': '5b2ca8980ed80d0efefb03ee66d28056', 'image_size': [236, None], 'image_url': 'https://i.pinimg.com/236x/5b/2c/a8/5b2ca8980ed80d0efefb03ee66d28056.jpg', 'pin_id': '812196114053255185', 'scale': 1, 'size': [236, 236], 'timestamp': 1625269287}",{},"These cookie recipes are chewy, large, and bakery style cookies. These easy to make cookies are always rich and easy to make.",,,,[],False,25260,,812196182738212466,https://i.pinimg.com/custom_covers/200x150/812196182738212466_1625269287.jpg,False,False,False,default,pinterest.ijz1714i,{},Cookie Recipes,Qm9hcmQ6ODEyMTk2MTgyNzM4MjEyNDY2,"{'ads_only_profile_site': None, 'blocked_by_me': False, 'domain_url': 'stephaniessweets.com', 'first_name': 'Stephanie Sweet Treats', 'full_name': 'Stephanie Sweet Treats', 'id': '812196251457229643', 'image_medium_url': 'https://i.pinimg.com/75x75_RS/37/7b/4f/377b4f910852ffad3fe4e9b335c03ca9.jpg', 'image_small_url': 'https://i.pinimg.com/30x30_RS/37/7b/4f/377b4f910852ffad3fe4e9b335c03ca9.jpg', 'image_xlarge_url': 'https://i.pinimg.com/280x280_RS/37/7b/4f/377b4f910852ffad3fe4e9b335c03ca9.jpg', 'indexed': True, 'is_ads_only_profile': False, 'is_partner': True, 'is_private_profile': False, 'is_tastemaker': False, 'is_verified_merchant': False, 'node_id': 'VXNlcjo4MTIxOTYyNTE0NTcyMjk2NDM=', 'type': 'user', 'username': 'stephaniesweettreats', 'verified_identity': {}}",1369,public,1,1364,"{'reason': None, 'show_warning': False}",True,False,False,board,{},/stephaniesweettreats/cookie-recipes/,False,,,
[],True,,[],"Mon, 08 Jun 2026 20:31:55 +0000",,True,False,0,False,"{'image_signature': '91e5f80496c8f92d2d8a13adeec9df6c', 'pin_id': '836402962081375967', 'timestamp': 1718415243}",{},,,,,[],False,107,,836403030736255062,https://i.pinimg.com/200x150/91/e5/f8/91e5f80496c8f92d2d8a13adeec9df6c.jpg,False,False,False,default,pinterest.ijz1714i,{},cenas,Qm9hcmQ6ODM2NDAzMDMwNzM2MjU1MDYy,"{'ads_only_profile_site': None, 'blocked_by_me': False, 'domain_url': None, 'first_name': 'Catherine', 'full_name': 'Catherine Bartra', 'id': '836403099454210068', 'image_medium_url': 'https://i.pinimg.com/75x75_RS/ef/8e/59/ef8e590764ace99dd2f967c21b533dc3.jpg', 'image_small_url': 'https://i.pinimg.com/30x30_RS/ef/8e/59/ef8e590764ace99dd2f967c21b533dc3.jpg', 'image_xlarge_url': 'https://i.pinimg.com/280x280_RS/ef/8e/59/ef8e590764ace99dd2f967c21b533dc3.jpg', 'indexed': True, 'is_ads_only_profile': False, 'is_partner': False, 'is_private_profile': False, 'is_tastemaker': False, 'is_verified_merchant': False, 'node_id': 'VXNlcjo4MzY0MDMwOTk0NTQyMTAwNjg=', 'type': 'user', 'username': 'bartra2682', 'verified_identity': {}}",87,public,0,87,"{'reason': None, 'show_warning': False}",True,True,False,board,{},/bartra2682/cenas/,False,,,
[],True,,[],"Tue, 10 Mar 2026 23:27:01 +0000",food_drink,True,False,0,False,"{'crop': [0, 0], 'custom_cover': True, 'image_signature': 'e1fe4f7ba0e5b451da885f84b1631169', 'image_size': [236, None], 'image_url': 'https://i.pinimg.com/236x/e1/fe/4f/e1fe4f7ba0e5b451da885f84b1631169.jpg', 'pin_id': '848436017336478203', 'scale': 1, 'size': [236, 413], 'timestamp': 1743536195}",{},"Easy dinner recipes that's delicious and amazing! Perfect for parties, family dinners or any occasions!",,,,[],False,144350,,848436085989202663,https://i.pinimg.com/custom_covers/200x150/848436085989202663_1743536195.jpg,False,False,False,default,pinterest.ijz1714i,{},Easy Dinner Recipes,Qm9hcmQ6ODQ4NDM2MDg1OTg5MjAyNjYz,"{'ads_only_profile_site': None, 'blocked_by_me': False, 'domain_url': 'iamhomesteader.com', 'first_name': 'iamhomesteader', 'full_name': 'iamhomesteader', 'id': '848436154708534302', 'image_medium_url': 'https://i.pinimg.com/75x75_RS/3d/6c/22/3d6c2234b4449ff7ca5100b49596fed5.jpg', 'image_small_url': 'https://i.pinimg.com/30x30_RS/3d/6c/22/3d6c2234b4449ff7ca5100b49596fed5.jpg', 'image_xlarge_url': 'https://i.pinimg.com/280x280_RS/3d/6c/22/3d6c2234b4449ff7ca5100b49596fed5.jpg', 'indexed': True, 'is_ads_only_profile': False, 'is_partner': True, 'is_private_profile': False, 'is_tastemaker': False, 'is_verified_merchant': False, 'node_id': 'VXNlcjo4NDg0MzYxNTQ3MDg1MzQzMDI=', 'type': 'user', 'username': 'iamhomesteader', 'verified_identity': {}}",4136,public,0,4136,"{'reason': None, 'show_warning': False}",True,False,False,board,{},/iamhomesteader/easy-dinner-recipes/,False,,,
[],True,,[],"Thu, 27 Nov 2025 07:11:10 +0000",,True,False,0,False,"{'image_signature': '8e741e8ff233fba85c5f03f190e968d7', 'pin_id': '861665341250247656', 'timestamp': 1764227471}",{},,,,,[],False,15,,861665409896214536,https://i.pinimg.com/200x150/8e/74/1e/8e741e8ff233fba85c5f03f190e968d7.jpg,False,False,False,default,pinterest.ijz1714i,{},Decadent Coffee Desserts,Qm9hcmQ6ODYxNjY1NDA5ODk2MjE0NTM2,"{'ads_only_profile_site': None, 'blocked_by_me': False, 'domain_url': None, 'first_name': 'Kiki Sk77', 'full_name': 'Kiki Sk77', 'id': '861665478614066207', 'image_medium_url': 'https://s.pinimg.com/images/user/default_75.png', 'image_small_url': 'https://s.pinimg.com/images/user/default_30.png', 'image_xlarge_url': 'https://s.pinimg.com/images/user/default_280.png', 'indexed': True, 'is_ads_only_profile': False, 'is_partner': True, 'is_private_profile': False, 'is_tastemaker': False, 'is_verified_merchant': False, 'node_id': 'VXNlcjo4NjE2NjU0Nzg2MTQwNjYyMDc=', 'type': 'user', 'username': 'kikisk77', 'verified_identity': {}}",1,public,0,1,"{'reason': None, 'show_warning': False}",True,False,False,board,{},/kikisk77/decadent-coffee-desserts/,False,,"{'474x': [{'dominant_color': '#814A39', 'height': 842, 'url': 'https://i.pinimg.com/474x/8e/74/1e/8e741e8ff233fba85c5f03f190e968d7.jpg', 'width': 474}]}",
[],True,,[],"Fri, 30 Jan 2026 12:23:39 +0000",,True,False,0,False,"{'image_signature': '6e78622b8df0675fbabf91761a2cd5f3', 'pin_id': '871798440379418637', 'timestamp': 1758429129}",{},,,,,[],False,760,,871798509057625709,https://i.pinimg.com/200x150/6e/78/62/6e78622b8df0675fbabf91761a2cd5f3.jpg,False,False,False,default,pinterest.ijz1714i,{},delicious food,Qm9hcmQ6ODcxNzk4NTA5MDU3NjI1NzA5,"{'ads_only_profile_site': None, 'blocked_by_me': False, 'domain_url': 'cookypin.com', 'first_name': 'CookyPin | Easy Recipes, Dinner Ideas & Meal Prep Tips', 'full_name': 'CookyPin | Easy Recipes, Dinner Ideas & Meal Prep Tips', 'id': '871798577775818057', 'image_medium_url': 'https://i.pinimg.com/75x75_RS/04/13/1a/04131aa333e86bcfd3b6a41428445cc5.jpg', 'image_small_url': 'https://i.pinimg.com/30x30_RS/04/13/1a/04131aa333e86bcfd3b6a41428445cc5.jpg', 'image_xlarge_url': 'https://i.pinimg.com/280x280_RS/04/13/1a/04131aa333e86bcfd3b6a41428445cc5.jpg', 'indexed': True, 'is_ads_only_profile': False, 'is_partner': True, 'is_private_profile': False, 'is_tastemaker': False, 'is_verified_merchant': False, 'node_id': 'VXNlcjo4NzE3OTg1Nzc3NzU4MTgwNTc=', 'type': 'user', 'username': 'cookypinnn', 'verified_identity': {}}",126,public,0,126,"{'reason': None, 'show_warning': False}",True,False,False,board,{},/cookypinnn/delicious-food/,False,,,
[],True,,[],"Wed, 24 Jun 2026 05:06:37 +0000",,True,False,0,False,"{'image_signature': '2f7fcc0f7a62fe0b3070dfb1e8939245', 'pin_id': '879820477224460298', 'timestamp': 1777017922}",{},,,,,[],False,6,,879820545894181168,https://i.pinimg.com/200x150/2f/7f/cc/2f7fcc0f7a62fe0b3070dfb1e8939245.jpg,False,False,False,default,pinterest.ijz1714i,{},Street Food Empire,Qm9hcmQ6ODc5ODIwNTQ1ODk0MTgxMTY4,"{'ads_only_profile_site': None, 'blocked_by_me': False, 'domain_url': None, 'first_name': 'BiteVibe', 'full_name': 'BiteVibe', 'id': '879820614612065129', 'image_medium_url': 'https://i.pinimg.com/75x75_RS/77/15/83/771583a8cb80fe25f57fadc140452a91.jpg', 'image_small_url': 'https://i.pinimg.com/30x30_RS/77/15/83/771583a8cb80fe25f57fadc140452a91.jpg', 'image_xlarge_url': 'https://i.pinimg.com/280x280_RS/77/15/83/771583a8cb80fe25f57fadc140452a91.jpg', 'indexed': True, 'is_ads_only_profile': False, 'is_partner': True, 'is_private_profile': False, 'is_tastemaker': False, 'is_verified_merchant': False, 'node_id': 'VXNlcjo4Nzk4MjA2MTQ2MTIwNjUxMjk=', 'type': 'user', 'username': 'icomjin', 'verified_identity': {}}",70,public,0,70,"{'reason': None, 'show_warning': False}",True,False,False,board,{},/icomjin/street-food-empire/,False,,,
[],True,,[],"Tue, 19 May 2026 19:50:24 +0000",,True,False,0,False,"{'image_signature': 'c6bfa546f870dc5743d6fa17fb26aca1', 'pin_id': '894668282236078562', 'timestamp': 1764499573}",{},"Salad Recipes crafted to bring you simple, flavorful ideas for every season and occasion. Explore quick meals, cozy favorites, and versatile dishes perfect for busy days or relaxed cooking. Each board includes clear steps, flexible ingredient options, and helpful tips to make every recipe",,,,[],False,42,,894668350915485043,https://i.pinimg.com/200x150/c6/bf/a5/c6bfa546f870dc5743d6fa17fb26aca1.jpg,False,False,False,default,pinterest.ijz1714i,{},Salad Recipes,Qm9hcmQ6ODk0NjY4MzUwOTE1NDg1MDQz,"{'ads_only_profile_site': None, 'blocked_by_me': False, 'domain_url': 'juliescookingadventures.com', 'first_name': 'Julies Cooking Adventures', 'full_name': 'Julies Cooking Adventures', 'id': '894668419633568107', 'image_medium_url': 'https://i.pinimg.com/75x75_RS/dc/14/d5/dc14d5759dde29e6aed2ec0bb02b10b5.jpg', 'image_small_url': 'https://i.pinimg.com/30x30_RS/dc/14/d5/dc14d5759dde29e6aed2ec0bb02b10b5.jpg', 'image_xlarge_url': 'https://i.pinimg.com/280x280_RS/dc/14/d5/dc14d5759dde29e6aed2ec0bb02b10b5.jpg', 'indexed': True, 'is_ads_only_profile': False, 'is_partner': True, 'is_private_profile': False, 'is_tastemaker': False, 'is_verified_merchant': False, 'node_id': 'VXNlcjo4OTQ2Njg0MTk2MzM1NjgxMDc=', 'type': 'user', 'username': 'juliescookingadventures0', 'verified_identity': {}}",31,public,0,31,"{'reason': None, 'show_warning': False}",True,False,False,board,{},/juliescookingadventures0/salad-recipes/,False,,,
[],True,,[],"Fri, 17 Apr 2026 14:46:39 +0000",,True,False,0,False,"{'image_signature': '39f74b7f4aea301e4ad4113795c525a6', 'pin_id': '895090494735296527', 'timestamp': 1738424177}",{},,,,,[],False,1566,,895090563380197569,https://i.pinimg.com/200x150/39/f7/4b/39f74b7f4aea301e4ad4113795c525a6.jpg,False,False,False,default,pinterest.ijz1714i,{},Tasty Recipes,Qm9hcmQ6ODk1MDkwNTYzMzgwMTk3NTY5,"{'ads_only_profile_site': None, 'blocked_by_me': False, 'domain_url': 'www.zizeeba.com', 'first_name': 'fashion', 'full_name': 'fashion', 'id': '895090632098476091', 'image_medium_url': 'https://s.pinimg.com/images/user/default_75.png', 'image_small_url': 'https://s.pinimg.com/images/user/default_30.png', 'image_xlarge_url': 'https://s.pinimg.com/images/user/default_280.png', 'indexed': True, 'is_ads_only_profile': False, 'is_partner': True, 'is_private_profile': False, 'is_tastemaker': False, 'is_verified_merchant': False, 'node_id': 'VXNlcjo4OTUwOTA2MzIwOTg0NzYwOTE=', 'type': 'user', 'username': 'oliviasmith1463', 'verified_identity': {}}",2065,public,0,2065,"{'reason': None, 'show_warning': False}",True,False,False,board,{},/oliviasmith1463/tasty-recipes/,False,,,
[],True,,[],"Sun, 26 Oct 2025 21:22:35 +0000",,True,False,0,False,"{'image_signature': 'dfbe340ca3024b202c247eda3e9bcfb4', 'pin_id': '899875569319604273', 'timestamp': 1749346874}",{},,,,,[],False,10,,899875637984394160,https://i.pinimg.com/200x150/df/be/34/dfbe340ca3024b202c247eda3e9bcfb4.jpg,False,False,False,default,pinterest.ijz1714i,{},Fudge recipes,Qm9hcmQ6ODk5ODc1NjM3OTg0Mzk0MTYw,"{'ads_only_profile_site': None, 'blocked_by_me': False, 'domain_url': None, 'first_name': 'Cynthia', 'full_name': 'Cynthia Santarini', 'id': '899875706702489032', 'image_medium_url': 'https://i.pinimg.com/75x75_RS/ca/14/57/ca1457e20825fdcdc8760b5bf2c14216.jpg', 'image_small_url': 'https://i.pinimg.com/30x30_RS/ca/14/57/ca1457e20825fdcdc8760b5bf2c14216.jpg', 'image_xlarge_url': 'https://i.pinimg.com/280x280_RS/ca/14/57/ca1457e20825fdcdc8760b5bf2c14216.jpg', 'indexed': True, 'is_ads_only_profile': False, 'is_partner': False, 'is_private_profile': False, 'is_tastemaker': False, 'is_verified_merchant': False, 'node_id': 'VXNlcjo4OTk4NzU3MDY3MDI0ODkwMzI=', 'type': 'user', 'username': 'cynthiasantarini', 'verified_identity': {}}",31,public,0,31,"{'reason': None, 'show_warning': False}",True,True,False,board,{},/cynthiasantarini/fudge-recipes/,False,,,
[],True,,[],"Thu, 13 Nov 2025 01:06:27 +0000",,True,False,0,False,"{'image_signature': '73a7a7a48a422693fa3696209ac24e60', 'pin_id': '922463936162638012', 'timestamp': 1705343244}",{},,,,,[],False,621,,922464004864795043,https://i.pinimg.com/200x150/73/a7/a7/73a7a7a48a422693fa3696209ac24e60.jpg,False,False,False,default,pinterest.ijz1714i,{},Mexican Recipes,Qm9hcmQ6OTIyNDY0MDA0ODY0Nzk1MDQz,"{'ads_only_profile_site': None, 'blocked_by_me': False, 'domain_url': 'theeffortlesscook.com', 'first_name': 'The Effortless Cook', 'full_name': 'The Effortless Cook', 'id': '922464073583621415', 'image_medium_url': 'https://i.pinimg.com/75x75_RS/cd/85/86/cd8586d0da6f2ef3148b945476292846.jpg', 'image_small_url': 'https://i.pinimg.com/30x30_RS/cd/85/86/cd8586d0da6f2ef3148b945476292846.jpg', 'image_xlarge_url': 'https://i.pinimg.com/280x280_RS/cd/85/86/cd8586d0da6f2ef3148b945476292846.jpg', 'indexed': True, 'is_ads_only_profile': False, 'is_partner': True, 'is_private_profile': False, 'is_tastemaker': False, 'is_verified_merchant': False, 'node_id': 'VXNlcjo5MjI0NjQwNzM1ODM2MjE0MTU=', 'type': 'user', 'username': 'effortlesscook', 'verified_identity': {}}",35,public,0,35,"{'reason': None, 'show_warning': False}",True,False,False,board,{},/effortlesscook/mexican-recipes/,False,,,
[],True,,[],"Tue, 20 Aug 2024 12:42:01 +0000",,True,False,0,False,"{'image_signature': '41f41d09111e26d5b43684c7a22eba3d', 'pin_id': '925419423424204354', 'timestamp': 1721334827}",{},,,,,[],False,191,,925419492120456841,https://i.pinimg.com/200x150/41/f4/1d/41f41d09111e26d5b43684c7a22eba3d.jpg,False,False,False,default,pinterest.ijz1714i,{},Good healthy recipes,Qm9hcmQ6OTI1NDE5NDkyMTIwNDU2ODQx,"{'ads_only_profile_site': None, 'blocked_by_me': False, 'domain_url': None, 'first_name': 'Sunkisskane', 'full_name': 'Sunkisskane Jones', 'id': '925419560839055655', 'image_medium_url': 'https://i.pinimg.com/75x75_RS/c7/0d/13/c70d13ef033fba466de4170d2960b74d.jpg', 'image_small_url': 'https://i.pinimg.com/30x30_RS/c7/0d/13/c70d13ef033fba466de4170d2960b74d.jpg', 'image_xlarge_url': 'https://i.pinimg.com/280x280_RS/c7/0d/13/c70d13ef033fba466de4170d2960b74d.jpg', 'indexed': True, 'is_ads_only_profile': False, 'is_partner': False, 'is_private_profile': False, 'is_tastemaker': False, 'is_verified_merchant': False, 'node_id': 'VXNlcjo5MjU0MTk1NjA4MzkwNTU2NTU=', 'type': 'user', 'username': 'sunkisskane', 'verified_identity': {}}",13,public,0,13,"{'reason': None, 'show_warning': False}",True,True,False,board,{},/sunkisskane/good-healthy-recipes/,False,,,
[],True,,[],"Wed, 24 Jun 2026 11:24:36 +0000",,True,False,0,False,"{'image_signature': 'e2c67793b830588358f67efbe577ca0b', 'pin_id': '934919203902690698', 'timestamp': 1735236246}",{},"🎨✨ Save, share, and swoon over the perfect hues! Pin vibrant combos, moody tones, and serene shades for every project—digital art, interiors, fashion, or DIY. From sunset gradients to minimalist neutrals, explore palettes that tell stories: earthy warmth, retro neon, celestial blues, or edgy monochrome.  

Tag #PalettePerfection to showcase your favorite schemes or dissect trending colors. Whether you’re a designer, crafter, or just color-obsessed, let’s turn inspiration into art.",,,,[],False,1748,"{'cropping_info': {'crop_x': 0, 'crop_y': 408, 'height': 490, 'width': 736}, 'id': '2217609427154815232', 'image_signature': 'b6d232b23797e3f3c6e22c9509b3a850', 'large_image_url': 'https://i.pinimg.com/474x/b6/d2/32/b6d232b23797e3f3c6e22c9509b3a850.jpg', 'node_id': 'Qm9hcmRIZWFkZXI6MjIxNzYwOTQyNzE1NDgxNTIzMg==', 'pin_id': '934919203904605385', 'root_pin_id': '934919203904605385', 'small_image_url': 'https://i.pinimg.com/236x/b6/d2/32/b6d232b23797e3f3c6e22c9509b3a850.jpg', 'xlarge_image_url': 'https://i.pinimg.com/1200x/b6/d2/32/b6d232b23797e3f3c6e22c9509b3a850.jpg'}",934919272584645705,https://i.pinimg.com/200x150/e2/c6/77/e2c67793b830588358f67efbe577ca0b.jpg,False,False,False,default,pinterest.ijz1714i,{},Perwrite Palette Guides,Qm9hcmQ6OTM0OTE5MjcyNTg0NjQ1NzA1,"{'ads_only_profile_site': None, 'blocked_by_me': False, 'domain_url': None, 'first_name': 'Ryna Volkov', 'full_name': 'Ryna Volkov', 'id': '934919341302905648', 'image_medium_url': 'https://i.pinimg.com/75x75_RS/9b/53/48/9b5348232d067c3050414308ff67409b.jpg', 'image_small_url': 'https://i.pinimg.com/30x30_RS/9b/53/48/9b5348232d067c3050414308ff67409b.jpg', 'image_xlarge_url': 'https://i.pinimg.com/280x280_RS/9b/53/48/9b5348232d067c3050414308ff67409b.jpg', 'indexed': True, 'is_ads_only_profile': False, 'is_partner': True, 'is_private_profile': False, 'is_tastemaker': False, 'is_verified_merchant': False, 'node_id': 'VXNlcjo5MzQ5MTkzNDEzMDI5MDU2NDg=', 'type': 'user', 'username': 'rynavolkov', 'verified_identity': {}}",858,public,1,837,"{'reason': None, 'show_warning': False}",True,False,False,board,{},/rynavolkov/perwrite-palette-guides/,False,,,"[{'id': '16974411197772', 'pin_type': -1, 'text': 'All Pins', 'type': 'pintypefilter'}, {'id': '16974411198435', 'pin_type': 6, 'text': 'Favorites', 'type': 'pintypefilter'}]"
[],True,,[],"Mon, 13 Apr 2026 19:38:21 +0000",,True,False,0,False,"{'image_signature': 'da898d012f79ca74ffad92e958e4428e', 'pin_id': '936608053766435798', 'timestamp': 1733185663}",{},"Start your morning right with these healthy breakfast ideas! Explore a variety of high-protein breakfast recipes, overnight oats, low-carb egg dishes, and nutritious smoothies. Discover easy meal prep breakfasts for busy mornings, gluten-free options, and vegan breakfast bowls that provide lasting energy. From avocado toasts to sugar-free muffins, find the best inspiration for a balanced diet and a productive day. Fuel your body with goodness! #HealthyBreakfast #BreakfastIdeas #MealPrep",,,,[],False,284,,936608122444883276,https://i.pinimg.com/200x150/da/89/8d/da898d012f79ca74ffad92e958e4428e.jpg,False,False,False,default,pinterest.ijz1714i,{},Healthy Breakfast Ideas,Qm9hcmQ6OTM2NjA4MTIyNDQ0ODgzMjc2,"{'ads_only_profile_site': None, 'blocked_by_me': False, 'domain_url': 'eatyummytoday.com', 'first_name': 'Eat Yummy Today | High Protein & Comfort Food Recipes', 'full_name': 'Eat Yummy Today | High Protein & Comfort Food Recipes', 'id': '936608191163345440', 'image_medium_url': 'https://i.pinimg.com/75x75_RS/42/a0/e0/42a0e0fa69bdb337c46480b03293a995.jpg', 'image_small_url': 'https://i.pinimg.com/30x30_RS/42/a0/e0/42a0e0fa69bdb337c46480b03293a995.jpg', 'image_xlarge_url': 'https://i.pinimg.com/280x280_RS/42/a0/e0/42a0e0fa69bdb337c46480b03293a995.jpg', 'indexed': True, 'is_ads_only_profile': False, 'is_partner': True, 'is_private_profile': False, 'is_tastemaker': False, 'is_verified_merchant': False, 'node_id': 'VXNlcjo5MzY2MDgxOTExNjMzNDU0NDA=', 'type': 'user', 'username': 'eatyummytoday', 'verified_identity': {}}",141,public,0,141,"{'reason': None, 'show_warning': False}",True,False,False,board,{},/eatyummytoday/healthy-breakfast-ideas/,False,,,
[],True,,[],"Tue, 23 Jun 2026 02:17:46 +0000",food_drink,True,False,0,False,"{'image_signature': '74664f60ebb7d27f308515faef75c324', 'pin_id': '940830178423187350', 'timestamp': 1780183191}",{},,,,,[],False,1,,940830247096199160,https://i.pinimg.com/200x150/74/66/4f/74664f60ebb7d27f308515faef75c324.jpg,False,False,False,default,pinterest.ijz1714i,{},recipes,Qm9hcmQ6OTQwODMwMjQ3MDk2MTk5MTYw,"{'ads_only_profile_site': None, 'blocked_by_me': False, 'domain_url': 'payhip.com', 'first_name': 'All Recipes Easy', 'full_name': 'All Recipes Easy', 'id': '940830315814091191', 'image_medium_url': 'https://i.pinimg.com/75x75_RS/cd/e6/7a/cde67a867ca648e59a76fa016f5c99a0.jpg', 'image_small_url': 'https://i.pinimg.com/30x30_RS/cd/e6/7a/cde67a867ca648e59a76fa016f5c99a0.jpg', 'image_xlarge_url': 'https://i.pinimg.com/280x280_RS/cd/e6/7a/cde67a867ca648e59a76fa016f5c99a0.jpg', 'indexed': True, 'is_ads_only_profile': False, 'is_partner': True, 'is_private_profile': False, 'is_tastemaker': False, 'is_verified_merchant': False, 'node_id': 'VXNlcjo5NDA4MzAzMTU4MTQwOTExOTE=', 'type': 'user', 'username': 'sefona2624', 'verified_identity': {}}",728,public,0,728,"{'reason': None, 'show_warning': False}",True,False,False,board,{},/sefona2624/recipes/,False,,,
[],True,,[],"Mon, 01 Jun 2026 06:39:50 +0000",food_drink,True,False,0,False,"{'image_signature': '8484a51d962da41b4b0eacc0c52bfdbf', 'pin_id': '956592777088434144', 'timestamp': 1694991417}",{},,,,,[],False,3,,956592845790837299,https://i.pinimg.com/200x150/84/84/a5/8484a51d962da41b4b0eacc0c52bfdbf.jpg,False,False,False,default,pinterest.ijz1714i,{},food,Qm9hcmQ6OTU2NTkyODQ1NzkwODM3Mjk5,"{'ads_only_profile_site': None, 'blocked_by_me': False, 'domain_url': None, 'first_name': 'Autumn', 'full_name': 'Autumn Plappert', 'id': '956592914509752002', 'image_medium_url': 'https://s.pinimg.com/images/user/default_75.png', 'image_small_url': 'https://s.pinimg.com/images/user/default_30.png', 'image_xlarge_url': 'https://s.pinimg.com/images/user/default_280.png', 'indexed': True, 'is_ads_only_profile': False, 'is_partner': False, 'is_private_profile': False, 'is_tastemaker': False, 'is_verified_merchant': False, 'node_id': 'VXNlcjo5NTY1OTI5MTQ1MDk3NTIwMDI=', 'type': 'user', 'username': 'autumnplappert33', 'verified_identity': {}}",60,public,0,60,"{'reason': None, 'show_warning': False}",True,True,False,board,{},/autumnplappert33/food/,False,,,
[],True,,[],"Fri, 22 May 2026 04:21:33 +0000",,True,False,0,False,"{'image_signature': '10d05280905608b4f888626424d1ed86', 'pin_id': '958914945670845376', 'timestamp': 1762731681}",{},,,,,[],False,28,,958915014349659481,https://i.pinimg.com/200x150/10/d0/52/10d05280905608b4f888626424d1ed86.jpg,False,False,False,default,pinterest.ijz1714i,{},Cookies Recipe,Qm9hcmQ6OTU4OTE1MDE0MzQ5NjU5NDgx,"{'ads_only_profile_site': None, 'blocked_by_me': False, 'domain_url': None, 'first_name': 'Sunshine Bites | Healthy Food Recipes', 'full_name': 'Sunshine Bites | Healthy Food Recipes', 'id': '958915083067748757', 'image_medium_url': 'https://i.pinimg.com/75x75_RS/67/8a/29/678a292a5bf3e8fccce1a5e96f298507.jpg', 'image_small_url': 'https://i.pinimg.com/30x30_RS/67/8a/29/678a292a5bf3e8fccce1a5e96f298507.jpg', 'image_xlarge_url': 'https://i.pinimg.com/280x280_RS/67/8a/29/678a292a5bf3e8fccce1a5e96f298507.jpg', 'indexed': True, 'is_ads_only_profile': False, 'is_partner': True, 'is_private_profile': False, 'is_tastemaker': False, 'is_verified_merchant': False, 'node_id': 'VXNlcjo5NTg5MTUwODMwNjc3NDg3NTc=', 'type': 'user', 'username': 'zixanobuyuq422', 'verified_identity': {}}",3147,public,0,3147,"{'reason': None, 'show_warning': False}",True,False,False,board,{},/zixanobuyuq422/cookies-recipe/,False,,,
[],True,,[],"Wed, 24 Jun 2026 09:47:05 +0000",,True,False,0,False,"{'image_signature': '002f84c6fe7d8af0865341b0582bd2f0', 'pin_id': '961237114246401814', 'timestamp': 1732381074}",{},,,,,[],False,4304,,961237182907054857,https://i.pinimg.com/200x150/00/2f/84/002f84c6fe7d8af0865341b0582bd2f0.jpg,False,False,False,default,pinterest.ijz1714i,{},Easy Dinner Recipes!,Qm9hcmQ6OTYxMjM3MTgyOTA3MDU0ODU3,"{'ads_only_profile_site': None, 'blocked_by_me': False, 'domain_url': 'flavornectar.com', 'first_name': 'Flavor Nectar | Easy Eecipes | Dinner Ideas | Healthy Eating', 'full_name': 'Flavor Nectar | Easy Eecipes | Dinner Ideas | Healthy Eating', 'id': '961237251625520277', 'image_medium_url': 'https://i.pinimg.com/75x75_RS/e0/77/13/e07713670958c7d01c1e673067512bc3.jpg', 'image_small_url': 'https://i.pinimg.com/30x30_RS/e0/77/13/e07713670958c7d01c1e673067512bc3.jpg', 'image_xlarge_url': 'https://i.pinimg.com/280x280_RS/e0/77/13/e07713670958c7d01c1e673067512bc3.jpg', 'indexed': True, 'is_ads_only_profile': False, 'is_partner': True, 'is_private_profile': False, 'is_tastemaker': False, 'is_verified_merchant': False, 'node_id': 'VXNlcjo5NjEyMzcyNTE2MjU1MjAyNzc=', 'type': 'user', 'username': 'flavornectar', 'verified_identity': {}}",2381,public,0,2381,"{'reason': None, 'show_warning': False}",True,False,False,board,{},/flavornectar/easy-dinner-recipes/,False,,,
[],True,,[],"Wed, 15 Oct 2025 15:57:02 +0000",food_drink,True,False,0,False,"{'image_signature': '8d36761e3f0d578fb145fdfc61f294f0', 'pin_id': '975099756830148195', 'timestamp': 1758725100}",{},,,,,[],False,18,,975099825510413666,https://i.pinimg.com/200x150/8d/36/76/8d36761e3f0d578fb145fdfc61f294f0.jpg,False,False,False,default,pinterest.ijz1714i,{},recipes,Qm9hcmQ6OTc1MDk5ODI1NTEwNDEzNjY2,"{'ads_only_profile_site': None, 'blocked_by_me': False, 'domain_url': None, 'first_name': 'Ellie White', 'full_name': 'Ellie White', 'id': '975099894228625833', 'image_medium_url': 'https://s.pinimg.com/images/user/default_75.png', 'image_small_url': 'https://s.pinimg.com/images/user/default_30.png', 'image_xlarge_url': 'https://s.pinimg.com/images/user/default_280.png', 'indexed': True, 'is_ads_only_profile': False, 'is_partner': True, 'is_private_profile': False, 'is_tastemaker': False, 'is_verified_merchant': False, 'node_id': 'VXNlcjo5NzUwOTk4OTQyMjg2MjU4MzM=', 'type': 'user', 'username': 'elpertollar', 'verified_identity': {}}",99,public,0,99,"{'reason': None, 'show_warning': False}",True,False,False,board,{},/elpertollar/recipes/,False,,,
[],True,,[],"Sun, 30 Mar 2025 17:42:58 +0000",food_drink,True,False,0,False,"{'image_signature': '168f68d918bec6ab847a5fd965a79e8a', 'pin_id': '976999712946551461', 'timestamp': 1742574053}",{},"""Fuel your body and glow from within! This board shares easy healthy recipes,meal prep ideas,quick snacks,balanced meals,and nutrition tips for a stronger, healthier you.Whether you're into fitness,wellness,or just starting your health journey,you'll find inspiration here.If you're reading this, I hope you leave feeling motivated to nourish yourself and create a healthier lifestyle🫶🫶.",,,,[],False,46,,976999781603021001,https://i.pinimg.com/200x150/16/8f/68/168f68d918bec6ab847a5fd965a79e8a.jpg,False,False,False,default,pinterest.ijz1714i,{},healthy recipes,Qm9hcmQ6OTc2OTk5NzgxNjAzMDIxMDAx,"{'ads_only_profile_site': None, 'blocked_by_me': False, 'domain_url': 'glowfitwellness.com', 'first_name': 'Move.Glow.Repeat', 'full_name': 'Move.Glow.Repeat', 'id': '976999850321396336', 'image_medium_url': 'https://i.pinimg.com/75x75_RS/b8/fc/1a/b8fc1ad40f76c4a9f35b198deaf031e1.jpg', 'image_small_url': 'https://i.pinimg.com/30x30_RS/b8/fc/1a/b8fc1ad40f76c4a9f35b198deaf031e1.jpg', 'image_xlarge_url': 'https://i.pinimg.com/280x280_RS/b8/fc/1a/b8fc1ad40f76c4a9f35b198deaf031e1.jpg', 'indexed': True, 'is_ads_only_profile': False, 'is_partner': True, 'is_private_profile': False, 'is_tastemaker': False, 'is_verified_merchant': False, 'node_id': 'VXNlcjo5NzY5OTk4NTAzMjEzOTYzMzY=', 'type': 'user', 'username': 'glowfitwellness6', 'verified_identity': {}}",37,public,0,37,"{'reason': None, 'show_warning': False}",True,False,False,board,{},/glowfitwellness6/healthy-recipes/,False,,,
[],True,,[],"Sun, 10 Nov 2024 13:46:18 +0000",,True,False,1,False,"{'image_signature': '9091cb404c123d004bac159bb550cd01', 'pin_id': '985232855952749220', 'timestamp': 1636760015}",{},,,,,[],False,502,,985232924670584354,https://i.pinimg.com/200x150/90/91/cb/9091cb404c123d004bac159bb550cd01.jpg,False,True,False,default,pinterest.ijz1714i,{},🌺🌺love it🌺🌺,Qm9hcmQ6OTg1MjMyOTI0NjcwNTg0MzU0,"{'ads_only_profile_site': None, 'blocked_by_me': False, 'domain_url': None, 'first_name': 'Sadie Grossman', 'full_name': 'Sadie Grossman', 'id': '985232993389955429', 'image_medium_url': 'https://i.pinimg.com/75x75_RS/c9/7d/da/c97dda1f2054ff2a715c5a5edd5f79cd.jpg', 'image_small_url': 'https://i.pinimg.com/30x30_RS/c9/7d/da/c97dda1f2054ff2a715c5a5edd5f79cd.jpg', 'image_xlarge_url': 'https://i.pinimg.com/280x280_RS/c9/7d/da/c97dda1f2054ff2a715c5a5edd5f79cd.jpg', 'indexed': True, 'is_ads_only_profile': False, 'is_partner': False, 'is_private_profile': False, 'is_tastemaker': False, 'is_verified_merchant': False, 'node_id': 'VXNlcjo5ODUyMzI5OTMzODk5NTU0Mjk=', 'type': 'user', 'username': 'Sadie_grossman10', 'verified_identity': {}}",48,public,0,48,"{'reason': None, 'show_warning': False}",True,True,False,board,{},/Sadie_grossman10/love-it/,False,,,
[],True,,[],"Tue, 14 Oct 2025 23:20:36 +0000",food_drink,True,False,0,False,"{'image_signature': 'a43680a75e62f55bd90f28c3890a7d20', 'pin_id': '994662267709541956', 'timestamp': 1758812257}",{},,,,,[],False,22,,994662336391825701,https://i.pinimg.com/200x150/a4/36/80/a43680a75e62f55bd90f28c3890a7d20.jpg,False,False,False,default,pinterest.ijz1714i,{},Recipes,Qm9hcmQ6OTk0NjYyMzM2MzkxODI1NzAx,"{'ads_only_profile_site': None, 'blocked_by_me': False, 'domain_url': None, 'first_name': 'Olivia Carter', 'full_name': 'Olivia Carter', 'id': '994662405110017172', 'image_medium_url': 'https://s.pinimg.com/images/user/default_75.png', 'image_small_url': 'https://s.pinimg.com/images/user/default_30.png', 'image_xlarge_url': 'https://s.pinimg.com/images/user/default_280.png', 'indexed': True, 'is_ads_only_profile': False, 'is_partner': True, 'is_private_profile': False, 'is_tastemaker': False, 'is_verified_merchant': False, 'node_id': 'VXNlcjo5OTQ2NjI0MDUxMTAwMTcxNzI=', 'type': 'user', 'username': 'eedsroy156', 'verified_identity': {}}",100,public,0,100,"{'reason': None, 'show_warning': False}",True,False,False,board,{},/eedsroy156/recipes/,False,,,
[],True,,[],"Sat, 10 May 2025 05:01:03 +0000",,True,False,0,False,"{'crop': [0, 118], 'custom_cover': True, 'image_signature': '4a0b333eeb743ba598fe21ab6f388b72', 'image_size': [236, None], 'image_url': 'https://i.pinimg.com/236x/4a/0b/33/4a0b333eeb743ba598fe21ab6f388b72.jpg', 'pin_id': '994732636493032639', 'scale': 1, 'size': [236, 236], 'timestamp': 1742895697}",{},,,,,[],False,527,,994732705135711381,https://i.pinimg.com/custom_covers/200x150/994732705135711381_1742895697.jpg,False,False,False,default,pinterest.ijz1714i,{},Dinner Recipes,Qm9hcmQ6OTk0NzMyNzA1MTM1NzExMzgx,"{'ads_only_profile_site': None, 'blocked_by_me': False, 'domain_url': None, 'first_name': 'Tasty | Healthy Recipes | Easy Dinner&Delicious Desserts and More', 'full_name': 'Tasty | Healthy Recipes | Easy Dinner&Delicious Desserts and More', 'id': '994732773853911740', 'image_medium_url': 'https://i.pinimg.com/75x75_RS/b5/d6/b2/b5d6b2948f169b06399f17b8b69e2713.jpg', 'image_small_url': 'https://i.pinimg.com/30x30_RS/b5/d6/b2/b5d6b2948f169b06399f17b8b69e2713.jpg', 'image_xlarge_url': 'https://i.pinimg.com/280x280_RS/b5/d6/b2/b5d6b2948f169b06399f17b8b69e2713.jpg', 'indexed': True, 'is_ads_only_profile': False, 'is_partner': True, 'is_private_profile': False, 'is_tastemaker': False, 'is_verified_merchant': False, 'node_id': 'VXNlcjo5OTQ3MzI3NzM4NTM5MTE3NDA=', 'type': 'user', 'username': 'CookingWithEmmy', 'verified_identity': {}}",270,public,0,270,"{'reason': None, 'show_warning': False}",True,False,False,board,{},/CookingWithEmmy/dinner-recipes/,False,,,
