access,affiliate_disclosure,affiliate_link,aggregated_pin_data,ai_disclosures,alt_text,attribution,buyable_product_availability,carousel_data,category,closeup_unified_attribution,closeup_unified_description,comment_count,content_sensitivity,createdAt,created_at,creator_analytics,creator_class,creator_class_instance,description,description_links,digital_media_source_type,domain,dominant_color,done_by_me,embed,grid_title,has_been_boost_promoted,hashtags,highlighted_aggregated_comments,id,image_signature,is_native,is_promotable,is_promoted,is_quick_promotable,is_quick_promotable_by_pinner,is_repin,is_video,link,link_utm_applicable_and_replaced,media_attribution,method,mobile_link,native_creator,origin_pinner,pinCreatedAt,pin_additional_note,pinned_to_board,pinner,price_currency,price_value,privacy,product_metadata,product_pin_data,promoted_is_removable,promoter,reactionCounts,reaction_counts,repin_count,saves,section,seo_title,share_count,ships_to_user_country,shopping_flags,shopping_rec_disabled,should_open_in_stream,shuffle,shuffle_asset,sponsorship,story_pin_data_id,third_party_pin_owner,title,type,updatedAt,user_mention_tags,utm_link,via_pinner,video_status,video_status_message,videos,story_pin_data,show_recipe_cta,board
[],,,"{'aggregated_stats': {'done': 0, 'saves': 3652}, 'comment_count': 9, 'creator_analytics': None, 'did_it_data': {'details_count': 0, 'images_count': 0, 'rating': -1, 'recommend_scores': [{'count': 0, 'score': 1}, {'count': 0, 'score': 0.5}, {'count': 0, 'score': 0}], 'recommended_count': 0, 'responses_count': 0, 'tags': [], 'type': 'aggregateddiditdata', 'user_count': 0, 'videos_count': 0}, 'id': '5402907417998586533', 'is_shop_the_look': False, 'is_stela': False}",[],,,,,,"{'ads_only_profile_site': None, 'blocked_by_me': False, 'domain_url': None, 'domain_verified': False, 'explicitly_followed_by_me': False, 'first_name': 'FoodNMood', 'followed_by_me': False, 'follower_count': 3896, 'full_name': 'FoodNMood', 'id': '1011832378689129721', 'image_medium_url': 'https://i.pinimg.com/75x75_RS/d3/a0/12/d3a0121a5d51a515b8d3122d9c897e6c.jpg', 'image_small_url': 'https://i.pinimg.com/30x30_RS/d3/a0/12/d3a0121a5d51a515b8d3122d9c897e6c.jpg', 'indexed': True, 'instagram_data': None, 'is_ads_only_profile': False, 'is_default_image': False, 'is_verified_merchant': False, 'node_id': 'VXNlcjoxMDExODMyMzc4Njg5MTI5NzIx', 'type': 'user', 'username': 'FooddNMood', 'verified_identity': {}}",#AglioEOlio #PastaRecipe #ItalianCuisine #GarlicPasta #OliveOil #SimpleRecipes #PastaLovers #EasyDinner #Foodie #AuthenticItalian #HomemadePasta #DeliciousMeals #FoodPorn #CookingAtHome #PastaTime #QuickMeals #GarlicLovers #ComfortFood #FoodPhotography #ItalianFood #Yummy #Foodstagram #RecipeOfTheDay #DinnerIdeas #HealthyEating #MediterraneanDiet #TastyFood #FoodieGram #CookingInspiration #FoodLover #PastaLife #ClassicItalian #FoodGoals,9,{},{},"Sun, 15 Dec 2024 17:02:43 +0000",,,,#AglioEOlio #PastaRecipe #ItalianCuisine #GarlicPasta #OliveOil #SimpleRecipes #PastaLovers #EasyDinner #Foodie #AuthenticItalian #HomemadePasta #DeliciousMeals #FoodPorn #CookingAtHome #PastaTime #QuickMeals #GarlicLovers #ComfortFood #FoodPhotography #ItalianFood #Yummy #Foodstagram #RecipeOfTheDay #DinnerIdeas #HealthyEating #MediterraneanDiet #TastyFood #FoodieGram #CookingInspiration #FoodLover #PastaLife #ClassicItalian #FoodGoals,[],,Uploaded by user,#837b6c,False,,Aglioeol- Pasta recipe,False,"['#AglioEOlio', '#PastaRecipe', '#ItalianCuisine', '#GarlicPasta', '#OliveOil', '#SimpleRecipes', '#PastaLovers', '#EasyDinner', '#Foodie', '#AuthenticItalian', '#HomemadePasta', '#DeliciousMeals', '#FoodPorn', '#CookingAtHome', '#PastaTime', '#QuickMeals', '#GarlicLovers', '#ComfortFood', '#FoodPhotography', '#ItalianFood', '#Yummy', '#Foodstagram', '#RecipeOfTheDay', '#DinnerIdeas', '#HealthyEating', '#MediterraneanDiet', '#TastyFood', '#FoodieGram', '#CookingInspiration', '#FoodLover', '#PastaLife', '#ClassicItalian', '#FoodGoals']",[],1011832241283686335,6f39bce191b4a70714f43cc6ca5ccadf,True,True,False,False,False,False,False,,0,,pin_scheduling,,"{'ads_only_profile_site': None, 'blocked_by_me': False, 'domain_url': None, 'domain_verified': False, 'explicitly_followed_by_me': False, 'first_name': 'FoodNMood', 'followed_by_me': False, 'follower_count': 3896, 'full_name': 'FoodNMood', 'id': '1011832378689129721', 'image_medium_url': 'https://i.pinimg.com/75x75_RS/d3/a0/12/d3a0121a5d51a515b8d3122d9c897e6c.jpg', 'image_small_url': 'https://i.pinimg.com/30x30_RS/d3/a0/12/d3a0121a5d51a515b8d3122d9c897e6c.jpg', 'indexed': True, 'instagram_data': None, 'is_ads_only_profile': False, 'is_default_image': False, 'is_verified_merchant': False, 'type': 'user', 'username': 'FooddNMood', 'verified_identity': {}}",,{},,,"{'ads_only_profile_site': None, 'blocked_by_me': False, 'domain_url': None, 'domain_verified': False, 'explicitly_followed_by_me': False, 'first_name': 'FoodNMood', 'followed_by_me': False, 'follower_count': 3896, 'full_name': 'FoodNMood', 'id': '1011832378689129721', 'image_medium_url': 'https://i.pinimg.com/75x75_RS/d3/a0/12/d3a0121a5d51a515b8d3122d9c897e6c.jpg', 'image_small_url': 'https://i.pinimg.com/30x30_RS/d3/a0/12/d3a0121a5d51a515b8d3122d9c897e6c.jpg', 'indexed': True, 'instagram_data': None, 'is_ads_only_profile': False, 'is_default_image': False, 'is_verified_merchant': False, 'type': 'user', 'username': 'FooddNMood', 'verified_identity': {}}",USD,0,public,,,False,,317,{'1': 317},2258,3652,,Pin on Pins by you,94,False,[],False,True,,,,5402907416551552153,,Aglioeol- Pasta recipe,pin,{},,,,,,,,,
[],,,"{'aggregated_stats': {'done': 0, 'saves': 1019}, 'comment_count': 0, 'creator_analytics': None, 'did_it_data': {'details_count': 0, 'images_count': 0, 'rating': -1, 'recommend_scores': [{'count': 0, 'score': 1}, {'count': 0, 'score': 0.5}, {'count': 0, 'score': 0}], 'recommended_count': 0, 'responses_count': 0, 'tags': [], 'type': 'aggregateddiditdata', 'user_count': 0, 'videos_count': 0}, 'id': '5065422055560752760', 'is_shop_the_look': False, 'is_stela': False}",[],,,,,,"{'ads_only_profile_site': None, 'blocked_by_me': False, 'domain_url': 'www.melissassouthernstylekitchen.com', 'domain_verified': True, 'explicitly_followed_by_me': False, 'first_name': ""Melissa's Southern Style Kitchen®"", 'followed_by_me': False, 'follower_count': 451408, 'full_name': ""Melissa's Southern Style Kitchen®"", 'id': '51580495640660254', 'image_medium_url': 'https://i.pinimg.com/75x75_RS/3f/7c/17/3f7c1778b0692567150798e8bb7d80f2.jpg', 'image_small_url': 'https://i.pinimg.com/30x30_RS/3f/7c/17/3f7c1778b0692567150798e8bb7d80f2.jpg', 'indexed': True, 'instagram_data': None, 'is_ads_only_profile': False, 'is_default_image': False, 'is_verified_merchant': False, 'node_id': 'VXNlcjo1MTU4MDQ5NTY0MDY2MDI1NA==', 'type': 'user', 'username': 'melissasssk', 'verified_identity': {}}",Mozzarella Cheesesteak Stromboli,0,{},{},"Sun, 10 Nov 2019 03:30:03 +0000",,,,Mozzarella Cheesesteak Stromboli,[],,melissassouthernstylekitchen.com,#d8b17c,False,,,False,[],[],102808803980992574,5294e0b2881f1e965ece712098242ecb,False,True,False,False,False,False,False,https://www.melissassouthernstylekitchen.com/mozzarella-cheesesteak-stromboli/,1,,api_sdk,,,,{},,,,USD,0,public,,,False,,3,{'1': 3},621,1019,,Pin on Easy Lunch Recipes,2,False,[],False,False,,,,,,,pin,{},,https://www.melissassouthernstylekitchen.com/mozzarella-cheesesteak-stromboli/?utm_source=Pinterest&utm_medium=organic,,,,,,,
[],,,"{'aggregated_stats': {'done': 0, 'saves': 389}, 'comment_count': 0, 'creator_analytics': None, 'did_it_data': {'details_count': 0, 'images_count': 0, 'rating': -1, 'recommend_scores': [{'count': 0, 'score': 1}, {'count': 0, 'score': 0.5}, {'count': 0, 'score': 0}], 'recommended_count': 0, 'responses_count': 0, 'tags': [], 'type': 'aggregateddiditdata', 'user_count': 0, 'videos_count': 0}, 'id': '3019102440827888384', 'is_shop_the_look': False, 'is_stela': False}",[],"Café: recetas, consejos y todo lo que necesitas saber",,,,,"{'ads_only_profile_site': None, 'blocked_by_me': False, 'domain_url': None, 'domain_verified': False, 'explicitly_followed_by_me': False, 'first_name': 'Café con hielo', 'followed_by_me': False, 'follower_count': 841, 'full_name': 'Café con hielo', 'id': '1050675925475363251', 'image_medium_url': 'https://i.pinimg.com/75x75_RS/a6/3e/bb/a63ebba03d77f7612617d8c34cb0a715.jpg', 'image_small_url': 'https://i.pinimg.com/30x30_RS/a6/3e/bb/a63ebba03d77f7612617d8c34cb0a715.jpg', 'indexed': True, 'instagram_data': None, 'is_ads_only_profile': False, 'is_default_image': False, 'is_verified_merchant': False, 'node_id': 'VXNlcjoxMDUwNjc1OTI1NDc1MzYzMjUx', 'type': 'user', 'username': 'cafeconhielooficial', 'verified_identity': {}}",Sigue estos consejos para hacer un café exquisito todos los días ,0,{},{},"Sat, 29 Nov 2025 09:24:24 +0000",,,,Sigue estos consejos para hacer un café exquisito todos los días ,[],,bonviveur.es,#af8554,False,,Descubre las mejores formas de preparar café,False,[],[],1050675788079871328,ffa74f8e43b96e8acb59656cf4f77d72,True,True,False,False,False,False,False,https://www.bonviveur.es/recetas/tag/cafes/,1,,pinterest_platform,,"{'ads_only_profile_site': None, 'blocked_by_me': False, 'domain_url': None, 'domain_verified': False, 'explicitly_followed_by_me': False, 'first_name': 'Café con hielo', 'followed_by_me': False, 'follower_count': 841, 'full_name': 'Café con hielo', 'id': '1050675925475363251', 'image_medium_url': 'https://i.pinimg.com/75x75_RS/a6/3e/bb/a63ebba03d77f7612617d8c34cb0a715.jpg', 'image_small_url': 'https://i.pinimg.com/30x30_RS/a6/3e/bb/a63ebba03d77f7612617d8c34cb0a715.jpg', 'indexed': True, 'instagram_data': None, 'is_ads_only_profile': False, 'is_default_image': False, 'is_verified_merchant': False, 'type': 'user', 'username': 'cafeconhielooficial', 'verified_identity': {}}",,{},,,"{'ads_only_profile_site': None, 'blocked_by_me': False, 'domain_url': None, 'domain_verified': False, 'explicitly_followed_by_me': False, 'first_name': 'Café con hielo', 'followed_by_me': False, 'follower_count': 841, 'full_name': 'Café con hielo', 'id': '1050675925475363251', 'image_medium_url': 'https://i.pinimg.com/75x75_RS/a6/3e/bb/a63ebba03d77f7612617d8c34cb0a715.jpg', 'image_small_url': 'https://i.pinimg.com/30x30_RS/a6/3e/bb/a63ebba03d77f7612617d8c34cb0a715.jpg', 'indexed': True, 'instagram_data': None, 'is_ads_only_profile': False, 'is_default_image': False, 'is_verified_merchant': False, 'type': 'user', 'username': 'cafeconhielooficial', 'verified_identity': {}}",USD,0,public,,,False,,27,{'1': 27},217,389,,"Pin on Café: Recetas, tips y cultura",3,False,[],False,False,,,,,,Descubre las mejores formas de preparar café,pin,{},,https://www.bonviveur.es/recetas/tag/cafes/?utm_source=Pinterest&utm_medium=organic,,,,,,,
[],,,"{'aggregated_stats': {'done': 0, 'saves': 2848}, 'comment_count': 1, 'creator_analytics': None, 'did_it_data': {'details_count': 0, 'images_count': 0, 'rating': -1, 'recommend_scores': [{'count': 0, 'score': 1}, {'count': 0, 'score': 0.5}, {'count': 0, 'score': 0}], 'recommended_count': 0, 'responses_count': 0, 'tags': [], 'type': 'aggregateddiditdata', 'user_count': 0, 'videos_count': 0}, 'id': '5381185570108137685', 'is_shop_the_look': False, 'is_stela': False}",[],,,,,,,"Have you ever gone to a Japanese restaurant and wondered “what’s in this recipe”? I love Japanese food and would love to learn how to make all their recipes. Kani salad is one of my favorites. It is spicy, nutty and creamy. Even if this recipe is not traditional Japanese cuisine, you can find it in most Japanese restaurants.",1,{},{},"Sat, 17 Aug 2024 19:52:59 +0000",,,,"Have you ever gone to a Japanese restaurant and wondered “what’s in this recipe”? I love Japanese food and would love to learn how to make all their recipes. Kani salad is one of my favorites. It is spicy, nutty and creamy. Even if this recipe is not traditional Japanese cuisine, you can find it in most Japanese restaurants.",[],,sosrecipes.com,#a96b60,False,,Spicy Kani Salad (Easy To Make),False,[],[],1059542249827869332,87c43b24be8d9d77321f21f5caba26c5,True,True,False,False,False,False,False,https://sosrecipes.com/spicy-kani-salad/,1,,uploaded,,,,{},,,,USD,0,public,,,False,,21,{'1': 21},773,2848,,Pin on Best Pinterest Recipes,38,False,[],False,False,,,,,,Spicy Kani Salad (Easy To Make),pin,{},,https://sosrecipes.com/spicy-kani-salad/?utm_source=Pinterest&utm_medium=organic,,,,,,True,
[],,,"{'aggregated_stats': {'done': 0, 'saves': 9}, 'comment_count': 0, 'creator_analytics': None, 'did_it_data': {'details_count': 0, 'images_count': 0, 'rating': -1, 'recommend_scores': [{'count': 0, 'score': 1}, {'count': 0, 'score': 0.5}, {'count': 0, 'score': 0}], 'recommended_count': 0, 'responses_count': 0, 'tags': [], 'type': 'aggregateddiditdata', 'user_count': 0, 'videos_count': 0}, 'id': '3574097864668163712', 'is_shop_the_look': False, 'is_stela': False}",[],Delicious & Quick MEXICAN CHICKEN BREAST,,,,,"{'ads_only_profile_site': None, 'blocked_by_me': False, 'domain_url': None, 'domain_verified': False, 'explicitly_followed_by_me': False, 'first_name': 'Char & Coal | Grilled Meat Recipes', 'followed_by_me': False, 'follower_count': 16, 'full_name': 'Char & Coal | Grilled Meat Recipes', 'id': '1083327022774062758', 'image_medium_url': 'https://i.pinimg.com/75x75_RS/d6/95/7f/d6957f6b4e2ac5321fd5da5567cd296a.jpg', 'image_small_url': 'https://i.pinimg.com/30x30_RS/d6/95/7f/d6957f6b4e2ac5321fd5da5567cd296a.jpg', 'indexed': True, 'instagram_data': None, 'is_ads_only_profile': False, 'is_default_image': False, 'is_verified_merchant': False, 'node_id': 'VXNlcjoxMDgzMzI3MDIyNzc0MDYyNzU4', 'type': 'user', 'username': 'charandcoall', 'verified_identity': {}}","Are you looking for a delicious and quick meal that's guaranteed to delight your taste buds? 🤤 Look no further! Our Mexican Chicken Breast recipe will have your family begging for seconds in a snap! 😋 Packed with bold flavors and cooked to perfection, enjoy this dish in no time 💨🍗",0,{},{},"Mon, 08 Jun 2026 19:53:36 +0000",,,,"Are you looking for a delicious and quick meal that's guaranteed to delight your taste buds? 🤤 Look no further! Our Mexican Chicken Breast recipe will have your family begging for seconds in a snap! 😋 Packed with bold flavors and cooked to perfection, enjoy this dish in no time 💨🍗",[],,payhip.com,#c07633,False,,Delicious & Quick MEXICAN CHICKEN BREAST,False,[],[],1083326885397023345,e30b6f8de3b7ad5f72a23de8aea8150b,True,True,False,False,False,False,False,https://payhip.com/b/XpdC1,1,,pinterest_platform,,"{'ads_only_profile_site': None, 'blocked_by_me': False, 'domain_url': None, 'domain_verified': False, 'explicitly_followed_by_me': False, 'first_name': 'Char & Coal | Grilled Meat Recipes', 'followed_by_me': False, 'follower_count': 16, 'full_name': 'Char & Coal | Grilled Meat Recipes', 'id': '1083327022774062758', 'image_medium_url': 'https://i.pinimg.com/75x75_RS/d6/95/7f/d6957f6b4e2ac5321fd5da5567cd296a.jpg', 'image_small_url': 'https://i.pinimg.com/30x30_RS/d6/95/7f/d6957f6b4e2ac5321fd5da5567cd296a.jpg', 'indexed': True, 'instagram_data': None, 'is_ads_only_profile': False, 'is_default_image': False, 'is_verified_merchant': False, 'type': 'user', 'username': 'charandcoall', 'verified_identity': {}}",,{},,,"{'ads_only_profile_site': None, 'blocked_by_me': False, 'domain_url': None, 'domain_verified': False, 'explicitly_followed_by_me': False, 'first_name': 'Char & Coal | Grilled Meat Recipes', 'followed_by_me': False, 'follower_count': 16, 'full_name': 'Char & Coal | Grilled Meat Recipes', 'id': '1083327022774062758', 'image_medium_url': 'https://i.pinimg.com/75x75_RS/d6/95/7f/d6957f6b4e2ac5321fd5da5567cd296a.jpg', 'image_small_url': 'https://i.pinimg.com/30x30_RS/d6/95/7f/d6957f6b4e2ac5321fd5da5567cd296a.jpg', 'indexed': True, 'instagram_data': None, 'is_ads_only_profile': False, 'is_default_image': False, 'is_verified_merchant': False, 'type': 'user', 'username': 'charandcoall', 'verified_identity': {}}",USD,0,public,"{'id': '-4769458161993785490', 'type': 'productmetadata'}",,False,,0,{},8,9,,Pin on Grilled Meat Recipes,0,False,"[1, 6, 8, 11]",False,False,,,,,,Delicious & Quick MEXICAN CHICKEN BREAST,pin,{},,https://payhip.com/b/XpdC1?utm_source=Pinterest&utm_medium=organic,,,,,,,
[],,,"{'aggregated_stats': {'done': 0, 'saves': 15}, 'comment_count': 0, 'creator_analytics': None, 'did_it_data': {'details_count': 0, 'images_count': 0, 'rating': -1, 'recommend_scores': [{'count': 0, 'score': 1}, {'count': 0, 'score': 0.5}, {'count': 0, 'score': 0}], 'recommended_count': 0, 'responses_count': 0, 'tags': [], 'type': 'aggregateddiditdata', 'user_count': 0, 'videos_count': 0}, 'id': '3589595056330856000', 'is_shop_the_look': False, 'is_stela': False}",[],Grilled Spicy Mexican Chicken Tostadas,,,,,"{'ads_only_profile_site': None, 'blocked_by_me': False, 'domain_url': None, 'domain_verified': False, 'explicitly_followed_by_me': False, 'first_name': 'Char & Coal | Grilled Meat Recipes', 'followed_by_me': False, 'follower_count': 16, 'full_name': 'Char & Coal | Grilled Meat Recipes', 'id': '1083327022774062758', 'image_medium_url': 'https://i.pinimg.com/75x75_RS/d6/95/7f/d6957f6b4e2ac5321fd5da5567cd296a.jpg', 'image_small_url': 'https://i.pinimg.com/30x30_RS/d6/95/7f/d6957f6b4e2ac5321fd5da5567cd296a.jpg', 'indexed': True, 'instagram_data': None, 'is_ads_only_profile': False, 'is_default_image': False, 'is_verified_merchant': False, 'node_id': 'VXNlcjoxMDgzMzI3MDIyNzc0MDYyNzU4', 'type': 'user', 'username': 'charandcoall', 'verified_identity': {}}","Savor the vibrant flavors of Mexico with these Grilled Spicy Mexican Chicken Tostadas. Tender chicken is marinated in a zesty spice blend, grilled to juicy perfection, and then piled high on crispy tostadas with fresh toppings. Perfect for a quick weeknight dinner or a festive gathering, this recipe combines deliciousness and fun in every bite.",0,{},{},"Sun, 14 Jun 2026 04:11:09 +0000",,,,"Savor the vibrant flavors of Mexico with these Grilled Spicy Mexican Chicken Tostadas. Tender chicken is marinated in a zesty spice blend, grilled to juicy perfection, and then piled high on crispy tostadas with fresh toppings. Perfect for a quick weeknight dinner or a festive gathering, this recipe combines deliciousness and fun in every bite.",[],,payhip.com,#7c511d,False,,Grilled Spicy Mexican Chicken Tostadas,False,[],[],1083326885397399001,3f4c20f69d343315ca0309953deff438,True,True,False,False,False,False,False,https://payhip.com/b/XpdC1,1,,pinterest_platform,,"{'ads_only_profile_site': None, 'blocked_by_me': False, 'domain_url': None, 'domain_verified': False, 'explicitly_followed_by_me': False, 'first_name': 'Char & Coal | Grilled Meat Recipes', 'followed_by_me': False, 'follower_count': 16, 'full_name': 'Char & Coal | Grilled Meat Recipes', 'id': '1083327022774062758', 'image_medium_url': 'https://i.pinimg.com/75x75_RS/d6/95/7f/d6957f6b4e2ac5321fd5da5567cd296a.jpg', 'image_small_url': 'https://i.pinimg.com/30x30_RS/d6/95/7f/d6957f6b4e2ac5321fd5da5567cd296a.jpg', 'indexed': True, 'instagram_data': None, 'is_ads_only_profile': False, 'is_default_image': False, 'is_verified_merchant': False, 'type': 'user', 'username': 'charandcoall', 'verified_identity': {}}",,{},,,"{'ads_only_profile_site': None, 'blocked_by_me': False, 'domain_url': None, 'domain_verified': False, 'explicitly_followed_by_me': False, 'first_name': 'Char & Coal | Grilled Meat Recipes', 'followed_by_me': False, 'follower_count': 16, 'full_name': 'Char & Coal | Grilled Meat Recipes', 'id': '1083327022774062758', 'image_medium_url': 'https://i.pinimg.com/75x75_RS/d6/95/7f/d6957f6b4e2ac5321fd5da5567cd296a.jpg', 'image_small_url': 'https://i.pinimg.com/30x30_RS/d6/95/7f/d6957f6b4e2ac5321fd5da5567cd296a.jpg', 'indexed': True, 'instagram_data': None, 'is_ads_only_profile': False, 'is_default_image': False, 'is_verified_merchant': False, 'type': 'user', 'username': 'charandcoall', 'verified_identity': {}}",USD,0,public,"{'id': '-9150088898076478716', 'type': 'productmetadata'}",,False,,0,{},14,15,,Pin on Meat Dinner Recipes,1,False,"[1, 6, 8, 11]",False,False,,,,,,Grilled Spicy Mexican Chicken Tostadas,pin,{},,https://payhip.com/b/XpdC1?utm_source=Pinterest&utm_medium=organic,,,,,,,
[],,,"{'aggregated_stats': {'done': 0, 'saves': 119}, 'comment_count': 0, 'creator_analytics': None, 'did_it_data': {'details_count': 0, 'images_count': 0, 'rating': -1, 'recommend_scores': [{'count': 0, 'score': 1}, {'count': 0, 'score': 0.5}, {'count': 0, 'score': 0}], 'recommended_count': 0, 'responses_count': 0, 'tags': [], 'type': 'aggregateddiditdata', 'user_count': 0, 'videos_count': 0}, 'id': '3567226272872781056', 'is_shop_the_look': False, 'is_stela': False}",[],Lemon Pepper Wings with Honey,,,,,"{'ads_only_profile_site': None, 'blocked_by_me': False, 'domain_url': None, 'domain_verified': False, 'explicitly_followed_by_me': False, 'first_name': 'The Cozy Bakehouse - Easy Baking Recipes', 'followed_by_me': False, 'follower_count': 7, 'full_name': 'The Cozy Bakehouse - Easy Baking Recipes', 'id': '1084523291425085363', 'image_medium_url': 'https://i.pinimg.com/75x75_RS/8c/a8/ee/8ca8ee20d840aa5e42b173404f2d3806.jpg', 'image_small_url': 'https://i.pinimg.com/30x30_RS/8c/a8/ee/8ca8ee20d840aa5e42b173404f2d3806.jpg', 'indexed': True, 'instagram_data': None, 'is_ads_only_profile': False, 'is_default_image': False, 'is_verified_merchant': False, 'node_id': 'VXNlcjoxMDg0NTIzMjkxNDI1MDg1MzYz', 'type': 'user', 'username': 'cozybakehouselove', 'verified_identity': {}}","All you need are a few pantry staples to make these delicious honey lemon pepper wings. They’re so crispy on the outside, juicy on the inside, and coated in a sticky sweet and tangy sauce. These chicken wings are the perfect game day appetizer or as an easy finger-licking dinner. It's the perfect football game day appetizer!",0,{},{},"Sat, 06 Jun 2026 11:00:27 +0000",,,,"All you need are a few pantry staples to make these delicious honey lemon pepper wings. They’re so crispy on the outside, juicy on the inside, and coated in a sticky sweet and tangy sauce. These chicken wings are the perfect game day appetizer or as an easy finger-licking dinner. It's the perfect football game day appetizer!",[],,payhip.com,#d18739,False,,Lemon Pepper Wings with Honey,False,[],[],1084523154039945369,f66a1584880ab302c6e9e7bbbc50663f,True,True,False,False,False,False,False,https://payhip.com/b/2cACZ,1,,pinterest_platform,,"{'ads_only_profile_site': None, 'blocked_by_me': False, 'domain_url': None, 'domain_verified': False, 'explicitly_followed_by_me': False, 'first_name': 'The Cozy Bakehouse - Easy Baking Recipes', 'followed_by_me': False, 'follower_count': 7, 'full_name': 'The Cozy Bakehouse - Easy Baking Recipes', 'id': '1084523291425085363', 'image_medium_url': 'https://i.pinimg.com/75x75_RS/8c/a8/ee/8ca8ee20d840aa5e42b173404f2d3806.jpg', 'image_small_url': 'https://i.pinimg.com/30x30_RS/8c/a8/ee/8ca8ee20d840aa5e42b173404f2d3806.jpg', 'indexed': True, 'instagram_data': None, 'is_ads_only_profile': False, 'is_default_image': False, 'is_verified_merchant': False, 'type': 'user', 'username': 'cozybakehouselove', 'verified_identity': {}}",,{},,,"{'ads_only_profile_site': None, 'blocked_by_me': False, 'domain_url': None, 'domain_verified': False, 'explicitly_followed_by_me': False, 'first_name': 'The Cozy Bakehouse - Easy Baking Recipes', 'followed_by_me': False, 'follower_count': 7, 'full_name': 'The Cozy Bakehouse - Easy Baking Recipes', 'id': '1084523291425085363', 'image_medium_url': 'https://i.pinimg.com/75x75_RS/8c/a8/ee/8ca8ee20d840aa5e42b173404f2d3806.jpg', 'image_small_url': 'https://i.pinimg.com/30x30_RS/8c/a8/ee/8ca8ee20d840aa5e42b173404f2d3806.jpg', 'indexed': True, 'instagram_data': None, 'is_ads_only_profile': False, 'is_default_image': False, 'is_verified_merchant': False, 'type': 'user', 'username': 'cozybakehouselove', 'verified_identity': {}}",USD,0,public,"{'id': '-5517035396069662837', 'type': 'productmetadata'}",,False,,2,{'1': 2},117,119,,"Pin on Easy Baking Recipes | Cakes, Cookies & Sweet",3,False,"[1, 6, 8, 11]",False,False,,,,,,Lemon Pepper Wings with Honey,pin,{},,https://payhip.com/b/2cACZ?utm_source=Pinterest&utm_medium=organic,,,,,,,
[],,,"{'aggregated_stats': {'done': 0, 'saves': 218}, 'comment_count': 0, 'creator_analytics': None, 'did_it_data': {'details_count': 0, 'images_count': 0, 'rating': -1, 'recommend_scores': [{'count': 0, 'score': 1}, {'count': 0, 'score': 0.5}, {'count': 0, 'score': 0}], 'recommended_count': 0, 'responses_count': 0, 'tags': [], 'type': 'aggregateddiditdata', 'user_count': 0, 'videos_count': 0}, 'id': '3480405925742045056', 'is_shop_the_look': False, 'is_stela': False}",[],,,,,,"{'ads_only_profile_site': None, 'blocked_by_me': False, 'domain_url': 'breakfastideas.lokog.com', 'domain_verified': True, 'explicitly_followed_by_me': False, 'first_name': 'Emma Kitchen', 'followed_by_me': False, 'follower_count': 15, 'full_name': 'Emma Kitchen', 'id': '1085226978866698256', 'image_medium_url': 'https://i.pinimg.com/75x75_RS/b2/81/b2/b281b21cd83f6b43d7cb4fcc8e9c2c7c.jpg', 'image_small_url': 'https://i.pinimg.com/30x30_RS/b2/81/b2/b281b21cd83f6b43d7cb4fcc8e9c2c7c.jpg', 'indexed': True, 'instagram_data': None, 'is_ads_only_profile': False, 'is_default_image': False, 'is_verified_merchant': False, 'node_id': 'VXNlcjoxMDg1MjI2OTc4ODY2Njk4MjU2', 'type': 'user', 'username': 'KitchenbyEmma', 'verified_identity': {}}","Creamy, rich, and easy to make, this no-bake chocolate peanut butter pie is the perfect dessert for any occasion. Try it today and enjoy a sweet treat in minutes! Share and save for later.",0,{},{},"Wed, 06 May 2026 16:37:18 +0000",,,,"Creamy, rich, and easy to make, this no-bake chocolate peanut butter pie is the perfect dessert for any occasion. Try it today and enjoy a sweet treat in minutes! Share and save for later.",[],,breakfastideas.lokog.com,#9c673e,False,,Easy No-Bake Chocolate Peanut Butter Pie - Perfect for Any Occasion,False,[],[],1085226841486502513,afb7c29bb00038ea6065ffa90faeee68,True,True,False,False,False,False,False,https://breakfastideas.lokog.com/easy-no-bake-chocolate-peanut-butter-pie/?utm_source=Pinterest&utm_medium=organic,0,,uploaded,,"{'ads_only_profile_site': None, 'blocked_by_me': False, 'domain_url': 'breakfastideas.lokog.com', 'domain_verified': True, 'explicitly_followed_by_me': False, 'first_name': 'Emma Kitchen', 'followed_by_me': False, 'follower_count': 15, 'full_name': 'Emma Kitchen', 'id': '1085226978866698256', 'image_medium_url': 'https://i.pinimg.com/75x75_RS/b2/81/b2/b281b21cd83f6b43d7cb4fcc8e9c2c7c.jpg', 'image_small_url': 'https://i.pinimg.com/30x30_RS/b2/81/b2/b281b21cd83f6b43d7cb4fcc8e9c2c7c.jpg', 'indexed': True, 'instagram_data': None, 'is_ads_only_profile': False, 'is_default_image': False, 'is_verified_merchant': False, 'type': 'user', 'username': 'KitchenbyEmma', 'verified_identity': {}}",,{},,,"{'ads_only_profile_site': None, 'blocked_by_me': False, 'domain_url': 'breakfastideas.lokog.com', 'domain_verified': True, 'explicitly_followed_by_me': False, 'first_name': 'Emma Kitchen', 'followed_by_me': False, 'follower_count': 15, 'full_name': 'Emma Kitchen', 'id': '1085226978866698256', 'image_medium_url': 'https://i.pinimg.com/75x75_RS/b2/81/b2/b281b21cd83f6b43d7cb4fcc8e9c2c7c.jpg', 'image_small_url': 'https://i.pinimg.com/30x30_RS/b2/81/b2/b281b21cd83f6b43d7cb4fcc8e9c2c7c.jpg', 'indexed': True, 'instagram_data': None, 'is_ads_only_profile': False, 'is_default_image': False, 'is_verified_merchant': False, 'type': 'user', 'username': 'KitchenbyEmma', 'verified_identity': {}}",USD,0,public,,,False,,2,{'1': 2},171,218,,Pin on Easy Dessert Recipes 🍰,5,False,[],False,False,,,,,,Easy No-Bake Chocolate Peanut Butter Pie - Perfect for Any Occasion,pin,{},,,,,,,,True,
[],,,"{'aggregated_stats': {'done': 0, 'saves': 403}, 'comment_count': 2, 'creator_analytics': None, 'did_it_data': {'details_count': 0, 'images_count': 0, 'rating': -1, 'recommend_scores': [{'count': 0, 'score': 1}, {'count': 0, 'score': 0.5}, {'count': 0, 'score': 0}], 'recommended_count': 0, 'responses_count': 0, 'tags': [], 'type': 'aggregateddiditdata', 'user_count': 0, 'videos_count': 0}, 'id': '3352295395184073536', 'is_shop_the_look': False, 'is_stela': False}",[],,,,,,"{'ads_only_profile_site': None, 'blocked_by_me': False, 'domain_url': 'scratchymama.com', 'domain_verified': False, 'explicitly_followed_by_me': False, 'first_name': 'Scratchy Mama | From-Scratch Recipes & Cozy Homemade Cooking', 'followed_by_me': False, 'follower_count': 83, 'full_name': 'Scratchy Mama | From-Scratch Recipes & Cozy Homemade Cooking', 'id': '1087338041192108279', 'image_medium_url': 'https://i.pinimg.com/75x75_RS/2d/7f/fa/2d7ffaa2298c0f34b67f6ef52c8b4d1d.jpg', 'image_small_url': 'https://i.pinimg.com/30x30_RS/2d/7f/fa/2d7ffaa2298c0f34b67f6ef52c8b4d1d.jpg', 'indexed': True, 'instagram_data': None, 'is_ads_only_profile': False, 'is_default_image': False, 'is_verified_merchant': False, 'node_id': 'VXNlcjoxMDg3MzM4MDQxMTkyMTA4Mjc5', 'type': 'user', 'username': 'scratchymamakitchen', 'verified_identity': {}}",Tennessee Onions - The Cheesy Baked Side Dish Better Than Onion Rings,2,{},{},"Tue, 24 Mar 2026 07:43:08 +0000",,,,Tennessee Onions - The Cheesy Baked Side Dish Better Than Onion Rings,[],,Uploaded by user,#ac7224,False,,Cheesy Tennessee Onions: A Delicious Baked Twist on Classic Onion Rings!,False,[],[],1087337903805526527,f63fc35d63dd1bc660d9b19ebe78245c,True,True,False,False,False,False,False,,0,,csv_importer,,"{'ads_only_profile_site': None, 'blocked_by_me': False, 'domain_url': 'scratchymama.com', 'domain_verified': False, 'explicitly_followed_by_me': False, 'first_name': 'Scratchy Mama | From-Scratch Recipes & Cozy Homemade Cooking', 'followed_by_me': False, 'follower_count': 83, 'full_name': 'Scratchy Mama | From-Scratch Recipes & Cozy Homemade Cooking', 'id': '1087338041192108279', 'image_medium_url': 'https://i.pinimg.com/75x75_RS/2d/7f/fa/2d7ffaa2298c0f34b67f6ef52c8b4d1d.jpg', 'image_small_url': 'https://i.pinimg.com/30x30_RS/2d/7f/fa/2d7ffaa2298c0f34b67f6ef52c8b4d1d.jpg', 'indexed': True, 'instagram_data': None, 'is_ads_only_profile': False, 'is_default_image': False, 'is_verified_merchant': False, 'type': 'user', 'username': 'scratchymamakitchen', 'verified_identity': {}}",,{},,,"{'ads_only_profile_site': None, 'blocked_by_me': False, 'domain_url': 'scratchymama.com', 'domain_verified': False, 'explicitly_followed_by_me': False, 'first_name': 'Scratchy Mama | From-Scratch Recipes & Cozy Homemade Cooking', 'followed_by_me': False, 'follower_count': 83, 'full_name': 'Scratchy Mama | From-Scratch Recipes & Cozy Homemade Cooking', 'id': '1087338041192108279', 'image_medium_url': 'https://i.pinimg.com/75x75_RS/2d/7f/fa/2d7ffaa2298c0f34b67f6ef52c8b4d1d.jpg', 'image_small_url': 'https://i.pinimg.com/30x30_RS/2d/7f/fa/2d7ffaa2298c0f34b67f6ef52c8b4d1d.jpg', 'indexed': True, 'instagram_data': None, 'is_ads_only_profile': False, 'is_default_image': False, 'is_verified_merchant': False, 'type': 'user', 'username': 'scratchymamakitchen', 'verified_identity': {}}",USD,0,public,,,False,,7,{'1': 7},402,403,,Pin on COOKING,9,False,[],False,False,,,,3352295389580470528,,Cheesy Tennessee Onions: A Delicious Baked Twist on Classic Onion Rings!,pin,{},,,,,,,,,
[],,,"{'aggregated_stats': {'done': 0, 'saves': 9453}, 'comment_count': 2, 'creator_analytics': None, 'did_it_data': {'details_count': 0, 'images_count': 0, 'rating': -1, 'recommend_scores': [{'count': 0, 'score': 1}, {'count': 0, 'score': 0.5}, {'count': 0, 'score': 0}], 'recommended_count': 0, 'responses_count': 0, 'tags': [], 'type': 'aggregateddiditdata', 'user_count': 0, 'videos_count': 0}, 'id': '5369532251646245357', 'is_shop_the_look': False, 'is_stela': False}",[],,,,,,"{'ads_only_profile_site': None, 'blocked_by_me': False, 'domain_url': 'www.eazypeazymealz.com', 'domain_verified': True, 'explicitly_followed_by_me': False, 'first_name': 'Rachael @ EazyPeazyMealz', 'followed_by_me': False, 'follower_count': 258494, 'full_name': 'Rachael @ EazyPeazyMealz', 'id': '243124217292259647', 'image_medium_url': 'https://i.pinimg.com/75x75_RS/29/57/e3/2957e35376af7939d32001bb0184f27c.jpg', 'image_small_url': 'https://i.pinimg.com/30x30_RS/29/57/e3/2957e35376af7939d32001bb0184f27c.jpg', 'indexed': True, 'instagram_data': None, 'is_ads_only_profile': False, 'is_default_image': False, 'is_verified_merchant': False, 'node_id': 'VXNlcjoyNDMxMjQyMTcyOTIyNTk2NDc=', 'type': 'user', 'username': 'ezpzmealz', 'verified_identity': {}}",Fresh peach lemonade and easy summer drink made with just a few simple ingredients. ,2,{},{},"Sun, 01 Sep 2024 01:34:04 +0000",,,,Fresh peach lemonade and easy summer drink made with just a few simple ingredients. ,[],,eazypeazymealz.com,#f7a630,False,,,False,[],[],1088182328707416703,64bdec032aef1fff087dc89ae2638c81,False,True,False,False,False,False,False,https://www.eazypeazymealz.com/peach-lemonade/?ssp_iabi=1677296250257,1,,in_app_browser,,,,{},,,"{'ads_only_profile_site': None, 'blocked_by_me': False, 'domain_url': None, 'domain_verified': False, 'explicitly_followed_by_me': False, 'first_name': 'Shavonna', 'followed_by_me': False, 'follower_count': 3, 'full_name': 'Shavonna Alexander', 'id': '1088182466121860314', 'image_medium_url': 'https://i.pinimg.com/75x75_RS/5e/b3/5d/5eb35d2a076d2f1c7917da7b5c7d4ada.jpg', 'image_small_url': 'https://i.pinimg.com/30x30_RS/5e/b3/5d/5eb35d2a076d2f1c7917da7b5c7d4ada.jpg', 'indexed': True, 'instagram_data': None, 'is_ads_only_profile': False, 'is_default_image': False, 'is_verified_merchant': False, 'type': 'user', 'username': 'alexandershavonna8', 'verified_identity': {}}",USD,0,public,,,False,,96,{'1': 96},4076,9453,,Pin on Lemonade,64,False,[],False,False,,,,,,,pin,{},,https://www.eazypeazymealz.com/peach-lemonade/?ssp_iabi=1677296250257&utm_source=Pinterest&utm_medium=organic,,,,,,,"{'access': [], 'category': None, 'collaborated_by_me': False, 'description': '', 'followed_by_me': False, 'id': '1088182397403499218', 'image_cover_url': 'https://i.pinimg.com/200x150/0c/2c/e8/0c2ce89148c8d9af49bf9c10e8270046.jpg', 'image_thumbnail_url': 'https://i.pinimg.com/upload/1088182397403499218_board_thumbnail_2024-09-01-01-34-05_65164_60.jpg', 'is_ads_only': False, 'is_collaborative': False, 'layout': 'default', 'map_id': 'pinterest.ijz1714i', 'name': 'Lemonade', 'pin_thumbnail_urls': ['https://i.pinimg.com/150x150/b2/fb/10/b2fb10107432afe66986aef7350ada54.jpg'], 'privacy': 'public', 'type': 'board', 'url': '/alexandershavonna8/lemonade/'}"
[],,,"{'aggregated_stats': {'done': 0, 'saves': 18}, 'comment_count': 0, 'creator_analytics': None, 'did_it_data': {'details_count': 0, 'images_count': 0, 'rating': -1, 'recommend_scores': [{'count': 0, 'score': 1}, {'count': 0, 'score': 0.5}, {'count': 0, 'score': 0}], 'recommended_count': 0, 'responses_count': 0, 'tags': [], 'type': 'aggregateddiditdata', 'user_count': 0, 'videos_count': 0}, 'id': '3567054827241311936', 'is_shop_the_look': False, 'is_stela': False}",[],,,,,,"{'ads_only_profile_site': None, 'blocked_by_me': False, 'domain_url': None, 'domain_verified': False, 'explicitly_followed_by_me': False, 'first_name': 'Quiet Glow | Clean Keto Wellness', 'followed_by_me': False, 'follower_count': 7, 'full_name': 'Quiet Glow | Clean Keto Wellness', 'id': '1089026891052454084', 'image_medium_url': 'https://i.pinimg.com/75x75_RS/81/51/01/815101dff951104544d2704bb853fbf7.jpg', 'image_small_url': 'https://i.pinimg.com/30x30_RS/81/51/01/815101dff951104544d2704bb853fbf7.jpg', 'indexed': True, 'instagram_data': None, 'is_ads_only_profile': False, 'is_default_image': False, 'is_verified_merchant': False, 'node_id': 'VXNlcjoxMDg5MDI2ODkxMDUyNDU0MDg0', 'type': 'user', 'username': 'quietglowcoy', 'verified_identity': {}}", ,0,{},{},"Sat, 06 Jun 2026 09:35:17 +0000",,,, ,[],,payhip.com,#af9d73,False,,45-Day Premium Keto Wellness Roadmap for Women: 3-Phase Clean Keto & Lifestyle Plan | Protein-First Weight Loss Blueprint,False,[],[],1089026753676064132,5517b6e232d971f7a665325c076e4509,True,True,False,False,False,False,False,https://payhip.com/b/Lo8Ot,1,,pinterest_platform,,"{'ads_only_profile_site': None, 'blocked_by_me': False, 'domain_url': None, 'domain_verified': False, 'explicitly_followed_by_me': False, 'first_name': 'Quiet Glow | Clean Keto Wellness', 'followed_by_me': False, 'follower_count': 7, 'full_name': 'Quiet Glow | Clean Keto Wellness', 'id': '1089026891052454084', 'image_medium_url': 'https://i.pinimg.com/75x75_RS/81/51/01/815101dff951104544d2704bb853fbf7.jpg', 'image_small_url': 'https://i.pinimg.com/30x30_RS/81/51/01/815101dff951104544d2704bb853fbf7.jpg', 'indexed': True, 'instagram_data': None, 'is_ads_only_profile': False, 'is_default_image': False, 'is_verified_merchant': False, 'type': 'user', 'username': 'quietglowcoy', 'verified_identity': {}}",,{},,,"{'ads_only_profile_site': None, 'blocked_by_me': False, 'domain_url': None, 'domain_verified': False, 'explicitly_followed_by_me': False, 'first_name': 'Quiet Glow | Clean Keto Wellness', 'followed_by_me': False, 'follower_count': 7, 'full_name': 'Quiet Glow | Clean Keto Wellness', 'id': '1089026891052454084', 'image_medium_url': 'https://i.pinimg.com/75x75_RS/81/51/01/815101dff951104544d2704bb853fbf7.jpg', 'image_small_url': 'https://i.pinimg.com/30x30_RS/81/51/01/815101dff951104544d2704bb853fbf7.jpg', 'indexed': True, 'instagram_data': None, 'is_ads_only_profile': False, 'is_default_image': False, 'is_verified_merchant': False, 'type': 'user', 'username': 'quietglowcoy', 'verified_identity': {}}",USD,0,public,"{'id': '8186216451483095925', 'type': 'productmetadata'}",,False,,1,{'1': 1},17,18,,Pin on Clean Keto Wellness,0,False,"[1, 6, 8, 11]",False,False,,,,,,,pin,{},,https://payhip.com/b/Lo8Ot?utm_source=Pinterest&utm_medium=organic,,,,,,,
[],,,"{'aggregated_stats': {'done': 0, 'saves': 109}, 'comment_count': 0, 'creator_analytics': None, 'did_it_data': {'details_count': 0, 'images_count': 0, 'rating': -1, 'recommend_scores': [{'count': 0, 'score': 1}, {'count': 0, 'score': 0.5}, {'count': 0, 'score': 0}], 'recommended_count': 0, 'responses_count': 0, 'tags': [], 'type': 'aggregateddiditdata', 'user_count': 0, 'videos_count': 0}, 'id': '3252584165892080640', 'is_shop_the_look': False, 'is_stela': False}",[],,,,,,"{'ads_only_profile_site': None, 'blocked_by_me': False, 'domain_url': None, 'domain_verified': False, 'explicitly_followed_by_me': False, 'first_name': 'Sophia', 'followed_by_me': False, 'follower_count': 4, 'full_name': 'Sophia', 'id': '1093460121935520596', 'image_medium_url': 'https://i.pinimg.com/75x75_RS/24/8d/35/248d35dc8448c2495e95bf4f237ec3de.jpg', 'image_small_url': 'https://i.pinimg.com/30x30_RS/24/8d/35/248d35dc8448c2495e95bf4f237ec3de.jpg', 'indexed': True, 'instagram_data': None, 'is_ads_only_profile': False, 'is_default_image': False, 'is_verified_merchant': False, 'node_id': 'VXNlcjoxMDkzNDYwMTIxOTM1NTIwNTk2', 'type': 'user', 'username': 'sophiapatricia13', 'verified_identity': {}}",High Protein Chicken Stir-Fry,0,{},{},"Tue, 17 Feb 2026 22:16:01 +0000",,,,High Protein Chicken Stir-Fry,[],,etsy.com,#835f1f,False,,High Protein Chicken Stir-fry - Etsy,False,[],[],1093459984543389907,9e260afac292d5ae762dc704accdefe9,False,True,False,False,False,False,False,https://www.etsy.com/listing/4380148712/high-protein-chicken-stir-fry?click_key=4c2be1d21dc0483722c09f88e0472984df46d3e2:4380148712&click_sum=ae77997c&ref=shop_home_active_10&dd=1,1,,button,,"{'ads_only_profile_site': None, 'blocked_by_me': False, 'domain_url': None, 'domain_verified': False, 'explicitly_followed_by_me': False, 'first_name': 'Sophia', 'followed_by_me': False, 'follower_count': 4, 'full_name': 'Sophia', 'id': '1093460121935520596', 'image_medium_url': 'https://i.pinimg.com/75x75_RS/24/8d/35/248d35dc8448c2495e95bf4f237ec3de.jpg', 'image_small_url': 'https://i.pinimg.com/30x30_RS/24/8d/35/248d35dc8448c2495e95bf4f237ec3de.jpg', 'indexed': True, 'instagram_data': None, 'is_ads_only_profile': False, 'is_default_image': False, 'is_verified_merchant': False, 'type': 'user', 'username': 'sophiapatricia13', 'verified_identity': {}}",,{},,,"{'ads_only_profile_site': None, 'blocked_by_me': False, 'domain_url': None, 'domain_verified': False, 'explicitly_followed_by_me': False, 'first_name': 'Sophia', 'followed_by_me': False, 'follower_count': 4, 'full_name': 'Sophia', 'id': '1093460121935520596', 'image_medium_url': 'https://i.pinimg.com/75x75_RS/24/8d/35/248d35dc8448c2495e95bf4f237ec3de.jpg', 'image_small_url': 'https://i.pinimg.com/30x30_RS/24/8d/35/248d35dc8448c2495e95bf4f237ec3de.jpg', 'indexed': True, 'instagram_data': None, 'is_ads_only_profile': False, 'is_default_image': False, 'is_verified_merchant': False, 'type': 'user', 'username': 'sophiapatricia13', 'verified_identity': {}}",USD,0,public,,,False,,0,{},106,109,,Pin on dessert ideas,2,False,[],False,False,,,,,,,pin,{},,https://www.etsy.com/listing/4380148712/high-protein-chicken-stir-fry?click_key=4c2be1d21dc0483722c09f88e0472984df46d3e2:4380148712&click_sum=ae77997c&ref=shop_home_active_10&dd=1&utm_source=Pinterest&utm_medium=organic,,,,,,,
[],,,"{'aggregated_stats': {'done': 0, 'saves': 1762}, 'comment_count': 0, 'creator_analytics': None, 'did_it_data': {'details_count': 0, 'images_count': 0, 'rating': -1, 'recommend_scores': [{'count': 0, 'score': 1}, {'count': 0, 'score': 0.5}, {'count': 0, 'score': 0}], 'recommended_count': 0, 'responses_count': 0, 'tags': [], 'type': 'aggregateddiditdata', 'user_count': 0, 'videos_count': 0}, 'id': '3252596579219904128', 'is_shop_the_look': False, 'is_stela': False}",[],,,,,,"{'ads_only_profile_site': None, 'blocked_by_me': False, 'domain_url': None, 'domain_verified': False, 'explicitly_followed_by_me': False, 'first_name': 'Sophia', 'followed_by_me': False, 'follower_count': 3, 'full_name': 'Sophia', 'id': '1093460121935520596', 'image_medium_url': 'https://i.pinimg.com/75x75_RS/24/8d/35/248d35dc8448c2495e95bf4f237ec3de.jpg', 'image_small_url': 'https://i.pinimg.com/30x30_RS/24/8d/35/248d35dc8448c2495e95bf4f237ec3de.jpg', 'indexed': True, 'instagram_data': None, 'is_ads_only_profile': False, 'is_default_image': False, 'is_verified_merchant': False, 'node_id': 'VXNlcjoxMDkzNDYwMTIxOTM1NTIwNTk2', 'type': 'user', 'username': 'sophiapatricia13', 'verified_identity': {}}",High Protein Chicken Stir-Fry,0,{},{},"Tue, 17 Feb 2026 22:22:11 +0000",,,,High Protein Chicken Stir-Fry,[],,etsy.com,#76460c,False,,High Protein Chicken Stir-fry - Etsy,False,[],[],1093459984543390245,ad5ab99e29f2102531740c3c3b54098d,False,True,False,False,False,False,False,https://www.etsy.com/listing/4380148712/high-protein-chicken-stir-fry?click_key=4c2be1d21dc0483722c09f88e0472984df46d3e2:4380148712&click_sum=ae77997c&ref=shop_home_active_10&dd=1,1,,button,,"{'ads_only_profile_site': None, 'blocked_by_me': False, 'domain_url': None, 'domain_verified': False, 'explicitly_followed_by_me': False, 'first_name': 'Sophia', 'followed_by_me': False, 'follower_count': 3, 'full_name': 'Sophia', 'id': '1093460121935520596', 'image_medium_url': 'https://i.pinimg.com/75x75_RS/24/8d/35/248d35dc8448c2495e95bf4f237ec3de.jpg', 'image_small_url': 'https://i.pinimg.com/30x30_RS/24/8d/35/248d35dc8448c2495e95bf4f237ec3de.jpg', 'indexed': True, 'instagram_data': None, 'is_ads_only_profile': False, 'is_default_image': False, 'is_verified_merchant': False, 'type': 'user', 'username': 'sophiapatricia13', 'verified_identity': {}}",,{},,,"{'ads_only_profile_site': None, 'blocked_by_me': False, 'domain_url': None, 'domain_verified': False, 'explicitly_followed_by_me': False, 'first_name': 'Sophia', 'followed_by_me': False, 'follower_count': 3, 'full_name': 'Sophia', 'id': '1093460121935520596', 'image_medium_url': 'https://i.pinimg.com/75x75_RS/24/8d/35/248d35dc8448c2495e95bf4f237ec3de.jpg', 'image_small_url': 'https://i.pinimg.com/30x30_RS/24/8d/35/248d35dc8448c2495e95bf4f237ec3de.jpg', 'indexed': True, 'instagram_data': None, 'is_ads_only_profile': False, 'is_default_image': False, 'is_verified_merchant': False, 'type': 'user', 'username': 'sophiapatricia13', 'verified_identity': {}}",USD,0,public,,,False,,26,{'1': 26},1755,1762,,Pin on dessert ideas,26,False,[],False,False,,,,,,,pin,{},,https://www.etsy.com/listing/4380148712/high-protein-chicken-stir-fry?click_key=4c2be1d21dc0483722c09f88e0472984df46d3e2:4380148712&click_sum=ae77997c&ref=shop_home_active_10&dd=1&utm_source=Pinterest&utm_medium=organic,,,,,,,
[],,,"{'aggregated_stats': {'done': 0, 'saves': 1723}, 'comment_count': 1, 'creator_analytics': None, 'did_it_data': {'details_count': 0, 'images_count': 0, 'rating': -1, 'recommend_scores': [{'count': 0, 'score': 1}, {'count': 0, 'score': 0.5}, {'count': 0, 'score': 0}], 'recommended_count': 0, 'responses_count': 0, 'tags': [], 'type': 'aggregateddiditdata', 'user_count': 0, 'videos_count': 0}, 'id': '3401251001662633536', 'is_shop_the_look': False, 'is_stela': False}",[],clean eating high protein recipes weight loss,,,,,"{'ads_only_profile_site': None, 'blocked_by_me': False, 'domain_url': None, 'domain_verified': False, 'explicitly_followed_by_me': False, 'first_name': 'Healthy Weight Loss Recipes | Meal Plan Hub', 'followed_by_me': False, 'follower_count': 62, 'full_name': 'Healthy Weight Loss Recipes | Meal Plan Hub', 'id': '1097048927888656714', 'image_medium_url': 'https://i.pinimg.com/75x75_RS/4d/57/67/4d5767ed0ab15f83b1d7b2c281580f47.jpg', 'image_small_url': 'https://i.pinimg.com/30x30_RS/4d/57/67/4d5767ed0ab15f83b1d7b2c281580f47.jpg', 'indexed': True, 'instagram_data': None, 'is_ads_only_profile': False, 'is_default_image': False, 'is_verified_merchant': False, 'node_id': 'VXNlcjoxMDk3MDQ4OTI3ODg4NjU2NzE0', 'type': 'user', 'username': 'ZollinSadru', 'verified_identity': {}}","These recipes are simple, effective, and perfect for busy lifestyles. Looking for high protein meals that actually help with weight loss? High protein helps reduce cravings and keeps you full longer. Great for beginners and anyone serious about fat loss. Save this pin and start eating smarter today. #healthyrecipes #highprotein #fatloss #diettips #healthylifestyle #mealprep",1,{},{},"Fri, 10 Apr 2026 04:59:38 +0000",,,,"These recipes are simple, effective, and perfect for busy lifestyles. Looking for high protein meals that actually help with weight loss? High protein helps reduce cravings and keeps you full longer. Great for beginners and anyone serious about fat loss. Save this pin and start eating smarter today. #healthyrecipes #highprotein #fatloss #diettips #healthylifestyle #mealprep",[],,payhip.com,#b89081,False,,These Protein Meals Keep You Full All Day | Without Dieting,False,"['#healthyrecipes', '#highprotein', '#fatloss', '#diettips', '#healthylifestyle', '#mealprep']",[],1097048790509838529,c0c351f80de95659d0225d13e781e896,True,True,False,False,False,False,False,https://payhip.com/b/lJKQ1,1,,pinterest_platform,,"{'ads_only_profile_site': None, 'blocked_by_me': False, 'domain_url': None, 'domain_verified': False, 'explicitly_followed_by_me': False, 'first_name': 'Healthy Weight Loss Recipes | Meal Plan Hub', 'followed_by_me': False, 'follower_count': 62, 'full_name': 'Healthy Weight Loss Recipes | Meal Plan Hub', 'id': '1097048927888656714', 'image_medium_url': 'https://i.pinimg.com/75x75_RS/4d/57/67/4d5767ed0ab15f83b1d7b2c281580f47.jpg', 'image_small_url': 'https://i.pinimg.com/30x30_RS/4d/57/67/4d5767ed0ab15f83b1d7b2c281580f47.jpg', 'indexed': True, 'instagram_data': None, 'is_ads_only_profile': False, 'is_default_image': False, 'is_verified_merchant': False, 'type': 'user', 'username': 'ZollinSadru', 'verified_identity': {}}",,{},,,"{'ads_only_profile_site': None, 'blocked_by_me': False, 'domain_url': None, 'domain_verified': False, 'explicitly_followed_by_me': False, 'first_name': 'Healthy Weight Loss Recipes | Meal Plan Hub', 'followed_by_me': False, 'follower_count': 62, 'full_name': 'Healthy Weight Loss Recipes | Meal Plan Hub', 'id': '1097048927888656714', 'image_medium_url': 'https://i.pinimg.com/75x75_RS/4d/57/67/4d5767ed0ab15f83b1d7b2c281580f47.jpg', 'image_small_url': 'https://i.pinimg.com/30x30_RS/4d/57/67/4d5767ed0ab15f83b1d7b2c281580f47.jpg', 'indexed': True, 'instagram_data': None, 'is_ads_only_profile': False, 'is_default_image': False, 'is_verified_merchant': False, 'type': 'user', 'username': 'ZollinSadru', 'verified_identity': {}}",USD,0,public,"{'id': '-1108068780226134423', 'type': 'productmetadata'}",,False,,32,{'1': 32},1714,1723,,Pin on Healthy Recipes for Weight Loss,67,False,"[1, 6, 8, 11]",False,False,,,,,,These Protein Meals Keep You Full All Day | Without Dieting,pin,{},,https://payhip.com/b/lJKQ1?utm_source=Pinterest&utm_medium=organic,,,,,,,
[],,,"{'aggregated_stats': {'done': 0, 'saves': 315}, 'comment_count': 1, 'creator_analytics': None, 'did_it_data': {'details_count': 0, 'images_count': 0, 'rating': -1, 'recommend_scores': [{'count': 0, 'score': 1}, {'count': 0, 'score': 0.5}, {'count': 0, 'score': 0}], 'recommended_count': 0, 'responses_count': 0, 'tags': [], 'type': 'aggregateddiditdata', 'user_count': 0, 'videos_count': 0}, 'id': '3446549553348155136', 'is_shop_the_look': False, 'is_stela': False}",[],high protein meal aesthetic clean eating fitness food,,,,,"{'ads_only_profile_site': None, 'blocked_by_me': False, 'domain_url': None, 'domain_verified': False, 'explicitly_followed_by_me': False, 'first_name': 'Healthy Weight Loss Recipes | Meal Plan Hub', 'followed_by_me': False, 'follower_count': 62, 'full_name': 'Healthy Weight Loss Recipes | Meal Plan Hub', 'id': '1097048927888656714', 'image_medium_url': 'https://i.pinimg.com/75x75_RS/4d/57/67/4d5767ed0ab15f83b1d7b2c281580f47.jpg', 'image_small_url': 'https://i.pinimg.com/30x30_RS/4d/57/67/4d5767ed0ab15f83b1d7b2c281580f47.jpg', 'indexed': True, 'instagram_data': None, 'is_ads_only_profile': False, 'is_default_image': False, 'is_verified_merchant': False, 'node_id': 'VXNlcjoxMDk3MDQ4OTI3ODg4NjU2NzE0', 'type': 'user', 'username': 'ZollinSadru', 'verified_identity': {}}","These recipes are simple, effective, and perfect for busy lifestyles. High protein helps reduce cravings and keeps you full longer. Save this pin and start eating smarter today. Looking for high protein meals that actually help with weight loss? Great for beginners and anyone serious about fat loss. #mealprep #diettips #healthyrecipes #cleaneating #weightloss #fatloss",1,{},{},"Sat, 25 Apr 2026 19:59:40 +0000",,,,"These recipes are simple, effective, and perfect for busy lifestyles. High protein helps reduce cravings and keeps you full longer. Save this pin and start eating smarter today. Looking for high protein meals that actually help with weight loss? Great for beginners and anyone serious about fat loss. #mealprep #diettips #healthyrecipes #cleaneating #weightloss #fatloss",[],,payhip.com,#cfab72,False,,High Protein Meals That Burn Fat Fast | Beginner Friendly,False,"['#mealprep', '#diettips', '#healthyrecipes', '#cleaneating', '#weightloss', '#fatloss']",[],1097048790510848731,e26ad6962557bcd9beaf19014f37c200,True,True,False,False,False,False,False,https://payhip.com/b/lJKQ1,1,,pinterest_platform,,"{'ads_only_profile_site': None, 'blocked_by_me': False, 'domain_url': None, 'domain_verified': False, 'explicitly_followed_by_me': False, 'first_name': 'Healthy Weight Loss Recipes | Meal Plan Hub', 'followed_by_me': False, 'follower_count': 62, 'full_name': 'Healthy Weight Loss Recipes | Meal Plan Hub', 'id': '1097048927888656714', 'image_medium_url': 'https://i.pinimg.com/75x75_RS/4d/57/67/4d5767ed0ab15f83b1d7b2c281580f47.jpg', 'image_small_url': 'https://i.pinimg.com/30x30_RS/4d/57/67/4d5767ed0ab15f83b1d7b2c281580f47.jpg', 'indexed': True, 'instagram_data': None, 'is_ads_only_profile': False, 'is_default_image': False, 'is_verified_merchant': False, 'type': 'user', 'username': 'ZollinSadru', 'verified_identity': {}}",,{},,,"{'ads_only_profile_site': None, 'blocked_by_me': False, 'domain_url': None, 'domain_verified': False, 'explicitly_followed_by_me': False, 'first_name': 'Healthy Weight Loss Recipes | Meal Plan Hub', 'followed_by_me': False, 'follower_count': 62, 'full_name': 'Healthy Weight Loss Recipes | Meal Plan Hub', 'id': '1097048927888656714', 'image_medium_url': 'https://i.pinimg.com/75x75_RS/4d/57/67/4d5767ed0ab15f83b1d7b2c281580f47.jpg', 'image_small_url': 'https://i.pinimg.com/30x30_RS/4d/57/67/4d5767ed0ab15f83b1d7b2c281580f47.jpg', 'indexed': True, 'instagram_data': None, 'is_ads_only_profile': False, 'is_default_image': False, 'is_verified_merchant': False, 'type': 'user', 'username': 'ZollinSadru', 'verified_identity': {}}",USD,0,public,"{'id': '-6977967639254916225', 'type': 'productmetadata'}",,False,,4,{'1': 4},311,315,,Pin on Healthy Recipes for Weight Loss,16,False,"[1, 6, 8, 11]",False,False,,,,,,High Protein Meals That Burn Fat Fast | Beginner Friendly,pin,{},,https://payhip.com/b/lJKQ1?utm_source=Pinterest&utm_medium=organic,,,,,,,
[],,,"{'aggregated_stats': {'done': 0, 'saves': 5454}, 'comment_count': 1, 'creator_analytics': None, 'did_it_data': {'details_count': 0, 'images_count': 0, 'rating': -1, 'recommend_scores': [{'count': 0, 'score': 1}, {'count': 0, 'score': 0.5}, {'count': 0, 'score': 0}], 'recommended_count': 0, 'responses_count': 0, 'tags': [], 'type': 'aggregateddiditdata', 'user_count': 0, 'videos_count': 0}, 'id': '3414944311725035200', 'is_shop_the_look': False, 'is_stela': False}",[],,,,,,"{'ads_only_profile_site': None, 'blocked_by_me': False, 'domain_url': 'www.etsy.com', 'domain_verified': True, 'explicitly_followed_by_me': False, 'first_name': 'Etsy', 'followed_by_me': False, 'follower_count': 11239967, 'full_name': 'Etsy', 'id': '155304024558534660', 'image_medium_url': 'https://i.pinimg.com/75x75_RS/d1/84/c8/d184c8624cb409c8f6e4fcf8baf91cd2.jpg', 'image_small_url': 'https://i.pinimg.com/30x30_RS/d1/84/c8/d184c8624cb409c8f6e4fcf8baf91cd2.jpg', 'indexed': True, 'instagram_data': None, 'is_ads_only_profile': False, 'is_default_image': False, 'is_verified_merchant': True, 'node_id': 'VXNlcjoxNTUzMDQwMjQ1NTg1MzQ2NjA=', 'type': 'user', 'username': 'etsy', 'verified_identity': {'name': 'etsy', 'verified': True}}", ,1,{},{},"Tue, 14 Apr 2026 22:21:04 +0000",,,, ,[],,etsy.com,#e6e8e4,False,,Vanilla Cupcakes Download - Etsy,False,[],[],1100637596453667061,f279f7224d1561997911eed3bf3df86c,False,True,False,False,False,False,False,https://www.etsy.com/listing/4468986490/vanilla-cupcakes-download?ref=listings_manager_grid,1,,in_app_browser,,,,{},,,"{'ads_only_profile_site': None, 'blocked_by_me': False, 'domain_url': None, 'domain_verified': False, 'explicitly_followed_by_me': False, 'first_name': 'Marsha', 'followed_by_me': False, 'follower_count': 10, 'full_name': 'Marsha', 'id': '1100637733841469569', 'image_medium_url': 'https://s.pinimg.com/images/user/default_75.png', 'image_small_url': 'https://s.pinimg.com/images/user/default_30.png', 'indexed': True, 'instagram_data': None, 'is_ads_only_profile': False, 'is_default_image': True, 'is_verified_merchant': False, 'type': 'user', 'username': 'ladymargaretrose1957', 'verified_identity': {}}",USD,0,public,,,False,,107,{'1': 107},5452,5454,,Pin on Heirloom recipes,137,False,[],False,False,,,,,,,pin,{},,https://www.etsy.com/listing/4468986490/vanilla-cupcakes-download?ref=listings_manager_grid&utm_source=Pinterest&utm_medium=organic,,,,,,,
[],,,"{'aggregated_stats': {'done': 0, 'saves': 10}, 'comment_count': 0, 'creator_analytics': None, 'did_it_data': {'details_count': 0, 'images_count': 0, 'rating': -1, 'recommend_scores': [{'count': 0, 'score': 1}, {'count': 0, 'score': 0.5}, {'count': 0, 'score': 0}], 'recommended_count': 0, 'responses_count': 0, 'tags': [], 'type': 'aggregateddiditdata', 'user_count': 0, 'videos_count': 0}, 'id': '3404859654358577536', 'is_shop_the_look': False, 'is_stela': False}",[],,,,,,"{'ads_only_profile_site': None, 'blocked_by_me': False, 'domain_url': None, 'domain_verified': False, 'explicitly_followed_by_me': False, 'first_name': 'Emma Whitaker', 'followed_by_me': False, 'follower_count': 44, 'full_name': 'Emma Whitaker', 'id': '1100778471330032009', 'image_medium_url': 'https://s.pinimg.com/images/user/default_75.png', 'image_small_url': 'https://s.pinimg.com/images/user/default_30.png', 'indexed': True, 'instagram_data': None, 'is_ads_only_profile': False, 'is_default_image': True, 'is_verified_merchant': False, 'node_id': 'VXNlcjoxMTAwNzc4NDcxMzMwMDMyMDA5', 'type': 'user', 'username': 'emmawhitaker0374', 'verified_identity': {}}","Discover the ultimate Cheese Tortellini with Pesto and Artichokes, a creamy and vibrant pasta salad perfect for weeknight dinners or meal prep. This Spinach Pesto Tortellini Salad is packed with fresh vegetables and topped with feta and sun-dried tomatoes, making it not only delicious but also a great way to sneak in healthy ingredients. Save this recipe for an easy, flavorful dish that the whole family will love!",0,{},{},"Sat, 11 Apr 2026 10:52:05 +0000",,,,"Discover the ultimate Cheese Tortellini with Pesto and Artichokes, a creamy and vibrant pasta salad perfect for weeknight dinners or meal prep. This Spinach Pesto Tortellini Salad is packed with fresh vegetables and topped with feta and sun-dried tomatoes, making it not only delicious but also a great way to sneak in healthy ingredients. Save this recipe for an easy, flavorful dish that the whole family will love!",[],,feastora.com,#9f8535,False,,"Easy One-Pan Cheese Tortellini with Pesto, Artichokes & Sun-Dried Tomatoes for a Viral Dinner Del...",False,[],[],1100778333944782215,27e4cc8454dd9f7e93b5be6ba7f8cd9c,True,True,False,False,False,False,False,https://feastora.com/cheese-tortellini-pesto-artichokes/,1,,pin_scheduling,,"{'ads_only_profile_site': None, 'blocked_by_me': False, 'domain_url': None, 'domain_verified': False, 'explicitly_followed_by_me': False, 'first_name': 'Emma Whitaker', 'followed_by_me': False, 'follower_count': 44, 'full_name': 'Emma Whitaker', 'id': '1100778471330032009', 'image_medium_url': 'https://s.pinimg.com/images/user/default_75.png', 'image_small_url': 'https://s.pinimg.com/images/user/default_30.png', 'indexed': True, 'instagram_data': None, 'is_ads_only_profile': False, 'is_default_image': True, 'is_verified_merchant': False, 'type': 'user', 'username': 'emmawhitaker0374', 'verified_identity': {}}",,{},,,"{'ads_only_profile_site': None, 'blocked_by_me': False, 'domain_url': None, 'domain_verified': False, 'explicitly_followed_by_me': False, 'first_name': 'Emma Whitaker', 'followed_by_me': False, 'follower_count': 44, 'full_name': 'Emma Whitaker', 'id': '1100778471330032009', 'image_medium_url': 'https://s.pinimg.com/images/user/default_75.png', 'image_small_url': 'https://s.pinimg.com/images/user/default_30.png', 'indexed': True, 'instagram_data': None, 'is_ads_only_profile': False, 'is_default_image': True, 'is_verified_merchant': False, 'type': 'user', 'username': 'emmawhitaker0374', 'verified_identity': {}}",USD,0,public,,,False,,0,{},5,10,,Pin on Easy Dinner Recipes,0,False,[],False,False,,,,3404859573423701824,,"Easy One-Pan Cheese Tortellini with Pesto, Artichokes & Sun-Dried Tomatoes for a Viral Dinner Del...",pin,{},,https://feastora.com/cheese-tortellini-pesto-artichokes/?utm_source=Pinterest&utm_medium=organic,,,,,,True,
[],,,"{'aggregated_stats': {'done': 0, 'saves': 79}, 'comment_count': 0, 'creator_analytics': None, 'did_it_data': {'details_count': 0, 'images_count': 0, 'rating': -1, 'recommend_scores': [{'count': 0, 'score': 1}, {'count': 0, 'score': 0.5}, {'count': 0, 'score': 0}], 'recommended_count': 0, 'responses_count': 0, 'tags': [], 'type': 'aggregateddiditdata', 'user_count': 0, 'videos_count': 0}, 'id': '3170219839881067648', 'is_shop_the_look': False, 'is_stela': False}",[],,,,,,"{'ads_only_profile_site': None, 'blocked_by_me': False, 'domain_url': None, 'domain_verified': False, 'explicitly_followed_by_me': False, 'first_name': 'Healthy Soup Recipes', 'followed_by_me': False, 'follower_count': 28, 'full_name': 'Healthy Soup Recipes', 'id': '1102256214957721690', 'image_medium_url': 'https://i.pinimg.com/75x75_RS/7f/77/62/7f7762f3f7365a004563b0d38130abd5.jpg', 'image_small_url': 'https://i.pinimg.com/30x30_RS/7f/77/62/7f7762f3f7365a004563b0d38130abd5.jpg', 'indexed': True, 'instagram_data': None, 'is_ads_only_profile': False, 'is_default_image': False, 'is_verified_merchant': False, 'node_id': 'VXNlcjoxMTAyMjU2MjE0OTU3NzIxNjkw', 'type': 'user', 'username': 'utawunumog', 'verified_identity': {}}","Warm up with this creamy chicken orzo tomato soup—easy to make and perfect for fall dinners. Try this hearty, comforting soup recipe today!",0,{},{},"Tue, 20 Jan 2026 12:25:07 +0000",,,,"Warm up with this creamy chicken orzo tomato soup—easy to make and perfect for fall dinners. Try this hearty, comforting soup recipe today!",[],,theworldaccordingtome.org,#b47620,False,,"Chicken Orzo Tomato Soup – Cozy, Creamy, and Hearty Comfort",False,[],[],1102256077569459469,0694829838e1b11753322170ba00f283,True,True,False,False,False,False,False,https://www.theworldaccordingtome.org/fitness-health/2926491_soup-recipes-for-every-mood-healthy-cozy-easy-soups-you-ll-actually-make/?chicken-orzo-tomato-soup-cozy-creamy-and-hearty-comfort,1,,pinterest_platform,,"{'ads_only_profile_site': None, 'blocked_by_me': False, 'domain_url': None, 'domain_verified': False, 'explicitly_followed_by_me': False, 'first_name': 'Healthy Soup Recipes', 'followed_by_me': False, 'follower_count': 28, 'full_name': 'Healthy Soup Recipes', 'id': '1102256214957721690', 'image_medium_url': 'https://i.pinimg.com/75x75_RS/7f/77/62/7f7762f3f7365a004563b0d38130abd5.jpg', 'image_small_url': 'https://i.pinimg.com/30x30_RS/7f/77/62/7f7762f3f7365a004563b0d38130abd5.jpg', 'indexed': True, 'instagram_data': None, 'is_ads_only_profile': False, 'is_default_image': False, 'is_verified_merchant': False, 'type': 'user', 'username': 'utawunumog', 'verified_identity': {}}",,{},,,"{'ads_only_profile_site': None, 'blocked_by_me': False, 'domain_url': None, 'domain_verified': False, 'explicitly_followed_by_me': False, 'first_name': 'Healthy Soup Recipes', 'followed_by_me': False, 'follower_count': 28, 'full_name': 'Healthy Soup Recipes', 'id': '1102256214957721690', 'image_medium_url': 'https://i.pinimg.com/75x75_RS/7f/77/62/7f7762f3f7365a004563b0d38130abd5.jpg', 'image_small_url': 'https://i.pinimg.com/30x30_RS/7f/77/62/7f7762f3f7365a004563b0d38130abd5.jpg', 'indexed': True, 'instagram_data': None, 'is_ads_only_profile': False, 'is_default_image': False, 'is_verified_merchant': False, 'type': 'user', 'username': 'utawunumog', 'verified_identity': {}}",USD,0,public,,,False,,0,{},67,79,,Pin on Easy Soup Favorites,0,False,[],False,False,,,,,,"Chicken Orzo Tomato Soup – Cozy, Creamy, and Hearty Comfort",pin,{},,https://www.theworldaccordingtome.org/fitness-health/2926491_soup-recipes-for-every-mood-healthy-cozy-easy-soups-you-ll-actually-make/?chicken-orzo-tomato-soup-cozy-creamy-and-hearty-comfort&utm_source=Pinterest&utm_medium=organic,,,,,,,
[],Paid link,,"{'aggregated_stats': {'done': 0, 'saves': 1116}, 'comment_count': 0, 'creator_analytics': None, 'did_it_data': {'details_count': 0, 'images_count': 0, 'rating': -1, 'recommend_scores': [{'count': 0, 'score': 1}, {'count': 0, 'score': 0.5}, {'count': 0, 'score': 0}], 'recommended_count': 0, 'responses_count': 0, 'tags': [], 'type': 'aggregateddiditdata', 'user_count': 0, 'videos_count': 0}, 'id': '3538695899939749952', 'is_shop_the_look': True, 'is_stela': False}",[],,,,,,"{'ads_only_profile_site': None, 'blocked_by_me': False, 'domain_url': None, 'domain_verified': False, 'explicitly_followed_by_me': False, 'first_name': 'Isla Daduid', 'followed_by_me': False, 'follower_count': 51, 'full_name': 'Isla Daduid', 'id': '1103733958585567505', 'image_medium_url': 'https://i.pinimg.com/75x75_RS/65/ee/5a/65ee5ad1736aa3c6c6cd5f09493e9af4.jpg', 'image_small_url': 'https://i.pinimg.com/30x30_RS/65/ee/5a/65ee5ad1736aa3c6c6cd5f09493e9af4.jpg', 'indexed': True, 'instagram_data': None, 'is_ads_only_profile': False, 'is_default_image': False, 'is_verified_merchant': False, 'node_id': 'VXNlcjoxMTAzNzMzOTU4NTg1NTY3NTA1', 'type': 'user', 'username': '0tvo3k7mvqjom6547tmpxnkjv2jg6f', 'verified_identity': {}}", ,0,{},{},"Wed, 27 May 2026 14:49:15 +0000",,,, ,[],16,etsy.com,#d1b994,False,,"S'mores Rolls Recipe PDF, Chocolate Marshmallow Sweet Rolls (digital Download) - Etsy",False,[],[],1103733821215669127,af4556afe1154d6f80712f3277d2272b,True,True,False,False,False,False,False,https://www.etsy.com/listing/4512146446/smores-rolls-recipe-pdf-chocolate,1,,uploaded,,"{'ads_only_profile_site': None, 'blocked_by_me': False, 'domain_url': None, 'domain_verified': False, 'explicitly_followed_by_me': False, 'first_name': 'Isla Daduid', 'followed_by_me': False, 'follower_count': 51, 'full_name': 'Isla Daduid', 'id': '1103733958585567505', 'image_medium_url': 'https://i.pinimg.com/75x75_RS/65/ee/5a/65ee5ad1736aa3c6c6cd5f09493e9af4.jpg', 'image_small_url': 'https://i.pinimg.com/30x30_RS/65/ee/5a/65ee5ad1736aa3c6c6cd5f09493e9af4.jpg', 'indexed': True, 'instagram_data': None, 'is_ads_only_profile': False, 'is_default_image': False, 'is_verified_merchant': False, 'type': 'user', 'username': '0tvo3k7mvqjom6547tmpxnkjv2jg6f', 'verified_identity': {}}",,{},,,"{'ads_only_profile_site': None, 'blocked_by_me': False, 'domain_url': None, 'domain_verified': False, 'explicitly_followed_by_me': False, 'first_name': 'Isla Daduid', 'followed_by_me': False, 'follower_count': 51, 'full_name': 'Isla Daduid', 'id': '1103733958585567505', 'image_medium_url': 'https://i.pinimg.com/75x75_RS/65/ee/5a/65ee5ad1736aa3c6c6cd5f09493e9af4.jpg', 'image_small_url': 'https://i.pinimg.com/30x30_RS/65/ee/5a/65ee5ad1736aa3c6c6cd5f09493e9af4.jpg', 'indexed': True, 'instagram_data': None, 'is_ads_only_profile': False, 'is_default_image': False, 'is_verified_merchant': False, 'type': 'user', 'username': '0tvo3k7mvqjom6547tmpxnkjv2jg6f', 'verified_identity': {}}",USD,0,public,"{'id': '1753179313241656138', 'type': 'productmetadata'}",,False,,21,{'1': 21},1024,1116,,Pin on Best dessert recipes ever,34,False,"[2, 5]",False,False,,,,3538695889471357248,,,pin,{},,https://www.etsy.com/listing/4512146446/smores-rolls-recipe-pdf-chocolate?utm_source=Pinterest&utm_medium=organic,,,,,,,
[],,,"{'aggregated_stats': {'done': 0, 'saves': 456}, 'comment_count': 3, 'creator_analytics': None, 'did_it_data': {'details_count': 0, 'images_count': 0, 'rating': -1, 'recommend_scores': [{'count': 0, 'score': 1}, {'count': 0, 'score': 0.5}, {'count': 0, 'score': 0}], 'recommended_count': 0, 'responses_count': 0, 'tags': [], 'type': 'aggregateddiditdata', 'user_count': 0, 'videos_count': 0}, 'id': '3571722360300913152', 'is_shop_the_look': False, 'is_stela': False}",[],,,,,,"{'ads_only_profile_site': None, 'blocked_by_me': False, 'domain_url': 'www.etsy.com', 'domain_verified': True, 'explicitly_followed_by_me': False, 'first_name': 'Etsy', 'followed_by_me': False, 'follower_count': 11239983, 'full_name': 'Etsy', 'id': '155304024558534660', 'image_medium_url': 'https://i.pinimg.com/75x75_RS/d1/84/c8/d184c8624cb409c8f6e4fcf8baf91cd2.jpg', 'image_small_url': 'https://i.pinimg.com/30x30_RS/d1/84/c8/d184c8624cb409c8f6e4fcf8baf91cd2.jpg', 'indexed': True, 'instagram_data': None, 'is_ads_only_profile': False, 'is_default_image': False, 'is_verified_merchant': True, 'node_id': 'VXNlcjoxNTUzMDQwMjQ1NTg1MzQ2NjA=', 'type': 'user', 'username': 'etsy', 'verified_identity': {'name': 'etsy', 'verified': True}}","Craving a flavor explosion? Try our Hot Honey Chicken Sliders! These deliciously spicy sliders combine tender, juicy chicken with a sweet heat that will keep your taste buds dancing. Perfect for parties, game days, or a fun family dinner! 🥳🍽️ Made with fresh ingredients and a secret sauce that adds the perfect kick. Don't miss out – click to shop now and elevate your snack game! 🌟 #ChickenSliders #HotHoney #SnackIdeas #GameDayEats",3,{},{},"Mon, 08 Jun 2026 00:13:41 +0000",,,,"Craving a flavor explosion? Try our Hot Honey Chicken Sliders! These deliciously spicy sliders combine tender, juicy chicken with a sweet heat that will keep your taste buds dancing. Perfect for parties, game days, or a fun family dinner! 🥳🍽️ Made with fresh ingredients and a secret sauce that adds the perfect kick. Don't miss out – click to shop now and elevate your snack game! 🌟 #ChickenSliders #HotHoney #SnackIdeas #GameDayEats",[],,etsy.com,#99643b,False,,Hot Honey Chicken Sliders Recipe – Sweet Spicy Party Appetizer (digital PDF) - Etsy,False,"['#ChickenSliders', '#HotHoney', '#SnackIdeas', '#GameDayEats']",[],1112248439249850120,f4f55825764f9fc2565727f89a9b6dbc,True,True,False,False,False,False,False,https://www.etsy.com/listing/4518140961/hot-honey-chicken-sliders-recipe-sweet,1,,button,,"{'ads_only_profile_site': None, 'blocked_by_me': False, 'domain_url': 'etsy.com', 'domain_verified': False, 'explicitly_followed_by_me': False, 'first_name': ""Fria Cook's"", 'followed_by_me': False, 'follower_count': 2, 'full_name': ""Fria Cook's"", 'id': '1112248576631023400', 'image_medium_url': 'https://i.pinimg.com/75x75_RS/57/33/59/57335968ce089e9dcf4b735b9b272b63.jpg', 'image_small_url': 'https://i.pinimg.com/30x30_RS/57/33/59/57335968ce089e9dcf4b735b9b272b63.jpg', 'indexed': True, 'instagram_data': None, 'is_ads_only_profile': False, 'is_default_image': False, 'is_verified_merchant': False, 'type': 'user', 'username': 'friacooks', 'verified_identity': {}}",,{},,,"{'ads_only_profile_site': None, 'blocked_by_me': False, 'domain_url': 'etsy.com', 'domain_verified': False, 'explicitly_followed_by_me': False, 'first_name': ""Fria Cook's"", 'followed_by_me': False, 'follower_count': 2, 'full_name': ""Fria Cook's"", 'id': '1112248576631023400', 'image_medium_url': 'https://i.pinimg.com/75x75_RS/57/33/59/57335968ce089e9dcf4b735b9b272b63.jpg', 'image_small_url': 'https://i.pinimg.com/30x30_RS/57/33/59/57335968ce089e9dcf4b735b9b272b63.jpg', 'indexed': True, 'instagram_data': None, 'is_ads_only_profile': False, 'is_default_image': False, 'is_verified_merchant': False, 'type': 'user', 'username': 'friacooks', 'verified_identity': {}}",USD,0,public,"{'id': '3579518506329518823', 'type': 'productmetadata'}",,False,,37,{'1': 37},455,456,,Pin on Recipes ideas,12,False,"[1, 5, 8, 11]",False,False,,,,,,,pin,{},,https://www.etsy.com/listing/4518140961/hot-honey-chicken-sliders-recipe-sweet?utm_source=Pinterest&utm_medium=organic,,,,,,,
[],,,"{'aggregated_stats': {'done': 0, 'saves': 4028}, 'comment_count': 0, 'creator_analytics': None, 'did_it_data': {'details_count': 0, 'images_count': 0, 'rating': -1, 'recommend_scores': [{'count': 0, 'score': 1}, {'count': 0, 'score': 0.5}, {'count': 0, 'score': 0}], 'recommended_count': 0, 'responses_count': 0, 'tags': [], 'type': 'aggregateddiditdata', 'user_count': 0, 'videos_count': 0}, 'id': '3249967522330614080', 'is_shop_the_look': False, 'is_stela': False}",[],,,,,,"{'ads_only_profile_site': None, 'blocked_by_me': False, 'domain_url': 'slsrecipes.com', 'domain_verified': False, 'explicitly_followed_by_me': False, 'first_name': 'SLS Recipes by Nora Wynn | Easy Comfort Food & Family Meals', 'followed_by_me': False, 'follower_count': 324, 'full_name': 'SLS Recipes by Nora Wynn | Easy Comfort Food & Family Meals', 'id': '1112389314119330137', 'image_medium_url': 'https://i.pinimg.com/75x75_RS/82/c6/a7/82c6a70f95c33d1b118329793ff54afe.jpg', 'image_small_url': 'https://i.pinimg.com/30x30_RS/82/c6/a7/82c6a70f95c33d1b118329793ff54afe.jpg', 'indexed': True, 'instagram_data': None, 'is_ads_only_profile': False, 'is_default_image': False, 'is_verified_merchant': False, 'node_id': 'VXNlcjoxMTEyMzg5MzE0MTE5MzMwMTM3', 'type': 'user', 'username': 'norawynncooks', 'verified_identity': {}}", ,0,{},{},"Tue, 17 Feb 2026 00:36:19 +0000",,,, ,[],,Uploaded by user,#e06b0a,False,,Creamy Tomato Soup & Cheesy Cheddar Bay Dumplings: A Comforting Delight!,False,[],[],1112389176728687247,2889d142cfdc8f550109b1106a754847,True,True,False,False,False,False,False,,0,,csv_importer,,"{'ads_only_profile_site': None, 'blocked_by_me': False, 'domain_url': 'slsrecipes.com', 'domain_verified': False, 'explicitly_followed_by_me': False, 'first_name': 'SLS Recipes by Nora Wynn | Easy Comfort Food & Family Meals', 'followed_by_me': False, 'follower_count': 324, 'full_name': 'SLS Recipes by Nora Wynn | Easy Comfort Food & Family Meals', 'id': '1112389314119330137', 'image_medium_url': 'https://i.pinimg.com/75x75_RS/82/c6/a7/82c6a70f95c33d1b118329793ff54afe.jpg', 'image_small_url': 'https://i.pinimg.com/30x30_RS/82/c6/a7/82c6a70f95c33d1b118329793ff54afe.jpg', 'indexed': True, 'instagram_data': None, 'is_ads_only_profile': False, 'is_default_image': False, 'is_verified_merchant': False, 'type': 'user', 'username': 'norawynncooks', 'verified_identity': {}}",,{},,,"{'ads_only_profile_site': None, 'blocked_by_me': False, 'domain_url': 'slsrecipes.com', 'domain_verified': False, 'explicitly_followed_by_me': False, 'first_name': 'SLS Recipes by Nora Wynn | Easy Comfort Food & Family Meals', 'followed_by_me': False, 'follower_count': 324, 'full_name': 'SLS Recipes by Nora Wynn | Easy Comfort Food & Family Meals', 'id': '1112389314119330137', 'image_medium_url': 'https://i.pinimg.com/75x75_RS/82/c6/a7/82c6a70f95c33d1b118329793ff54afe.jpg', 'image_small_url': 'https://i.pinimg.com/30x30_RS/82/c6/a7/82c6a70f95c33d1b118329793ff54afe.jpg', 'indexed': True, 'instagram_data': None, 'is_ads_only_profile': False, 'is_default_image': False, 'is_verified_merchant': False, 'type': 'user', 'username': 'norawynncooks', 'verified_identity': {}}",USD,0,public,,,False,,31,{'1': 31},1179,4028,,Pin on Eat,77,False,[],False,False,,,,3249967514882286208,,Creamy Tomato Soup & Cheesy Cheddar Bay Dumplings: A Comforting Delight!,pin,{},,,,,,,,,"{'access': [], 'category': None, 'collaborated_by_me': False, 'description': '', 'followed_by_me': False, 'id': '1112389245401400651', 'image_cover_url': 'https://i.pinimg.com/200x150/7b/9a/b2/7b9ab26a3830b7c196e085cfc7901a3f.jpg', 'image_thumbnail_url': 'https://i.pinimg.com/upload/1112389245401400651_board_thumbnail_2026-02-19-03-12-07_138_60.jpg', 'is_ads_only': False, 'is_collaborative': False, 'layout': 'default', 'map_id': 'pinterest.ijz1714i', 'name': 'Eat', 'pin_thumbnail_urls': ['https://i.pinimg.com/150x150/7b/9a/b2/7b9ab26a3830b7c196e085cfc7901a3f.jpg', 'https://i.pinimg.com/150x150/28/89/d1/2889d142cfdc8f550109b1106a754847.jpg'], 'privacy': 'public', 'type': 'board', 'url': '/norawynncooks/eat/'}"
[],,,"{'aggregated_stats': {'done': 0, 'saves': 295}, 'comment_count': 0, 'creator_analytics': None, 'did_it_data': {'details_count': 0, 'images_count': 0, 'rating': -1, 'recommend_scores': [{'count': 0, 'score': 1}, {'count': 0, 'score': 0.5}, {'count': 0, 'score': 0}], 'recommended_count': 0, 'responses_count': 0, 'tags': [], 'type': 'aggregateddiditdata', 'user_count': 0, 'videos_count': 0}, 'id': '3520608401757585472', 'is_shop_the_look': False, 'is_stela': False}",[],,,,,,"{'ads_only_profile_site': None, 'blocked_by_me': False, 'domain_url': 'flavordishrecipes.com', 'domain_verified': False, 'explicitly_followed_by_me': False, 'first_name': 'Flavor Dish Recipes | Cook Easy, Eat Better.', 'followed_by_me': False, 'follower_count': 7, 'full_name': 'Flavor Dish Recipes | Cook Easy, Eat Better.', 'id': '1116681807514222806', 'image_medium_url': 'https://i.pinimg.com/75x75_RS/1d/ac/1e/1dac1e2aef7026300105097e24d3c8c9.jpg', 'image_small_url': 'https://i.pinimg.com/30x30_RS/1d/ac/1e/1dac1e2aef7026300105097e24d3c8c9.jpg', 'indexed': True, 'instagram_data': None, 'is_ads_only_profile': False, 'is_default_image': False, 'is_verified_merchant': False, 'node_id': 'VXNlcjoxMTE2NjgxODA3NTE0MjIyODA2', 'type': 'user', 'username': 'flavordishrecipes', 'verified_identity': {}}","Whip up this delicious Greek Ground Beef Bowl with Tzatziki for a quick and satisfying meal that bursts with flavor. Made with seasoned ground beef, fresh veggies, and a creamy homemade tzatziki, this easy recipe is perfect for busy weeknights. Save this tasty idea for your next dinner and impress your family with a taste of Greece!",0,{},{},"Thu, 21 May 2026 09:05:06 +0000",,,,"Whip up this delicious Greek Ground Beef Bowl with Tzatziki for a quick and satisfying meal that bursts with flavor. Made with seasoned ground beef, fresh veggies, and a creamy homemade tzatziki, this easy recipe is perfect for busy weeknights. Save this tasty idea for your next dinner and impress your family with a taste of Greece!",[],,flavordishrecipes.com,#7d6d4d,False,,Delicious Greek Ground Beef Bowl with Homemade Tzatziki in 30 Minutes,False,[],[],1116681670147938241,8553055af40df64e850356c5bb016176,True,True,False,False,False,False,False,https://flavordishrecipes.com/greek-ground-beef-bowl-with-tzatziki/,1,,pin_scheduling,,"{'ads_only_profile_site': None, 'blocked_by_me': False, 'domain_url': 'flavordishrecipes.com', 'domain_verified': False, 'explicitly_followed_by_me': False, 'first_name': 'Flavor Dish Recipes | Cook Easy, Eat Better.', 'followed_by_me': False, 'follower_count': 7, 'full_name': 'Flavor Dish Recipes | Cook Easy, Eat Better.', 'id': '1116681807514222806', 'image_medium_url': 'https://i.pinimg.com/75x75_RS/1d/ac/1e/1dac1e2aef7026300105097e24d3c8c9.jpg', 'image_small_url': 'https://i.pinimg.com/30x30_RS/1d/ac/1e/1dac1e2aef7026300105097e24d3c8c9.jpg', 'indexed': True, 'instagram_data': None, 'is_ads_only_profile': False, 'is_default_image': False, 'is_verified_merchant': False, 'type': 'user', 'username': 'flavordishrecipes', 'verified_identity': {}}",,{},,,"{'ads_only_profile_site': None, 'blocked_by_me': False, 'domain_url': 'flavordishrecipes.com', 'domain_verified': False, 'explicitly_followed_by_me': False, 'first_name': 'Flavor Dish Recipes | Cook Easy, Eat Better.', 'followed_by_me': False, 'follower_count': 7, 'full_name': 'Flavor Dish Recipes | Cook Easy, Eat Better.', 'id': '1116681807514222806', 'image_medium_url': 'https://i.pinimg.com/75x75_RS/1d/ac/1e/1dac1e2aef7026300105097e24d3c8c9.jpg', 'image_small_url': 'https://i.pinimg.com/30x30_RS/1d/ac/1e/1dac1e2aef7026300105097e24d3c8c9.jpg', 'indexed': True, 'instagram_data': None, 'is_ads_only_profile': False, 'is_default_image': False, 'is_verified_merchant': False, 'type': 'user', 'username': 'flavordishrecipes', 'verified_identity': {}}",USD,0,public,,,False,,2,{'1': 2},167,295,,Pin on Dinner Ideas,32,False,[],False,False,,,,3520608386491628352,,Delicious Greek Ground Beef Bowl with Homemade Tzatziki in 30 Minutes,pin,{},,https://flavordishrecipes.com/greek-ground-beef-bowl-with-tzatziki/?utm_source=Pinterest&utm_medium=organic,,,,,,True,
[],,,"{'aggregated_stats': {'done': 0, 'saves': 360}, 'comment_count': 0, 'creator_analytics': None, 'did_it_data': {'details_count': 0, 'images_count': 0, 'rating': -1, 'recommend_scores': [{'count': 0, 'score': 1}, {'count': 0, 'score': 0.5}, {'count': 0, 'score': 0}], 'recommended_count': 0, 'responses_count': 0, 'tags': [], 'type': 'aggregateddiditdata', 'user_count': 0, 'videos_count': 0}, 'id': '3469655007748585280', 'is_shop_the_look': False, 'is_stela': False}",[],,,,,,"{'ads_only_profile_site': None, 'blocked_by_me': False, 'domain_url': 'www.meacook.com', 'domain_verified': True, 'explicitly_followed_by_me': False, 'first_name': 'Healthy Cooking Daily | Chicken, Dinner & Breakfast Ideas', 'followed_by_me': False, 'follower_count': 5, 'full_name': 'Healthy Cooking Daily | Chicken, Dinner & Breakfast Ideas', 'id': '1117033651235116513', 'image_medium_url': 'https://i.pinimg.com/75x75_RS/90/60/94/906094e2142dac06fafdc4be1d6a5d35.jpg', 'image_small_url': 'https://i.pinimg.com/30x30_RS/90/60/94/906094e2142dac06fafdc4be1d6a5d35.jpg', 'indexed': True, 'instagram_data': None, 'is_ads_only_profile': False, 'is_default_image': False, 'is_verified_merchant': False, 'node_id': 'VXNlcjoxMTE3MDMzNjUxMjM1MTE2NTEz', 'type': 'user', 'username': 'meacook01', 'verified_identity': {}}","Creamy Italian pasta with crispy pancetta ready in 20 minutes flat. This traditional Roman carbonara is perfect for busy weeknights, featuring tender spaghetti coated in a rich, silky sauce with caramelized pancetta and freshly grated Pecorino Romano cheese. 🍝 Save for tonight's dinner!",0,{},{},"Sun, 03 May 2026 19:16:17 +0000",,,,"Creamy Italian pasta with crispy pancetta ready in 20 minutes flat. This traditional Roman carbonara is perfect for busy weeknights, featuring tender spaghetti coated in a rich, silky sauce with caramelized pancetta and freshly grated Pecorino Romano cheese. 🍝 Save for tonight's dinner!",[],,meacook.com,#a0784c,False,,Authentic Italian Carbonara Recipe with Crispy Pancetta for Easy Weeknight Dinners,False,[],[],1117033513854397418,595d9b9a914add12e7b2688a69768396,True,True,False,False,False,False,False,https://meacook.com/authentic-italian-carbonara-recipe-with-crispy-pancetta-for-easy-weeknight-dinners/,1,,feed_crawler,,"{'ads_only_profile_site': None, 'blocked_by_me': False, 'domain_url': 'www.meacook.com', 'domain_verified': True, 'explicitly_followed_by_me': False, 'first_name': 'Healthy Cooking Daily | Chicken, Dinner & Breakfast Ideas', 'followed_by_me': False, 'follower_count': 5, 'full_name': 'Healthy Cooking Daily | Chicken, Dinner & Breakfast Ideas', 'id': '1117033651235116513', 'image_medium_url': 'https://i.pinimg.com/75x75_RS/90/60/94/906094e2142dac06fafdc4be1d6a5d35.jpg', 'image_small_url': 'https://i.pinimg.com/30x30_RS/90/60/94/906094e2142dac06fafdc4be1d6a5d35.jpg', 'indexed': True, 'instagram_data': None, 'is_ads_only_profile': False, 'is_default_image': False, 'is_verified_merchant': False, 'type': 'user', 'username': 'meacook01', 'verified_identity': {}}",,{},,,"{'ads_only_profile_site': None, 'blocked_by_me': False, 'domain_url': 'www.meacook.com', 'domain_verified': True, 'explicitly_followed_by_me': False, 'first_name': 'Healthy Cooking Daily | Chicken, Dinner & Breakfast Ideas', 'followed_by_me': False, 'follower_count': 5, 'full_name': 'Healthy Cooking Daily | Chicken, Dinner & Breakfast Ideas', 'id': '1117033651235116513', 'image_medium_url': 'https://i.pinimg.com/75x75_RS/90/60/94/906094e2142dac06fafdc4be1d6a5d35.jpg', 'image_small_url': 'https://i.pinimg.com/30x30_RS/90/60/94/906094e2142dac06fafdc4be1d6a5d35.jpg', 'indexed': True, 'instagram_data': None, 'is_ads_only_profile': False, 'is_default_image': False, 'is_verified_merchant': False, 'type': 'user', 'username': 'meacook01', 'verified_identity': {}}",USD,0,public,,,False,,2,{'1': 2},109,360,,Pin on Quick & Easy Weeknight Dinner Ideas,6,False,[],False,False,,,,3469655002582650112,,Authentic Italian Carbonara Recipe with Crispy Pancetta for Easy Weeknight Dinners,pin,{},,https://meacook.com/authentic-italian-carbonara-recipe-with-crispy-pancetta-for-easy-weeknight-dinners/?utm_source=Pinterest&utm_medium=organic,,,,,,True,
[],,,"{'aggregated_stats': {'done': 0, 'saves': 25}, 'comment_count': 0, 'creator_analytics': None, 'did_it_data': {'details_count': 0, 'images_count': 0, 'rating': -1, 'recommend_scores': [{'count': 0, 'score': 1}, {'count': 0, 'score': 0.5}, {'count': 0, 'score': 0}], 'recommended_count': 0, 'responses_count': 0, 'tags': [], 'type': 'aggregateddiditdata', 'user_count': 0, 'videos_count': 0}, 'id': '3584678129618800512', 'is_shop_the_look': False, 'is_stela': False}",[],"homemade recipe scene with cozy comfort food recipe, easy, balanced meal, quick dinner",,,,,"{'ads_only_profile_site': None, 'blocked_by_me': False, 'domain_url': None, 'domain_verified': False, 'explicitly_followed_by_me': False, 'first_name': 'Easy Recipes, Meal Ideas & Everyday Home Cooking', 'followed_by_me': False, 'follower_count': 7, 'full_name': 'Easy Recipes, Meal Ideas & Everyday Home Cooking', 'id': '1118229919886129894', 'image_medium_url': 'https://i.pinimg.com/75x75_RS/43/0c/ff/430cffcb52d1798b3cbcb4b32cd7b1db.jpg', 'image_small_url': 'https://i.pinimg.com/30x30_RS/43/0c/ff/430cffcb52d1798b3cbcb4b32cd7b1db.jpg', 'indexed': True, 'instagram_data': None, 'is_ads_only_profile': False, 'is_default_image': False, 'is_verified_merchant': False, 'node_id': 'VXNlcjoxMTE4MjI5OTE5ODg2MTI5ODk0', 'type': 'user', 'username': 'alboersguise', 'verified_identity': {}}","If you need a dependable homemade recipe, cozy comfort food recipe brings together easy steps, strong flavor, and everyday ingredients. Use simple ingredients and easy cooking steps to create a flavorful homemade dish that fits casual meals, snack boards, or relaxed meal prep. Perfect for Cozy Comfort Food, easy recipe, home cooking,. Perfect for practical cooking with strong everyday flavor. It also works well for seasonal menus. #CozyComfortFood #EasyRecipes #HomeCooking",0,{},{},"Fri, 12 Jun 2026 11:28:53 +0000",,,,"If you need a dependable homemade recipe, cozy comfort food recipe brings together easy steps, strong flavor, and everyday ingredients. Use simple ingredients and easy cooking steps to create a flavorful homemade dish that fits casual meals, snack boards, or relaxed meal prep. Perfect for Cozy Comfort Food, easy recipe, home cooking,. Perfect for practical cooking with strong everyday flavor. It also works well for seasonal menus. #CozyComfortFood #EasyRecipes #HomeCooking",[],,payhip.com,#a66730,False,,"Cozy Comfort Food Recipe for Everyday Cooking, Flexible Meals and Cozy Nights This Week",False,"['#CozyComfortFood', '#EasyRecipes', '#HomeCooking']",[],1118229782513808868,ae0d5cb1c65df028195041007a14d369,True,True,False,False,False,False,False,https://payhip.com/b/ZeyQA,1,,pinterest_platform,,"{'ads_only_profile_site': None, 'blocked_by_me': False, 'domain_url': None, 'domain_verified': False, 'explicitly_followed_by_me': False, 'first_name': 'Easy Recipes, Meal Ideas & Everyday Home Cooking', 'followed_by_me': False, 'follower_count': 7, 'full_name': 'Easy Recipes, Meal Ideas & Everyday Home Cooking', 'id': '1118229919886129894', 'image_medium_url': 'https://i.pinimg.com/75x75_RS/43/0c/ff/430cffcb52d1798b3cbcb4b32cd7b1db.jpg', 'image_small_url': 'https://i.pinimg.com/30x30_RS/43/0c/ff/430cffcb52d1798b3cbcb4b32cd7b1db.jpg', 'indexed': True, 'instagram_data': None, 'is_ads_only_profile': False, 'is_default_image': False, 'is_verified_merchant': False, 'type': 'user', 'username': 'alboersguise', 'verified_identity': {}}",,{},,,"{'ads_only_profile_site': None, 'blocked_by_me': False, 'domain_url': None, 'domain_verified': False, 'explicitly_followed_by_me': False, 'first_name': 'Easy Recipes, Meal Ideas & Everyday Home Cooking', 'followed_by_me': False, 'follower_count': 7, 'full_name': 'Easy Recipes, Meal Ideas & Everyday Home Cooking', 'id': '1118229919886129894', 'image_medium_url': 'https://i.pinimg.com/75x75_RS/43/0c/ff/430cffcb52d1798b3cbcb4b32cd7b1db.jpg', 'image_small_url': 'https://i.pinimg.com/30x30_RS/43/0c/ff/430cffcb52d1798b3cbcb4b32cd7b1db.jpg', 'indexed': True, 'instagram_data': None, 'is_ads_only_profile': False, 'is_default_image': False, 'is_verified_merchant': False, 'type': 'user', 'username': 'alboersguise', 'verified_identity': {}}",USD,0,public,"{'id': '109364628977493739', 'type': 'productmetadata'}",,False,,0,{},24,25,,"Pin on Easy Recipes, Quick Meals & Dinner Ideas",1,False,"[1, 6, 8, 11]",False,False,,,,,,"Cozy Comfort Food Recipe for Everyday Cooking, Flexible Meals and Cozy Nights This Week",pin,{},,https://payhip.com/b/ZeyQA?utm_source=Pinterest&utm_medium=organic,,,,,,,
[],,,"{'aggregated_stats': {'done': 0, 'saves': 5072}, 'comment_count': 0, 'creator_analytics': None, 'did_it_data': {'details_count': 0, 'images_count': 0, 'rating': -1, 'recommend_scores': [{'count': 0, 'score': 1}, {'count': 0, 'score': 0.5}, {'count': 0, 'score': 0}], 'recommended_count': 0, 'responses_count': 0, 'tags': [], 'type': 'aggregateddiditdata', 'user_count': 0, 'videos_count': 0}, 'id': '3493601554186183360', 'is_shop_the_look': False, 'is_stela': False}",[],"Close-up of homemade apple pie salsa with caramelized apple chunks in a rustic white bowl, with a cinnamon sugar tortilla chip scooping the filling.",,,,,"{'ads_only_profile_site': None, 'blocked_by_me': False, 'domain_url': None, 'domain_verified': False, 'explicitly_followed_by_me': False, 'first_name': 'Dizzy Daisy\nThe Recipe Hub: Easy Kitchen Recipes & Food Hacks', 'followed_by_me': False, 'follower_count': 80, 'full_name': 'Dizzy Daisy\nThe Recipe Hub: Easy Kitchen Recipes & Food Hacks', 'id': '1118722501095367305', 'image_medium_url': 'https://i.pinimg.com/75x75_RS/66/8d/98/668d988d34bc667f5df385617ddf5b4f.jpg', 'image_small_url': 'https://i.pinimg.com/30x30_RS/66/8d/98/668d988d34bc667f5df385617ddf5b4f.jpg', 'indexed': True, 'instagram_data': None, 'is_ads_only_profile': False, 'is_default_image': False, 'is_verified_merchant': False, 'node_id': 'VXNlcjoxMTE4NzIyNTAxMDk1MzY3MzA1', 'type': 'user', 'username': 'DizzyDaisyEats', 'verified_identity': {}}","Apple Pie Salsa is the dessert dip you never knew you needed! Tender diced apples cooked down in brown sugar, cinnamon, and warm spices create the most addictive sweet salsa. Serve it with cinnamon sugar tortilla chips for a crowd-pleasing fall appetizer or dessert. It's like apple pie in a bowl – no fork required!
Save this for your next fall party or game day spread! 🍎🥧",0,{},{},"Tue, 12 May 2026 01:30:39 +0000",,,,"Apple Pie Salsa is the dessert dip you never knew you needed! Tender diced apples cooked down in brown sugar, cinnamon, and warm spices create the most addictive sweet salsa. Serve it with cinnamon sugar tortilla chips for a crowd-pleasing fall appetizer or dessert. It's like apple pie in a bowl – no fork required!
Save this for your next fall party or game day spread! 🍎🥧",[],,Uploaded by user,#997241,False,,Apple Pie Salsa – Easy Fall Dessert Dip with Cinnamon Sugar Chips,False,[],[],1118722363710791450,1cf7b3ee47163179f6930f9e986c98e8,True,True,False,False,False,False,False,,0,,pin_scheduling,,"{'ads_only_profile_site': None, 'blocked_by_me': False, 'domain_url': None, 'domain_verified': False, 'explicitly_followed_by_me': False, 'first_name': 'Dizzy Daisy\nThe Recipe Hub: Easy Kitchen Recipes & Food Hacks', 'followed_by_me': False, 'follower_count': 80, 'full_name': 'Dizzy Daisy\nThe Recipe Hub: Easy Kitchen Recipes & Food Hacks', 'id': '1118722501095367305', 'image_medium_url': 'https://i.pinimg.com/75x75_RS/66/8d/98/668d988d34bc667f5df385617ddf5b4f.jpg', 'image_small_url': 'https://i.pinimg.com/30x30_RS/66/8d/98/668d988d34bc667f5df385617ddf5b4f.jpg', 'indexed': True, 'instagram_data': None, 'is_ads_only_profile': False, 'is_default_image': False, 'is_verified_merchant': False, 'type': 'user', 'username': 'DizzyDaisyEats', 'verified_identity': {}}",,{},,,"{'ads_only_profile_site': None, 'blocked_by_me': False, 'domain_url': None, 'domain_verified': False, 'explicitly_followed_by_me': False, 'first_name': 'Dizzy Daisy\nThe Recipe Hub: Easy Kitchen Recipes & Food Hacks', 'followed_by_me': False, 'follower_count': 80, 'full_name': 'Dizzy Daisy\nThe Recipe Hub: Easy Kitchen Recipes & Food Hacks', 'id': '1118722501095367305', 'image_medium_url': 'https://i.pinimg.com/75x75_RS/66/8d/98/668d988d34bc667f5df385617ddf5b4f.jpg', 'image_small_url': 'https://i.pinimg.com/30x30_RS/66/8d/98/668d988d34bc667f5df385617ddf5b4f.jpg', 'indexed': True, 'instagram_data': None, 'is_ads_only_profile': False, 'is_default_image': False, 'is_verified_merchant': False, 'type': 'user', 'username': 'DizzyDaisyEats', 'verified_identity': {}}",USD,0,public,,,False,,62,{'1': 62},4871,5072,,Pin on High Protein Recipes for Weight Loss,156,False,[],False,False,,,,3493601531437685184,,Apple Pie Salsa – Easy Fall Dessert Dip with Cinnamon Sugar Chips,pin,{},,,,,,,,,
[],,,"{'aggregated_stats': {'done': 0, 'saves': 44}, 'comment_count': 0, 'creator_analytics': None, 'did_it_data': {'details_count': 0, 'images_count': 0, 'rating': -1, 'recommend_scores': [{'count': 0, 'score': 1}, {'count': 0, 'score': 0.5}, {'count': 0, 'score': 0}], 'recommended_count': 0, 'responses_count': 0, 'tags': [], 'type': 'aggregateddiditdata', 'user_count': 0, 'videos_count': 0}, 'id': '3582500722263662400', 'is_shop_the_look': False, 'is_stela': False}",[],Air Fryer Calzones,,,,,"{'ads_only_profile_site': None, 'blocked_by_me': False, 'domain_url': None, 'domain_verified': False, 'explicitly_followed_by_me': False, 'first_name': 'Everyday Eats | Easy Healthy Recipes', 'followed_by_me': False, 'follower_count': 16, 'full_name': 'Everyday Eats | Easy Healthy Recipes', 'id': '1121677988350892655', 'image_medium_url': 'https://i.pinimg.com/75x75_RS/a5/b5/ac/a5b5acff9769e734e3716e91bf373f26.jpg', 'image_small_url': 'https://i.pinimg.com/30x30_RS/a5/b5/ac/a5b5acff9769e734e3716e91bf373f26.jpg', 'indexed': True, 'instagram_data': None, 'is_ads_only_profile': False, 'is_default_image': False, 'is_verified_merchant': False, 'node_id': 'VXNlcjoxMTIxNjc3OTg4MzUwODkyNjU1', 'type': 'user', 'username': 'everydayeatskitchen', 'verified_identity': {}}","Savor the deliciousness of homemade Air Fryer Calzones, filled with your favorite ingredients and crafted to golden perfection. This easy recipe is perfect for busy weeknights, offering a quick and tasty alternative to traditional pizza. Enjoy crispy, flaky crusts stuffed with cheese, meats, and veggies for a delightful dinner that will please the whole family.",0,{},{},"Thu, 11 Jun 2026 17:27:21 +0000",,,,"Savor the deliciousness of homemade Air Fryer Calzones, filled with your favorite ingredients and crafted to golden perfection. This easy recipe is perfect for busy weeknights, offering a quick and tasty alternative to traditional pizza. Enjoy crispy, flaky crusts stuffed with cheese, meats, and veggies for a delightful dinner that will please the whole family.",[],,payhip.com,#885c26,False,,Air Fryer Calzones,False,[],[],1121677850969623182,ee14ffc3ef9d41b8974a976b60504cb5,True,True,False,False,False,False,False,https://payhip.com/b/tVcqv,1,,pinterest_platform,,"{'ads_only_profile_site': None, 'blocked_by_me': False, 'domain_url': None, 'domain_verified': False, 'explicitly_followed_by_me': False, 'first_name': 'Everyday Eats | Easy Healthy Recipes', 'followed_by_me': False, 'follower_count': 16, 'full_name': 'Everyday Eats | Easy Healthy Recipes', 'id': '1121677988350892655', 'image_medium_url': 'https://i.pinimg.com/75x75_RS/a5/b5/ac/a5b5acff9769e734e3716e91bf373f26.jpg', 'image_small_url': 'https://i.pinimg.com/30x30_RS/a5/b5/ac/a5b5acff9769e734e3716e91bf373f26.jpg', 'indexed': True, 'instagram_data': None, 'is_ads_only_profile': False, 'is_default_image': False, 'is_verified_merchant': False, 'type': 'user', 'username': 'everydayeatskitchen', 'verified_identity': {}}",,{},,,"{'ads_only_profile_site': None, 'blocked_by_me': False, 'domain_url': None, 'domain_verified': False, 'explicitly_followed_by_me': False, 'first_name': 'Everyday Eats | Easy Healthy Recipes', 'followed_by_me': False, 'follower_count': 16, 'full_name': 'Everyday Eats | Easy Healthy Recipes', 'id': '1121677988350892655', 'image_medium_url': 'https://i.pinimg.com/75x75_RS/a5/b5/ac/a5b5acff9769e734e3716e91bf373f26.jpg', 'image_small_url': 'https://i.pinimg.com/30x30_RS/a5/b5/ac/a5b5acff9769e734e3716e91bf373f26.jpg', 'indexed': True, 'instagram_data': None, 'is_ads_only_profile': False, 'is_default_image': False, 'is_verified_merchant': False, 'type': 'user', 'username': 'everydayeatskitchen', 'verified_identity': {}}",USD,0,public,"{'id': '2564872299506021641', 'type': 'productmetadata'}",,False,,1,{'1': 1},43,44,,Pin on Healthy & High Protein Meals,0,False,"[1, 6, 8, 11]",False,False,,,,,,Air Fryer Calzones,pin,{},,https://payhip.com/b/tVcqv?utm_source=Pinterest&utm_medium=organic,,,,,,,
[],,,"{'aggregated_stats': {'done': 0, 'saves': 19}, 'comment_count': 0, 'creator_analytics': None, 'did_it_data': {'details_count': 0, 'images_count': 0, 'rating': -1, 'recommend_scores': [{'count': 0, 'score': 1}, {'count': 0, 'score': 0.5}, {'count': 0, 'score': 0}], 'recommended_count': 0, 'responses_count': 0, 'tags': [], 'type': 'aggregateddiditdata', 'user_count': 0, 'videos_count': 0}, 'id': '3580902160466115200', 'is_shop_the_look': False, 'is_stela': False}",[],vibrant close-up food photo of greek yogurt cookie dough  cookedbymomy — high protein meals | fitness & protein enthusiasts,,,,,"{'ads_only_profile_site': None, 'blocked_by_me': False, 'domain_url': None, 'domain_verified': False, 'explicitly_followed_by_me': False, 'first_name': 'Keto Diet Recipes and Fast Weight Loss Tips', 'followed_by_me': False, 'follower_count': 49, 'full_name': 'Keto Diet Recipes and Fast Weight Loss Tips', 'id': '1122240938304265964', 'image_medium_url': 'https://i.pinimg.com/75x75_RS/5c/84/a0/5c84a00c8a69d9aa2b1039960a94943d.jpg', 'image_small_url': 'https://i.pinimg.com/30x30_RS/5c/84/a0/5c84a00c8a69d9aa2b1039960a94943d.jpg', 'indexed': True, 'instagram_data': None, 'is_ads_only_profile': False, 'is_default_image': False, 'is_verified_merchant': False, 'node_id': 'VXNlcjoxMTIyMjQwOTM4MzA0MjY1OTY0', 'type': 'user', 'username': 'TyraniorViscot', 'verified_identity': {}}","This is the recipe the whole internet is saving right now! This Greek Yogurt Cookie Dough is a protein-packed, healthy alternative to traditional cookie dough. With its creamy peanut butter flavor and customizable sweetness, it's a low-carb, high-protein trea. #highproteinrecipes #proteinpackedfood #musclebuildingmeals #cottagecheeserecipes #Greekyogurtrecipes Pin this now and thank yourself later! 📌#highproteinrecipes #proteinpackedfood #musclebuildingmeals #cottagecheeserecipes #Greekyogurtrecipes #leanmusclediet #proteinsnacks",0,{},{},"Thu, 11 Jun 2026 04:13:20 +0000",,,,"This is the recipe the whole internet is saving right now! This Greek Yogurt Cookie Dough is a protein-packed, healthy alternative to traditional cookie dough. With its creamy peanut butter flavor and customizable sweetness, it's a low-carb, high-protein trea. #highproteinrecipes #proteinpackedfood #musclebuildingmeals #cottagecheeserecipes #Greekyogurtrecipes Pin this now and thank yourself later! 📌#highproteinrecipes #proteinpackedfood #musclebuildingmeals #cottagecheeserecipes #Greekyogurtrecipes #leanmusclediet #proteinsnacks",[],,payhip.com,#cab49a,False,,✨ Greek Yogurt Cookie Dough | CookedByMomy for Busy Weeknights,False,"['#highproteinrecipes', '#proteinpackedfood', '#musclebuildingmeals', '#cottagecheeserecipes', '#Greekyogurtrecipes', '#leanmusclediet', '#proteinsnacks']",[],1122240800923818829,927d33d5705bbad2038a1ed8716827cf,True,True,False,False,False,False,False,https://payhip.com/b/nfABh,1,,pinterest_platform,,"{'ads_only_profile_site': None, 'blocked_by_me': False, 'domain_url': None, 'domain_verified': False, 'explicitly_followed_by_me': False, 'first_name': 'Keto Diet Recipes and Fast Weight Loss Tips', 'followed_by_me': False, 'follower_count': 49, 'full_name': 'Keto Diet Recipes and Fast Weight Loss Tips', 'id': '1122240938304265964', 'image_medium_url': 'https://i.pinimg.com/75x75_RS/5c/84/a0/5c84a00c8a69d9aa2b1039960a94943d.jpg', 'image_small_url': 'https://i.pinimg.com/30x30_RS/5c/84/a0/5c84a00c8a69d9aa2b1039960a94943d.jpg', 'indexed': True, 'instagram_data': None, 'is_ads_only_profile': False, 'is_default_image': False, 'is_verified_merchant': False, 'type': 'user', 'username': 'TyraniorViscot', 'verified_identity': {}}",,{},,,"{'ads_only_profile_site': None, 'blocked_by_me': False, 'domain_url': None, 'domain_verified': False, 'explicitly_followed_by_me': False, 'first_name': 'Keto Diet Recipes and Fast Weight Loss Tips', 'followed_by_me': False, 'follower_count': 49, 'full_name': 'Keto Diet Recipes and Fast Weight Loss Tips', 'id': '1122240938304265964', 'image_medium_url': 'https://i.pinimg.com/75x75_RS/5c/84/a0/5c84a00c8a69d9aa2b1039960a94943d.jpg', 'image_small_url': 'https://i.pinimg.com/30x30_RS/5c/84/a0/5c84a00c8a69d9aa2b1039960a94943d.jpg', 'indexed': True, 'instagram_data': None, 'is_ads_only_profile': False, 'is_default_image': False, 'is_verified_merchant': False, 'type': 'user', 'username': 'TyraniorViscot', 'verified_identity': {}}",USD,0,public,"{'id': '-4518617758644126659', 'type': 'productmetadata'}",,False,,0,{},18,19,,Pin on Trending Keto Recipes for Weight Loss,0,False,"[1, 6, 8, 11]",False,False,,,,,,✨ Greek Yogurt Cookie Dough | CookedByMomy for Busy Weeknights,pin,{},,https://payhip.com/b/nfABh?utm_source=Pinterest&utm_medium=organic,,,,,,,
[],,,"{'aggregated_stats': {'done': 0, 'saves': 167}, 'comment_count': 0, 'creator_analytics': None, 'did_it_data': {'details_count': 0, 'images_count': 0, 'rating': -1, 'recommend_scores': [{'count': 0, 'score': 1}, {'count': 0, 'score': 0.5}, {'count': 0, 'score': 0}], 'recommended_count': 0, 'responses_count': 0, 'tags': [], 'type': 'aggregateddiditdata', 'user_count': 0, 'videos_count': 0}, 'id': '3575980178444908480', 'is_shop_the_look': False, 'is_stela': False}",[],Homemade Cheese Breadsticks,,,,,"{'ads_only_profile_site': None, 'blocked_by_me': False, 'domain_url': None, 'domain_verified': False, 'explicitly_followed_by_me': False, 'first_name': 'Soup & Pizza Vault | Ultimate Recipe Collections', 'followed_by_me': False, 'follower_count': 159, 'full_name': 'Soup & Pizza Vault | Ultimate Recipe Collections', 'id': '1125548269280569680', 'image_medium_url': 'https://i.pinimg.com/75x75_RS/33/ad/df/33addffbefc59a95ddb0feacfe67718e.jpg', 'image_small_url': 'https://i.pinimg.com/30x30_RS/33/ad/df/33addffbefc59a95ddb0feacfe67718e.jpg', 'indexed': True, 'instagram_data': None, 'is_ads_only_profile': False, 'is_default_image': False, 'is_verified_merchant': False, 'node_id': 'VXNlcjoxMTI1NTQ4MjY5MjgwNTY5Njgw', 'type': 'user', 'username': 'yarosesovik', 'verified_identity': {}}","Cheese Breadsticks make the perfect side for Italian night! Easy homemade pizza dough brushed with butter, topped with garlic and herbs, and lots of cheese! #cheesebreadsticks #homemadebreadstick",0,{},{},"Tue, 09 Jun 2026 11:28:34 +0000",,,,"Cheese Breadsticks make the perfect side for Italian night! Easy homemade pizza dough brushed with butter, topped with garlic and herbs, and lots of cheese! #cheesebreadsticks #homemadebreadstick",[],,payhip.com,#c7a66c,False,,Homemade Cheese Breadsticks,False,"['#cheesebreadsticks', '#homemadebreadstick']",[],1125548131910808820,7d544d68010108a2757c89977334f18f,True,True,False,False,False,False,False,https://payhip.com/b/zOEUY,1,,pinterest_platform,,"{'ads_only_profile_site': None, 'blocked_by_me': False, 'domain_url': None, 'domain_verified': False, 'explicitly_followed_by_me': False, 'first_name': 'Soup & Pizza Vault | Ultimate Recipe Collections', 'followed_by_me': False, 'follower_count': 159, 'full_name': 'Soup & Pizza Vault | Ultimate Recipe Collections', 'id': '1125548269280569680', 'image_medium_url': 'https://i.pinimg.com/75x75_RS/33/ad/df/33addffbefc59a95ddb0feacfe67718e.jpg', 'image_small_url': 'https://i.pinimg.com/30x30_RS/33/ad/df/33addffbefc59a95ddb0feacfe67718e.jpg', 'indexed': True, 'instagram_data': None, 'is_ads_only_profile': False, 'is_default_image': False, 'is_verified_merchant': False, 'type': 'user', 'username': 'yarosesovik', 'verified_identity': {}}",,{},,,"{'ads_only_profile_site': None, 'blocked_by_me': False, 'domain_url': None, 'domain_verified': False, 'explicitly_followed_by_me': False, 'first_name': 'Soup & Pizza Vault | Ultimate Recipe Collections', 'followed_by_me': False, 'follower_count': 159, 'full_name': 'Soup & Pizza Vault | Ultimate Recipe Collections', 'id': '1125548269280569680', 'image_medium_url': 'https://i.pinimg.com/75x75_RS/33/ad/df/33addffbefc59a95ddb0feacfe67718e.jpg', 'image_small_url': 'https://i.pinimg.com/30x30_RS/33/ad/df/33addffbefc59a95ddb0feacfe67718e.jpg', 'indexed': True, 'instagram_data': None, 'is_ads_only_profile': False, 'is_default_image': False, 'is_verified_merchant': False, 'type': 'user', 'username': 'yarosesovik', 'verified_identity': {}}",USD,0,public,"{'id': '-6811679900870114595', 'type': 'productmetadata'}",,False,,1,{'1': 1},166,167,,Pin on Classic Pizza Recipes | Perfect Crust Every Time,0,False,"[1, 6, 8, 11]",False,False,,,,,,Homemade Cheese Breadsticks,pin,{},,https://payhip.com/b/zOEUY?utm_source=Pinterest&utm_medium=organic,,,,,,,
[],,,"{'aggregated_stats': {'done': 0, 'saves': 1022}, 'comment_count': 0, 'creator_analytics': None, 'did_it_data': {'details_count': 0, 'images_count': 0, 'rating': -1, 'recommend_scores': [{'count': 0, 'score': 1}, {'count': 0, 'score': 0.5}, {'count': 0, 'score': 0}], 'recommended_count': 0, 'responses_count': 0, 'tags': [], 'type': 'aggregateddiditdata', 'user_count': 0, 'videos_count': 0}, 'id': '5443620645978030158', 'is_shop_the_look': False, 'is_stela': False}",[],,,,,,"{'ads_only_profile_site': None, 'blocked_by_me': False, 'domain_url': 'chickenmagicrecipes.com', 'domain_verified': True, 'explicitly_followed_by_me': False, 'first_name': 'Chicken Magic Recipes', 'followed_by_me': False, 'follower_count': 1748, 'full_name': 'Chicken Magic Recipes', 'id': '1126181587978014939', 'image_medium_url': 'https://i.pinimg.com/75x75_RS/60/c1/2c/60c12cf75948da130bae162da5b6d9c0.jpg', 'image_small_url': 'https://i.pinimg.com/30x30_RS/60/c1/2c/60c12cf75948da130bae162da5b6d9c0.jpg', 'indexed': True, 'instagram_data': None, 'is_ads_only_profile': False, 'is_default_image': False, 'is_verified_merchant': False, 'node_id': 'VXNlcjoxMTI2MTgxNTg3OTc4MDE0OTM5', 'type': 'user', 'username': 'chickenmagicrecipes', 'verified_identity': {}}","🍗✨ Bring bold flavors to your table with this Persian Chicken recipe! Juicy chicken is simmered with warm spices, dried fruits, and almonds for the ultimate comforting dinner. It’s easy to make, perfect for weeknights, and guaranteed to impress your family or guests.

➡️ Click to get the full recipe and learn how to make this mouthwatering Persian Chicken at home!

#PersianChicken #EasyDinnerRecipes #ChickenRecipes #FamilyDinnerIdeas #ComfortFood #WeeknightMeals #MiddleEasternRecipes #HealthyDinnerIdeas #QuickDinnerRecipes #FoodieFavorites #ChickenDinner #HomeCooking #DinnerInspo #MealPrepIdeas #FoodLover",0,{},{},"Mon, 28 Jul 2025 09:42:23 +0000",,,,"🍗✨ Bring bold flavors to your table with this Persian Chicken recipe! Juicy chicken is simmered with warm spices, dried fruits, and almonds for the ultimate comforting dinner. It’s easy to make, perfect for weeknights, and guaranteed to impress your family or guests.

➡️ Click to get the full recipe and learn how to make this mouthwatering Persian Chicken at home!

#PersianChicken #EasyDinnerRecipes #ChickenRecipes #FamilyDinnerIdeas #ComfortFood #WeeknightMeals #MiddleEasternRecipes #HealthyDinnerIdeas #QuickDinnerRecipes #FoodieFavorites #ChickenDinner #HomeCooking #DinnerInspo #MealPrepIdeas #FoodLover",[],,chickenmagicrecipes.com,#97661f,False,,The Best Persian Chicken,False,"['#PersianChicken', '#EasyDinnerRecipes', '#ChickenRecipes', '#FamilyDinnerIdeas', '#ComfortFood', '#WeeknightMeals', '#MiddleEasternRecipes', '#HealthyDinnerIdeas', '#QuickDinnerRecipes', '#FoodieFavorites', '#ChickenDinner', '#HomeCooking', '#DinnerInspo', '#MealPrepIdeas', '#FoodLover']",[],1126181450601469206,97e219f677ae6cacf4c83afd138dcefc,True,True,False,False,False,False,False,https://chickenmagicrecipes.com/persian-chicken/,1,,uploaded,,"{'ads_only_profile_site': None, 'blocked_by_me': False, 'domain_url': 'chickenmagicrecipes.com', 'domain_verified': True, 'explicitly_followed_by_me': False, 'first_name': 'Chicken Magic Recipes', 'followed_by_me': False, 'follower_count': 1748, 'full_name': 'Chicken Magic Recipes', 'id': '1126181587978014939', 'image_medium_url': 'https://i.pinimg.com/75x75_RS/60/c1/2c/60c12cf75948da130bae162da5b6d9c0.jpg', 'image_small_url': 'https://i.pinimg.com/30x30_RS/60/c1/2c/60c12cf75948da130bae162da5b6d9c0.jpg', 'indexed': True, 'instagram_data': None, 'is_ads_only_profile': False, 'is_default_image': False, 'is_verified_merchant': False, 'type': 'user', 'username': 'chickenmagicrecipes', 'verified_identity': {}}",,{},,,"{'ads_only_profile_site': None, 'blocked_by_me': False, 'domain_url': 'chickenmagicrecipes.com', 'domain_verified': True, 'explicitly_followed_by_me': False, 'first_name': 'Chicken Magic Recipes', 'followed_by_me': False, 'follower_count': 1748, 'full_name': 'Chicken Magic Recipes', 'id': '1126181587978014939', 'image_medium_url': 'https://i.pinimg.com/75x75_RS/60/c1/2c/60c12cf75948da130bae162da5b6d9c0.jpg', 'image_small_url': 'https://i.pinimg.com/30x30_RS/60/c1/2c/60c12cf75948da130bae162da5b6d9c0.jpg', 'indexed': True, 'instagram_data': None, 'is_ads_only_profile': False, 'is_default_image': False, 'is_verified_merchant': False, 'type': 'user', 'username': 'chickenmagicrecipes', 'verified_identity': {}}",USD,0,public,,,False,,19,{'1': 19},718,1022,"{'id': '5396378810700575897', 'node_id': 'Qm9hcmRTZWN0aW9uOjUzOTYzNzg4MTA3MDA1NzU4OTc=', 'slug': 'chicken-dinner', 'title': 'Chicken Dinner'}",Pin on Chicken Recipes,49,False,[],False,False,,,,5443620644172378514,,The Best Persian Chicken,pin,{},,https://chickenmagicrecipes.com/persian-chicken/?utm_source=Pinterest&utm_medium=organic,,,,,,True,
[],,,"{'aggregated_stats': {'done': 0, 'saves': 832}, 'comment_count': 1, 'creator_analytics': None, 'did_it_data': {'details_count': 0, 'images_count': 0, 'rating': -1, 'recommend_scores': [{'count': 0, 'score': 1}, {'count': 0, 'score': 0.5}, {'count': 0, 'score': 0}], 'recommended_count': 0, 'responses_count': 0, 'tags': [], 'type': 'aggregateddiditdata', 'user_count': 0, 'videos_count': 0}, 'id': '3569701169897177472', 'is_shop_the_look': False, 'is_stela': False}",[],Easy Hot Honey Ground Beef Bowls,,,,,"{'ads_only_profile_site': None, 'blocked_by_me': False, 'domain_url': None, 'domain_verified': False, 'explicitly_followed_by_me': False, 'first_name': 'The Keto Edit - Clean Keto for Women', 'followed_by_me': False, 'follower_count': 7, 'full_name': 'The Keto Edit - Clean Keto for Women', 'id': '1129488918954611794', 'image_medium_url': 'https://i.pinimg.com/75x75_RS/ab/74/47/ab74476abf25555619c64fa83fb5094f.jpg', 'image_small_url': 'https://i.pinimg.com/30x30_RS/ab/74/47/ab74476abf25555619c64fa83fb5094f.jpg', 'indexed': True, 'instagram_data': None, 'is_ads_only_profile': False, 'is_default_image': False, 'is_verified_merchant': False, 'node_id': 'VXNlcjoxMTI5NDg4OTE4OTU0NjExNzk0', 'type': 'user', 'username': 'theketoeditt', 'verified_identity': {}}",Try this easy Hot Honey Ground Beef Bowls recipe for a quick and tasty dinner option. The perfect blend of spicy and sweet flavors makes it delicious and simple to prepare. Great for busy weeknights! Save this recipe for your next meal.,1,{},{},"Sun, 07 Jun 2026 07:29:45 +0000",,,,Try this easy Hot Honey Ground Beef Bowls recipe for a quick and tasty dinner option. The perfect blend of spicy and sweet flavors makes it delicious and simple to prepare. Great for busy weeknights! Save this recipe for your next meal.,[],,payhip.com,#8a6f3b,False,,Easy Hot Honey Ground Beef Bowls,False,[],[],1129488781576402218,0907c265ee0e6460e9df4535bf24a174,True,True,False,False,False,False,False,https://payhip.com/b/AmRvr,1,,pinterest_platform,,"{'ads_only_profile_site': None, 'blocked_by_me': False, 'domain_url': None, 'domain_verified': False, 'explicitly_followed_by_me': False, 'first_name': 'The Keto Edit - Clean Keto for Women', 'followed_by_me': False, 'follower_count': 7, 'full_name': 'The Keto Edit - Clean Keto for Women', 'id': '1129488918954611794', 'image_medium_url': 'https://i.pinimg.com/75x75_RS/ab/74/47/ab74476abf25555619c64fa83fb5094f.jpg', 'image_small_url': 'https://i.pinimg.com/30x30_RS/ab/74/47/ab74476abf25555619c64fa83fb5094f.jpg', 'indexed': True, 'instagram_data': None, 'is_ads_only_profile': False, 'is_default_image': False, 'is_verified_merchant': False, 'type': 'user', 'username': 'theketoeditt', 'verified_identity': {}}",,{},,,"{'ads_only_profile_site': None, 'blocked_by_me': False, 'domain_url': None, 'domain_verified': False, 'explicitly_followed_by_me': False, 'first_name': 'The Keto Edit - Clean Keto for Women', 'followed_by_me': False, 'follower_count': 7, 'full_name': 'The Keto Edit - Clean Keto for Women', 'id': '1129488918954611794', 'image_medium_url': 'https://i.pinimg.com/75x75_RS/ab/74/47/ab74476abf25555619c64fa83fb5094f.jpg', 'image_small_url': 'https://i.pinimg.com/30x30_RS/ab/74/47/ab74476abf25555619c64fa83fb5094f.jpg', 'indexed': True, 'instagram_data': None, 'is_ads_only_profile': False, 'is_default_image': False, 'is_verified_merchant': False, 'type': 'user', 'username': 'theketoeditt', 'verified_identity': {}}",USD,0,public,"{'id': '3184988727948254465', 'type': 'productmetadata'}",,False,,7,{'1': 7},826,832,,Pin on Clean Keto Meal Plan,42,False,"[1, 6, 8, 11]",False,False,,,,,,Easy Hot Honey Ground Beef Bowls,pin,{},,https://payhip.com/b/AmRvr?utm_source=Pinterest&utm_medium=organic,,,,,,,
[],,,"{'aggregated_stats': {'done': 0, 'saves': 339}, 'comment_count': 0, 'creator_analytics': None, 'did_it_data': {'details_count': 0, 'images_count': 0, 'rating': -1, 'recommend_scores': [{'count': 0, 'score': 1}, {'count': 0, 'score': 0.5}, {'count': 0, 'score': 0}], 'recommended_count': 0, 'responses_count': 0, 'tags': [], 'type': 'aggregateddiditdata', 'user_count': 0, 'videos_count': 0}, 'id': '3564669843243003136', 'is_shop_the_look': False, 'is_stela': False}",[],,,,,,"{'ads_only_profile_site': None, 'blocked_by_me': False, 'domain_url': None, 'domain_verified': False, 'explicitly_followed_by_me': False, 'first_name': 'Hook & Sea | Easy Fish Recipes', 'followed_by_me': False, 'follower_count': 18, 'full_name': 'Hook & Sea | Easy Fish Recipes', 'id': '1134696206023758291', 'image_medium_url': 'https://i.pinimg.com/75x75_RS/33/3d/b7/333db72e807626805216324559b2eb70.jpg', 'image_small_url': 'https://i.pinimg.com/30x30_RS/33/3d/b7/333db72e807626805216324559b2eb70.jpg', 'indexed': True, 'instagram_data': None, 'is_ads_only_profile': False, 'is_default_image': False, 'is_verified_merchant': False, 'node_id': 'VXNlcjoxMTM0Njk2MjA2MDIzNzU4Mjkx', 'type': 'user', 'username': 'hookandsea', 'verified_identity': {}}", ,0,{},{},"Fri, 05 Jun 2026 13:50:39 +0000",,,, ,[],,payhip.com,#e2dad5,False,,"The High-Vibe Seafood Table: 20 Flaky, Never-Rubbery Fish & Shrimp Recipes",False,[],[],1134696068642456855,a4927942160cb36190875000babc125f,True,True,False,False,False,False,False,https://payhip.com/b/kVbhz,1,,pinterest_platform,,"{'ads_only_profile_site': None, 'blocked_by_me': False, 'domain_url': None, 'domain_verified': False, 'explicitly_followed_by_me': False, 'first_name': 'Hook & Sea | Easy Fish Recipes', 'followed_by_me': False, 'follower_count': 18, 'full_name': 'Hook & Sea | Easy Fish Recipes', 'id': '1134696206023758291', 'image_medium_url': 'https://i.pinimg.com/75x75_RS/33/3d/b7/333db72e807626805216324559b2eb70.jpg', 'image_small_url': 'https://i.pinimg.com/30x30_RS/33/3d/b7/333db72e807626805216324559b2eb70.jpg', 'indexed': True, 'instagram_data': None, 'is_ads_only_profile': False, 'is_default_image': False, 'is_verified_merchant': False, 'type': 'user', 'username': 'hookandsea', 'verified_identity': {}}",,{},,,"{'ads_only_profile_site': None, 'blocked_by_me': False, 'domain_url': None, 'domain_verified': False, 'explicitly_followed_by_me': False, 'first_name': 'Hook & Sea | Easy Fish Recipes', 'followed_by_me': False, 'follower_count': 18, 'full_name': 'Hook & Sea | Easy Fish Recipes', 'id': '1134696206023758291', 'image_medium_url': 'https://i.pinimg.com/75x75_RS/33/3d/b7/333db72e807626805216324559b2eb70.jpg', 'image_small_url': 'https://i.pinimg.com/30x30_RS/33/3d/b7/333db72e807626805216324559b2eb70.jpg', 'indexed': True, 'instagram_data': None, 'is_ads_only_profile': False, 'is_default_image': False, 'is_verified_merchant': False, 'type': 'user', 'username': 'hookandsea', 'verified_identity': {}}",USD,0,public,"{'id': '-6013573345775555472', 'type': 'productmetadata'}",,False,,2,{'1': 2},337,339,,Pin on Easy Fish Recipes,2,False,"[1, 6, 8, 11]",False,False,,,,,,,pin,{},,https://payhip.com/b/kVbhz?utm_source=Pinterest&utm_medium=organic,,,,,,,
[],,,"{'aggregated_stats': {'done': 0, 'saves': 290}, 'comment_count': 0, 'creator_analytics': None, 'did_it_data': {'details_count': 0, 'images_count': 0, 'rating': -1, 'recommend_scores': [{'count': 0, 'score': 1}, {'count': 0, 'score': 0.5}, {'count': 0, 'score': 0}], 'recommended_count': 0, 'responses_count': 0, 'tags': [], 'type': 'aggregateddiditdata', 'user_count': 0, 'videos_count': 0}, 'id': '3574695961681904448', 'is_shop_the_look': False, 'is_stela': False}",[],Coconut Lime Fish Curry with Jasmine Rice,,,,,"{'ads_only_profile_site': None, 'blocked_by_me': False, 'domain_url': None, 'domain_verified': False, 'explicitly_followed_by_me': False, 'first_name': 'Hook & Sea | Easy Fish Recipes', 'followed_by_me': False, 'follower_count': 18, 'full_name': 'Hook & Sea | Easy Fish Recipes', 'id': '1134696206023758291', 'image_medium_url': 'https://i.pinimg.com/75x75_RS/33/3d/b7/333db72e807626805216324559b2eb70.jpg', 'image_small_url': 'https://i.pinimg.com/30x30_RS/33/3d/b7/333db72e807626805216324559b2eb70.jpg', 'indexed': True, 'instagram_data': None, 'is_ads_only_profile': False, 'is_default_image': False, 'is_verified_merchant': False, 'node_id': 'VXNlcjoxMTM0Njk2MjA2MDIzNzU4Mjkx', 'type': 'user', 'username': 'hookandsea', 'verified_identity': {}}","Dive into the exotic flavors of Coconut Lime Fish Curry with Jasmine Rice. This dish features tender fish in a fragrant coconut-lime sauce, served over fluffy jasmine rice. 🐟🥥 #FishCurry #CoconutLime #ExoticCuisines",0,{},{},"Tue, 09 Jun 2026 00:50:41 +0000",,,,"Dive into the exotic flavors of Coconut Lime Fish Curry with Jasmine Rice. This dish features tender fish in a fragrant coconut-lime sauce, served over fluffy jasmine rice. 🐟🥥 #FishCurry #CoconutLime #ExoticCuisines",[],,payhip.com,#cea445,False,,Coconut Lime Fish Curry with Jasmine Rice,False,"['#FishCurry', '#CoconutLime', '#ExoticCuisines']",[],1134696068642710580,e22f59d58d37cf62ff7bdc934648ed44,True,True,False,False,False,False,False,https://payhip.com/b/kVbhz,1,,pinterest_platform,,"{'ads_only_profile_site': None, 'blocked_by_me': False, 'domain_url': None, 'domain_verified': False, 'explicitly_followed_by_me': False, 'first_name': 'Hook & Sea | Easy Fish Recipes', 'followed_by_me': False, 'follower_count': 18, 'full_name': 'Hook & Sea | Easy Fish Recipes', 'id': '1134696206023758291', 'image_medium_url': 'https://i.pinimg.com/75x75_RS/33/3d/b7/333db72e807626805216324559b2eb70.jpg', 'image_small_url': 'https://i.pinimg.com/30x30_RS/33/3d/b7/333db72e807626805216324559b2eb70.jpg', 'indexed': True, 'instagram_data': None, 'is_ads_only_profile': False, 'is_default_image': False, 'is_verified_merchant': False, 'type': 'user', 'username': 'hookandsea', 'verified_identity': {}}",,{},,,"{'ads_only_profile_site': None, 'blocked_by_me': False, 'domain_url': None, 'domain_verified': False, 'explicitly_followed_by_me': False, 'first_name': 'Hook & Sea | Easy Fish Recipes', 'followed_by_me': False, 'follower_count': 18, 'full_name': 'Hook & Sea | Easy Fish Recipes', 'id': '1134696206023758291', 'image_medium_url': 'https://i.pinimg.com/75x75_RS/33/3d/b7/333db72e807626805216324559b2eb70.jpg', 'image_small_url': 'https://i.pinimg.com/30x30_RS/33/3d/b7/333db72e807626805216324559b2eb70.jpg', 'indexed': True, 'instagram_data': None, 'is_ads_only_profile': False, 'is_default_image': False, 'is_verified_merchant': False, 'type': 'user', 'username': 'hookandsea', 'verified_identity': {}}",USD,0,public,"{'id': '7283465830505165752', 'type': 'productmetadata'}",,False,,2,{'1': 2},288,290,,Pin on Easy Fish Recipes,2,False,"[1, 6, 8, 11]",False,False,,,,,,Coconut Lime Fish Curry with Jasmine Rice,pin,{},,https://payhip.com/b/kVbhz?utm_source=Pinterest&utm_medium=organic,,,,,,,
[],,,"{'aggregated_stats': {'done': 0, 'saves': 5}, 'comment_count': 0, 'creator_analytics': None, 'did_it_data': {'details_count': 0, 'images_count': 0, 'rating': -1, 'recommend_scores': [{'count': 0, 'score': 1}, {'count': 0, 'score': 0.5}, {'count': 0, 'score': 0}], 'recommended_count': 0, 'responses_count': 0, 'tags': [], 'type': 'aggregateddiditdata', 'user_count': 0, 'videos_count': 0}, 'id': '3535941249415217280', 'is_shop_the_look': False, 'is_stela': False}",[],,,,,,,"Looking for a delicious and healthy meal? This Savory Garlic Parmesan Baked Halibut is a game-changer! Perfectly flaky, seasoned with garlic, and topped with a cheesy parmesan crust, it is a simple dinner that feels gourmet. Great for busy weeknights or a special weekend meal. Click to get the full recipe and start cooking! #halibutrecipes #healthyseafood #dinnerideas #bakedfish #garlicparmesan",0,{},{},"Tue, 26 May 2026 16:01:00 +0000",,,,"Looking for a delicious and healthy meal? This Savory Garlic Parmesan Baked Halibut is a game-changer! Perfectly flaky, seasoned with garlic, and topped with a cheesy parmesan crust, it is a simple dinner that feels gourmet. Great for busy weeknights or a special weekend meal. Click to get the full recipe and start cooking! #halibutrecipes #healthyseafood #dinnerideas #bakedfish #garlicparmesan",[],,delishrecipezbylucy.com,#816a2c,False,,Sweet Potato Beef Avocado Protein Bowl | high-protein meal prep,False,"['#halibutrecipes', '#healthyseafood', '#dinnerideas', '#bakedfish', '#garlicparmesan']",[],1139551511988442748,89822bc18c053cfa9b1993d17f9057a1,True,True,False,False,False,False,False,https://delishrecipezbylucy.com/sweet-potato-beef-avocado-protein-bowl/,1,,pin_scheduling,,"{'ads_only_profile_site': None, 'blocked_by_me': False, 'domain_url': 'delishrecipezbylucy.com', 'domain_verified': False, 'explicitly_followed_by_me': False, 'first_name': 'Grandma’s Easy Recipes | Quick Breakfast, Dinner & Desserts Ideas', 'followed_by_me': False, 'follower_count': 13, 'full_name': 'Grandma’s Easy Recipes | Quick Breakfast, Dinner & Desserts Ideas', 'id': '1139551649371982987', 'image_medium_url': 'https://i.pinimg.com/75x75_RS/38/c2/83/38c283d26a4bc31d8b9f4141fb0975cb.jpg', 'image_small_url': 'https://i.pinimg.com/30x30_RS/38/c2/83/38c283d26a4bc31d8b9f4141fb0975cb.jpg', 'indexed': True, 'instagram_data': None, 'is_ads_only_profile': False, 'is_default_image': False, 'is_verified_merchant': False, 'type': 'user', 'username': 'thegrandmarecipez', 'verified_identity': {}}",,{},,,"{'ads_only_profile_site': None, 'blocked_by_me': False, 'domain_url': 'delishrecipezbylucy.com', 'domain_verified': False, 'explicitly_followed_by_me': False, 'first_name': 'Grandma’s Easy Recipes | Quick Breakfast, Dinner & Desserts Ideas', 'followed_by_me': False, 'follower_count': 13, 'full_name': 'Grandma’s Easy Recipes | Quick Breakfast, Dinner & Desserts Ideas', 'id': '1139551649371982987', 'image_medium_url': 'https://i.pinimg.com/75x75_RS/38/c2/83/38c283d26a4bc31d8b9f4141fb0975cb.jpg', 'image_small_url': 'https://i.pinimg.com/30x30_RS/38/c2/83/38c283d26a4bc31d8b9f4141fb0975cb.jpg', 'indexed': True, 'instagram_data': None, 'is_ads_only_profile': False, 'is_default_image': False, 'is_verified_merchant': False, 'type': 'user', 'username': 'thegrandmarecipez', 'verified_identity': {}}",USD,0,public,,,False,,0,{},4,5,,Pin on Dinner Inspirations,5,False,[],False,False,,,,3535941196801656128,,Sweet Potato Beef Avocado Protein Bowl | high-protein meal prep,pin,{},,https://delishrecipezbylucy.com/sweet-potato-beef-avocado-protein-bowl/?utm_source=Pinterest&utm_medium=organic,,,,,,True,
[],,,"{'aggregated_stats': {'done': 0, 'saves': 9}, 'comment_count': 0, 'creator_analytics': None, 'did_it_data': {'details_count': 0, 'images_count': 0, 'rating': -1, 'recommend_scores': [{'count': 0, 'score': 1}, {'count': 0, 'score': 0.5}, {'count': 0, 'score': 0}], 'recommended_count': 0, 'responses_count': 0, 'tags': [], 'type': 'aggregateddiditdata', 'user_count': 0, 'videos_count': 0}, 'id': '3592900773639944512', 'is_shop_the_look': False, 'is_stela': False}",[],Beef Skillet Enchiladas (Easy One-Pan Recipe),,,,,"{'ads_only_profile_site': None, 'blocked_by_me': False, 'domain_url': None, 'domain_verified': False, 'explicitly_followed_by_me': False, 'first_name': 'Cozy Recipes, Comfort Food & Homemade Meal Ideas', 'followed_by_me': False, 'follower_count': 8, 'full_name': 'Cozy Recipes, Comfort Food & Homemade Meal Ideas', 'id': '1141170130488054987', 'image_medium_url': 'https://i.pinimg.com/75x75_RS/4f/3b/eb/4f3beb2deefb7c082d82cbf2daba8a68.jpg', 'image_small_url': 'https://i.pinimg.com/30x30_RS/4f/3b/eb/4f3beb2deefb7c082d82cbf2daba8a68.jpg', 'indexed': True, 'instagram_data': None, 'is_ads_only_profile': False, 'is_default_image': False, 'is_verified_merchant': False, 'node_id': 'VXNlcjoxMTQxMTcwMTMwNDg4MDU0OTg3', 'type': 'user', 'username': 'tuveiros2705', 'verified_identity': {}}","Get all those enchilada flavors you love, but in a recipe that takes half the time. Made in one pan, this weeknight dinner is high in protein and features so many nutritious ingredients, including lean ground beef, veggies, black beans, and corn. Plus, it’s budget friendly, gluten free, and flexible.",0,{},{},"Mon, 15 Jun 2026 07:33:07 +0000",,,,"Get all those enchilada flavors you love, but in a recipe that takes half the time. Made in one pan, this weeknight dinner is high in protein and features so many nutritious ingredients, including lean ground beef, veggies, black beans, and corn. Plus, it’s budget friendly, gluten free, and flexible.",[],,payhip.com,#886839,False,,Beef Skillet Enchiladas (Easy One-Pan Recipe),False,[],[],1141169993117340189,9694ce0d7fa5c5d0772686fc6baa503f,True,True,False,False,False,False,False,https://payhip.com/b/snrzS,1,,pinterest_platform,,"{'ads_only_profile_site': None, 'blocked_by_me': False, 'domain_url': None, 'domain_verified': False, 'explicitly_followed_by_me': False, 'first_name': 'Cozy Recipes, Comfort Food & Homemade Meal Ideas', 'followed_by_me': False, 'follower_count': 8, 'full_name': 'Cozy Recipes, Comfort Food & Homemade Meal Ideas', 'id': '1141170130488054987', 'image_medium_url': 'https://i.pinimg.com/75x75_RS/4f/3b/eb/4f3beb2deefb7c082d82cbf2daba8a68.jpg', 'image_small_url': 'https://i.pinimg.com/30x30_RS/4f/3b/eb/4f3beb2deefb7c082d82cbf2daba8a68.jpg', 'indexed': True, 'instagram_data': None, 'is_ads_only_profile': False, 'is_default_image': False, 'is_verified_merchant': False, 'type': 'user', 'username': 'tuveiros2705', 'verified_identity': {}}",,{},,,"{'ads_only_profile_site': None, 'blocked_by_me': False, 'domain_url': None, 'domain_verified': False, 'explicitly_followed_by_me': False, 'first_name': 'Cozy Recipes, Comfort Food & Homemade Meal Ideas', 'followed_by_me': False, 'follower_count': 8, 'full_name': 'Cozy Recipes, Comfort Food & Homemade Meal Ideas', 'id': '1141170130488054987', 'image_medium_url': 'https://i.pinimg.com/75x75_RS/4f/3b/eb/4f3beb2deefb7c082d82cbf2daba8a68.jpg', 'image_small_url': 'https://i.pinimg.com/30x30_RS/4f/3b/eb/4f3beb2deefb7c082d82cbf2daba8a68.jpg', 'indexed': True, 'instagram_data': None, 'is_ads_only_profile': False, 'is_default_image': False, 'is_verified_merchant': False, 'type': 'user', 'username': 'tuveiros2705', 'verified_identity': {}}",USD,0,public,"{'id': '-3154460802972352969', 'type': 'productmetadata'}",,False,,0,{},8,9,,"Pin on Cozy Dinner Recipes, Soups & Comfort Food",2,False,"[1, 6, 8, 11]",False,False,,,,,,Beef Skillet Enchiladas (Easy One-Pan Recipe),pin,{},,https://payhip.com/b/snrzS?utm_source=Pinterest&utm_medium=organic,,,,,,,
[],,,"{'aggregated_stats': {'done': 0, 'saves': 6}, 'comment_count': 0, 'creator_analytics': None, 'did_it_data': {'details_count': 0, 'images_count': 0, 'rating': -1, 'recommend_scores': [{'count': 0, 'score': 1}, {'count': 0, 'score': 0.5}, {'count': 0, 'score': 0}], 'recommended_count': 0, 'responses_count': 0, 'tags': [], 'type': 'aggregateddiditdata', 'user_count': 0, 'videos_count': 0}, 'id': '3590358809291775040', 'is_shop_the_look': False, 'is_stela': False}",[],Crispy Bang Bang Salmon Bites,,,,,"{'ads_only_profile_site': None, 'blocked_by_me': False, 'domain_url': None, 'domain_verified': False, 'explicitly_followed_by_me': False, 'first_name': 'Seafood & Grill Master | Ultimate Recipe Collections', 'followed_by_me': False, 'follower_count': 270, 'full_name': 'Seafood & Grill Master | Ultimate Recipe Collections', 'id': '1141592342953077088', 'image_medium_url': 'https://i.pinimg.com/75x75_RS/be/e5/05/bee505f69082c6d5ef1aac21d5700800.jpg', 'image_small_url': 'https://i.pinimg.com/30x30_RS/be/e5/05/bee505f69082c6d5ef1aac21d5700800.jpg', 'indexed': True, 'instagram_data': None, 'is_ads_only_profile': False, 'is_default_image': False, 'is_verified_merchant': False, 'node_id': 'VXNlcjoxMTQxNTkyMzQyOTUzMDc3MDg4', 'type': 'user', 'username': 'ragonuregaso', 'verified_identity': {}}",Crispy Bang Bang Salmon Bites,0,{},{},"Sun, 14 Jun 2026 10:30:30 +0000",,,,Crispy Bang Bang Salmon Bites,[],,payhip.com,#9d6633,False,,Crispy Bang Bang Salmon Bites,False,[],[],1141592205572686187,ed6e149499e7d2b2a27d1e2a135dcc2b,True,True,False,False,False,False,False,https://payhip.com/b/kVbhz,1,,pinterest_platform,,"{'ads_only_profile_site': None, 'blocked_by_me': False, 'domain_url': None, 'domain_verified': False, 'explicitly_followed_by_me': False, 'first_name': 'Seafood & Grill Master | Ultimate Recipe Collections', 'followed_by_me': False, 'follower_count': 270, 'full_name': 'Seafood & Grill Master | Ultimate Recipe Collections', 'id': '1141592342953077088', 'image_medium_url': 'https://i.pinimg.com/75x75_RS/be/e5/05/bee505f69082c6d5ef1aac21d5700800.jpg', 'image_small_url': 'https://i.pinimg.com/30x30_RS/be/e5/05/bee505f69082c6d5ef1aac21d5700800.jpg', 'indexed': True, 'instagram_data': None, 'is_ads_only_profile': False, 'is_default_image': False, 'is_verified_merchant': False, 'type': 'user', 'username': 'ragonuregaso', 'verified_identity': {}}",,{},,,"{'ads_only_profile_site': None, 'blocked_by_me': False, 'domain_url': None, 'domain_verified': False, 'explicitly_followed_by_me': False, 'first_name': 'Seafood & Grill Master | Ultimate Recipe Collections', 'followed_by_me': False, 'follower_count': 270, 'full_name': 'Seafood & Grill Master | Ultimate Recipe Collections', 'id': '1141592342953077088', 'image_medium_url': 'https://i.pinimg.com/75x75_RS/be/e5/05/bee505f69082c6d5ef1aac21d5700800.jpg', 'image_small_url': 'https://i.pinimg.com/30x30_RS/be/e5/05/bee505f69082c6d5ef1aac21d5700800.jpg', 'indexed': True, 'instagram_data': None, 'is_ads_only_profile': False, 'is_default_image': False, 'is_verified_merchant': False, 'type': 'user', 'username': 'ragonuregaso', 'verified_identity': {}}",USD,0,public,"{'id': '-5964301683371780596', 'type': 'productmetadata'}",,False,,0,{},5,6,,Pin on White Fish & Shellfish | Light & Delicate,0,False,"[1, 6, 8, 11]",False,False,,,,,,Crispy Bang Bang Salmon Bites,pin,{},,https://payhip.com/b/kVbhz?utm_source=Pinterest&utm_medium=organic,,,,,,,
[],,,"{'aggregated_stats': {'done': 0, 'saves': 4894}, 'comment_count': 4, 'creator_analytics': None, 'did_it_data': {'details_count': 0, 'images_count': 0, 'rating': -1, 'recommend_scores': [{'count': 0, 'score': 1}, {'count': 0, 'score': 0.5}, {'count': 0, 'score': 0}], 'recommended_count': 0, 'responses_count': 0, 'tags': [], 'type': 'aggregateddiditdata', 'user_count': 0, 'videos_count': 0}, 'id': '5397956300736870621', 'is_shop_the_look': False, 'is_stela': False}",[],,,,,,"{'ads_only_profile_site': None, 'blocked_by_me': False, 'domain_url': None, 'domain_verified': False, 'explicitly_followed_by_me': False, 'first_name': 'Amelia Miller', 'followed_by_me': False, 'follower_count': 5, 'full_name': 'Amelia Miller', 'id': '1145884836347765602', 'image_medium_url': 'https://s.pinimg.com/images/user/default_75.png', 'image_small_url': 'https://s.pinimg.com/images/user/default_30.png', 'indexed': True, 'instagram_data': None, 'is_ads_only_profile': False, 'is_default_image': True, 'is_verified_merchant': False, 'node_id': 'VXNlcjoxMTQ1ODg0ODM2MzQ3NzY1NjAy', 'type': 'user', 'username': 'ameliamiller00088', 'verified_identity': {}}", ,4,{},{},"Mon, 18 Nov 2024 09:14:47 +0000",,,, ,[],,Uploaded by user,#e4d4ce,False,,,False,[],[],1145884698956206585,4f4baee43aaab1dbd31a7186d57ad907,True,False,False,False,False,False,False,,0,,uploaded,,"{'ads_only_profile_site': None, 'blocked_by_me': False, 'domain_url': None, 'domain_verified': False, 'explicitly_followed_by_me': False, 'first_name': 'Amelia Miller', 'followed_by_me': False, 'follower_count': 5, 'full_name': 'Amelia Miller', 'id': '1145884836347765602', 'image_medium_url': 'https://s.pinimg.com/images/user/default_75.png', 'image_small_url': 'https://s.pinimg.com/images/user/default_30.png', 'indexed': True, 'instagram_data': None, 'is_ads_only_profile': False, 'is_default_image': True, 'is_verified_merchant': False, 'type': 'user', 'username': 'ameliamiller00088', 'verified_identity': {}}",,{},,,"{'ads_only_profile_site': None, 'blocked_by_me': False, 'domain_url': None, 'domain_verified': False, 'explicitly_followed_by_me': False, 'first_name': 'Amelia Miller', 'followed_by_me': False, 'follower_count': 5, 'full_name': 'Amelia Miller', 'id': '1145884836347765602', 'image_medium_url': 'https://s.pinimg.com/images/user/default_75.png', 'image_small_url': 'https://s.pinimg.com/images/user/default_30.png', 'indexed': True, 'instagram_data': None, 'is_ads_only_profile': False, 'is_default_image': True, 'is_verified_merchant': False, 'type': 'user', 'username': 'ameliamiller00088', 'verified_identity': {}}",USD,0,public,,,False,,95,{'1': 95},2770,4894,,Pin on viral story,99,False,[],False,False,,,,,,,pin,{},,,,,,,,,
[],,,"{'aggregated_stats': {'done': 0, 'saves': 320}, 'comment_count': 0, 'creator_analytics': None, 'did_it_data': {'details_count': 0, 'images_count': 0, 'rating': -1, 'recommend_scores': [{'count': 0, 'score': 1}, {'count': 0, 'score': 0.5}, {'count': 0, 'score': 0}], 'recommended_count': 0, 'responses_count': 0, 'tags': [], 'type': 'aggregateddiditdata', 'user_count': 0, 'videos_count': 0}, 'id': '3420222146247432896', 'is_shop_the_look': False, 'is_stela': False}",[],,,,,,"{'ads_only_profile_site': None, 'blocked_by_me': False, 'domain_url': 'www.ayleenrecipes.com', 'domain_verified': True, 'explicitly_followed_by_me': False, 'first_name': 'Ayleen Recipes | Easy Homemade Recipes for Families', 'followed_by_me': False, 'follower_count': 893, 'full_name': 'Ayleen Recipes | Easy Homemade Recipes for Families', 'id': '1147292211231358580', 'image_medium_url': 'https://i.pinimg.com/75x75_RS/fd/4e/05/fd4e053d533e79c690acb8672fa509bf.jpg', 'image_small_url': 'https://i.pinimg.com/30x30_RS/fd/4e/05/fd4e053d533e79c690acb8672fa509bf.jpg', 'indexed': True, 'instagram_data': None, 'is_ads_only_profile': False, 'is_default_image': False, 'is_verified_merchant': False, 'node_id': 'VXNlcjoxMTQ3MjkyMjExMjMxMzU4NTgw', 'type': 'user', 'username': 'AyleenRecipes', 'verified_identity': {}}","Turn up the flavor with this Gochujang Chicken Burger topped with kimchi bacon jam 🔥🍔 A bold, spicy, and savory fusion recipe perfect for dinner ideas or weekend grilling. Juicy chicken, Korean flavors, and a gourmet twist make this burger unforgettable.

Pin now & try this tonight! Click the link for the full recipe 🍔

#chickenburger #gochujang #koreanfood",0,{},{},"Thu, 16 Apr 2026 18:02:42 +0000",,,,"Turn up the flavor with this Gochujang Chicken Burger topped with kimchi bacon jam 🔥🍔 A bold, spicy, and savory fusion recipe perfect for dinner ideas or weekend grilling. Juicy chicken, Korean flavors, and a gourmet twist make this burger unforgettable.

Pin now & try this tonight! Click the link for the full recipe 🍔

#chickenburger #gochujang #koreanfood",[],,ayleenrecipes.com,#734119,False,,Spicy Gochujang Chicken Burger 🌶️ | Korean-Inspired Burger Recipe,False,"['#chickenburger', '#gochujang', '#koreanfood']",[],1147292073889108939,c5a6c3ce3c9d26499a674e78af246d35,True,True,False,False,False,False,False,https://www.ayleenrecipes.com/gochujang-chicken-burgers-with-kimchi-bacon-jam/,1,,pin_scheduling,,"{'ads_only_profile_site': None, 'blocked_by_me': False, 'domain_url': 'www.ayleenrecipes.com', 'domain_verified': True, 'explicitly_followed_by_me': False, 'first_name': 'Ayleen Recipes | Easy Homemade Recipes for Families', 'followed_by_me': False, 'follower_count': 893, 'full_name': 'Ayleen Recipes | Easy Homemade Recipes for Families', 'id': '1147292211231358580', 'image_medium_url': 'https://i.pinimg.com/75x75_RS/fd/4e/05/fd4e053d533e79c690acb8672fa509bf.jpg', 'image_small_url': 'https://i.pinimg.com/30x30_RS/fd/4e/05/fd4e053d533e79c690acb8672fa509bf.jpg', 'indexed': True, 'instagram_data': None, 'is_ads_only_profile': False, 'is_default_image': False, 'is_verified_merchant': False, 'type': 'user', 'username': 'AyleenRecipes', 'verified_identity': {}}",,{},,,"{'ads_only_profile_site': None, 'blocked_by_me': False, 'domain_url': 'www.ayleenrecipes.com', 'domain_verified': True, 'explicitly_followed_by_me': False, 'first_name': 'Ayleen Recipes | Easy Homemade Recipes for Families', 'followed_by_me': False, 'follower_count': 893, 'full_name': 'Ayleen Recipes | Easy Homemade Recipes for Families', 'id': '1147292211231358580', 'image_medium_url': 'https://i.pinimg.com/75x75_RS/fd/4e/05/fd4e053d533e79c690acb8672fa509bf.jpg', 'image_small_url': 'https://i.pinimg.com/30x30_RS/fd/4e/05/fd4e053d533e79c690acb8672fa509bf.jpg', 'indexed': True, 'instagram_data': None, 'is_ads_only_profile': False, 'is_default_image': False, 'is_verified_merchant': False, 'type': 'user', 'username': 'AyleenRecipes', 'verified_identity': {}}",USD,0,public,,,False,,2,{'1': 2},259,320,,Pin on Sandwiches and Wrapped Recipes,15,False,[],False,False,,,,,,Spicy Gochujang Chicken Burger 🌶️ | Korean-Inspired Burger Recipe,pin,{},,https://www.ayleenrecipes.com/gochujang-chicken-burgers-with-kimchi-bacon-jam/?utm_source=Pinterest&utm_medium=organic,,,,,,True,
[],,,"{'aggregated_stats': {'done': 0, 'saves': 848}, 'comment_count': 3, 'creator_analytics': None, 'did_it_data': {'details_count': 0, 'images_count': 0, 'rating': -1, 'recommend_scores': [{'count': 0, 'score': 1}, {'count': 0, 'score': 0.5}, {'count': 0, 'score': 0}], 'recommended_count': 0, 'responses_count': 0, 'tags': [], 'type': 'aggregateddiditdata', 'user_count': 0, 'videos_count': 0}, 'id': '3235968773353726144', 'is_shop_the_look': False, 'is_stela': False}",[],,,,,,"{'ads_only_profile_site': None, 'blocked_by_me': False, 'domain_url': None, 'domain_verified': False, 'explicitly_followed_by_me': False, 'first_name': 'Pamea', 'followed_by_me': False, 'follower_count': 3, 'full_name': 'Pamea', 'id': '1150247698486915648', 'image_medium_url': 'https://s.pinimg.com/images/user/default_75.png', 'image_small_url': 'https://s.pinimg.com/images/user/default_30.png', 'indexed': True, 'instagram_data': None, 'is_ads_only_profile': False, 'is_default_image': True, 'is_verified_merchant': False, 'node_id': 'VXNlcjoxMTUwMjQ3Njk4NDg2OTE1NjQ4', 'type': 'user', 'username': 'pama1264', 'verified_identity': {}}", ,3,{},{},"Thu, 12 Feb 2026 04:43:04 +0000",,,, ,[],,Uploaded by user,#854d29,False,,,False,[],[],1150247561098988899,b890aa3df5d67ec1617977501ebb1048,True,False,False,False,False,False,False,,0,,uploaded,,"{'ads_only_profile_site': None, 'blocked_by_me': False, 'domain_url': None, 'domain_verified': False, 'explicitly_followed_by_me': False, 'first_name': 'Pamea', 'followed_by_me': False, 'follower_count': 3, 'full_name': 'Pamea', 'id': '1150247698486915648', 'image_medium_url': 'https://s.pinimg.com/images/user/default_75.png', 'image_small_url': 'https://s.pinimg.com/images/user/default_30.png', 'indexed': True, 'instagram_data': None, 'is_ads_only_profile': False, 'is_default_image': True, 'is_verified_merchant': False, 'type': 'user', 'username': 'pama1264', 'verified_identity': {}}",,{},,,"{'ads_only_profile_site': None, 'blocked_by_me': False, 'domain_url': None, 'domain_verified': False, 'explicitly_followed_by_me': False, 'first_name': 'Pamea', 'followed_by_me': False, 'follower_count': 3, 'full_name': 'Pamea', 'id': '1150247698486915648', 'image_medium_url': 'https://s.pinimg.com/images/user/default_75.png', 'image_small_url': 'https://s.pinimg.com/images/user/default_30.png', 'indexed': True, 'instagram_data': None, 'is_ads_only_profile': False, 'is_default_image': True, 'is_verified_merchant': False, 'type': 'user', 'username': 'pama1264', 'verified_identity': {}}",USD,0,public,,,False,,16,{'1': 16},689,848,,Pin on Easy Morning Food,25,False,[],False,False,,,,,,,pin,{},,,,,,,,,
[],,,"{'aggregated_stats': {'done': 1, 'saves': 11905}, 'comment_count': 10, 'creator_analytics': None, 'did_it_data': {'details_count': 1, 'images_count': 1, 'rating': -1, 'recommend_scores': [{'count': 0, 'score': 1}, {'count': 0, 'score': 0.5}, {'count': 0, 'score': 0}], 'recommended_count': 1, 'responses_count': 0, 'tags': [], 'type': 'aggregateddiditdata', 'user_count': 1, 'videos_count': 0}, 'id': '5287633666510470685', 'is_shop_the_look': False, 'is_stela': False}",[],,,,,,"{'ads_only_profile_site': None, 'blocked_by_me': False, 'domain_url': 'cookiesandcups.com', 'domain_verified': True, 'explicitly_followed_by_me': False, 'first_name': 'Shelly Jaronsky (cookies and cups)', 'followed_by_me': False, 'follower_count': 365403, 'full_name': 'Shelly Jaronsky (cookies and cups)', 'id': '209699063807868968', 'image_medium_url': 'https://i.pinimg.com/75x75_RS/07/ec/bb/07ecbb1e542427c34d5fb5913c979558.jpg', 'image_small_url': 'https://i.pinimg.com/30x30_RS/07/ec/bb/07ecbb1e542427c34d5fb5913c979558.jpg', 'indexed': True, 'instagram_data': None, 'is_ads_only_profile': False, 'is_default_image': False, 'is_verified_merchant': False, 'node_id': 'VXNlcjoyMDk2OTkwNjM4MDc4Njg5Njg=', 'type': 'user', 'username': 'cookiesandcups', 'verified_identity': {}}",Garlic Bread Pasta needs only 5 ingredients and tastes just like oven-baked garlic bread! An easy pasta recipe with garlic and breadcrumbs.,10,{},{},"Mon, 20 Mar 2023 17:27:30 +0000",,,,Garlic Bread Pasta needs only 5 ingredients and tastes just like oven-baked garlic bread! An easy pasta recipe with garlic and breadcrumbs.,[],,cookiesandcups.com,#a2722e,False,,,False,[],[],115264071705589762,21ef5dcbb919503f5452adfe667ac860,False,True,False,False,False,False,False,https://cookiesandcups.com/garlic-bread-pasta/,1,,bookmarklet,,,,{},,,"{'ads_only_profile_site': None, 'blocked_by_me': False, 'domain_url': None, 'domain_verified': False, 'explicitly_followed_by_me': False, 'first_name': 'Kathy', 'followed_by_me': False, 'follower_count': 381, 'full_name': 'Kathy Gunnette', 'id': '115264209121447306', 'image_medium_url': 'https://i.pinimg.com/75x75_RS/1a/74/5f/1a745f52a0280086e2e6ea23c351ddc1.jpg', 'image_small_url': 'https://i.pinimg.com/30x30_RS/1a/74/5f/1a745f52a0280086e2e6ea23c351ddc1.jpg', 'indexed': False, 'instagram_data': None, 'is_ads_only_profile': False, 'is_default_image': False, 'is_verified_merchant': False, 'type': 'user', 'username': 'mandmx2', 'verified_identity': {}}",USD,0,public,,,False,,93,{'1': 93},129,11905,,Pin on Pasta,5,False,[],False,False,,,,,,,pin,{},,https://cookiesandcups.com/garlic-bread-pasta/?utm_source=Pinterest&utm_medium=organic,,,,,,,
[],,,"{'aggregated_stats': {'done': 0, 'saves': 2713}, 'comment_count': 3, 'creator_analytics': None, 'did_it_data': {'details_count': 0, 'images_count': 0, 'rating': -1, 'recommend_scores': [{'count': 0, 'score': 1}, {'count': 0, 'score': 0.5}, {'count': 0, 'score': 0}], 'recommended_count': 0, 'responses_count': 0, 'tags': [], 'type': 'aggregateddiditdata', 'user_count': 0, 'videos_count': 0}, 'id': '3102529705476420224', 'is_shop_the_look': False, 'is_stela': False}",[],"Looking for a quick and healthy snack? These no-bake energy bites combine oatmeal, peanut butter, and honey for a delicious treat that's perfect anytime you need a boost. Packed with protein and natural sweetness, they're easy to make and great for on-the-go fuel. Whip up a batch in minutes and enjoy a guilt-free snack that satisfies cravings and keeps you energized throughout the day!",,,,,"{'ads_only_profile_site': None, 'blocked_by_me': False, 'domain_url': 'www.etsy.com', 'domain_verified': True, 'explicitly_followed_by_me': False, 'first_name': 'Etsy', 'followed_by_me': False, 'follower_count': 11239981, 'full_name': 'Etsy', 'id': '155304024558534660', 'image_medium_url': 'https://i.pinimg.com/75x75_RS/d1/84/c8/d184c8624cb409c8f6e4fcf8baf91cd2.jpg', 'image_small_url': 'https://i.pinimg.com/30x30_RS/d1/84/c8/d184c8624cb409c8f6e4fcf8baf91cd2.jpg', 'indexed': True, 'instagram_data': None, 'is_ads_only_profile': False, 'is_default_image': False, 'is_verified_merchant': True, 'node_id': 'VXNlcjoxNTUzMDQwMjQ1NTg1MzQ2NjA=', 'type': 'user', 'username': 'etsy', 'verified_identity': {'name': 'etsy', 'verified': True}}","Looking for a quick and healthy snack? These no-bake energy bites combine oatmeal, peanut butter, and honey for a delicious treat that's perfect anytime you need a boost. Packed with protein and natural sweetness, they're easy to make and great for on-the-go fuel. Whip up a batch in minutes and enjoy a guilt-free snack that satisfies cravings and keeps you energized throughout the day!",3,{},{},"Sun, 28 Dec 2025 04:02:56 +0000",,,,"Looking for a quick and healthy snack? These no-bake energy bites combine oatmeal, peanut butter, and honey for a delicious treat that's perfect anytime you need a boost. Packed with protein and natural sweetness, they're easy to make and great for on-the-go fuel. Whip up a batch in minutes and enjoy a guilt-free snack that satisfies cravings and keeps you energized throughout the day!",[],,etsy.com,#aa8d63,False,,Easy No Bake Energy Bites Recipe Healthy Snack Idea with Oatmeal Peanut Butter and Honey,False,[],[],127930445662955671,686cd0cfb2a62760b6df9a669653b80e,True,True,False,False,False,False,False,https://www.etsy.com/listing/1830117949/energy-bites-recipe-pdf-cups-grams-o?1941933856=,1,,uploaded,,"{'ads_only_profile_site': None, 'blocked_by_me': False, 'domain_url': None, 'domain_verified': False, 'explicitly_followed_by_me': False, 'first_name': 'Nidanur1530', 'followed_by_me': False, 'follower_count': 23, 'full_name': 'Nidanur1530', 'id': '127930583073462968', 'image_medium_url': 'https://s.pinimg.com/images/user/default_75.png', 'image_small_url': 'https://s.pinimg.com/images/user/default_30.png', 'indexed': True, 'instagram_data': None, 'is_ads_only_profile': False, 'is_default_image': True, 'is_verified_merchant': False, 'type': 'user', 'username': 'nidanur1530', 'verified_identity': {}}",,{},,,"{'ads_only_profile_site': None, 'blocked_by_me': False, 'domain_url': None, 'domain_verified': False, 'explicitly_followed_by_me': False, 'first_name': 'Nidanur1530', 'followed_by_me': False, 'follower_count': 23, 'full_name': 'Nidanur1530', 'id': '127930583073462968', 'image_medium_url': 'https://s.pinimg.com/images/user/default_75.png', 'image_small_url': 'https://s.pinimg.com/images/user/default_30.png', 'indexed': True, 'instagram_data': None, 'is_ads_only_profile': False, 'is_default_image': True, 'is_verified_merchant': False, 'type': 'user', 'username': 'nidanur1530', 'verified_identity': {}}",USD,0,public,"{'id': '-5635872957857197742', 'type': 'productmetadata'}",,False,,61,{'1': 61},2693,2713,,Pin on Bake Energy Snacks,134,False,"[1, 6, 8, 11]",False,False,,,,3102529233533038080,,Easy No Bake Energy Bites Recipe Healthy Snack Idea with Oatmeal Peanut Butter and Honey,pin,{},,https://www.etsy.com/listing/1830117949/energy-bites-recipe-pdf-cups-grams-o?1941933856=&utm_source=Pinterest&utm_medium=organic,,,,,,,"{'access': [], 'category': None, 'collaborated_by_me': False, 'description': '', 'followed_by_me': False, 'id': '127930514354439890', 'image_cover_url': 'https://i.pinimg.com/200x150/68/6c/d0/686cd0cfb2a62760b6df9a669653b80e.jpg', 'image_thumbnail_url': 'https://i.pinimg.com/upload/127930514354439890_board_thumbnail_2025-12-28-04-03-08_53255_60.jpg', 'is_ads_only': False, 'is_collaborative': False, 'layout': 'default', 'map_id': 'pinterest.ijz1714i', 'name': 'Bake Energy Snacks', 'pin_thumbnail_urls': [], 'privacy': 'public', 'type': 'board', 'url': '/nidanur1530/bake-energy-snacks/'}"
[],,,"{'aggregated_stats': {'done': 0, 'saves': 1702}, 'comment_count': 0, 'creator_analytics': None, 'did_it_data': {'details_count': 0, 'images_count': 0, 'rating': -1, 'recommend_scores': [{'count': 0, 'score': 1}, {'count': 0, 'score': 0.5}, {'count': 0, 'score': 0}], 'recommended_count': 0, 'responses_count': 0, 'tags': [], 'type': 'aggregateddiditdata', 'user_count': 0, 'videos_count': 0}, 'id': '5455487453141982597', 'is_shop_the_look': False, 'is_stela': False}",[],,,,,,"{'ads_only_profile_site': None, 'blocked_by_me': False, 'domain_url': 'tastybitesfoodblog.blogspot.com', 'domain_verified': False, 'explicitly_followed_by_me': False, 'first_name': 'Tasty Bites | Cooking Tips | Healthy recipes', 'followed_by_me': False, 'follower_count': 17, 'full_name': 'Tasty Bites | Cooking Tips | Healthy recipes', 'id': '875387383728866171', 'image_medium_url': 'https://i.pinimg.com/75x75_RS/2d/42/ad/2d42adcef00b524509e01ae0ce3ec96d.jpg', 'image_small_url': 'https://i.pinimg.com/30x30_RS/2d/42/ad/2d42adcef00b524509e01ae0ce3ec96d.jpg', 'indexed': True, 'instagram_data': None, 'is_ads_only_profile': False, 'is_default_image': False, 'is_verified_merchant': False, 'node_id': 'VXNlcjo4NzUzODczODM3Mjg4NjYxNzE=', 'type': 'user', 'username': 'TastyBites09', 'verified_identity': {}}","Hearty Rustic Tuscan Chicken Soup, simmered with tender chicken, cannellini beans, fresh herbs, garlic, and garden vegetables in a savory broth—comforting, wholesome, and perfect for cozy family meals.

#RusticTuscanSoup #ChickenSoupLove #ComfortFood #ItalianRecipes #HomemadeGoodness #HeartyMeals #SoupSeason #WholesomeEats #FamilyDinner #TuscanFlavors #HealthyComfortFood #FarmhouseCooking #OnePotMeal",0,{},{},"Sat, 17 Jan 2026 00:26:39 +0000",,,,"Hearty Rustic Tuscan Chicken Soup, simmered with tender chicken, cannellini beans, fresh herbs, garlic, and garden vegetables in a savory broth—comforting, wholesome, and perfect for cozy family meals.  #RusticTuscanSoup #ChickenSoupLove #ComfortFood #ItalianRecipes #HomemadeGoodness #HeartyMeals #SoupSeason #WholesomeEats #FamilyDinner #TuscanFlavors #HealthyComfortFood #FarmhouseCooking #OnePotMeal",[],,sites.google.com,#c57a21,False,,🍲 Rustic Tuscan Chicken Soup | A Bowl of Cozy Italian Comfort,False,"['#RusticTuscanSoup', '#ChickenSoupLove', '#ComfortFood', '#ItalianRecipes', '#HomemadeGoodness', '#HeartyMeals', '#SoupSeason', '#WholesomeEats', '#FamilyDinner', '#TuscanFlavors', '#HealthyComfortFood', '#FarmhouseCooking', '#OnePotMeal']",[],1337074890067274,5435030a35fd2cda83beb3a65b00c1e6,True,True,False,False,False,True,False,https://sites.google.com/view/tasty-bites-rustic-soup/home,1,,pin_scheduling,,"{'ads_only_profile_site': None, 'blocked_by_me': False, 'domain_url': 'tastybitesfoodblog.blogspot.com', 'domain_verified': False, 'explicitly_followed_by_me': False, 'first_name': 'Tasty Bites | Cooking Tips | Healthy recipes', 'followed_by_me': False, 'follower_count': 17, 'full_name': 'Tasty Bites | Cooking Tips | Healthy recipes', 'id': '875387383728866171', 'image_medium_url': 'https://i.pinimg.com/75x75_RS/2d/42/ad/2d42adcef00b524509e01ae0ce3ec96d.jpg', 'image_small_url': 'https://i.pinimg.com/30x30_RS/2d/42/ad/2d42adcef00b524509e01ae0ce3ec96d.jpg', 'indexed': True, 'instagram_data': None, 'is_ads_only_profile': False, 'is_default_image': False, 'is_verified_merchant': False, 'type': 'user', 'username': 'TastyBites09', 'verified_identity': {}}","{'ads_only_profile_site': None, 'blocked_by_me': False, 'domain_url': 'tastybitesfoodblog.blogspot.com', 'domain_verified': False, 'explicitly_followed_by_me': False, 'first_name': 'Tasty Bites | Cooking Tips | Healthy recipes', 'followed_by_me': False, 'follower_count': 17, 'full_name': 'Tasty Bites | Cooking Tips | Healthy recipes', 'id': '875387383728866171', 'image_medium_url': 'https://i.pinimg.com/75x75_RS/2d/42/ad/2d42adcef00b524509e01ae0ce3ec96d.jpg', 'image_small_url': 'https://i.pinimg.com/30x30_RS/2d/42/ad/2d42adcef00b524509e01ae0ce3ec96d.jpg', 'indexed': True, 'instagram_data': None, 'is_ads_only_profile': False, 'is_default_image': False, 'is_verified_merchant': False, 'node_id': 'VXNlcjo4NzUzODczODM3Mjg4NjYxNzE=', 'type': 'user', 'username': 'TastyBites09', 'verified_identity': {}}",{},,,"{'ads_only_profile_site': None, 'blocked_by_me': False, 'domain_url': None, 'domain_verified': False, 'explicitly_followed_by_me': False, 'first_name': 'Anne', 'followed_by_me': False, 'follower_count': 349, 'full_name': 'Anne Messinger', 'id': '1337212297807736', 'image_medium_url': 'https://i.pinimg.com/75x75_RS/f6/b4/f9/f6b4f924d76a017588c60d25a114504b.jpg', 'image_small_url': 'https://i.pinimg.com/30x30_RS/f6/b4/f9/f6b4f924d76a017588c60d25a114504b.jpg', 'indexed': True, 'instagram_data': None, 'is_ads_only_profile': False, 'is_default_image': False, 'is_verified_merchant': False, 'type': 'user', 'username': 'neab153', 'verified_identity': {}}",USD,0,public,,,False,,12,{'1': 12},1224,1702,,Pin on Soups/Stews,9,False,[],True,False,,,,2849518894409513088,,🍲 Rustic Tuscan Chicken Soup | A Bowl of Cozy Italian Comfort,pin,{},,https://sites.google.com/view/tasty-bites-rustic-soup/home?utm_source=Pinterest&utm_medium=organic,"{'ads_only_profile_site': None, 'blocked_by_me': False, 'domain_url': 'www.sweetgrassjewelry.com', 'domain_verified': False, 'explicitly_followed_by_me': False, 'first_name': 'Rebecca', 'followed_by_me': False, 'follower_count': 1611, 'full_name': 'Rebecca Chandler', 'id': '1689056018695823', 'image_medium_url': 'https://i.pinimg.com/75x75_RS/bf/6a/91/bf6a91ab890386c4cbcf0e4d4690ed40.jpg', 'image_small_url': 'https://i.pinimg.com/30x30_RS/bf/6a/91/bf6a91ab890386c4cbcf0e4d4690ed40.jpg', 'indexed': True, 'instagram_data': None, 'is_ads_only_profile': False, 'is_default_image': False, 'is_verified_merchant': False, 'type': 'user', 'username': 'becca42ri', 'verified_identity': {}}",,,,,,
[],,,"{'aggregated_stats': {'done': 0, 'saves': 1375}, 'comment_count': 0, 'creator_analytics': None, 'did_it_data': {'details_count': 0, 'images_count': 0, 'rating': -1, 'recommend_scores': [{'count': 0, 'score': 1}, {'count': 0, 'score': 0.5}, {'count': 0, 'score': 0}], 'recommended_count': 0, 'responses_count': 0, 'tags': [], 'type': 'aggregateddiditdata', 'user_count': 0, 'videos_count': 0}, 'id': '5390585494599956302', 'is_shop_the_look': False, 'is_stela': False}",[],,,,,,,"These spicy chicken noodles are so easy to make, saucy, subtly sweet with hints of peanut butter and completely gluten free. They're ready to eat in under 45 minutes and perfect for a simple weeknight dinner.",0,{},{},"Sun, 09 Feb 2025 23:35:55 +0000",,,,Spicy Peanut Chicken Noodles,[],,eatwithclarity.com,#d0965a,False,,Spicy Peanut Chicken Noodles,False,[],[],142918988169891474,f4a98c7041c52e7f655e5cc57b4b4f2f,False,True,False,False,False,False,False,https://eatwithclarity.com/spicy-peanut-chicken-noodles/,1,,extension,,,,{},,,"{'ads_only_profile_site': None, 'blocked_by_me': False, 'domain_url': None, 'domain_verified': False, 'explicitly_followed_by_me': False, 'first_name': 'Emma Dale', 'followed_by_me': False, 'follower_count': 159, 'full_name': 'Emma Dale', 'id': '142919125583266233', 'image_medium_url': 'https://i.pinimg.com/75x75_RS/1d/fb/4d/1dfb4d3ff41149b183ae1c4d9385c81c.jpg', 'image_small_url': 'https://i.pinimg.com/30x30_RS/1d/fb/4d/1dfb4d3ff41149b183ae1c4d9385c81c.jpg', 'indexed': False, 'instagram_data': None, 'is_ads_only_profile': False, 'is_default_image': False, 'is_verified_merchant': False, 'type': 'user', 'username': 'emmaloudi', 'verified_identity': {}}",USD,0,public,,,False,,6,{'1': 6},403,1375,,Pin on to eat,14,False,[],False,False,,,,,,,pin,{},,https://eatwithclarity.com/spicy-peanut-chicken-noodles/?utm_source=Pinterest&utm_medium=organic,,,,,,True,
[],,,"{'aggregated_stats': {'done': 4, 'saves': 13938}, 'comment_count': 12, 'creator_analytics': None, 'did_it_data': {'details_count': 4, 'images_count': 4, 'rating': -1, 'recommend_scores': [{'count': 0, 'score': 1}, {'count': 0, 'score': 0.5}, {'count': 0, 'score': 0}], 'recommended_count': 4, 'responses_count': 0, 'tags': [], 'type': 'aggregateddiditdata', 'user_count': 4, 'videos_count': 0}, 'id': '5181346850896131805', 'is_shop_the_look': False, 'is_stela': False}",[],,,,,,,"20 minutes or less is all it takes to make this bright garlic shrimp pasta recipe! Prepared Mediterranean-style with garlic, onions, white wine, and lemon juice, it is like fine dining at home! Tips and video included.",12,{},{},"Wed, 11 Aug 2021 17:55:10 +0000",,,,"20 minutes or less is all it takes to make this bright garlic shrimp pasta recipe! Prepared Mediterranean-style with garlic, onions, white wine, and lemon juice, it is like fine dining at home! Tips and video included.",[],,themediterraneandish.com,#a47449,False,,,False,[],[],159244536815271117,aea43c1ee863ba5c9b6dd2dc1dc73164,False,True,False,False,False,False,False,https://www.themediterraneandish.com/shrimp-pasta-recipe/,1,,extension,,,,{},,,"{'ads_only_profile_site': None, 'blocked_by_me': False, 'domain_url': None, 'domain_verified': False, 'explicitly_followed_by_me': False, 'first_name': 'Anne', 'followed_by_me': False, 'follower_count': 866, 'full_name': 'Anne Lee', 'id': '159244674232484643', 'image_medium_url': 'https://i.pinimg.com/75x75_RS/d4/22/df/d422df7896cd0015e1d03f409a013606.jpg', 'image_small_url': 'https://i.pinimg.com/30x30_RS/d4/22/df/d422df7896cd0015e1d03f409a013606.jpg', 'indexed': True, 'instagram_data': None, 'is_ads_only_profile': False, 'is_default_image': False, 'is_verified_merchant': False, 'type': 'user', 'username': 'weezie78', 'verified_identity': {}}",USD,0,public,,,False,,34,{'1': 34},229,13938,"{'id': '5286179129094356595', 'node_id': 'Qm9hcmRTZWN0aW9uOjUyODYxNzkxMjkwOTQzNTY1OTU=', 'slug': 'lunchdinner', 'title': 'Lunch/Dinner'}",Pin on Mediterranean,20,False,[],False,False,,,,,,,pin,{},,https://www.themediterraneandish.com/shrimp-pasta-recipe/?utm_source=Pinterest&utm_medium=organic,,,,,,,
[],,,"{'aggregated_stats': {'done': 0, 'saves': 2333}, 'comment_count': 1, 'creator_analytics': None, 'did_it_data': {'details_count': 0, 'images_count': 0, 'rating': -1, 'recommend_scores': [{'count': 0, 'score': 1}, {'count': 0, 'score': 0.5}, {'count': 0, 'score': 0}], 'recommended_count': 0, 'responses_count': 0, 'tags': [], 'type': 'aggregateddiditdata', 'user_count': 0, 'videos_count': 0}, 'id': '5453486469660336709', 'is_shop_the_look': False, 'is_stela': False}",[],Ready to serve Chicken Biryani ,,,,,,"Layered chicken, saffron rice & crispy onions — this chicken biryani is flavor in every bite! | indian rice dish | biryani recipe | pipingpotcurry.com",1,{},{},"Sat, 20 Sep 2025 20:28:56 +0000",,,,"Layered chicken, saffron rice & crispy onions — this chicken biryani is flavor in every bite! | indian rice dish | biryani recipe | pipingpotcurry.com",[],,pipingpotcurry.com,#c38518,False,,Tender Chicken & Fluffy Rice Biryani,False,[],[],178666310214350358,0ff47a9564a7673195211ea2a8fbecc0,True,True,False,False,False,False,False,https://pipingpotcurry.com/chicken-biryani/,1,,pinterest_platform,,"{'ads_only_profile_site': None, 'blocked_by_me': False, 'domain_url': 'pipingpotcurry.com', 'domain_verified': True, 'explicitly_followed_by_me': False, 'first_name': 'Piping Pot Curry', 'followed_by_me': False, 'follower_count': 68638, 'full_name': 'Piping Pot Curry', 'id': '787567190994869931', 'image_medium_url': 'https://i.pinimg.com/75x75_RS/08/d8/40/08d8404fa1f5331e5b07d5ad8db697de.jpg', 'image_small_url': 'https://i.pinimg.com/30x30_RS/08/d8/40/08d8404fa1f5331e5b07d5ad8db697de.jpg', 'indexed': True, 'instagram_data': {'has_invalid_instagram_auth': False, 'url': 'https://www.instagram.com/pipingpotcurry', 'username': 'pipingpotcurry'}, 'is_ads_only_profile': False, 'is_default_image': False, 'is_verified_merchant': False, 'type': 'user', 'username': 'pipingpotcurry', 'verified_identity': {'verified': True}}",,{},,,"{'ads_only_profile_site': None, 'blocked_by_me': False, 'domain_url': 'pipingpotcurry.com', 'domain_verified': True, 'explicitly_followed_by_me': False, 'first_name': 'Piping Pot Curry', 'followed_by_me': False, 'follower_count': 68638, 'full_name': 'Piping Pot Curry', 'id': '787567190994869931', 'image_medium_url': 'https://i.pinimg.com/75x75_RS/08/d8/40/08d8404fa1f5331e5b07d5ad8db697de.jpg', 'image_small_url': 'https://i.pinimg.com/30x30_RS/08/d8/40/08d8404fa1f5331e5b07d5ad8db697de.jpg', 'indexed': True, 'instagram_data': {'has_invalid_instagram_auth': False, 'url': 'https://www.instagram.com/pipingpotcurry', 'username': 'pipingpotcurry'}, 'is_ads_only_profile': False, 'is_default_image': False, 'is_verified_merchant': False, 'type': 'user', 'username': 'pipingpotcurry', 'verified_identity': {'verified': True}}",USD,0,public,,,False,,23,{'1': 23},491,2333,,Pin on Best Gluten Free Recipes,30,False,[],False,False,,,,2817503618097253952,,Tender Chicken & Fluffy Rice Biryani,pin,{},,https://pipingpotcurry.com/chicken-biryani/?utm_source=Pinterest&utm_medium=organic,,,,,,,
[],,,"{'aggregated_stats': {'done': 0, 'saves': 2518}, 'comment_count': 0, 'creator_analytics': None, 'did_it_data': {'details_count': 0, 'images_count': 0, 'rating': -1, 'recommend_scores': [{'count': 0, 'score': 1}, {'count': 0, 'score': 0.5}, {'count': 0, 'score': 0}], 'recommended_count': 0, 'responses_count': 0, 'tags': [], 'type': 'aggregateddiditdata', 'user_count': 0, 'videos_count': 0}, 'id': '5101929860404660490', 'is_shop_the_look': False, 'is_stela': False}",[],,,,,,"{'ads_only_profile_site': None, 'blocked_by_me': False, 'domain_url': 'www.obesityhelp.com', 'domain_verified': True, 'explicitly_followed_by_me': False, 'first_name': 'ObesityHelp', 'followed_by_me': False, 'follower_count': 14033, 'full_name': 'ObesityHelp', 'id': '215469300830440230', 'image_medium_url': 'https://i.pinimg.com/75x75_RS/3f/98/00/3f98008b46eef783b58c3a04cecef4af.jpg', 'image_small_url': 'https://i.pinimg.com/30x30_RS/3f/98/00/3f98008b46eef783b58c3a04cecef4af.jpg', 'indexed': True, 'instagram_data': None, 'is_ads_only_profile': False, 'is_default_image': False, 'is_verified_merchant': False, 'node_id': 'VXNlcjoyMTU0NjkzMDA4MzA0NDAyMzA=', 'type': 'user', 'username': 'obesityhelp', 'verified_identity': {}}","This Chicken Salad Cucumber Bites recipe makes for a great low-carb snack option! It is easy-to-make, tasty, and refreshing.",0,{},{},"Thu, 21 Jan 2021 23:35:53 +0000",,,,Chicken Salad Cucumber Bites Recipe : ObesityHelp,[],,obesityhelp.com,#a8a69e,False,,Chicken Salad Cucumber Bites Recipe,False,[],[],194428908902854381,aee0f28308c3bdfa14ad08007be8ef5b,False,True,False,False,False,False,False,https://www.obesityhelp.com/articles/chicken-salad-cucumber-bites-recipe/,1,,in_app_browser,,,,{},,,"{'ads_only_profile_site': None, 'blocked_by_me': False, 'domain_url': None, 'domain_verified': False, 'explicitly_followed_by_me': False, 'first_name': 'Bobbie', 'followed_by_me': False, 'follower_count': 208, 'full_name': 'Bobbie Walls', 'id': '194429046321316552', 'image_medium_url': 'https://i.pinimg.com/75x75_RS/88/66/bb/8866bbbfed8022058b3a7e828ab1946f.jpg', 'image_small_url': 'https://i.pinimg.com/30x30_RS/88/66/bb/8866bbbfed8022058b3a7e828ab1946f.jpg', 'indexed': True, 'instagram_data': None, 'is_ads_only_profile': False, 'is_default_image': False, 'is_verified_merchant': False, 'type': 'user', 'username': 'bobbie1954', 'verified_identity': {}}",USD,0,public,,,False,,0,{},6,2518,,Pin on low carbohydrate,0,False,[],False,False,,,,,,,pin,{},,https://www.obesityhelp.com/articles/chicken-salad-cucumber-bites-recipe/?utm_source=Pinterest&utm_medium=organic,,,,,,,
[],,,"{'aggregated_stats': {'done': 0, 'saves': 9536}, 'comment_count': 1, 'creator_analytics': None, 'did_it_data': {'details_count': 0, 'images_count': 0, 'rating': -1, 'recommend_scores': [{'count': 0, 'score': 1}, {'count': 0, 'score': 0.5}, {'count': 0, 'score': 0}], 'recommended_count': 0, 'responses_count': 0, 'tags': [], 'type': 'aggregateddiditdata', 'user_count': 0, 'videos_count': 0}, 'id': '5387211642213820395', 'is_shop_the_look': False, 'is_stela': False}",[],,,,,,"{'ads_only_profile_site': None, 'blocked_by_me': False, 'domain_url': 'www.eightdollarjewelryshop.com', 'domain_verified': True, 'explicitly_followed_by_me': False, 'first_name': 'Shimmer and Sparkle LLC', 'followed_by_me': False, 'follower_count': 14577, 'full_name': 'Shimmer and Sparkle LLC', 'id': '200480758320598237', 'image_medium_url': 'https://i.pinimg.com/75x75_RS/be/bb/6c/bebb6cc3776eb16308dc9b12b8fe342e.jpg', 'image_small_url': 'https://i.pinimg.com/30x30_RS/be/bb/6c/bebb6cc3776eb16308dc9b12b8fe342e.jpg', 'indexed': True, 'instagram_data': None, 'is_ads_only_profile': False, 'is_default_image': False, 'is_verified_merchant': True, 'node_id': 'VXNlcjoyMDA0ODA3NTgzMjA1OTgyMzc=', 'type': 'user', 'username': 'paparazzigirly', 'verified_identity': {}}","Nov 18, 2023 - All your favorite flavors of a delicious caramel apple are in this easy to make apple cinnamon puppy chow drizzled with hot carmel. It's so addicting, it's going to be your new favorite fall snack! I'm",1,{},{},"Fri, 20 Sep 2024 02:03:55 +0000",,,,"Nov 18, 2023 - All your favorite flavors of a delicious caramel apple are in this easy to make apple cinnamon puppy chow drizzled with hot carmel. It's so addicting, it's going to be your new favorite fall snack! I'm",[],,deliciouslysprinkled.com,#aa924f,False,,"Caramel Apple Puppy Chow | Puppy chow recipes, Chex mix recipes, Puppy chow snack mix",False,[],[],200480620906022583,3c206281317591c952322e506ac07fb1,True,True,False,False,False,False,False,https://deliciouslysprinkled.com/caramel-apple-puppy-chow/,1,,pinterest_platform,,"{'ads_only_profile_site': None, 'blocked_by_me': False, 'domain_url': 'www.eightdollarjewelryshop.com', 'domain_verified': True, 'explicitly_followed_by_me': False, 'first_name': 'Shimmer and Sparkle LLC', 'followed_by_me': False, 'follower_count': 14577, 'full_name': 'Shimmer and Sparkle LLC', 'id': '200480758320598237', 'image_medium_url': 'https://i.pinimg.com/75x75_RS/be/bb/6c/bebb6cc3776eb16308dc9b12b8fe342e.jpg', 'image_small_url': 'https://i.pinimg.com/30x30_RS/be/bb/6c/bebb6cc3776eb16308dc9b12b8fe342e.jpg', 'indexed': True, 'instagram_data': None, 'is_ads_only_profile': False, 'is_default_image': False, 'is_verified_merchant': True, 'type': 'user', 'username': 'paparazzigirly', 'verified_identity': {}}",,{},,,"{'ads_only_profile_site': None, 'blocked_by_me': False, 'domain_url': 'www.eightdollarjewelryshop.com', 'domain_verified': True, 'explicitly_followed_by_me': False, 'first_name': 'Shimmer and Sparkle LLC', 'followed_by_me': False, 'follower_count': 14577, 'full_name': 'Shimmer and Sparkle LLC', 'id': '200480758320598237', 'image_medium_url': 'https://i.pinimg.com/75x75_RS/be/bb/6c/bebb6cc3776eb16308dc9b12b8fe342e.jpg', 'image_small_url': 'https://i.pinimg.com/30x30_RS/be/bb/6c/bebb6cc3776eb16308dc9b12b8fe342e.jpg', 'indexed': True, 'instagram_data': None, 'is_ads_only_profile': False, 'is_default_image': False, 'is_verified_merchant': True, 'type': 'user', 'username': 'paparazzigirly', 'verified_identity': {}}",USD,0,public,,,False,,107,{'1': 107},379,9536,,Pin on Dessert,26,False,[],False,False,,,,5387211686354664189,,"Caramel Apple Puppy Chow | Puppy chow recipes, Chex mix recipes, Puppy chow snack mix",pin,{},,https://deliciouslysprinkled.com/caramel-apple-puppy-chow/?utm_source=Pinterest&utm_medium=organic,,,,,,,
[],,,"{'aggregated_stats': {'done': 0, 'saves': 8}, 'comment_count': 0, 'creator_analytics': None, 'did_it_data': {'details_count': 0, 'images_count': 0, 'rating': -1, 'recommend_scores': [{'count': 0, 'score': 1}, {'count': 0, 'score': 0.5}, {'count': 0, 'score': 0}], 'recommended_count': 0, 'responses_count': 0, 'tags': [], 'type': 'aggregateddiditdata', 'user_count': 0, 'videos_count': 0}, 'id': '3516193054212783104', 'is_shop_the_look': False, 'is_stela': False}",[],,,,,,"{'ads_only_profile_site': None, 'blocked_by_me': False, 'domain_url': 'www.dinnerideasforall.com', 'domain_verified': True, 'explicitly_followed_by_me': False, 'first_name': 'Dinner Ideas For All | Family & Party Recipes', 'followed_by_me': False, 'follower_count': 658, 'full_name': 'Dinner Ideas For All | Family & Party Recipes', 'id': '1136948005837217853', 'image_medium_url': 'https://i.pinimg.com/75x75_RS/87/b3/06/87b3068f4dbb96d7168341ee655341fc.jpg', 'image_small_url': 'https://i.pinimg.com/30x30_RS/87/b3/06/87b3068f4dbb96d7168341ee655341fc.jpg', 'indexed': True, 'instagram_data': None, 'is_ads_only_profile': False, 'is_default_image': False, 'is_verified_merchant': False, 'node_id': 'VXNlcjoxMTM2OTQ4MDA1ODM3MjE3ODUz', 'type': 'user', 'username': 'dinnerideasforall', 'verified_identity': {}}",Pizza on the Blackstone is a total game-changer! The griddle creates crispy crust that rivals pizza ovens. Make personal pies with everyone's favorite toppings. Outdoor pizza night without the expensive equipment!,0,{},{},"Tue, 02 Jun 2026 01:56:13 +0000",,,,Pizza on the Blackstone is a total game-changer! The griddle creates crispy crust that rivals pizza ovens. Make personal pies with everyone's favorite toppings. Outdoor pizza night without the expensive equipment!,[],,dinnerideasforall.com,#c4a06d,False,,Pizza on a Blackstone Griddle (Crispy Personal Pies),False,[],[],212654413652882470,082ec562266abc23feb837599f9a5d17,True,True,False,False,False,True,False,https://dinnerideasforall.com/pizza-on-a-blackstone-griddle/,1,,pin_scheduling,,"{'ads_only_profile_site': None, 'blocked_by_me': False, 'domain_url': 'www.dinnerideasforall.com', 'domain_verified': True, 'explicitly_followed_by_me': False, 'first_name': 'Dinner Ideas For All | Family & Party Recipes', 'followed_by_me': False, 'follower_count': 658, 'full_name': 'Dinner Ideas For All | Family & Party Recipes', 'id': '1136948005837217853', 'image_medium_url': 'https://i.pinimg.com/75x75_RS/87/b3/06/87b3068f4dbb96d7168341ee655341fc.jpg', 'image_small_url': 'https://i.pinimg.com/30x30_RS/87/b3/06/87b3068f4dbb96d7168341ee655341fc.jpg', 'indexed': True, 'instagram_data': None, 'is_ads_only_profile': False, 'is_default_image': False, 'is_verified_merchant': False, 'type': 'user', 'username': 'dinnerideasforall', 'verified_identity': {}}","{'ads_only_profile_site': None, 'blocked_by_me': False, 'domain_url': 'www.dinnerideasforall.com', 'domain_verified': True, 'explicitly_followed_by_me': False, 'first_name': 'Dinner Ideas For All | Family & Party Recipes', 'followed_by_me': False, 'follower_count': 658, 'full_name': 'Dinner Ideas For All | Family & Party Recipes', 'id': '1136948005837217853', 'image_medium_url': 'https://i.pinimg.com/75x75_RS/87/b3/06/87b3068f4dbb96d7168341ee655341fc.jpg', 'image_small_url': 'https://i.pinimg.com/30x30_RS/87/b3/06/87b3068f4dbb96d7168341ee655341fc.jpg', 'indexed': True, 'instagram_data': None, 'is_ads_only_profile': False, 'is_default_image': False, 'is_verified_merchant': False, 'node_id': 'VXNlcjoxMTM2OTQ4MDA1ODM3MjE3ODUz', 'type': 'user', 'username': 'dinnerideasforall', 'verified_identity': {}}",{},,,"{'ads_only_profile_site': None, 'blocked_by_me': False, 'domain_url': None, 'domain_verified': False, 'explicitly_followed_by_me': False, 'first_name': 'Terri', 'followed_by_me': False, 'follower_count': 209, 'full_name': 'Terri Vagasky', 'id': '212654551063333609', 'image_medium_url': 'https://i.pinimg.com/75x75_RS/13/c7/f3/13c7f3e0d15d68a1d5e08d5127d52fe9.jpg', 'image_small_url': 'https://i.pinimg.com/30x30_RS/13/c7/f3/13c7f3e0d15d68a1d5e08d5127d52fe9.jpg', 'indexed': True, 'instagram_data': None, 'is_ads_only_profile': False, 'is_default_image': False, 'is_verified_merchant': False, 'type': 'user', 'username': 'tvagasky', 'verified_identity': {}}",USD,0,public,,,False,,0,{},4,8,,Pin on Flat Iron Griddle,0,False,[],False,False,,,,3516193040823850816,,Pizza on a Blackstone Griddle (Crispy Personal Pies),pin,{},,https://dinnerideasforall.com/pizza-on-a-blackstone-griddle/?utm_source=Pinterest&utm_medium=organic,"{'ads_only_profile_site': None, 'blocked_by_me': False, 'domain_url': 'www.dinnerideasforall.com', 'domain_verified': True, 'explicitly_followed_by_me': False, 'first_name': 'Dinner Ideas For All | Family & Party Recipes', 'followed_by_me': False, 'follower_count': 658, 'full_name': 'Dinner Ideas For All | Family & Party Recipes', 'id': '1136948005837217853', 'image_medium_url': 'https://i.pinimg.com/75x75_RS/87/b3/06/87b3068f4dbb96d7168341ee655341fc.jpg', 'image_small_url': 'https://i.pinimg.com/30x30_RS/87/b3/06/87b3068f4dbb96d7168341ee655341fc.jpg', 'indexed': True, 'instagram_data': None, 'is_ads_only_profile': False, 'is_default_image': False, 'is_verified_merchant': False, 'type': 'user', 'username': 'dinnerideasforall', 'verified_identity': {}}",,,,,,
[],,,"{'aggregated_stats': {'done': 0, 'saves': 2055}, 'comment_count': 0, 'creator_analytics': None, 'did_it_data': {'details_count': 0, 'images_count': 0, 'rating': -1, 'recommend_scores': [{'count': 0, 'score': 1}, {'count': 0, 'score': 0.5}, {'count': 0, 'score': 0}], 'recommended_count': 0, 'responses_count': 0, 'tags': [], 'type': 'aggregateddiditdata', 'user_count': 0, 'videos_count': 0}, 'id': '5113158312008928373', 'is_shop_the_look': False, 'is_stela': False}",[],,,,,,"{'ads_only_profile_site': None, 'blocked_by_me': False, 'domain_url': 'laughingspatula.com', 'domain_verified': True, 'explicitly_followed_by_me': False, 'first_name': 'LaughingSpatula - Easy and Delicious Meals in Minutes.', 'followed_by_me': False, 'follower_count': 70113, 'full_name': 'LaughingSpatula - Easy and Delicious Meals in Minutes.', 'id': '371828650393223017', 'image_medium_url': 'https://i.pinimg.com/75x75_RS/2d/1d/bc/2d1dbc686ae0fedcd5b83b08d9cdf799.jpg', 'image_small_url': 'https://i.pinimg.com/30x30_RS/2d/1d/bc/2d1dbc686ae0fedcd5b83b08d9cdf799.jpg', 'indexed': False, 'instagram_data': None, 'is_ads_only_profile': False, 'is_default_image': False, 'is_verified_merchant': False, 'node_id': 'VXNlcjozNzE4Mjg2NTAzOTMyMjMwMTc=', 'type': 'user', 'username': 'laughingspatula', 'verified_identity': {}}",A quick and easy dinner that's healthy and delicious! Yogurt based dill sauce is so bright and fresh- your family will love you for this one.,0,{},{},"Thu, 30 Jul 2020 14:25:19 +0000",,,,A quick and easy dinner that's healthy and delicious! Yogurt based dill sauce is so bright and fresh- your family will love you for this one.,[],,laughingspatula.com,#dcb7ab,False,,,False,[],[],217650594481813521,bf3ef2e398dcf61b212b824bb9018347,False,True,False,False,False,False,False,https://laughingspatula.com/baked-salmon-with-lemon-dill-sauce/,1,,button,,"{'ads_only_profile_site': None, 'blocked_by_me': False, 'domain_url': 'laughingspatula.com', 'domain_verified': True, 'explicitly_followed_by_me': False, 'first_name': 'LaughingSpatula - Easy and Delicious Meals in Minutes.', 'followed_by_me': False, 'follower_count': 70113, 'full_name': 'LaughingSpatula - Easy and Delicious Meals in Minutes.', 'id': '371828650393223017', 'image_medium_url': 'https://i.pinimg.com/75x75_RS/2d/1d/bc/2d1dbc686ae0fedcd5b83b08d9cdf799.jpg', 'image_small_url': 'https://i.pinimg.com/30x30_RS/2d/1d/bc/2d1dbc686ae0fedcd5b83b08d9cdf799.jpg', 'indexed': False, 'instagram_data': None, 'is_ads_only_profile': False, 'is_default_image': False, 'is_verified_merchant': False, 'type': 'user', 'username': 'laughingspatula', 'verified_identity': {}}",,{},,,"{'ads_only_profile_site': None, 'blocked_by_me': False, 'domain_url': 'laughingspatula.com', 'domain_verified': True, 'explicitly_followed_by_me': False, 'first_name': 'LaughingSpatula - Easy and Delicious Meals in Minutes.', 'followed_by_me': False, 'follower_count': 70113, 'full_name': 'LaughingSpatula - Easy and Delicious Meals in Minutes.', 'id': '371828650393223017', 'image_medium_url': 'https://i.pinimg.com/75x75_RS/2d/1d/bc/2d1dbc686ae0fedcd5b83b08d9cdf799.jpg', 'image_small_url': 'https://i.pinimg.com/30x30_RS/2d/1d/bc/2d1dbc686ae0fedcd5b83b08d9cdf799.jpg', 'indexed': False, 'instagram_data': None, 'is_ads_only_profile': False, 'is_default_image': False, 'is_verified_merchant': False, 'type': 'user', 'username': 'laughingspatula', 'verified_identity': {}}",USD,0,public,,,False,,1,{'1': 1},5,2055,,Pin on ~ Pinterest Magazine ~,0,False,[],False,False,,,,,,,pin,{},,https://laughingspatula.com/baked-salmon-with-lemon-dill-sauce/?utm_source=Pinterest&utm_medium=organic,,,,,,,
[],,,"{'aggregated_stats': {'done': 0, 'saves': 24}, 'comment_count': 0, 'creator_analytics': None, 'did_it_data': {'details_count': 0, 'images_count': 0, 'rating': -1, 'recommend_scores': [{'count': 0, 'score': 1}, {'count': 0, 'score': 0.5}, {'count': 0, 'score': 0}], 'recommended_count': 0, 'responses_count': 0, 'tags': [], 'type': 'aggregateddiditdata', 'user_count': 0, 'videos_count': 0}, 'id': '5045704305735148545', 'is_shop_the_look': False, 'is_stela': False}",[],,,,,,,"Chicken Teriyaki Quinoa Bowl -- a quick, easy, and healthy recipe for lunch or dinner! Plus, it's so easy to mix up with different vegetables, proteins, etc. Enjoy! :)",0,{},{},"Wed, 24 Jul 2019 07:47:27 +0000",,,,"Chicken Teriyaki Quinoa Bowl -- a quick, easy, and healthy recipe for lunch or dinner! Plus, it's so easy to mix up with different vegetables, proteins, etc. Enjoy! :)",[],,pinterest.com,#cdcac5,False,,"260 Recipes ideas | recipes, cooking recipes, healthy recipes",False,[],[],22306960641720610,3f0399438114727cd705c237b9d91298,False,True,False,False,False,False,False,https://www.pinterest.com/mhrmasum/recipes/,1,,scraped,,,,{},,,"{'ads_only_profile_site': None, 'blocked_by_me': False, 'domain_url': 'mhrmasum.info', 'domain_verified': True, 'explicitly_followed_by_me': False, 'first_name': 'Mohammad Harunur Rashid', 'followed_by_me': False, 'follower_count': 3896, 'full_name': 'Mohammad Harunur Rashid', 'id': '22307098062753118', 'image_medium_url': 'https://i.pinimg.com/75x75_RS/de/45/6a/de456a5a42b17072c3ea50e69978d176.jpg', 'image_small_url': 'https://i.pinimg.com/30x30_RS/de/45/6a/de456a5a42b17072c3ea50e69978d176.jpg', 'indexed': False, 'instagram_data': None, 'is_ads_only_profile': False, 'is_default_image': False, 'is_verified_merchant': False, 'type': 'user', 'username': 'mhrmasum', 'verified_identity': {}}",USD,0,public,,,False,,0,{},11,24,,Pin on Recipes,1,False,[],False,False,,,,,,,pin,{},,https://www.pinterest.com/mhrmasum/recipes/?utm_source=Pinterest&utm_medium=organic,,,,,,,
[],,,"{'aggregated_stats': {'done': 1, 'saves': 11597}, 'comment_count': 10, 'creator_analytics': None, 'did_it_data': {'details_count': 1, 'images_count': 1, 'rating': -1, 'recommend_scores': [{'count': 0, 'score': 1}, {'count': 0, 'score': 0.5}, {'count': 0, 'score': 0}], 'recommended_count': 1, 'responses_count': 0, 'tags': [], 'type': 'aggregateddiditdata', 'user_count': 1, 'videos_count': 0}, 'id': '5045073713666508529', 'is_shop_the_look': False, 'is_stela': False}",[],,,,,,,Barefoot Contessa's Raspberry Crumble Bars,10,{},{},"Sat, 20 Jul 2019 20:16:53 +0000",,,,Barefoot Contessa's Raspberry Crumble Bars,[],,barefootcontessa.com,#b27b54,False,,Barefoot Contessa's Raspberry Crumble Bars,False,[],[],230598443406823443,768bacd54ba39a201760896b26f7fa9e,True,True,False,False,False,True,False,https://barefootcontessa.com/recipes/raspberry-crumble-bars,2,,uploaded,,"{'ads_only_profile_site': None, 'blocked_by_me': False, 'domain_url': None, 'domain_verified': False, 'explicitly_followed_by_me': False, 'first_name': 'Sue', 'followed_by_me': False, 'follower_count': 30426, 'full_name': 'Sue B', 'id': '230598580828638398', 'image_medium_url': 'https://i.pinimg.com/75x75_RS/40/d4/74/40d474c7195ce92ebeb4e7210a1a487b.jpg', 'image_small_url': 'https://i.pinimg.com/30x30_RS/40/d4/74/40d474c7195ce92ebeb4e7210a1a487b.jpg', 'indexed': True, 'instagram_data': None, 'is_ads_only_profile': False, 'is_default_image': False, 'is_verified_merchant': False, 'type': 'user', 'username': 'irenesue', 'verified_identity': {}}","{'ads_only_profile_site': None, 'blocked_by_me': False, 'domain_url': None, 'domain_verified': False, 'explicitly_followed_by_me': False, 'first_name': 'Sue', 'followed_by_me': False, 'follower_count': 30426, 'full_name': 'Sue B', 'id': '230598580828638398', 'image_medium_url': 'https://i.pinimg.com/75x75_RS/40/d4/74/40d474c7195ce92ebeb4e7210a1a487b.jpg', 'image_small_url': 'https://i.pinimg.com/30x30_RS/40/d4/74/40d474c7195ce92ebeb4e7210a1a487b.jpg', 'indexed': True, 'instagram_data': None, 'is_ads_only_profile': False, 'is_default_image': False, 'is_verified_merchant': False, 'node_id': 'VXNlcjoyMzA1OTg1ODA4Mjg2MzgzOTg=', 'type': 'user', 'username': 'irenesue', 'verified_identity': {}}",{},,,"{'ads_only_profile_site': None, 'blocked_by_me': False, 'domain_url': None, 'domain_verified': False, 'explicitly_followed_by_me': False, 'first_name': 'Sue', 'followed_by_me': False, 'follower_count': 30426, 'full_name': 'Sue B', 'id': '230598580828638398', 'image_medium_url': 'https://i.pinimg.com/75x75_RS/40/d4/74/40d474c7195ce92ebeb4e7210a1a487b.jpg', 'image_small_url': 'https://i.pinimg.com/30x30_RS/40/d4/74/40d474c7195ce92ebeb4e7210a1a487b.jpg', 'indexed': True, 'instagram_data': None, 'is_ads_only_profile': False, 'is_default_image': False, 'is_verified_merchant': False, 'type': 'user', 'username': 'irenesue', 'verified_identity': {}}",USD,0,public,,,False,,14,{'1': 14},112,11597,,Pin on Brownies ❤ Bars,9,False,[],False,False,,,,,,Barefoot Contessa's Raspberry Crumble Bars,pin,{},,,"{'ads_only_profile_site': None, 'blocked_by_me': False, 'domain_url': None, 'domain_verified': False, 'explicitly_followed_by_me': False, 'first_name': 'Sue', 'followed_by_me': False, 'follower_count': 30426, 'full_name': 'Sue B', 'id': '230598580828638398', 'image_medium_url': 'https://i.pinimg.com/75x75_RS/40/d4/74/40d474c7195ce92ebeb4e7210a1a487b.jpg', 'image_small_url': 'https://i.pinimg.com/30x30_RS/40/d4/74/40d474c7195ce92ebeb4e7210a1a487b.jpg', 'indexed': True, 'instagram_data': None, 'is_ads_only_profile': False, 'is_default_image': False, 'is_verified_merchant': False, 'type': 'user', 'username': 'irenesue', 'verified_identity': {}}",,,,,,
[],,,"{'aggregated_stats': {'done': 0, 'saves': 5812}, 'comment_count': 2, 'creator_analytics': None, 'did_it_data': {'details_count': 0, 'images_count': 0, 'rating': -1, 'recommend_scores': [{'count': 0, 'score': 1}, {'count': 0, 'score': 0.5}, {'count': 0, 'score': 0}], 'recommended_count': 0, 'responses_count': 0, 'tags': [], 'type': 'aggregateddiditdata', 'user_count': 0, 'videos_count': 0}, 'id': '4805056079268431599', 'is_shop_the_look': False, 'is_stela': False}",[],,,,,,"{'ads_only_profile_site': None, 'blocked_by_me': False, 'domain_url': 'www.willcookforsmiles.com', 'domain_verified': True, 'explicitly_followed_by_me': False, 'first_name': 'Will Cook For Smiles | Recipes |  Tips | Home Cooking |', 'followed_by_me': False, 'follower_count': 525967, 'full_name': 'Will Cook For Smiles | Recipes |  Tips | Home Cooking |', 'id': '237916930223112282', 'image_medium_url': 'https://i.pinimg.com/75x75_RS/b5/9f/7b/b59f7bdcad716d7cdc8506f3ebbfcfaf.jpg', 'image_small_url': 'https://i.pinimg.com/30x30_RS/b5/9f/7b/b59f7bdcad716d7cdc8506f3ebbfcfaf.jpg', 'indexed': True, 'instagram_data': None, 'is_ads_only_profile': False, 'is_default_image': False, 'is_verified_merchant': False, 'node_id': 'VXNlcjoyMzc5MTY5MzAyMjMxMTIyODI=', 'type': 'user', 'username': 'willcook4smiles', 'verified_identity': {}}",Spinach Artichoke Hand Pies | from willcookforsmiles.com #snack #pie #spinach,2,{},{},"Mon, 22 Apr 2019 06:29:30 +0000",,,,Spinach Artichoke Hand Pies | from willcookforsmiles.com #snack #pie #spinach,[],,willcookforsmiles.com,#e9bf7a,False,,Spinach Artichoke Hand Pies,False,"['#snack', '#pie', '#spinach']",[],237916792801516354,b65b6d5fd58a22e9c6e90823832e27ac,False,True,False,False,False,False,False,http://www.willcookforsmiles.com/2015/10/spinach-artichoke-hand-pies.html,1,,martech,,"{'ads_only_profile_site': None, 'blocked_by_me': False, 'domain_url': 'www.willcookforsmiles.com', 'domain_verified': True, 'explicitly_followed_by_me': False, 'first_name': 'Will Cook For Smiles | Recipes |  Tips | Home Cooking |', 'followed_by_me': False, 'follower_count': 525967, 'full_name': 'Will Cook For Smiles | Recipes |  Tips | Home Cooking |', 'id': '237916930223112282', 'image_medium_url': 'https://i.pinimg.com/75x75_RS/b5/9f/7b/b59f7bdcad716d7cdc8506f3ebbfcfaf.jpg', 'image_small_url': 'https://i.pinimg.com/30x30_RS/b5/9f/7b/b59f7bdcad716d7cdc8506f3ebbfcfaf.jpg', 'indexed': True, 'instagram_data': None, 'is_ads_only_profile': False, 'is_default_image': False, 'is_verified_merchant': False, 'type': 'user', 'username': 'willcook4smiles', 'verified_identity': {}}",,{},,,"{'ads_only_profile_site': None, 'blocked_by_me': False, 'domain_url': 'www.willcookforsmiles.com', 'domain_verified': True, 'explicitly_followed_by_me': False, 'first_name': 'Will Cook For Smiles | Recipes |  Tips | Home Cooking |', 'followed_by_me': False, 'follower_count': 525967, 'full_name': 'Will Cook For Smiles | Recipes |  Tips | Home Cooking |', 'id': '237916930223112282', 'image_medium_url': 'https://i.pinimg.com/75x75_RS/b5/9f/7b/b59f7bdcad716d7cdc8506f3ebbfcfaf.jpg', 'image_small_url': 'https://i.pinimg.com/30x30_RS/b5/9f/7b/b59f7bdcad716d7cdc8506f3ebbfcfaf.jpg', 'indexed': True, 'instagram_data': None, 'is_ads_only_profile': False, 'is_default_image': False, 'is_verified_merchant': False, 'type': 'user', 'username': 'willcook4smiles', 'verified_identity': {}}",USD,0,public,,,False,,17,{'1': 17},1161,5812,,Pin on Appetizer and Snack Recipes,18,False,[],False,False,,,,,,,pin,{},,http://www.willcookforsmiles.com/2015/10/spinach-artichoke-hand-pies.html?utm_source=Pinterest&utm_medium=organic,,,,,,True,
[],,,"{'aggregated_stats': {'done': 0, 'saves': 19927}, 'comment_count': 1, 'creator_analytics': None, 'did_it_data': {'details_count': 0, 'images_count': 0, 'rating': -1, 'recommend_scores': [{'count': 0, 'score': 1}, {'count': 0, 'score': 0.5}, {'count': 0, 'score': 0}], 'recommended_count': 0, 'responses_count': 0, 'tags': [], 'type': 'aggregateddiditdata', 'user_count': 0, 'videos_count': 0}, 'id': '5411085149334991557', 'is_shop_the_look': False, 'is_stela': False}",[],,,,,,"{'ads_only_profile_site': None, 'blocked_by_me': False, 'domain_url': 'www.thehellohoneyblog.com', 'domain_verified': True, 'explicitly_followed_by_me': False, 'first_name': 'Britt Fullwood / Hello Honey', 'followed_by_me': False, 'follower_count': 12918, 'full_name': 'Britt Fullwood / Hello Honey', 'id': '182536728555290946', 'image_medium_url': 'https://i.pinimg.com/75x75_RS/f4/7f/fa/f47ffa638a86364650ad053ed1a5a351.jpg', 'image_small_url': 'https://i.pinimg.com/30x30_RS/f4/7f/fa/f47ffa638a86364650ad053ed1a5a351.jpg', 'indexed': True, 'instagram_data': None, 'is_ads_only_profile': False, 'is_default_image': False, 'is_verified_merchant': False, 'node_id': 'VXNlcjoxODI1MzY3Mjg1NTUyOTA5NDY=', 'type': 'user', 'username': 'brittfullwood', 'verified_identity': {}}","Where I'm from, these famously delicious cookies are referred to as Caramel Delites. I know all too well because not only are they my grandpa's favorite cookie, but I also happened to sell these bad boys back in the day. That's right, you're looking at a proud member of Girl Scout Troop #202 circa 1",1,{},{},"Wed, 29 Jan 2025 20:13:26 +0000",,,, ,[],,thehellohoneyblog.com,#b67e61,False,,samoa (caramel delite) rice krispie treats — Hello Honey,False,[],[],256705247506479390,c217441ce13b809391c62a063f8eb259,False,True,False,False,False,False,False,https://www.thehellohoneyblog.com/blog-1/2017/2/22/kpw6z0vfybgd5j7y4e0b9q0stfzzc6,1,,scraped,,,,{},,,"{'ads_only_profile_site': None, 'blocked_by_me': False, 'domain_url': None, 'domain_verified': False, 'explicitly_followed_by_me': False, 'first_name': 'Katy', 'followed_by_me': False, 'follower_count': 877, 'full_name': 'Katy S', 'id': '256705384918548539', 'image_medium_url': 'https://i.pinimg.com/75x75_RS/10/4d/16/104d1681a3e85bbf0b99ee18cb482480.jpg', 'image_small_url': 'https://i.pinimg.com/30x30_RS/10/4d/16/104d1681a3e85bbf0b99ee18cb482480.jpg', 'indexed': False, 'instagram_data': None, 'is_ads_only_profile': False, 'is_default_image': False, 'is_verified_merchant': False, 'type': 'user', 'username': 'kstets', 'verified_identity': {}}",USD,0,public,,,False,,112,{'1': 112},5178,19927,,Pin on Baking Ideas,218,False,[],False,False,,,,,,Samoa Rice Krispie Treats,pin,{},,https://www.thehellohoneyblog.com/blog-1/2017/2/22/kpw6z0vfybgd5j7y4e0b9q0stfzzc6?utm_source=Pinterest&utm_medium=organic,,,,,,,
[],,,"{'aggregated_stats': {'done': 0, 'saves': 4011}, 'comment_count': 4, 'creator_analytics': None, 'did_it_data': {'details_count': 0, 'images_count': 0, 'rating': -1, 'recommend_scores': [{'count': 0, 'score': 1}, {'count': 0, 'score': 0.5}, {'count': 0, 'score': 0}], 'recommended_count': 0, 'responses_count': 0, 'tags': [], 'type': 'aggregateddiditdata', 'user_count': 0, 'videos_count': 0}, 'id': '5202666448125745109', 'is_shop_the_look': False, 'is_stela': False}",[],,,,,,"{'ads_only_profile_site': None, 'blocked_by_me': False, 'domain_url': 'spaceshipsandlaserbeams.com', 'domain_verified': True, 'explicitly_followed_by_me': False, 'first_name': 'Spaceships and Laser Beams', 'followed_by_me': False, 'follower_count': 552924, 'full_name': 'Spaceships and Laser Beams', 'id': '180496034974138415', 'image_medium_url': 'https://i.pinimg.com/75x75_RS/7e/3f/f7/7e3ff7725fafb7699c5230265cccf290.jpg', 'image_small_url': 'https://i.pinimg.com/30x30_RS/7e/3f/f7/7e3ff7725fafb7699c5230265cccf290.jpg', 'indexed': True, 'instagram_data': None, 'is_ads_only_profile': False, 'is_default_image': False, 'is_verified_merchant': False, 'node_id': 'VXNlcjoxODA0OTYwMzQ5NzQxMzg0MTU=', 'type': 'user', 'username': 'spaceshipslb', 'verified_identity': {}}",Bang Bang Chicken,4,{},{},"Tue, 07 Dec 2021 17:46:25 +0000",,,,Bang Bang Chicken,[],,spaceshipsandlaserbeams.com,#f0a554,False,,,False,[],[],295056213097242813,b3ce5c86ccc1f472766191c722f2ea5e,False,True,False,False,False,False,False,https://spaceshipsandlaserbeams.com/bang-bang-chicken/,1,,button_external,,,,{},,,"{'ads_only_profile_site': None, 'blocked_by_me': False, 'domain_url': None, 'domain_verified': False, 'explicitly_followed_by_me': False, 'first_name': 'rose', 'followed_by_me': False, 'follower_count': 1542, 'full_name': 'rose beaver', 'id': '295056350495410667', 'image_medium_url': 'https://i.pinimg.com/75x75_RS/32/e8/e4/32e8e407bc20f26f0cfbb9a7e0f40e66.jpg', 'image_small_url': 'https://i.pinimg.com/30x30_RS/32/e8/e4/32e8e407bc20f26f0cfbb9a7e0f40e66.jpg', 'indexed': True, 'instagram_data': None, 'is_ads_only_profile': False, 'is_default_image': False, 'is_verified_merchant': False, 'type': 'user', 'username': 'rbeaver5259', 'verified_identity': {}}",USD,0,public,,,False,,4,{'1': 4},22,4011,,Pin on Christmas,4,False,[],False,False,,,,,,,pin,{},,https://spaceshipsandlaserbeams.com/bang-bang-chicken/?utm_source=Pinterest&utm_medium=organic,,,,,,,
[],,,"{'aggregated_stats': {'done': 0, 'saves': 2383}, 'comment_count': 2, 'creator_analytics': None, 'did_it_data': {'details_count': 0, 'images_count': 0, 'rating': -1, 'recommend_scores': [{'count': 0, 'score': 1}, {'count': 0, 'score': 0.5}, {'count': 0, 'score': 0}], 'recommended_count': 0, 'responses_count': 0, 'tags': [], 'type': 'aggregateddiditdata', 'user_count': 0, 'videos_count': 0}, 'id': '5372452395299170576', 'is_shop_the_look': False, 'is_stela': False}",[],Greek fries with tzatziki sauce.,,,,,"{'ads_only_profile_site': None, 'blocked_by_me': False, 'domain_url': 'www.downshiftology.com', 'domain_verified': True, 'explicitly_followed_by_me': False, 'first_name': 'Downshiftology | Easy Healthy Recipes & Dinner Ideas', 'followed_by_me': False, 'follower_count': 196930, 'full_name': 'Downshiftology | Easy Healthy Recipes & Dinner Ideas', 'id': '298715525192635999', 'image_medium_url': 'https://i.pinimg.com/75x75_RS/79/0c/be/790cbeb43ace2e745ca98eb16081b883.jpg', 'image_small_url': 'https://i.pinimg.com/30x30_RS/79/0c/be/790cbeb43ace2e745ca98eb16081b883.jpg', 'indexed': True, 'instagram_data': None, 'is_ads_only_profile': False, 'is_default_image': False, 'is_verified_merchant': False, 'node_id': 'VXNlcjoyOTg3MTU1MjUxOTI2MzU5OTk=', 'type': 'user', 'username': 'downshiftology', 'verified_identity': {'verified': True}}","Perfectly crispy and seasoned, these roasted Greek potato wedges (Greek fries) with feta and creamy tzatziki sauce always disappear fast as an appetizer or side dish! ",2,{},{},"Sun, 30 Jun 2024 15:07:57 +0000",,,,"Perfectly crispy and seasoned, these roasted Greek potato wedges (Greek fries) with feta and creamy tzatziki sauce always disappear fast as an appetizer or side dish! ",[],,downshiftology.com,#e0bf76,False,,Best Greek Fries (with Potato Wedges),False,[],[],298715387801763609,c36e5672bfb36c206286d4c55731d4ce,True,True,False,False,False,False,False,https://downshiftology.com/recipes/roasted-greek-potato-wedges-greek-fries/,1,,uploaded,,"{'ads_only_profile_site': None, 'blocked_by_me': False, 'domain_url': 'www.downshiftology.com', 'domain_verified': True, 'explicitly_followed_by_me': False, 'first_name': 'Downshiftology | Easy Healthy Recipes & Dinner Ideas', 'followed_by_me': False, 'follower_count': 196930, 'full_name': 'Downshiftology | Easy Healthy Recipes & Dinner Ideas', 'id': '298715525192635999', 'image_medium_url': 'https://i.pinimg.com/75x75_RS/79/0c/be/790cbeb43ace2e745ca98eb16081b883.jpg', 'image_small_url': 'https://i.pinimg.com/30x30_RS/79/0c/be/790cbeb43ace2e745ca98eb16081b883.jpg', 'indexed': True, 'instagram_data': None, 'is_ads_only_profile': False, 'is_default_image': False, 'is_verified_merchant': False, 'type': 'user', 'username': 'downshiftology', 'verified_identity': {'verified': True}}",,{},,,"{'ads_only_profile_site': None, 'blocked_by_me': False, 'domain_url': 'www.downshiftology.com', 'domain_verified': True, 'explicitly_followed_by_me': False, 'first_name': 'Downshiftology | Easy Healthy Recipes & Dinner Ideas', 'followed_by_me': False, 'follower_count': 196930, 'full_name': 'Downshiftology | Easy Healthy Recipes & Dinner Ideas', 'id': '298715525192635999', 'image_medium_url': 'https://i.pinimg.com/75x75_RS/79/0c/be/790cbeb43ace2e745ca98eb16081b883.jpg', 'image_small_url': 'https://i.pinimg.com/30x30_RS/79/0c/be/790cbeb43ace2e745ca98eb16081b883.jpg', 'indexed': True, 'instagram_data': None, 'is_ads_only_profile': False, 'is_default_image': False, 'is_verified_merchant': False, 'type': 'user', 'username': 'downshiftology', 'verified_identity': {'verified': True}}",USD,0,public,,,False,,11,{'1': 11},526,2383,,Pin on Side Dishes,26,False,[],False,False,,,,,,Best Greek Fries (with Potato Wedges),pin,{},,https://downshiftology.com/recipes/roasted-greek-potato-wedges-greek-fries/?utm_source=Pinterest&utm_medium=organic,,,,,,True,
[],,,"{'aggregated_stats': {'done': 5, 'saves': 19704}, 'comment_count': 49, 'creator_analytics': None, 'did_it_data': {'details_count': 5, 'images_count': 5, 'rating': -1, 'recommend_scores': [{'count': 0, 'score': 1}, {'count': 0, 'score': 0.5}, {'count': 0, 'score': 0}], 'recommended_count': 5, 'responses_count': 0, 'tags': [], 'type': 'aggregateddiditdata', 'user_count': 5, 'videos_count': 0}, 'id': '5261394617858840050', 'is_shop_the_look': False, 'is_stela': False}",[],,,,,,"{'ads_only_profile_site': None, 'blocked_by_me': False, 'domain_url': 'www.lovefromtheoven.com', 'domain_verified': True, 'explicitly_followed_by_me': False, 'first_name': 'Christi | Love From The Oven', 'followed_by_me': False, 'follower_count': 194864, 'full_name': 'Christi | Love From The Oven', 'id': '17944235923734568', 'image_medium_url': 'https://i.pinimg.com/75x75_RS/30/13/89/3013892c03cf6f040d4fde806daa0da0.jpg', 'image_small_url': 'https://i.pinimg.com/30x30_RS/30/13/89/3013892c03cf6f040d4fde806daa0da0.jpg', 'indexed': True, 'instagram_data': None, 'is_ads_only_profile': False, 'is_default_image': False, 'is_verified_merchant': False, 'node_id': 'VXNlcjoxNzk0NDIzNTkyMzczNDU2OA==', 'type': 'user', 'username': 'lovefromtheoven', 'verified_identity': {}}","These copycat Costco Raspberry Crumble Cookies are sweet, tart, crumbly, and best of all, taste exactly like Costco’s!",49,{},{},"Wed, 26 Oct 2022 17:00:02 +0000",,,,"These copycat Costco Raspberry Crumble Cookies are sweet, tart, crumbly, and best of all, taste exactly like Costco’s!",[],,lovefromtheoven.com,#e9caa6,False,,Raspberry Crumble Cookies,False,[],[],30047522505752678,31a8afedd0833e7df641f5acc0631d78,True,True,False,False,False,False,False,https://www.lovefromtheoven.com/raspberry-crumble-cookies/,1,,pin_scheduling,,"{'ads_only_profile_site': None, 'blocked_by_me': False, 'domain_url': 'www.lovefromtheoven.com', 'domain_verified': True, 'explicitly_followed_by_me': False, 'first_name': 'Christi | Love From The Oven', 'followed_by_me': False, 'follower_count': 194864, 'full_name': 'Christi | Love From The Oven', 'id': '17944235923734568', 'image_medium_url': 'https://i.pinimg.com/75x75_RS/30/13/89/3013892c03cf6f040d4fde806daa0da0.jpg', 'image_small_url': 'https://i.pinimg.com/30x30_RS/30/13/89/3013892c03cf6f040d4fde806daa0da0.jpg', 'indexed': True, 'instagram_data': None, 'is_ads_only_profile': False, 'is_default_image': False, 'is_verified_merchant': False, 'type': 'user', 'username': 'lovefromtheoven', 'verified_identity': {}}",,{},,,"{'ads_only_profile_site': None, 'blocked_by_me': False, 'domain_url': 'www.lovefromtheoven.com', 'domain_verified': True, 'explicitly_followed_by_me': False, 'first_name': 'Christi | Love From The Oven', 'followed_by_me': False, 'follower_count': 194864, 'full_name': 'Christi | Love From The Oven', 'id': '17944235923734568', 'image_medium_url': 'https://i.pinimg.com/75x75_RS/30/13/89/3013892c03cf6f040d4fde806daa0da0.jpg', 'image_small_url': 'https://i.pinimg.com/30x30_RS/30/13/89/3013892c03cf6f040d4fde806daa0da0.jpg', 'indexed': True, 'instagram_data': None, 'is_ads_only_profile': False, 'is_default_image': False, 'is_verified_merchant': False, 'type': 'user', 'username': 'lovefromtheoven', 'verified_identity': {}}",USD,0,public,,,False,,62,{'1': 62},326,19704,,"Pin on * Sweets * Cookies, Cakes, Bars, Pies,Frozen Treats, Drinks and more",32,False,[],False,False,,,,,,Raspberry Crumble Cookies,pin,{},,https://www.lovefromtheoven.com/raspberry-crumble-cookies/?utm_source=Pinterest&utm_medium=organic,,,,,,,
[],,,"{'aggregated_stats': {'done': 0, 'saves': 1}, 'comment_count': 0, 'creator_analytics': None, 'did_it_data': {'details_count': 0, 'images_count': 0, 'rating': -1, 'recommend_scores': [{'count': 0, 'score': 1}, {'count': 0, 'score': 0.5}, {'count': 0, 'score': 0}], 'recommended_count': 0, 'responses_count': 0, 'tags': [], 'type': 'aggregateddiditdata', 'user_count': 0, 'videos_count': 0}, 'id': '3064454459485832192', 'is_shop_the_look': False, 'is_stela': False}",[],,,,,,"{'ads_only_profile_site': None, 'blocked_by_me': False, 'domain_url': None, 'domain_verified': False, 'explicitly_followed_by_me': False, 'first_name': 'Alexandra', 'followed_by_me': False, 'follower_count': 3, 'full_name': 'Alexandra Steinmann', 'id': '303148756075844147', 'image_medium_url': 'https://s.pinimg.com/images/user/default_75.png', 'image_small_url': 'https://s.pinimg.com/images/user/default_30.png', 'indexed': False, 'instagram_data': None, 'is_ads_only_profile': False, 'is_default_image': True, 'is_verified_merchant': False, 'node_id': 'VXNlcjozMDMxNDg3NTYwNzU4NDQxNDc=', 'type': 'user', 'username': 'alexandra8421', 'verified_identity': {}}","Individual chocolate cakes with a soft, molten center — quick to prepare and bake in about 10–12 minutes.",0,{},{},"Mon, 15 Dec 2025 00:50:59 +0000",,,,Easy Chocolate Molten Lava Cakes - Easy Dine Recipes,[],,easydinerecipes.com,#97665c,False,,Easy Chocolate Molten Lava Cakes - Easy Dine Recipes,False,[],[],303148618690305631,56b3cbab96003d76eff874977ae7b2fa,False,True,False,False,False,False,False,https://easydinerecipes.com/easy-chocolate-molten-lava-cakes/,2,,in_app_browser,,,,{},,,"{'ads_only_profile_site': None, 'blocked_by_me': False, 'domain_url': None, 'domain_verified': False, 'explicitly_followed_by_me': False, 'first_name': 'Alexandra', 'followed_by_me': False, 'follower_count': 3, 'full_name': 'Alexandra Steinmann', 'id': '303148756075844147', 'image_medium_url': 'https://s.pinimg.com/images/user/default_75.png', 'image_small_url': 'https://s.pinimg.com/images/user/default_30.png', 'indexed': False, 'instagram_data': None, 'is_ads_only_profile': False, 'is_default_image': True, 'is_verified_merchant': False, 'type': 'user', 'username': 'alexandra8421', 'verified_identity': {}}",USD,0,public,,,False,,0,{},0,1,,Pin on Recipes,1,False,[],False,False,,,,,,,pin,{},,,,,,,,True,"{'access': [], 'category': 'food_drink', 'collaborated_by_me': False, 'description': '', 'followed_by_me': False, 'id': '303148687356778237', 'image_cover_url': 'https://i.pinimg.com/200x150/38/dc/84/38dc848713996e38fee5c5f0b7c25829.jpg', 'image_thumbnail_url': 'https://i.pinimg.com/upload/303148687356778237_board_thumbnail_2026-06-01-23-12-01_74181_60.jpg', 'is_ads_only': False, 'is_collaborative': False, 'layout': 'default', 'map_id': 'pinterest.ijz1714i', 'name': 'Recipes', 'pin_thumbnail_urls': ['https://i.pinimg.com/150x150/59/71/9c/59719cd0d779b8abf66a5dd2ee59560e.jpg', 'https://i.pinimg.com/150x150/67/92/84/679284fb865b13c8f7d369051d56cb55.jpg', 'https://i.pinimg.com/150x150/2d/3d/1f/2d3d1f2bdd468fad5c3cc2134b08a82e.jpg'], 'privacy': 'public', 'type': 'board', 'url': '/alexandra8421/recipes/'}"
[],,,"{'aggregated_stats': {'done': 0, 'saves': 937}, 'comment_count': 0, 'creator_analytics': None, 'did_it_data': {'details_count': 0, 'images_count': 0, 'rating': -1, 'recommend_scores': [{'count': 0, 'score': 1}, {'count': 0, 'score': 0.5}, {'count': 0, 'score': 0}], 'recommended_count': 0, 'responses_count': 0, 'tags': [], 'type': 'aggregateddiditdata', 'user_count': 0, 'videos_count': 0}, 'id': '3405650318880481984', 'is_shop_the_look': False, 'is_stela': False}",[],,,,,,"{'ads_only_profile_site': None, 'blocked_by_me': False, 'domain_url': None, 'domain_verified': False, 'explicitly_followed_by_me': False, 'first_name': 'sherry', 'followed_by_me': False, 'follower_count': 1, 'full_name': 'sherry', 'id': '309200468075140492', 'image_medium_url': 'https://s.pinimg.com/images/user/default_75.png', 'image_small_url': 'https://s.pinimg.com/images/user/default_30.png', 'indexed': True, 'instagram_data': None, 'is_ads_only_profile': False, 'is_default_image': True, 'is_verified_merchant': False, 'node_id': 'VXNlcjozMDkyMDA0NjgwNzUxNDA0OTI=', 'type': 'user', 'username': 'sherrysmale30', 'verified_identity': {}}","Create a colorful, nourishing meal with this creamy roasted beet salad featuring tender sweet potatoes, tangy feta, and a velvety dressing. Earthy beets and caramelized sweet potatoes are roasted to perfection, then tossed with greens, herbs, and crumbled feta for a vibrant dish. Ideal as a hearty side or light main, it works beautifully for weeknight dinners, meal prep, or holiday gatherings, and is easy to adapt for different diets and flavor preferences.",0,{},{},"Sat, 11 Apr 2026 17:24:48 +0000",,,,"Create a colorful, nourishing meal with this creamy roasted beet salad featuring tender sweet potatoes, tangy feta, and a velvety dressing. Earthy beets and caramelized sweet potatoes are roasted to perfection, then tossed with greens, herbs, and crumbled feta for a vibrant dish. Ideal as a hearty side or light main, it works beautifully for weeknight dinners, meal prep, or holiday gatherings, and is easy to adapt for different diets and flavor preferences.",[],,tartamour.com,#8b612b,False,,Creamy Roasted Beet Salad with Sweet Potato & Feta,False,[],[],309200330695088659,6a3b07070a245fc21a3d84bb859bc1d4,False,True,False,False,False,False,False,https://tartamour.com/recipe/creamy-roasted-beet-salad-with-sweet-potato-feta/,2,,in_app_browser,,,,{},,,"{'ads_only_profile_site': None, 'blocked_by_me': False, 'domain_url': None, 'domain_verified': False, 'explicitly_followed_by_me': False, 'first_name': 'sherry', 'followed_by_me': False, 'follower_count': 1, 'full_name': 'sherry', 'id': '309200468075140492', 'image_medium_url': 'https://s.pinimg.com/images/user/default_75.png', 'image_small_url': 'https://s.pinimg.com/images/user/default_30.png', 'indexed': True, 'instagram_data': None, 'is_ads_only_profile': False, 'is_default_image': True, 'is_verified_merchant': False, 'type': 'user', 'username': 'sherrysmale30', 'verified_identity': {}}",USD,0,public,,,False,,3,{'1': 3},887,937,,Pin on healthy food,47,False,[],False,False,,,,,,,pin,{},,,,,,,,True,
[],,,"{'aggregated_stats': {'done': 0, 'saves': 6}, 'comment_count': 0, 'creator_analytics': None, 'did_it_data': {'details_count': 0, 'images_count': 0, 'rating': -1, 'recommend_scores': [{'count': 0, 'score': 1}, {'count': 0, 'score': 0.5}, {'count': 0, 'score': 0}], 'recommended_count': 0, 'responses_count': 0, 'tags': [], 'type': 'aggregateddiditdata', 'user_count': 0, 'videos_count': 0}, 'id': '3110493466117735552', 'is_shop_the_look': False, 'is_stela': False}",[],,,,,,"{'ads_only_profile_site': None, 'blocked_by_me': False, 'domain_url': None, 'domain_verified': False, 'explicitly_followed_by_me': False, 'first_name': 'Tricia', 'followed_by_me': False, 'follower_count': 84, 'full_name': 'Tricia Foretich', 'id': '335940590862598558', 'image_medium_url': 'https://i.pinimg.com/75x75_RS/76/10/66/761066282d5d940089d58a682e009589.jpg', 'image_small_url': 'https://i.pinimg.com/30x30_RS/76/10/66/761066282d5d940089d58a682e009589.jpg', 'indexed': True, 'instagram_data': None, 'is_ads_only_profile': False, 'is_default_image': False, 'is_verified_merchant': False, 'node_id': 'VXNlcjozMzU5NDA1OTA4NjI1OTg1NTg=', 'type': 'user', 'username': 'triciaforetich', 'verified_identity': {}}", ,0,{},{},"Tue, 30 Dec 2025 21:58:49 +0000",,,, ,[],,cookedandloved.com,#e2c19c,False,,Whipped Feta Cheese Dip,False,[],[],335940453477687235,4e8e2fc13a794dc957e721ba6ce79c41,False,True,False,False,False,False,False,https://www.cookedandloved.com/recipes/whipped-feta-with-roasted-tomatoes-garlic/,1,,button,,"{'ads_only_profile_site': None, 'blocked_by_me': False, 'domain_url': None, 'domain_verified': False, 'explicitly_followed_by_me': False, 'first_name': 'Tricia', 'followed_by_me': False, 'follower_count': 84, 'full_name': 'Tricia Foretich', 'id': '335940590862598558', 'image_medium_url': 'https://i.pinimg.com/75x75_RS/76/10/66/761066282d5d940089d58a682e009589.jpg', 'image_small_url': 'https://i.pinimg.com/30x30_RS/76/10/66/761066282d5d940089d58a682e009589.jpg', 'indexed': True, 'instagram_data': None, 'is_ads_only_profile': False, 'is_default_image': False, 'is_verified_merchant': False, 'type': 'user', 'username': 'triciaforetich', 'verified_identity': {}}",,{},,,"{'ads_only_profile_site': None, 'blocked_by_me': False, 'domain_url': None, 'domain_verified': False, 'explicitly_followed_by_me': False, 'first_name': 'Tricia', 'followed_by_me': False, 'follower_count': 84, 'full_name': 'Tricia Foretich', 'id': '335940590862598558', 'image_medium_url': 'https://i.pinimg.com/75x75_RS/76/10/66/761066282d5d940089d58a682e009589.jpg', 'image_small_url': 'https://i.pinimg.com/30x30_RS/76/10/66/761066282d5d940089d58a682e009589.jpg', 'indexed': True, 'instagram_data': None, 'is_ads_only_profile': False, 'is_default_image': False, 'is_verified_merchant': False, 'type': 'user', 'username': 'triciaforetich', 'verified_identity': {}}",USD,0,public,,,False,,0,{},5,6,,Pin on more apps,0,False,[],False,False,,,,,,,pin,{},,https://www.cookedandloved.com/recipes/whipped-feta-with-roasted-tomatoes-garlic/?utm_source=Pinterest&utm_medium=organic,,,,,,True,
[],,,"{'aggregated_stats': {'done': 0, 'saves': 7268}, 'comment_count': 1, 'creator_analytics': None, 'did_it_data': {'details_count': 0, 'images_count': 0, 'rating': -1, 'recommend_scores': [{'count': 0, 'score': 1}, {'count': 0, 'score': 0.5}, {'count': 0, 'score': 0}], 'recommended_count': 0, 'responses_count': 0, 'tags': [], 'type': 'aggregateddiditdata', 'user_count': 0, 'videos_count': 0}, 'id': '3371648949430023872', 'is_shop_the_look': False, 'is_stela': False}",[],,,,,,"{'ads_only_profile_site': None, 'blocked_by_me': False, 'domain_url': None, 'domain_verified': False, 'explicitly_followed_by_me': False, 'first_name': 'Kathy', 'followed_by_me': False, 'follower_count': 193, 'full_name': 'Kathy Swanson', 'id': '348114383605338172', 'image_medium_url': 'https://i.pinimg.com/75x75_RS/37/86/d0/3786d02bc8f3bc236446d3d43efe8c8b.jpg', 'image_small_url': 'https://i.pinimg.com/30x30_RS/37/86/d0/3786d02bc8f3bc236446d3d43efe8c8b.jpg', 'indexed': True, 'instagram_data': None, 'is_ads_only_profile': False, 'is_default_image': False, 'is_verified_merchant': False, 'node_id': 'VXNlcjozNDgxMTQzODM2MDUzMzgxNzI=', 'type': 'user', 'username': 'sawyersgma', 'verified_identity': {}}", ,1,{},{},"Mon, 30 Mar 2026 23:56:08 +0000",,,, ,[],,Uploaded by user,#e0d4cf,False,,,False,[],[],348114246217809596,253757a6d49cc6ddd46f80d5be03073d,False,False,False,False,False,False,False,,0,,share_extension_android,,,,{},,,"{'ads_only_profile_site': None, 'blocked_by_me': False, 'domain_url': None, 'domain_verified': False, 'explicitly_followed_by_me': False, 'first_name': 'Kathy', 'followed_by_me': False, 'follower_count': 193, 'full_name': 'Kathy Swanson', 'id': '348114383605338172', 'image_medium_url': 'https://i.pinimg.com/75x75_RS/37/86/d0/3786d02bc8f3bc236446d3d43efe8c8b.jpg', 'image_small_url': 'https://i.pinimg.com/30x30_RS/37/86/d0/3786d02bc8f3bc236446d3d43efe8c8b.jpg', 'indexed': True, 'instagram_data': None, 'is_ads_only_profile': False, 'is_default_image': False, 'is_verified_merchant': False, 'type': 'user', 'username': 'sawyersgma', 'verified_identity': {}}",USD,0,public,,,False,,174,{'1': 174},6860,7268,,"Pin on Homemade Food Mixes, Sauces etc",147,False,[],False,False,,,,,,,pin,{},,,,,,,,,
[],,,"{'aggregated_stats': {'done': 0, 'saves': 15689}, 'comment_count': 9, 'creator_analytics': None, 'did_it_data': {'details_count': 0, 'images_count': 0, 'rating': -1, 'recommend_scores': [{'count': 0, 'score': 1}, {'count': 0, 'score': 0.5}, {'count': 0, 'score': 0}], 'recommended_count': 0, 'responses_count': 0, 'tags': [], 'type': 'aggregateddiditdata', 'user_count': 0, 'videos_count': 0}, 'id': '3175741188147676480', 'is_shop_the_look': False, 'is_stela': False}",[],,,,,,,"Would you try this?
Links in my bio🔗
 Follow for more
#chickensoupforthesoul❤️ #food",9,{},{},"Thu, 22 Jan 2026 10:07:40 +0000",,,,"Would you try this?
Links in my bio🔗
 Follow for more
#chickensoupforthesoul❤️ #food",[],,instagram.com,#a6764d,False,,,False,"['#chickensoupforthesoul', '#food']",[],366128644729775779,102f2362118bf67eef4f15128cc8c862,True,True,False,False,False,False,False,https://www.instagram.com/reel/DTyvzQIiQ_T/,1,,instagram_api,,,,{},,,,USD,0,public,,,False,,1877,{'1': 1877},5440,15689,"{'id': '5480675458903249976', 'node_id': 'Qm9hcmRTZWN0aW9uOjU0ODA2NzU0NTg5MDMyNDk5NzY=', 'slug': 'soups', 'title': 'SOUPS'}",Pin on DINNER /MEALS,711,False,[],False,False,,,,,,,pin,{},,https://www.instagram.com/reel/DTyvzQIiQ_T/?utm_source=Pinterest&utm_medium=organic,,,,,,,
[],,,"{'aggregated_stats': {'done': 0, 'saves': 7604}, 'comment_count': 1, 'creator_analytics': None, 'did_it_data': {'details_count': 0, 'images_count': 0, 'rating': -1, 'recommend_scores': [{'count': 0, 'score': 1}, {'count': 0, 'score': 0.5}, {'count': 0, 'score': 0}], 'recommended_count': 0, 'responses_count': 0, 'tags': [], 'type': 'aggregateddiditdata', 'user_count': 0, 'videos_count': 0}, 'id': '5373530590551271572', 'is_shop_the_look': False, 'is_stela': False}",[],,,,,,"{'ads_only_profile_site': None, 'blocked_by_me': False, 'domain_url': 'cambreabakes.com', 'domain_verified': True, 'explicitly_followed_by_me': False, 'first_name': 'Cambrea Bakes | Baking & Dessert Recipes', 'followed_by_me': False, 'follower_count': 21583, 'full_name': 'Cambrea Bakes | Baking & Dessert Recipes', 'id': '773211967182815442', 'image_medium_url': 'https://i.pinimg.com/75x75_RS/c8/37/47/c83747d77f55040b9081c05000cbbb40.jpg', 'image_small_url': 'https://i.pinimg.com/30x30_RS/c8/37/47/c83747d77f55040b9081c05000cbbb40.jpg', 'indexed': True, 'instagram_data': None, 'is_ads_only_profile': False, 'is_default_image': False, 'is_verified_merchant': False, 'node_id': 'VXNlcjo3NzMyMTE5NjcxODI4MTU0NDI=', 'type': 'user', 'username': 'cambreabakes', 'verified_identity': {}}","These fudgy Biscoff brownies are packed with Biscoff flavor! Made with a rich chocolate brownie base, a layer of gooey cookie butter, and Biscoff cookies on top.",1,{},{},"Sat, 06 Jul 2024 13:56:40 +0000",,,,"These fudgy Biscoff brownies are packed with Biscoff flavor! Made with my favorite fudgy chocolate brownie base, a layer of gooey cookie butter, and Biscoff cookies on top. You only need 12 ingredients to make these cookie butter brownies!",[],,cambreabakes.com,#b0632a,False,,Biscoff Cookie Butter Brownies,False,[],[],38773246786662138,a9e60bcc6300976f9f53e451e5758361,False,True,False,False,False,False,False,https://cambreabakes.com/biscoff-brownies/,1,,extension,,,,{},,,"{'ads_only_profile_site': None, 'blocked_by_me': False, 'domain_url': None, 'domain_verified': False, 'explicitly_followed_by_me': False, 'first_name': 'Denise', 'followed_by_me': False, 'follower_count': 408, 'full_name': 'Denise', 'id': '38773384200326588', 'image_medium_url': 'https://i.pinimg.com/75x75_RS/25/40/4b/25404b2a43649e800703eaa01476d155.jpg', 'image_small_url': 'https://i.pinimg.com/30x30_RS/25/40/4b/25404b2a43649e800703eaa01476d155.jpg', 'indexed': True, 'instagram_data': None, 'is_ads_only_profile': False, 'is_default_image': False, 'is_verified_merchant': False, 'type': 'user', 'username': 'dstultz1228', 'verified_identity': {}}",USD,0,public,,,False,,71,{'1': 71},542,7604,,Pin on {Dessert} Brownies,34,False,[],False,False,,,,,,,pin,{},,https://cambreabakes.com/biscoff-brownies/?utm_source=Pinterest&utm_medium=organic,,,,,,True,
[],,,"{'aggregated_stats': {'done': 0, 'saves': 26}, 'comment_count': 0, 'creator_analytics': None, 'did_it_data': {'details_count': 0, 'images_count': 0, 'rating': -1, 'recommend_scores': [{'count': 0, 'score': 1}, {'count': 0, 'score': 0.5}, {'count': 0, 'score': 0}], 'recommended_count': 0, 'responses_count': 0, 'tags': [], 'type': 'aggregateddiditdata', 'user_count': 0, 'videos_count': 0}, 'id': '5413036216446666439', 'is_shop_the_look': False, 'is_stela': False}",[],,,,,,"{'ads_only_profile_site': None, 'blocked_by_me': False, 'domain_url': 'www.iheartnaptime.net', 'domain_verified': True, 'explicitly_followed_by_me': False, 'first_name': 'I Heart Naptime | Easy Family-Friendly Recipes', 'followed_by_me': False, 'follower_count': 4433516, 'full_name': 'I Heart Naptime | Easy Family-Friendly Recipes', 'id': '157555824372219918', 'image_medium_url': 'https://i.pinimg.com/75x75_RS/e3/5d/59/e35d59678ee8ec7781c77cf490b2c697.jpg', 'image_small_url': 'https://i.pinimg.com/30x30_RS/e3/5d/59/e35d59678ee8ec7781c77cf490b2c697.jpg', 'indexed': True, 'instagram_data': None, 'is_ads_only_profile': False, 'is_default_image': False, 'is_verified_merchant': False, 'node_id': 'VXNlcjoxNTc1NTU4MjQzNzIyMTk5MTg=', 'type': 'user', 'username': 'iheartnaptime', 'verified_identity': {'verified': True}}","These easy baked ham and cheese sliders are made with tender ham, swiss cheese, sweet Hawaiian rolls then brushed with a buttery sauce! The perfect party appetizer or main dish recipe for game day or the holidays.",0,{},{},"Sun, 09 Feb 2025 14:39:12 +0000",,,,"These easy baked ham and cheese sliders are made with tender ham, swiss cheese, sweet Hawaiian rolls then brushed with a buttery sauce! The perfect party appetizer or main dish recipe for game day or the holidays.",[],,iheartnaptime.net,#e7cc9d,False,,,False,[],[],399905641932073939,b0468cce726aec34fc777cf9049796c2,False,True,False,False,False,False,False,https://www.iheartnaptime.net/ham-and-cheese-rolls/,1,,in_app_browser,,,,{},,,"{'ads_only_profile_site': None, 'blocked_by_me': False, 'domain_url': None, 'domain_verified': False, 'explicitly_followed_by_me': False, 'first_name': 'Tiffany', 'followed_by_me': False, 'follower_count': 41, 'full_name': 'Tiffany Warner', 'id': '399905779320101852', 'image_medium_url': 'https://i.pinimg.com/75x75_RS/ab/72/f1/ab72f148e49f84c89472f7fe3d0ca0a9.jpg', 'image_small_url': 'https://i.pinimg.com/30x30_RS/ab/72/f1/ab72f148e49f84c89472f7fe3d0ca0a9.jpg', 'indexed': True, 'instagram_data': None, 'is_ads_only_profile': False, 'is_default_image': False, 'is_verified_merchant': False, 'type': 'user', 'username': 'tiffanynwarner4', 'verified_identity': {}}",USD,0,public,,,False,,0,{},25,26,,Pin on Food!!,4,False,[],False,False,,,,,,,pin,{},,https://www.iheartnaptime.net/ham-and-cheese-rolls/?utm_source=Pinterest&utm_medium=organic,,,,,,,
[],,,"{'aggregated_stats': {'done': 0, 'saves': 40}, 'comment_count': 0, 'creator_analytics': None, 'did_it_data': {'details_count': 0, 'images_count': 0, 'rating': -1, 'recommend_scores': [{'count': 0, 'score': 1}, {'count': 0, 'score': 0.5}, {'count': 0, 'score': 0}], 'recommended_count': 0, 'responses_count': 0, 'tags': [], 'type': 'aggregateddiditdata', 'user_count': 0, 'videos_count': 0}, 'id': '5433907179373519111', 'is_shop_the_look': False, 'is_stela': False}",[],,,,,,"{'ads_only_profile_site': None, 'blocked_by_me': False, 'domain_url': 'flavornectar.com', 'domain_verified': True, 'explicitly_followed_by_me': False, 'first_name': 'Flavor Nectar | Easy Eecipes | Dinner Ideas | Healthy Eating', 'followed_by_me': False, 'follower_count': 4306, 'full_name': 'Flavor Nectar | Easy Eecipes | Dinner Ideas | Healthy Eating', 'id': '961237251625520277', 'image_medium_url': 'https://i.pinimg.com/75x75_RS/e0/77/13/e07713670958c7d01c1e673067512bc3.jpg', 'image_small_url': 'https://i.pinimg.com/30x30_RS/e0/77/13/e07713670958c7d01c1e673067512bc3.jpg', 'indexed': True, 'instagram_data': None, 'is_ads_only_profile': False, 'is_default_image': False, 'is_verified_merchant': False, 'node_id': 'VXNlcjo5NjEyMzcyNTE2MjU1MjAyNzc=', 'type': 'user', 'username': 'flavornectar', 'verified_identity': {}}","Discover a delicious Cherry Cheesecake Puppy Chow with this easy recipe. Perfectly sweet and crunchy, it's a must-try treat!",0,{},{},"Wed, 04 Jun 2025 19:06:42 +0000",,,,Cherry Cheesecake Puppy Chow Recipe - Flavor Nectar,[],,flavornectar.com,#8c6f6d,False,,Cherry Cheesecake Puppy Chow Recipe,False,[],[],403635185376081607,651a1e8692e1d2deed85e49076298f1d,False,True,False,False,False,False,False,https://flavornectar.com/cherry-cheesecake-puppy-chow-recipe/,1,,in_app_browser,,,,{},,,"{'ads_only_profile_site': None, 'blocked_by_me': False, 'domain_url': None, 'domain_verified': False, 'explicitly_followed_by_me': False, 'first_name': 'Colleen', 'followed_by_me': False, 'follower_count': 15, 'full_name': 'Colleen Laughlin', 'id': '403635322761525206', 'image_medium_url': 'https://i.pinimg.com/75x75_RS/5d/cd/f0/5dcdf0e9d7dae522711e9e3bcc2ef091.jpg', 'image_small_url': 'https://i.pinimg.com/30x30_RS/5d/cd/f0/5dcdf0e9d7dae522711e9e3bcc2ef091.jpg', 'indexed': True, 'instagram_data': None, 'is_ads_only_profile': False, 'is_default_image': False, 'is_verified_merchant': False, 'type': 'user', 'username': 'claughlin0177', 'verified_identity': {}}",USD,0,public,,,False,,0,{},38,40,,Pin on Must Try Recipes - Sweets,0,False,[],False,False,,,,,,,pin,{},,https://flavornectar.com/cherry-cheesecake-puppy-chow-recipe/?utm_source=Pinterest&utm_medium=organic,,,,,,True,
[],,,"{'aggregated_stats': {'done': 0, 'saves': 550}, 'comment_count': 0, 'creator_analytics': None, 'did_it_data': {'details_count': 0, 'images_count': 0, 'rating': -1, 'recommend_scores': [{'count': 0, 'score': 1}, {'count': 0, 'score': 0.5}, {'count': 0, 'score': 0}], 'recommended_count': 0, 'responses_count': 0, 'tags': [], 'type': 'aggregateddiditdata', 'user_count': 0, 'videos_count': 0}, 'id': '3484127175603326848', 'is_shop_the_look': False, 'is_stela': False}",[],,,,,,"{'ads_only_profile_site': None, 'blocked_by_me': False, 'domain_url': None, 'domain_verified': False, 'explicitly_followed_by_me': False, 'first_name': 'Global Flavor Eats', 'followed_by_me': False, 'follower_count': 49, 'full_name': 'Global Flavor Eats', 'id': '972918463159089611', 'image_medium_url': 'https://i.pinimg.com/75x75_RS/b9/8c/7f/b98c7fbab00a395a7f353f07f1903501.jpg', 'image_small_url': 'https://i.pinimg.com/30x30_RS/b9/8c/7f/b98c7fbab00a395a7f353f07f1903501.jpg', 'indexed': True, 'instagram_data': None, 'is_ads_only_profile': False, 'is_default_image': False, 'is_verified_merchant': False, 'node_id': 'VXNlcjo5NzI5MTg0NjMxNTkwODk2MTE=', 'type': 'user', 'username': 'globalflavoreats', 'verified_identity': {}}","Experience the ultimate seafood comfort food with this Creamy Lobster Linguine recipe. Tender linguine pasta is enveloped in a rich, velvety sauce made with fresh lobsters, garlic, and a hint of white wine, creating a delightful dish that elevates any dinner. Perfect for special occasions or a romantic date night, this elegant meal will impress your guests and tantalize your taste buds.",0,{},{},"Sat, 16 May 2026 21:08:22 +0000",,,,"Experience the ultimate seafood comfort food with this Creamy Lobster Linguine recipe. Tender linguine pasta is enveloped in a rich, velvety sauce made with fresh lobsters, garlic, and a hint of white wine, creating a delightful dish that elevates any dinner. Perfect for special occasions or a romantic date night, this elegant meal will impress your guests and tantalize your taste buds.",[],,globalflavoreats.com,#ab6235,False,,Creamy Lobster Linguine,False,[],[],411023903516832261,b0ff667779354a2950e4db25f31663d3,True,True,False,False,False,True,False,https://globalflavoreats.com/creamy-lobster-linguine-an-amazing-ultimate-recipe-for-seafood-lovers/,1,,pin_scheduling,,"{'ads_only_profile_site': None, 'blocked_by_me': False, 'domain_url': None, 'domain_verified': False, 'explicitly_followed_by_me': False, 'first_name': 'Global Flavor Eats', 'followed_by_me': False, 'follower_count': 49, 'full_name': 'Global Flavor Eats', 'id': '972918463159089611', 'image_medium_url': 'https://i.pinimg.com/75x75_RS/b9/8c/7f/b98c7fbab00a395a7f353f07f1903501.jpg', 'image_small_url': 'https://i.pinimg.com/30x30_RS/b9/8c/7f/b98c7fbab00a395a7f353f07f1903501.jpg', 'indexed': True, 'instagram_data': None, 'is_ads_only_profile': False, 'is_default_image': False, 'is_verified_merchant': False, 'type': 'user', 'username': 'globalflavoreats', 'verified_identity': {}}","{'ads_only_profile_site': None, 'blocked_by_me': False, 'domain_url': None, 'domain_verified': False, 'explicitly_followed_by_me': False, 'first_name': 'Global Flavor Eats', 'followed_by_me': False, 'follower_count': 49, 'full_name': 'Global Flavor Eats', 'id': '972918463159089611', 'image_medium_url': 'https://i.pinimg.com/75x75_RS/b9/8c/7f/b98c7fbab00a395a7f353f07f1903501.jpg', 'image_small_url': 'https://i.pinimg.com/30x30_RS/b9/8c/7f/b98c7fbab00a395a7f353f07f1903501.jpg', 'indexed': True, 'instagram_data': None, 'is_ads_only_profile': False, 'is_default_image': False, 'is_verified_merchant': False, 'node_id': 'VXNlcjo5NzI5MTg0NjMxNTkwODk2MTE=', 'type': 'user', 'username': 'globalflavoreats', 'verified_identity': {}}",{},,,"{'ads_only_profile_site': None, 'blocked_by_me': False, 'domain_url': None, 'domain_verified': False, 'explicitly_followed_by_me': False, 'first_name': 'Heather', 'followed_by_me': False, 'follower_count': 39, 'full_name': 'Heather Ross', 'id': '411024040900169898', 'image_medium_url': 'https://i.pinimg.com/75x75_RS/14/e7/39/14e73976a680b630967c01b19f3ecb6b.jpg', 'image_small_url': 'https://i.pinimg.com/30x30_RS/14/e7/39/14e73976a680b630967c01b19f3ecb6b.jpg', 'indexed': True, 'instagram_data': None, 'is_ads_only_profile': False, 'is_default_image': False, 'is_verified_merchant': False, 'type': 'user', 'username': 'angelkiss2', 'verified_identity': {}}",USD,0,public,,,False,,11,{'1': 11},429,550,,Pin on Recipes to Cook,20,False,[],False,False,,,,3484127146007854016,,Creamy Lobster Linguine,pin,{},,https://globalflavoreats.com/creamy-lobster-linguine-an-amazing-ultimate-recipe-for-seafood-lovers/?utm_source=Pinterest&utm_medium=organic,"{'ads_only_profile_site': None, 'blocked_by_me': False, 'domain_url': None, 'domain_verified': False, 'explicitly_followed_by_me': False, 'first_name': 'Global Flavor Eats', 'followed_by_me': False, 'follower_count': 49, 'full_name': 'Global Flavor Eats', 'id': '972918463159089611', 'image_medium_url': 'https://i.pinimg.com/75x75_RS/b9/8c/7f/b98c7fbab00a395a7f353f07f1903501.jpg', 'image_small_url': 'https://i.pinimg.com/30x30_RS/b9/8c/7f/b98c7fbab00a395a7f353f07f1903501.jpg', 'indexed': True, 'instagram_data': None, 'is_ads_only_profile': False, 'is_default_image': False, 'is_verified_merchant': False, 'type': 'user', 'username': 'globalflavoreats', 'verified_identity': {}}",,,,,True,
[],,,"{'aggregated_stats': {'done': 0, 'saves': 9661}, 'comment_count': 1, 'creator_analytics': None, 'did_it_data': {'details_count': 0, 'images_count': 0, 'rating': -1, 'recommend_scores': [{'count': 0, 'score': 1}, {'count': 0, 'score': 0.5}, {'count': 0, 'score': 0}], 'recommended_count': 0, 'responses_count': 0, 'tags': [], 'type': 'aggregateddiditdata', 'user_count': 0, 'videos_count': 0}, 'id': '5201083344734955405', 'is_shop_the_look': False, 'is_stela': False}",[],,,,,,"{'ads_only_profile_site': None, 'blocked_by_me': False, 'domain_url': 'www.andianne.com', 'domain_verified': True, 'explicitly_followed_by_me': False, 'first_name': 'AndiAnne Easy Recipes', 'followed_by_me': False, 'follower_count': 152779, 'full_name': 'AndiAnne Easy Recipes', 'id': '347973646116983719', 'image_medium_url': 'https://i.pinimg.com/75x75_RS/e0/20/88/e02088496d6f2ce1e30b8665aaf142f0.jpg', 'image_small_url': 'https://i.pinimg.com/30x30_RS/e0/20/88/e02088496d6f2ce1e30b8665aaf142f0.jpg', 'indexed': True, 'instagram_data': None, 'is_ads_only_profile': False, 'is_default_image': False, 'is_verified_merchant': False, 'node_id': 'VXNlcjozNDc5NzM2NDYxMTY5ODM3MTk=', 'type': 'user', 'username': 'madebyandi', 'verified_identity': {'verified': True}}","6 Stir Fry Sauce Recipes - These Are Versatile, Simple and Healthy!",1,{},{},"Tue, 24 Mar 2026 22:14:56 +0000",,,,"6 Stir Fry Sauce Recipes - These Are Versatile, Simple and Healthy!",[],,andianne.com,#d6bab5,False,,,False,[],[],4292562141254275,da2cf62680b0eead687157f53df5a7eb,False,True,False,False,False,True,False,https://andianne.com/stir-fry-sauce-recipes/,2,,scraped,,,"{'ads_only_profile_site': None, 'blocked_by_me': False, 'domain_url': None, 'domain_verified': False, 'explicitly_followed_by_me': False, 'first_name': 'Summer', 'followed_by_me': False, 'follower_count': 5, 'full_name': 'Summer', 'id': '641903890547199837', 'image_medium_url': 'https://s.pinimg.com/images/user/default_75.png', 'image_small_url': 'https://s.pinimg.com/images/user/default_30.png', 'indexed': False, 'instagram_data': None, 'is_ads_only_profile': False, 'is_default_image': True, 'is_verified_merchant': False, 'node_id': 'VXNlcjo2NDE5MDM4OTA1NDcxOTk4Mzc=', 'type': 'user', 'username': 'christaplester', 'verified_identity': {}}",{},,,"{'ads_only_profile_site': None, 'blocked_by_me': False, 'domain_url': None, 'domain_verified': False, 'explicitly_followed_by_me': False, 'first_name': 'Kelsie', 'followed_by_me': False, 'follower_count': 500, 'full_name': 'Kelsie Cly', 'id': '4292699553319443', 'image_medium_url': 'https://i.pinimg.com/75x75_RS/06/af/29/06af29a0c0ceffe187e5fd7599ddf88d.jpg', 'image_small_url': 'https://i.pinimg.com/30x30_RS/06/af/29/06af29a0c0ceffe187e5fd7599ddf88d.jpg', 'indexed': True, 'instagram_data': None, 'is_ads_only_profile': False, 'is_default_image': False, 'is_verified_merchant': False, 'type': 'user', 'username': 'staryblu', 'verified_identity': {}}",USD,0,public,,,False,,3,{'1': 3},14,9661,,Pin on Drinking & eating,0,False,[],False,False,,,,,,,pin,{},,,"{'ads_only_profile_site': None, 'blocked_by_me': False, 'domain_url': None, 'domain_verified': False, 'explicitly_followed_by_me': False, 'first_name': 'Summer', 'followed_by_me': False, 'follower_count': 5, 'full_name': 'Summer', 'id': '641903890547199837', 'image_medium_url': 'https://s.pinimg.com/images/user/default_75.png', 'image_small_url': 'https://s.pinimg.com/images/user/default_30.png', 'indexed': False, 'instagram_data': None, 'is_ads_only_profile': False, 'is_default_image': True, 'is_verified_merchant': False, 'type': 'user', 'username': 'christaplester', 'verified_identity': {}}",,,,,,
[],,,"{'aggregated_stats': {'done': 0, 'saves': 387}, 'comment_count': 0, 'creator_analytics': None, 'did_it_data': {'details_count': 0, 'images_count': 0, 'rating': -1, 'recommend_scores': [{'count': 0, 'score': 1}, {'count': 0, 'score': 0.5}, {'count': 0, 'score': 0}], 'recommended_count': 0, 'responses_count': 0, 'tags': [], 'type': 'aggregateddiditdata', 'user_count': 0, 'videos_count': 0}, 'id': '5072265598688347154', 'is_shop_the_look': False, 'is_stela': False}",[],,,,,,"{'ads_only_profile_site': None, 'blocked_by_me': False, 'domain_url': None, 'domain_verified': False, 'explicitly_followed_by_me': False, 'first_name': 'Kristy', 'followed_by_me': False, 'follower_count': 45, 'full_name': 'Kristy Burch', 'id': '437271582478451252', 'image_medium_url': 'https://i.pinimg.com/75x75_RS/23/ff/97/23ff9788b40bf562359d575af5c69367.jpg', 'image_small_url': 'https://i.pinimg.com/30x30_RS/23/ff/97/23ff9788b40bf562359d575af5c69367.jpg', 'indexed': False, 'instagram_data': None, 'is_ads_only_profile': False, 'is_default_image': False, 'is_verified_merchant': False, 'node_id': 'VXNlcjo0MzcyNzE1ODI0Nzg0NTEyNTI=', 'type': 'user', 'username': 'maddfrancis', 'verified_identity': {}}",Bibimbap Casserole with Tofu | Better Homes & Gardens,0,{},{},"Mon, 09 May 2022 17:40:58 +0000",,,,Bibimbap Casserole with Tofu | Better Homes & Gardens,[],,bhg.com,#3d402a,False,,One-Pot Bibimbap Rice Will Be Your New Favorite Dish,False,[],[],437271445081247339,6ed2fdd65788838399bfa7aa72f8e3d4,False,True,False,False,False,False,False,https://www.bhg.com/recipe/bibimbap-casserole-with-tofu/,1,,share_extension_ios,,"{'ads_only_profile_site': None, 'blocked_by_me': False, 'domain_url': None, 'domain_verified': False, 'explicitly_followed_by_me': False, 'first_name': 'Kristy', 'followed_by_me': False, 'follower_count': 45, 'full_name': 'Kristy Burch', 'id': '437271582478451252', 'image_medium_url': 'https://i.pinimg.com/75x75_RS/23/ff/97/23ff9788b40bf562359d575af5c69367.jpg', 'image_small_url': 'https://i.pinimg.com/30x30_RS/23/ff/97/23ff9788b40bf562359d575af5c69367.jpg', 'indexed': False, 'instagram_data': None, 'is_ads_only_profile': False, 'is_default_image': False, 'is_verified_merchant': False, 'type': 'user', 'username': 'maddfrancis', 'verified_identity': {}}",,{},,,"{'ads_only_profile_site': None, 'blocked_by_me': False, 'domain_url': None, 'domain_verified': False, 'explicitly_followed_by_me': False, 'first_name': 'Kristy', 'followed_by_me': False, 'follower_count': 45, 'full_name': 'Kristy Burch', 'id': '437271582478451252', 'image_medium_url': 'https://i.pinimg.com/75x75_RS/23/ff/97/23ff9788b40bf562359d575af5c69367.jpg', 'image_small_url': 'https://i.pinimg.com/30x30_RS/23/ff/97/23ff9788b40bf562359d575af5c69367.jpg', 'indexed': False, 'instagram_data': None, 'is_ads_only_profile': False, 'is_default_image': False, 'is_verified_merchant': False, 'type': 'user', 'username': 'maddfrancis', 'verified_identity': {}}",USD,0,public,,,False,,0,{},1,387,"{'id': '5275267907142606733', 'node_id': 'Qm9hcmRTZWN0aW9uOjUyNzUyNjc5MDcxNDI2MDY3MzM=', 'slug': 'asian-tofu', 'title': 'Asian Tofu'}",Pin on Vegetarian Diet,0,False,[],False,False,,,,,,,pin,{},,https://www.bhg.com/recipe/bibimbap-casserole-with-tofu/?utm_source=Pinterest&utm_medium=organic,,,,,,True,
[],,,"{'aggregated_stats': {'done': 0, 'saves': 11417}, 'comment_count': 3, 'creator_analytics': None, 'did_it_data': {'details_count': 0, 'images_count': 0, 'rating': -1, 'recommend_scores': [{'count': 0, 'score': 1}, {'count': 0, 'score': 0.5}, {'count': 0, 'score': 0}], 'recommended_count': 0, 'responses_count': 0, 'tags': [], 'type': 'aggregateddiditdata', 'user_count': 0, 'videos_count': 0}, 'id': '5436407700485369764', 'is_shop_the_look': False, 'is_stela': False}",[],,,,,,"{'ads_only_profile_site': None, 'blocked_by_me': False, 'domain_url': None, 'domain_verified': False, 'explicitly_followed_by_me': False, 'first_name': 'Stacie', 'followed_by_me': False, 'follower_count': 28, 'full_name': 'Stacie Williams', 'id': '442901082012666469', 'image_medium_url': 'https://i.pinimg.com/75x75_RS/c6/f5/91/c6f59127651c32a027d464b9a1facb29.jpg', 'image_small_url': 'https://i.pinimg.com/30x30_RS/c6/f5/91/c6f59127651c32a027d464b9a1facb29.jpg', 'indexed': True, 'instagram_data': None, 'is_ads_only_profile': False, 'is_default_image': False, 'is_verified_merchant': False, 'node_id': 'VXNlcjo0NDI5MDEwODIwMTI2NjY0Njk=', 'type': 'user', 'username': 'swilly118', 'verified_identity': {}}", ,3,{},{},"Wed, 18 Jun 2025 14:19:04 +0000",,,, ,[],,facebook.com,#a57a46,False,,,False,[],[],442900944622245688,34ba164ade7132f4400dd02572005b6b,False,True,False,False,False,False,False,https://www.facebook.com/secretsofliya/posts/creamy-and-zesty-coconut-lime-tofu-perfect-for-a-light-dinner-or-plant-based-mea/646470471702777/,2,,share_extension_android,,,,{},,,"{'ads_only_profile_site': None, 'blocked_by_me': False, 'domain_url': None, 'domain_verified': False, 'explicitly_followed_by_me': False, 'first_name': 'Stacie', 'followed_by_me': False, 'follower_count': 28, 'full_name': 'Stacie Williams', 'id': '442901082012666469', 'image_medium_url': 'https://i.pinimg.com/75x75_RS/c6/f5/91/c6f59127651c32a027d464b9a1facb29.jpg', 'image_small_url': 'https://i.pinimg.com/30x30_RS/c6/f5/91/c6f59127651c32a027d464b9a1facb29.jpg', 'indexed': True, 'instagram_data': None, 'is_ads_only_profile': False, 'is_default_image': False, 'is_verified_merchant': False, 'type': 'user', 'username': 'swilly118', 'verified_identity': {}}",USD,0,public,,,False,,281,{'1': 281},10858,11417,"{'id': '4967479707885907047', 'node_id': 'Qm9hcmRTZWN0aW9uOjQ5Njc0Nzk3MDc4ODU5MDcwNDc=', 'slug': 'main-other', 'title': 'Main (Other)'}",Pin on Recipes,308,False,[],False,False,,,,,,,pin,{},,,,,,,,,
[],,,"{'aggregated_stats': {'done': 0, 'saves': 50}, 'comment_count': 0, 'creator_analytics': None, 'did_it_data': {'details_count': 0, 'images_count': 0, 'rating': -1, 'recommend_scores': [{'count': 0, 'score': 1}, {'count': 0, 'score': 0.5}, {'count': 0, 'score': 0}], 'recommended_count': 0, 'responses_count': 0, 'tags': [], 'type': 'aggregateddiditdata', 'user_count': 0, 'videos_count': 0}, 'id': '2961145914770697472', 'is_shop_the_look': False, 'is_stela': False}",[],,,,,,"{'ads_only_profile_site': None, 'blocked_by_me': False, 'domain_url': 'www.scoopandsprinkle.com', 'domain_verified': True, 'explicitly_followed_by_me': False, 'first_name': 'Scoop & Sprinkle | Easy Family Recipes', 'followed_by_me': False, 'follower_count': 1402, 'full_name': 'Scoop & Sprinkle | Easy Family Recipes', 'id': '1062146030776329127', 'image_medium_url': 'https://i.pinimg.com/75x75_RS/1c/b6/e1/1cb6e1585bbd4d7a606c695d01d1d9d4.jpg', 'image_small_url': 'https://i.pinimg.com/30x30_RS/1c/b6/e1/1cb6e1585bbd4d7a606c695d01d1d9d4.jpg', 'indexed': True, 'instagram_data': None, 'is_ads_only_profile': False, 'is_default_image': False, 'is_verified_merchant': False, 'node_id': 'VXNlcjoxMDYyMTQ2MDMwNzc2MzI5MTI3', 'type': 'user', 'username': 'scoopandsprinkle', 'verified_identity': {}}","Creamy, easy to prepare, naturally high in protein and the perfect healthier dessert for ice cream lovers, this peanut butter frozen Greek yogurt is going to be your new favorite!",0,{},{},"Sun, 09 Nov 2025 09:37:05 +0000",,,,"Creamy, easy to prepare, naturally high in protein and the perfect healthier dessert for ice cream lovers, this peanut butter frozen Greek yogurt is going to be your new favorite!",[],,scoopandsprinkle.com,#c8bba9,False,,,False,[],[],446349013089124473,148236bf5f9ad44f6853ddfccb14d449,False,True,False,False,False,False,False,https://scoopandsprinkle.com/frozen-greek-yogurt-recipes/,2,,in_app_browser,,,,{},,,"{'ads_only_profile_site': None, 'blocked_by_me': False, 'domain_url': None, 'domain_verified': False, 'explicitly_followed_by_me': False, 'first_name': 'Christine', 'followed_by_me': False, 'follower_count': 1, 'full_name': 'Christine Pereira', 'id': '446349150477379443', 'image_medium_url': 'https://s.pinimg.com/images/user/default_75.png', 'image_small_url': 'https://s.pinimg.com/images/user/default_30.png', 'indexed': True, 'instagram_data': None, 'is_ads_only_profile': False, 'is_default_image': True, 'is_verified_merchant': False, 'type': 'user', 'username': 'christine9019', 'verified_identity': {}}",USD,0,public,,,False,,0,{},47,50,,Pin on Quick dessert recipes,1,False,[],False,False,,,,,,,pin,{},,,,,,,,,
[],,,"{'aggregated_stats': {'done': 0, 'saves': 1748}, 'comment_count': 1, 'creator_analytics': None, 'did_it_data': {'details_count': 0, 'images_count': 0, 'rating': -1, 'recommend_scores': [{'count': 0, 'score': 1}, {'count': 0, 'score': 0.5}, {'count': 0, 'score': 0}], 'recommended_count': 0, 'responses_count': 0, 'tags': [], 'type': 'aggregateddiditdata', 'user_count': 0, 'videos_count': 0}, 'id': '5436807559604394852', 'is_shop_the_look': False, 'is_stela': False}",[],,,,,,"{'ads_only_profile_site': None, 'blocked_by_me': False, 'domain_url': 'betterhomebase.com', 'domain_verified': True, 'explicitly_followed_by_me': False, 'first_name': 'BetterHomebase | Food Recipes', 'followed_by_me': False, 'follower_count': 10450, 'full_name': 'BetterHomebase | Food Recipes', 'id': '1086282510029218478', 'image_medium_url': 'https://i.pinimg.com/75x75_RS/61/31/eb/6131ebef13ec594a21fb7f9d77f5be0d.jpg', 'image_small_url': 'https://i.pinimg.com/30x30_RS/61/31/eb/6131ebef13ec594a21fb7f9d77f5be0d.jpg', 'indexed': True, 'instagram_data': None, 'is_ads_only_profile': False, 'is_default_image': False, 'is_verified_merchant': False, 'node_id': 'VXNlcjoxMDg2MjgyNTEwMDI5MjE4NDc4', 'type': 'user', 'username': 'betterhomebase', 'verified_identity': {}}","This Spicy Shrimp Tacos with Mango Salsa recipe is a perfect blend of heat and sweet, offering a delicious and easy-to-make meal that's sure to impress.With juicy, spiced shrimp and a refreshing mango salsa, all wrapped in warm tortillas, it's a flavor-packed dish that's ideal for summer dinners or year-round taco nights.",1,{},{},"Fri, 20 Jun 2025 19:16:51 +0000",,,,Spicy Shrimp Tacos with Mango Salsa,[],,betterhomebase.com,#92641f,False,,Spicy Shrimp Tacos with Mango Salsa,False,[],[],457608012159856360,08a2b7be81b6be222d9f9de1443843ca,False,True,False,False,False,False,False,https://betterhomebase.com/spicy-shrimp-tacos-with-mango-salsa,1,,in_app_browser,,,,{},,,"{'ads_only_profile_site': None, 'blocked_by_me': False, 'domain_url': None, 'domain_verified': False, 'explicitly_followed_by_me': False, 'first_name': 'Carol', 'followed_by_me': False, 'follower_count': 9, 'full_name': 'Carol R', 'id': '457608149545815778', 'image_medium_url': 'https://s.pinimg.com/images/user/default_75.png', 'image_small_url': 'https://s.pinimg.com/images/user/default_30.png', 'indexed': True, 'instagram_data': None, 'is_ads_only_profile': False, 'is_default_image': True, 'is_verified_merchant': False, 'type': 'user', 'username': 'carolr0309', 'verified_identity': {}}",USD,0,public,,,False,,23,{'1': 23},1448,1748,,Pin on Bowls,26,False,[],False,False,,,,,,,pin,{},,https://betterhomebase.com/spicy-shrimp-tacos-with-mango-salsa?utm_source=Pinterest&utm_medium=organic,,,,,,True,
[],,,"{'aggregated_stats': {'done': 0, 'saves': 1}, 'comment_count': 0, 'creator_analytics': None, 'did_it_data': {'details_count': 0, 'images_count': 0, 'rating': -1, 'recommend_scores': [{'count': 0, 'score': 1}, {'count': 0, 'score': 0.5}, {'count': 0, 'score': 0}], 'recommended_count': 0, 'responses_count': 0, 'tags': [], 'type': 'aggregateddiditdata', 'user_count': 0, 'videos_count': 0}, 'id': '3054988623256840320', 'is_shop_the_look': False, 'is_stela': False}",[],,,,,,"{'ads_only_profile_site': None, 'blocked_by_me': False, 'domain_url': None, 'domain_verified': False, 'explicitly_followed_by_me': False, 'first_name': 'Doug', 'followed_by_me': False, 'follower_count': 1, 'full_name': 'Doug Guthrie', 'id': '458734049452658767', 'image_medium_url': 'https://s.pinimg.com/images/user/default_75.png', 'image_small_url': 'https://s.pinimg.com/images/user/default_30.png', 'indexed': True, 'instagram_data': None, 'is_ads_only_profile': False, 'is_default_image': True, 'is_verified_merchant': False, 'node_id': 'VXNlcjo0NTg3MzQwNDk0NTI2NTg3Njc=', 'type': 'user', 'username': 'dougguthrie1238', 'verified_identity': {}}",Cranberry Bliss Bars,0,{},{},"Thu, 11 Dec 2025 18:29:10 +0000",,,,Cranberry Bliss Bars,[],,crowdedkitchen.com,#d6baa1,False,,Cranberry Bliss Bars,False,[],[],458733912068198994,77385818d71bd8e291192118a6397143,False,True,False,False,False,False,False,https://www.crowdedkitchen.com/cranberry-bliss-bars/?utm_campaign=grocerslist&utm_medium=FB_comment&utm_source=grocerslist,1,,share_extension_ios,,"{'ads_only_profile_site': None, 'blocked_by_me': False, 'domain_url': None, 'domain_verified': False, 'explicitly_followed_by_me': False, 'first_name': 'Doug', 'followed_by_me': False, 'follower_count': 1, 'full_name': 'Doug Guthrie', 'id': '458734049452658767', 'image_medium_url': 'https://s.pinimg.com/images/user/default_75.png', 'image_small_url': 'https://s.pinimg.com/images/user/default_30.png', 'indexed': True, 'instagram_data': None, 'is_ads_only_profile': False, 'is_default_image': True, 'is_verified_merchant': False, 'type': 'user', 'username': 'dougguthrie1238', 'verified_identity': {}}",,{},,,"{'ads_only_profile_site': None, 'blocked_by_me': False, 'domain_url': None, 'domain_verified': False, 'explicitly_followed_by_me': False, 'first_name': 'Doug', 'followed_by_me': False, 'follower_count': 1, 'full_name': 'Doug Guthrie', 'id': '458734049452658767', 'image_medium_url': 'https://s.pinimg.com/images/user/default_75.png', 'image_small_url': 'https://s.pinimg.com/images/user/default_30.png', 'indexed': True, 'instagram_data': None, 'is_ads_only_profile': False, 'is_default_image': True, 'is_verified_merchant': False, 'type': 'user', 'username': 'dougguthrie1238', 'verified_identity': {}}",USD,0,public,,,False,,0,{},0,1,,Pin on Sewing,0,False,[],False,False,,,,,,,pin,{},,https://www.crowdedkitchen.com/cranberry-bliss-bars/?utm_campaign=grocerslist&utm_medium=organic&utm_source=Pinterest,,,,,,True,
[],,,"{'aggregated_stats': {'done': 0, 'saves': 25}, 'comment_count': 0, 'creator_analytics': None, 'did_it_data': {'details_count': 0, 'images_count': 0, 'rating': -1, 'recommend_scores': [{'count': 0, 'score': 1}, {'count': 0, 'score': 0.5}, {'count': 0, 'score': 0}], 'recommended_count': 0, 'responses_count': 0, 'tags': [], 'type': 'aggregateddiditdata', 'user_count': 0, 'videos_count': 0}, 'id': '2916851056006901184', 'is_shop_the_look': False, 'is_stela': False}",[],,,,,,,"When you first bite into this pasta, you get a subtle hint of yellow mustard that is quickly followed by an uplifting punch of spicy coarse ground Dijon. It is nothing short of excellent 1 lb package",0,{},{},"Sat, 25 Oct 2025 00:36:20 +0000",,,,"When you first bite into this pasta, you get a subtle hint of yellow mustard that is quickly followed by an uplifting punch of spicy coarse ground Dijon. It is nothing short of excellent 1 lb package",[],,thetablegourmet.com,#ccb98f,False,,Stone Ground Coarse Mustard Penne,False,[],[],4599582720595824896,5e9e9ee1b5ec980c831ac5cce87fad91,False,True,False,False,False,False,False,https://thetablegourmet.com/products/stone-ground-coarse-mustard-penne?variant=42711105405017,1,,catalog_bulk_create,,"{'ads_only_profile_site': None, 'blocked_by_me': False, 'domain_url': 'thetablegourmet.com', 'domain_verified': True, 'explicitly_followed_by_me': False, 'first_name': 'The Table Gourmet', 'followed_by_me': False, 'follower_count': 176, 'full_name': 'The Table Gourmet', 'id': '1061442343334618669', 'image_medium_url': 'https://i.pinimg.com/75x75_RS/36/d5/bd/36d5bd51452bbc18d564cb7b09eecd29.jpg', 'image_small_url': 'https://i.pinimg.com/30x30_RS/36/d5/bd/36d5bd51452bbc18d564cb7b09eecd29.jpg', 'indexed': True, 'instagram_data': {'has_invalid_instagram_auth': False, 'url': 'https://www.instagram.com/the.table.gourmet', 'username': 'the.table.gourmet'}, 'is_ads_only_profile': False, 'is_default_image': False, 'is_verified_merchant': False, 'type': 'user', 'username': 'thetablegourmet', 'verified_identity': {}}",,{},,,"{'ads_only_profile_site': None, 'blocked_by_me': False, 'domain_url': 'thetablegourmet.com', 'domain_verified': True, 'explicitly_followed_by_me': False, 'first_name': 'The Table Gourmet', 'followed_by_me': False, 'follower_count': 176, 'full_name': 'The Table Gourmet', 'id': '1061442343334618669', 'image_medium_url': 'https://i.pinimg.com/75x75_RS/36/d5/bd/36d5bd51452bbc18d564cb7b09eecd29.jpg', 'image_small_url': 'https://i.pinimg.com/30x30_RS/36/d5/bd/36d5bd51452bbc18d564cb7b09eecd29.jpg', 'indexed': True, 'instagram_data': {'has_invalid_instagram_auth': False, 'url': 'https://www.instagram.com/the.table.gourmet', 'username': 'the.table.gourmet'}, 'is_ads_only_profile': False, 'is_default_image': False, 'is_verified_merchant': False, 'type': 'user', 'username': 'thetablegourmet', 'verified_identity': {}}",USD,0,public,"{'id': '27522351808669314', 'type': 'productmetadata'}",,False,,0,{},23,25,,Pin on Products,0,False,"[1, 5, 8, 11]",False,False,,,,,,Stone Ground Coarse Mustard Penne,pin,{},,https://thetablegourmet.com/products/stone-ground-coarse-mustard-penne?variant=42711105405017&utm_source=Pinterest&utm_medium=organic,,,,,,,"{'access': [], 'category': 'products', 'collaborated_by_me': False, 'description': '', 'followed_by_me': False, 'id': '1061442274616463768', 'image_cover_url': 'https://i.pinimg.com/200x150/99/0a/5e/990a5e5f41fcc9cc0b2a9a0ecb55f443.jpg', 'image_thumbnail_url': 'https://i.pinimg.com/upload/1061442274616463768_board_thumbnail_2026-06-23-20-34-00_84699_60.jpg', 'is_ads_only': False, 'is_collaborative': False, 'layout': 'default', 'map_id': 'pinterest.ijz1714i', 'name': 'Products', 'pin_thumbnail_urls': [], 'privacy': 'protected', 'type': 'board', 'url': '/thetablegourmet/_products/'}"
[],,,"{'aggregated_stats': {'done': 0, 'saves': 80}, 'comment_count': 0, 'creator_analytics': None, 'did_it_data': {'details_count': 0, 'images_count': 0, 'rating': -1, 'recommend_scores': [{'count': 0, 'score': 1}, {'count': 0, 'score': 0.5}, {'count': 0, 'score': 0}], 'recommended_count': 0, 'responses_count': 0, 'tags': [], 'type': 'aggregateddiditdata', 'user_count': 0, 'videos_count': 0}, 'id': '4988859446705814981', 'is_shop_the_look': False, 'is_stela': False}",[],,,,,,"{'ads_only_profile_site': None, 'blocked_by_me': False, 'domain_url': 'www.creationsbykara.com', 'domain_verified': True, 'explicitly_followed_by_me': False, 'first_name': 'Kara Cook (Creations by Kara)', 'followed_by_me': False, 'follower_count': 107328, 'full_name': 'Kara Cook (Creations by Kara)', 'id': '91690679821926444', 'image_medium_url': 'https://i.pinimg.com/75x75_RS/73/69/20/73692062d7d02500e318e4440355d013.jpg', 'image_small_url': 'https://i.pinimg.com/30x30_RS/73/69/20/73692062d7d02500e318e4440355d013.jpg', 'indexed': True, 'instagram_data': None, 'is_ads_only_profile': False, 'is_default_image': False, 'is_verified_merchant': False, 'node_id': 'VXNlcjo5MTY5MDY3OTgyMTkyNjQ0NA==', 'type': 'user', 'username': 'craftymomcooks', 'verified_identity': {}}",Seriously amazing sweet rolls filled with strawberries and cream cheese.,0,{},{},"Fri, 04 Jan 2019 07:18:51 +0000",,,,Seriously amazing sweet rolls filled with strawberries and cream cheese.,[],,creationsbykara.com,#ceaf9b,False,,,False,[],[],463237511669778762,ce1ca74d4a2065910e3c5e6ef52698d7,False,True,False,False,False,False,False,https://www.creationsbykara.com/overnight-strawberry-cream-cheese-rolls/,0,,ipad,,,,{},,,"{'ads_only_profile_site': None, 'blocked_by_me': False, 'domain_url': None, 'domain_verified': False, 'explicitly_followed_by_me': False, 'first_name': 'peggy', 'followed_by_me': False, 'follower_count': 4, 'full_name': 'peggy turnipseed', 'id': '463237649080042186', 'image_medium_url': 'https://s.pinimg.com/images/user/default_75.png', 'image_small_url': 'https://s.pinimg.com/images/user/default_30.png', 'indexed': True, 'instagram_data': None, 'is_ads_only_profile': False, 'is_default_image': True, 'is_verified_merchant': False, 'type': 'user', 'username': 'jatseed1', 'verified_identity': {}}",USD,0,public,,,False,,2,{'1': 2},4,80,,Pin on Desserts,2,False,[],False,False,,,,,,,pin,{},,,,,,,,,
[],,,"{'aggregated_stats': {'done': 1, 'saves': 991}, 'comment_count': 1, 'creator_analytics': None, 'did_it_data': {'details_count': 0, 'images_count': 1, 'rating': -1, 'recommend_scores': [{'count': 0, 'score': 1}, {'count': 0, 'score': 0.5}, {'count': 0, 'score': 0}], 'recommended_count': 1, 'responses_count': 0, 'tags': [], 'type': 'aggregateddiditdata', 'user_count': 1, 'videos_count': 0}, 'id': '4936704332400702861', 'is_shop_the_look': False, 'is_stela': False}",[],,,,,,"{'ads_only_profile_site': None, 'blocked_by_me': False, 'domain_url': 'thebigmansworld.com', 'domain_verified': True, 'explicitly_followed_by_me': False, 'first_name': ""The Big Man's World"", 'followed_by_me': False, 'follower_count': 316999, 'full_name': ""The Big Man's World"", 'id': '293156394402593545', 'image_medium_url': 'https://i.pinimg.com/75x75_RS/c1/80/7a/c1807a28ae9dd3862e9464e115dbcddc.jpg', 'image_small_url': 'https://i.pinimg.com/30x30_RS/c1/80/7a/c1807a28ae9dd3862e9464e115dbcddc.jpg', 'indexed': True, 'instagram_data': None, 'is_ads_only_profile': False, 'is_default_image': False, 'is_verified_merchant': False, 'node_id': 'VXNlcjoyOTMxNTYzOTQ0MDI1OTM1NDU=', 'type': 'user', 'username': 'thebigmansworld', 'verified_identity': {'verified': True}}","3-Ingredient No Bake Coconut Crack Bars (Paleo, Vegan, Keto, Sugar Free, Gluten Free)",1,{},{},"Wed, 19 Sep 2018 11:04:17 +0000",,,,"3-Ingredient No Bake Coconut Crack Bars (Paleo, Vegan, Keto, Sugar Free, Gluten Free)",[],,thebigmansworld.com,#b8a97c,False,,3-Ingredient Coconut Bars - The Big Man's World ®,False,[],[],468374429994528417,4bad948128783c5e43e785f96d0bb4a9,False,True,False,False,False,False,False,https://thebigmansworld.com/2017/10/30/3-ingredient-paleo-vegan-coconut-crack-bars-keto-sugar-free-no-bake/,1,,in_app_browser,,,,{},,,"{'ads_only_profile_site': None, 'blocked_by_me': False, 'domain_url': None, 'domain_verified': False, 'explicitly_followed_by_me': False, 'first_name': 'Lorelei', 'followed_by_me': False, 'follower_count': 23, 'full_name': 'Lorelei Denault', 'id': '468374567405014307', 'image_medium_url': 'https://i.pinimg.com/75x75_RS/96/56/87/965687f1df7cd641b2a05f6814c8cc79.jpg', 'image_small_url': 'https://i.pinimg.com/30x30_RS/96/56/87/965687f1df7cd641b2a05f6814c8cc79.jpg', 'indexed': False, 'instagram_data': None, 'is_ads_only_profile': False, 'is_default_image': False, 'is_verified_merchant': False, 'type': 'user', 'username': 'loreleidenault', 'verified_identity': {}}",USD,0,public,,,False,,8,{'1': 8},324,991,,Pin on Keto,19,False,[],False,False,,,,,,,pin,{},,https://thebigmansworld.com/2017/10/30/3-ingredient-paleo-vegan-coconut-crack-bars-keto-sugar-free-no-bake/?utm_source=Pinterest&utm_medium=organic,,,,,,True,
[],,,"{'aggregated_stats': {'done': 0, 'saves': 704}, 'comment_count': 2, 'creator_analytics': None, 'did_it_data': {'details_count': 0, 'images_count': 0, 'rating': -1, 'recommend_scores': [{'count': 0, 'score': 1}, {'count': 0, 'score': 0.5}, {'count': 0, 'score': 0}], 'recommended_count': 0, 'responses_count': 0, 'tags': [], 'type': 'aggregateddiditdata', 'user_count': 0, 'videos_count': 0}, 'id': '5372801280964096144', 'is_shop_the_look': False, 'is_stela': False}",[],,,,,,"{'ads_only_profile_site': None, 'blocked_by_me': False, 'domain_url': 'www.kookmutsjes.com', 'domain_verified': True, 'explicitly_followed_by_me': False, 'first_name': 'Kookmutsjes', 'followed_by_me': False, 'follower_count': 139749, 'full_name': 'Kookmutsjes', 'id': '484559378565853096', 'image_medium_url': 'https://i.pinimg.com/75x75_RS/ab/ca/b3/abcab354f3af751dd2a04d34e926072a.jpg', 'image_small_url': 'https://i.pinimg.com/30x30_RS/ab/ca/b3/abcab354f3af751dd2a04d34e926072a.jpg', 'indexed': True, 'instagram_data': None, 'is_ads_only_profile': False, 'is_default_image': False, 'is_verified_merchant': True, 'node_id': 'VXNlcjo0ODQ1NTkzNzg1NjU4NTMwOTY=', 'type': 'user', 'username': 'kookmutsjes', 'verified_identity': {}}","Wil je jouw broodjes ook mooi laten 'ploffen'? Dan zijn deze plof-panbroodjes precies wat je zoekt! Met ingrediënten die je waarschijnlijk al in huis hebt, zijn ze bovendien eenvoudig te maken.",2,{},{},"Tue, 02 Jul 2024 13:20:38 +0000",,,,"Wil je jouw broodjes ook mooi laten 'ploffen'? Dan zijn deze plof-panbroodjes precies wat je zoekt! Met ingrediënten die je waarschijnlijk al in huis hebt, zijn ze bovendien eenvoudig te maken.",[],,kookmutsjes.com,#a28649,False,,Plof-Panbroodjes met Gehakt | Kookmutsjes,False,[],[],484559241175141912,354b461ccb1da8cd3ab820f5e106e240,True,True,False,False,False,False,False,https://kookmutsjes.com/recept/plof-panbroodjes-met-gehakt/,1,,photos,,"{'ads_only_profile_site': None, 'blocked_by_me': False, 'domain_url': 'www.kookmutsjes.com', 'domain_verified': True, 'explicitly_followed_by_me': False, 'first_name': 'Kookmutsjes', 'followed_by_me': False, 'follower_count': 139749, 'full_name': 'Kookmutsjes', 'id': '484559378565853096', 'image_medium_url': 'https://i.pinimg.com/75x75_RS/ab/ca/b3/abcab354f3af751dd2a04d34e926072a.jpg', 'image_small_url': 'https://i.pinimg.com/30x30_RS/ab/ca/b3/abcab354f3af751dd2a04d34e926072a.jpg', 'indexed': True, 'instagram_data': None, 'is_ads_only_profile': False, 'is_default_image': False, 'is_verified_merchant': True, 'type': 'user', 'username': 'kookmutsjes', 'verified_identity': {}}",,{},,,"{'ads_only_profile_site': None, 'blocked_by_me': False, 'domain_url': 'www.kookmutsjes.com', 'domain_verified': True, 'explicitly_followed_by_me': False, 'first_name': 'Kookmutsjes', 'followed_by_me': False, 'follower_count': 139749, 'full_name': 'Kookmutsjes', 'id': '484559378565853096', 'image_medium_url': 'https://i.pinimg.com/75x75_RS/ab/ca/b3/abcab354f3af751dd2a04d34e926072a.jpg', 'image_small_url': 'https://i.pinimg.com/30x30_RS/ab/ca/b3/abcab354f3af751dd2a04d34e926072a.jpg', 'indexed': True, 'instagram_data': None, 'is_ads_only_profile': False, 'is_default_image': False, 'is_verified_merchant': True, 'type': 'user', 'username': 'kookmutsjes', 'verified_identity': {}}",USD,0,public,,,False,,56,{'1': 56},618,704,,Pin on WHAT’S FOR DINNER?,129,False,[],False,True,,,,5372801280173453636,,Plof-Panbroodjes met Gehakt | Kookmutsjes,pin,{},,https://kookmutsjes.com/recept/plof-panbroodjes-met-gehakt/?utm_source=Pinterest&utm_medium=organic,,,,,,,
[],,,"{'aggregated_stats': {'done': 0, 'saves': 1329}, 'comment_count': 0, 'creator_analytics': None, 'did_it_data': {'details_count': 0, 'images_count': 0, 'rating': -1, 'recommend_scores': [{'count': 0, 'score': 1}, {'count': 0, 'score': 0.5}, {'count': 0, 'score': 0}], 'recommended_count': 0, 'responses_count': 0, 'tags': [], 'type': 'aggregateddiditdata', 'user_count': 0, 'videos_count': 0}, 'id': '5438647676652533323', 'is_shop_the_look': False, 'is_stela': False}",[],,,,,,"{'ads_only_profile_site': None, 'blocked_by_me': False, 'domain_url': 'upbeetkitchen.com', 'domain_verified': True, 'explicitly_followed_by_me': False, 'first_name': 'Up Beet Kitchen | Healthy, Family-Friendly Recipes', 'followed_by_me': False, 'follower_count': 6348, 'full_name': 'Up Beet Kitchen | Healthy, Family-Friendly Recipes', 'id': '588916226181436753', 'image_medium_url': 'https://i.pinimg.com/75x75_RS/a4/11/e3/a411e3ce61b27d34dd54fee8d2b22cea.jpg', 'image_small_url': 'https://i.pinimg.com/30x30_RS/a4/11/e3/a411e3ce61b27d34dd54fee8d2b22cea.jpg', 'indexed': True, 'instagram_data': None, 'is_ads_only_profile': False, 'is_default_image': False, 'is_verified_merchant': False, 'node_id': 'VXNlcjo1ODg5MTYyMjYxODE0MzY3NTM=', 'type': 'user', 'username': 'upbeetkitchenfoodblog', 'verified_identity': {}}","Love brownies but need a healthy snack? Look now further than these healthy Cosmic Brownie Protein Bars made with cashew butter, cocoa, protein powder, collagen, and maple syrup.",0,{},{},"Mon, 30 Jun 2025 23:00:49 +0000",,,,"Love brownies but need a healthy snack? Look now further than these healthy Cosmic Brownie Protein Bars made with cashew butter, cocoa, protein powder, collagen, and maple syrup.",[],,upbeetkitchen.com,#71454a,False,,Cosmic Brownie Protein Bars,False,[],[],491244271874941055,b86d994ef1331f5a32042abe6119839b,True,True,False,False,False,False,False,https://upbeetkitchen.com/2025/06/06/brownie-protein-bars/,1,,pin_scheduling,,"{'ads_only_profile_site': None, 'blocked_by_me': False, 'domain_url': 'upbeetkitchen.com', 'domain_verified': True, 'explicitly_followed_by_me': False, 'first_name': 'Up Beet Kitchen | Healthy, Family-Friendly Recipes', 'followed_by_me': False, 'follower_count': 6348, 'full_name': 'Up Beet Kitchen | Healthy, Family-Friendly Recipes', 'id': '588916226181436753', 'image_medium_url': 'https://i.pinimg.com/75x75_RS/a4/11/e3/a411e3ce61b27d34dd54fee8d2b22cea.jpg', 'image_small_url': 'https://i.pinimg.com/30x30_RS/a4/11/e3/a411e3ce61b27d34dd54fee8d2b22cea.jpg', 'indexed': True, 'instagram_data': None, 'is_ads_only_profile': False, 'is_default_image': False, 'is_verified_merchant': False, 'type': 'user', 'username': 'upbeetkitchenfoodblog', 'verified_identity': {}}",,{},,,"{'ads_only_profile_site': None, 'blocked_by_me': False, 'domain_url': 'upbeetkitchen.com', 'domain_verified': True, 'explicitly_followed_by_me': False, 'first_name': 'Up Beet Kitchen | Healthy, Family-Friendly Recipes', 'followed_by_me': False, 'follower_count': 6348, 'full_name': 'Up Beet Kitchen | Healthy, Family-Friendly Recipes', 'id': '588916226181436753', 'image_medium_url': 'https://i.pinimg.com/75x75_RS/a4/11/e3/a411e3ce61b27d34dd54fee8d2b22cea.jpg', 'image_small_url': 'https://i.pinimg.com/30x30_RS/a4/11/e3/a411e3ce61b27d34dd54fee8d2b22cea.jpg', 'indexed': True, 'instagram_data': None, 'is_ads_only_profile': False, 'is_default_image': False, 'is_verified_merchant': False, 'type': 'user', 'username': 'upbeetkitchenfoodblog', 'verified_identity': {}}",USD,0,public,,,False,,11,{'1': 11},949,1329,,Pin on FOOD Favorites,15,False,[],True,False,,,,5438647677048898598,,Cosmic Brownie Protein Bars,pin,{},,https://upbeetkitchen.com/2025/06/06/brownie-protein-bars/?utm_source=Pinterest&utm_medium=organic,,,,,,,
[],,,"{'aggregated_stats': {'done': 0, 'saves': 2270}, 'comment_count': 0, 'creator_analytics': None, 'did_it_data': {'details_count': 0, 'images_count': 0, 'rating': -1, 'recommend_scores': [{'count': 0, 'score': 1}, {'count': 0, 'score': 0.5}, {'count': 0, 'score': 0}], 'recommended_count': 0, 'responses_count': 0, 'tags': [], 'type': 'aggregateddiditdata', 'user_count': 0, 'videos_count': 0}, 'id': '5452233646861776833', 'is_shop_the_look': False, 'is_stela': False}",[],,,,,,"{'ads_only_profile_site': None, 'blocked_by_me': False, 'domain_url': 'spaceshipsandlaserbeams.com', 'domain_verified': True, 'explicitly_followed_by_me': False, 'first_name': 'Spaceships and Laser Beams', 'followed_by_me': False, 'follower_count': 552924, 'full_name': 'Spaceships and Laser Beams', 'id': '180496034974138415', 'image_medium_url': 'https://i.pinimg.com/75x75_RS/7e/3f/f7/7e3ff7725fafb7699c5230265cccf290.jpg', 'image_small_url': 'https://i.pinimg.com/30x30_RS/7e/3f/f7/7e3ff7725fafb7699c5230265cccf290.jpg', 'indexed': True, 'instagram_data': None, 'is_ads_only_profile': False, 'is_default_image': False, 'is_verified_merchant': False, 'node_id': 'VXNlcjoxODA0OTYwMzQ5NzQxMzg0MTU=', 'type': 'user', 'username': 'spaceshipslb', 'verified_identity': {}}","This Butterfinger Puppy Chow is everything you want in an easy, no-bake treat—crunchy, chocolatey, peanut buttery, and packed with bits of that unmistakable Butterfinger crunch.",0,{},{},"Sat, 13 Sep 2025 22:32:26 +0000",,,,"This Butterfinger Puppy Chow is everything you want in an easy, no-bake treat—crunchy, chocolatey, peanut buttery, and packed with bits of that unmistakable Butterfinger crunch.",[],,spaceshipsandlaserbeams.com,#c6a58d,False,,,False,[],[],508203139223136279,334a29e0e16428b01ee5f5bc8b01c0e0,False,True,False,False,False,False,False,https://spaceshipsandlaserbeams.com/butterfinger-puppy-chow/,1,,in_app_browser,,,,{},,,"{'ads_only_profile_site': None, 'blocked_by_me': False, 'domain_url': None, 'domain_verified': False, 'explicitly_followed_by_me': False, 'first_name': 'NykaMyka ', 'followed_by_me': False, 'follower_count': 8, 'full_name': 'NykaMyka', 'id': '508203276609549097', 'image_medium_url': 'https://s.pinimg.com/images/user/default_75.png', 'image_small_url': 'https://s.pinimg.com/images/user/default_30.png', 'indexed': True, 'instagram_data': None, 'is_ads_only_profile': False, 'is_default_image': True, 'is_verified_merchant': False, 'type': 'user', 'username': 'monyka_arnoldus', 'verified_identity': {}}",USD,0,public,,,False,,15,{'1': 15},2234,2270,,Pin on Snackin,147,False,[],False,False,,,,,,,pin,{},,https://spaceshipsandlaserbeams.com/butterfinger-puppy-chow/?utm_source=Pinterest&utm_medium=organic,,,,,,,
[],,,"{'aggregated_stats': {'done': 0, 'saves': 4579}, 'comment_count': 0, 'creator_analytics': None, 'did_it_data': {'details_count': 0, 'images_count': 0, 'rating': -1, 'recommend_scores': [{'count': 0, 'score': 1}, {'count': 0, 'score': 0.5}, {'count': 0, 'score': 0}], 'recommended_count': 0, 'responses_count': 0, 'tags': [], 'type': 'aggregateddiditdata', 'user_count': 0, 'videos_count': 0}, 'id': '5369935844295624523', 'is_shop_the_look': False, 'is_stela': False}",[],,,,,,"{'ads_only_profile_site': None, 'blocked_by_me': False, 'domain_url': None, 'domain_verified': False, 'explicitly_followed_by_me': False, 'first_name': 'Regina', 'followed_by_me': False, 'follower_count': 37, 'full_name': 'Regina Herre', 'id': '524951037723849558', 'image_medium_url': 'https://i.pinimg.com/75x75_RS/c0/3a/6a/c03a6a4211d5fe32c1d61f3e660418d4.jpg', 'image_small_url': 'https://i.pinimg.com/30x30_RS/c0/3a/6a/c03a6a4211d5fe32c1d61f3e660418d4.jpg', 'indexed': True, 'instagram_data': None, 'is_ads_only_profile': False, 'is_default_image': False, 'is_verified_merchant': False, 'node_id': 'VXNlcjo1MjQ5NTEwMzc3MjM4NDk1NTg=', 'type': 'user', 'username': 'jherre94', 'verified_identity': {}}","During the summer, there’s nothing quite like serving up a pitcher of Watermelon Peach White Wine Summer Sangria. This refreshing mix combines ripe mangoes, juicy watermelon, and sweet peaches with a zesty twist from lemons and limes. Fresh mint leaves enhance the natural flavors, while a splash of tequila adds a little extra kick. #watermelonpeachwhitewinesummersangria via @mybartender",0,{},{},"Sun, 16 Jun 2024 17:48:12 +0000",,,,"During the summer, there’s nothing quite like serving up a pitcher of Watermelon Peach White Wine Summer Sangria. This refreshing mix combines ripe mangoes, juicy watermelon, and sweet peaches with a zesty twist from lemons and limes. Fresh mint leaves enhance the natural flavors, while a splash of tequila adds a little extra kick. #watermelonpeachwhitewinesummersangria via @mybartender",[],,mybartender.com,#846029,False,,Watermelon Peach White Wine Summer Sangria,False,['#watermelonpeachwhitewinesummersangria'],[],524950900334626259,68cc613afb3e79b5068be844aa8e28f5,False,True,False,False,False,False,False,https://mybartender.com/recipe/watermelon-peach-white-wine-summer-sangria/,2,,button,,"{'ads_only_profile_site': None, 'blocked_by_me': False, 'domain_url': None, 'domain_verified': False, 'explicitly_followed_by_me': False, 'first_name': 'Regina', 'followed_by_me': False, 'follower_count': 37, 'full_name': 'Regina Herre', 'id': '524951037723849558', 'image_medium_url': 'https://i.pinimg.com/75x75_RS/c0/3a/6a/c03a6a4211d5fe32c1d61f3e660418d4.jpg', 'image_small_url': 'https://i.pinimg.com/30x30_RS/c0/3a/6a/c03a6a4211d5fe32c1d61f3e660418d4.jpg', 'indexed': True, 'instagram_data': None, 'is_ads_only_profile': False, 'is_default_image': False, 'is_verified_merchant': False, 'type': 'user', 'username': 'jherre94', 'verified_identity': {}}",,{},,,"{'ads_only_profile_site': None, 'blocked_by_me': False, 'domain_url': None, 'domain_verified': False, 'explicitly_followed_by_me': False, 'first_name': 'Regina', 'followed_by_me': False, 'follower_count': 37, 'full_name': 'Regina Herre', 'id': '524951037723849558', 'image_medium_url': 'https://i.pinimg.com/75x75_RS/c0/3a/6a/c03a6a4211d5fe32c1d61f3e660418d4.jpg', 'image_small_url': 'https://i.pinimg.com/30x30_RS/c0/3a/6a/c03a6a4211d5fe32c1d61f3e660418d4.jpg', 'indexed': True, 'instagram_data': None, 'is_ads_only_profile': False, 'is_default_image': False, 'is_verified_merchant': False, 'type': 'user', 'username': 'jherre94', 'verified_identity': {}}",USD,0,public,,,False,,64,{'1': 64},579,4579,,Pin on Alcoholic beverages,10,False,[],False,False,,,,,,,pin,{},,,,,,,,True,
[],,,"{'aggregated_stats': {'done': 0, 'saves': 381}, 'comment_count': 0, 'creator_analytics': None, 'did_it_data': {'details_count': 0, 'images_count': 0, 'rating': -1, 'recommend_scores': [{'count': 0, 'score': 1}, {'count': 0, 'score': 0.5}, {'count': 0, 'score': 0}], 'recommended_count': 0, 'responses_count': 0, 'tags': [], 'type': 'aggregateddiditdata', 'user_count': 0, 'videos_count': 0}, 'id': '5455479250603795022', 'is_shop_the_look': False, 'is_stela': False}",[],,,,,,"{'ads_only_profile_site': None, 'blocked_by_me': False, 'domain_url': None, 'domain_verified': False, 'explicitly_followed_by_me': False, 'first_name': 'Paula', 'followed_by_me': False, 'follower_count': 45, 'full_name': 'Paula Abreu Silva', 'id': '527273206281673077', 'image_medium_url': 'https://i.pinimg.com/75x75_RS/6e/03/1a/6e031a7aee063afefb7b6e6e46891c8f.jpg', 'image_small_url': 'https://i.pinimg.com/30x30_RS/6e/03/1a/6e031a7aee063afefb7b6e6e46891c8f.jpg', 'indexed': True, 'instagram_data': None, 'is_ads_only_profile': False, 'is_default_image': False, 'is_verified_merchant': False, 'node_id': 'VXNlcjo1MjcyNzMyMDYyODE2NzMwNzc=', 'type': 'user', 'username': 'PaulaAbreuSilva', 'verified_identity': {}}", ,0,{},{},"Wed, 01 Oct 2025 20:26:07 +0000",,,, ,[],,fullofplants.com,#be965f,False,,Vegan Jackfruit Dumplings,False,[],[],527273068895101919,50a2a9d57efe7f287393f2765ff9882d,False,True,False,False,False,False,False,https://fullofplants.com/vegan-jackfruit-potstickers/,2,,button,,"{'ads_only_profile_site': None, 'blocked_by_me': False, 'domain_url': None, 'domain_verified': False, 'explicitly_followed_by_me': False, 'first_name': 'Paula', 'followed_by_me': False, 'follower_count': 45, 'full_name': 'Paula Abreu Silva', 'id': '527273206281673077', 'image_medium_url': 'https://i.pinimg.com/75x75_RS/6e/03/1a/6e031a7aee063afefb7b6e6e46891c8f.jpg', 'image_small_url': 'https://i.pinimg.com/30x30_RS/6e/03/1a/6e031a7aee063afefb7b6e6e46891c8f.jpg', 'indexed': True, 'instagram_data': None, 'is_ads_only_profile': False, 'is_default_image': False, 'is_verified_merchant': False, 'type': 'user', 'username': 'PaulaAbreuSilva', 'verified_identity': {}}",,{},,,"{'ads_only_profile_site': None, 'blocked_by_me': False, 'domain_url': None, 'domain_verified': False, 'explicitly_followed_by_me': False, 'first_name': 'Paula', 'followed_by_me': False, 'follower_count': 45, 'full_name': 'Paula Abreu Silva', 'id': '527273206281673077', 'image_medium_url': 'https://i.pinimg.com/75x75_RS/6e/03/1a/6e031a7aee063afefb7b6e6e46891c8f.jpg', 'image_small_url': 'https://i.pinimg.com/30x30_RS/6e/03/1a/6e031a7aee063afefb7b6e6e46891c8f.jpg', 'indexed': True, 'instagram_data': None, 'is_ads_only_profile': False, 'is_default_image': False, 'is_verified_merchant': False, 'type': 'user', 'username': 'PaulaAbreuSilva', 'verified_identity': {}}",USD,0,public,,,False,,13,{'1': 13},112,381,,Pin on Dumplings,3,False,[],False,False,,,,,,,pin,{},,,,,,,,True,
[],,,"{'aggregated_stats': {'done': 0, 'saves': 282}, 'comment_count': 0, 'creator_analytics': None, 'did_it_data': {'details_count': 0, 'images_count': 0, 'rating': -1, 'recommend_scores': [{'count': 0, 'score': 1}, {'count': 0, 'score': 0.5}, {'count': 0, 'score': 0}], 'recommended_count': 0, 'responses_count': 0, 'tags': [], 'type': 'aggregateddiditdata', 'user_count': 0, 'videos_count': 0}, 'id': '5300985138776169095', 'is_shop_the_look': False, 'is_stela': False}",[],,,,,,,Raspberry White Chocolate Blondies have creamy chunks of white chocolate that balance perfectly with the tangy fresh raspberries to create the ultimate buttery blondie. These are soft and fudgy cookie bars with the best texture.,0,{},{},"Wed, 21 Feb 2024 06:35:55 +0000",,,,Raspberry White Chocolate Blondies - Taffey Bakery,[],,taffeybakery.com,#d7b9a5,False,,Raspberry White Chocolate Blondies - Taffey Bakery,False,[],[],527695281358251832,4accc808e886d68eb5da0f2fe95725ad,False,True,False,False,False,False,False,https://taffeybakery.com/raspberry-white-chocolate-blondies/,2,,scraped,,,,{},,,"{'ads_only_profile_site': None, 'blocked_by_me': False, 'domain_url': None, 'domain_verified': False, 'explicitly_followed_by_me': False, 'first_name': 'Nate', 'followed_by_me': False, 'follower_count': 153, 'full_name': 'Nate Smith', 'id': '527695418746779310', 'image_medium_url': 'https://i.pinimg.com/75x75_RS/56/1f/83/561f8351c790c0694bd2bdfbb3de394d.jpg', 'image_small_url': 'https://i.pinimg.com/30x30_RS/56/1f/83/561f8351c790c0694bd2bdfbb3de394d.jpg', 'indexed': True, 'instagram_data': None, 'is_ads_only_profile': False, 'is_default_image': False, 'is_verified_merchant': False, 'type': 'user', 'username': 'natessmith58', 'verified_identity': {}}",USD,0,public,,,False,,1,{'1': 1},66,282,,Pin on Recipes,3,False,[],False,False,,,,,,,pin,{},,,,,,,,True,
[],,,"{'aggregated_stats': {'done': 0, 'saves': 189}, 'comment_count': 2, 'creator_analytics': None, 'did_it_data': {'details_count': 0, 'images_count': 0, 'rating': -1, 'recommend_scores': [{'count': 0, 'score': 1}, {'count': 0, 'score': 0.5}, {'count': 0, 'score': 0}], 'recommended_count': 0, 'responses_count': 0, 'tags': [], 'type': 'aggregateddiditdata', 'user_count': 0, 'videos_count': 0}, 'id': '5074676992576636778', 'is_shop_the_look': False, 'is_stela': False}",[],,,,,,"{'ads_only_profile_site': None, 'blocked_by_me': False, 'domain_url': 'kitschencat.com', 'domain_verified': True, 'explicitly_followed_by_me': False, 'first_name': 'Kitschen Cat | Pressure Cooker Recipes', 'followed_by_me': False, 'follower_count': 20932, 'full_name': 'Kitschen Cat', 'id': '466826455033100695', 'image_medium_url': 'https://i.pinimg.com/75x75_RS/f4/f5/7d/f4f57d532b91b78e0d0a11dad5addf8d.jpg', 'image_small_url': 'https://i.pinimg.com/30x30_RS/f4/f5/7d/f4f57d532b91b78e0d0a11dad5addf8d.jpg', 'indexed': True, 'instagram_data': None, 'is_ads_only_profile': False, 'is_default_image': False, 'is_verified_merchant': False, 'node_id': 'VXNlcjo0NjY4MjY0NTUwMzMxMDA2OTU=', 'type': 'user', 'username': 'kitschencat', 'verified_identity': {}}","All in one pot and bursting with flavor, this AhhMazing Pressure Cooker Chicken Tortilla Soup will NOT let you down.",2,{},{},"Tue, 31 Dec 2019 05:21:42 +0000",,,,Pressure Cooker Chicken Tortilla Soup - Kitschen Cat,[],,kitschencat.com,#d1801c,False,,Pressure Cooker Chicken Tortilla Soup - Kitschen Cat,False,[],[],545639311106338580,c0740ad309c524f0c12906c49caffbae,False,True,False,False,False,False,False,https://www.kitschencat.com/pressure-cooker-chicken-tortilla-soup/,1,,in_app_browser,,,,{},,,"{'ads_only_profile_site': None, 'blocked_by_me': False, 'domain_url': None, 'domain_verified': False, 'explicitly_followed_by_me': False, 'first_name': 'Cortney', 'followed_by_me': False, 'follower_count': 24, 'full_name': 'Cortney Dattalo', 'id': '545639448512079960', 'image_medium_url': 'https://s.pinimg.com/images/user/default_75.png', 'image_small_url': 'https://s.pinimg.com/images/user/default_30.png', 'indexed': True, 'instagram_data': None, 'is_ads_only_profile': False, 'is_default_image': True, 'is_verified_merchant': False, 'type': 'user', 'username': 'bellarosederosi', 'verified_identity': {}}",USD,0,public,,,False,,1,{'1': 1},87,189,,Pin on instant pot,0,False,[],False,False,,,,,,,pin,{},,https://www.kitschencat.com/pressure-cooker-chicken-tortilla-soup/?utm_source=Pinterest&utm_medium=organic,,,,,,True,
[],,,"{'aggregated_stats': {'done': 0, 'saves': 55}, 'comment_count': 0, 'creator_analytics': None, 'did_it_data': {'details_count': 0, 'images_count': 0, 'rating': -1, 'recommend_scores': [{'count': 0, 'score': 1}, {'count': 0, 'score': 0.5}, {'count': 0, 'score': 0}], 'recommended_count': 0, 'responses_count': 0, 'tags': [], 'type': 'aggregateddiditdata', 'user_count': 0, 'videos_count': 0}, 'id': '3557784977448530176', 'is_shop_the_look': False, 'is_stela': False}",[],Viral California Roll Cucumber Salad | low carb snacks crunchy 827.60.4.10,,,,,"{'ads_only_profile_site': None, 'blocked_by_me': False, 'domain_url': None, 'domain_verified': False, 'explicitly_followed_by_me': False, 'first_name': 'Core Results', 'followed_by_me': False, 'follower_count': 3, 'full_name': 'Core Results', 'id': '1149614379789389239', 'image_medium_url': 'https://i.pinimg.com/75x75_RS/0f/16/d5/0f16d55c6269637f43fde5a93b01d7cf.jpg', 'image_small_url': 'https://i.pinimg.com/30x30_RS/0f/16/d5/0f16d55c6269637f43fde5a93b01d7cf.jpg', 'indexed': True, 'instagram_data': None, 'is_ads_only_profile': False, 'is_default_image': False, 'is_verified_merchant': False, 'node_id': 'VXNlcjoxMTQ5NjE0Mzc5Nzg5Mzg5MjM5', 'type': 'user', 'username': 'tomcruise20080285', 'verified_identity': {}}",🥑 Delicious possibilities are endless when you make smart dietary choices. Your daily goals are completely within your reach. 🔥 Click the button to join the keto revolution right now.,0,{},{},"Wed, 17 Jun 2026 00:29:49 +0000",,,,🥑 Delicious possibilities are endless when you make smart dietary choices. Your daily goals are completely within your reach. 🔥 Click the button to join the keto revolution right now.,[],,sites.google.com,#aea46c,False,,Low carb snacks keto quick,False,[],[],556898310198444189,cb07c78a4e7bb16b21229d8f197cd07b,True,True,False,False,False,True,False,https://sites.google.com/view/5ketoflowlo-2604300404400246ju/ketoflow-dream-your-transformation?utm_source=pinterest&utm_campaign=1PC20260430Anw,0,,pinterest_platform,,"{'ads_only_profile_site': None, 'blocked_by_me': False, 'domain_url': None, 'domain_verified': False, 'explicitly_followed_by_me': False, 'first_name': 'Core Results', 'followed_by_me': False, 'follower_count': 3, 'full_name': 'Core Results', 'id': '1149614379789389239', 'image_medium_url': 'https://i.pinimg.com/75x75_RS/0f/16/d5/0f16d55c6269637f43fde5a93b01d7cf.jpg', 'image_small_url': 'https://i.pinimg.com/30x30_RS/0f/16/d5/0f16d55c6269637f43fde5a93b01d7cf.jpg', 'indexed': True, 'instagram_data': None, 'is_ads_only_profile': False, 'is_default_image': False, 'is_verified_merchant': False, 'type': 'user', 'username': 'tomcruise20080285', 'verified_identity': {}}","{'ads_only_profile_site': None, 'blocked_by_me': False, 'domain_url': None, 'domain_verified': False, 'explicitly_followed_by_me': False, 'first_name': 'Core Results', 'followed_by_me': False, 'follower_count': 3, 'full_name': 'Core Results', 'id': '1149614379789389239', 'image_medium_url': 'https://i.pinimg.com/75x75_RS/0f/16/d5/0f16d55c6269637f43fde5a93b01d7cf.jpg', 'image_small_url': 'https://i.pinimg.com/30x30_RS/0f/16/d5/0f16d55c6269637f43fde5a93b01d7cf.jpg', 'indexed': True, 'instagram_data': None, 'is_ads_only_profile': False, 'is_default_image': False, 'is_verified_merchant': False, 'node_id': 'VXNlcjoxMTQ5NjE0Mzc5Nzg5Mzg5MjM5', 'type': 'user', 'username': 'tomcruise20080285', 'verified_identity': {}}",{},,,"{'ads_only_profile_site': None, 'blocked_by_me': False, 'domain_url': 'www.nubianqueenscorner.blogspot.com', 'domain_verified': False, 'explicitly_followed_by_me': False, 'first_name': 'Mikyah', 'followed_by_me': False, 'follower_count': 89, 'full_name': 'Mikyah Henderson', 'id': '556898447580468421', 'image_medium_url': 'https://i.pinimg.com/75x75_RS/1d/28/dc/1d28dc25a558912bd02d8b6542fd7766.jpg', 'image_small_url': 'https://i.pinimg.com/30x30_RS/1d/28/dc/1d28dc25a558912bd02d8b6542fd7766.jpg', 'indexed': True, 'instagram_data': None, 'is_ads_only_profile': False, 'is_default_image': False, 'is_verified_merchant': False, 'type': 'user', 'username': 'nubianqueen18', 'verified_identity': {}}",USD,0,public,,,False,,2,{'1': 2},0,55,,Pin on Healthy Food,0,False,[],False,False,,,,,,Low carb snacks keto quick,pin,{},,,"{'ads_only_profile_site': None, 'blocked_by_me': False, 'domain_url': None, 'domain_verified': False, 'explicitly_followed_by_me': False, 'first_name': 'Core Results', 'followed_by_me': False, 'follower_count': 3, 'full_name': 'Core Results', 'id': '1149614379789389239', 'image_medium_url': 'https://i.pinimg.com/75x75_RS/0f/16/d5/0f16d55c6269637f43fde5a93b01d7cf.jpg', 'image_small_url': 'https://i.pinimg.com/30x30_RS/0f/16/d5/0f16d55c6269637f43fde5a93b01d7cf.jpg', 'indexed': True, 'instagram_data': None, 'is_ads_only_profile': False, 'is_default_image': False, 'is_verified_merchant': False, 'type': 'user', 'username': 'tomcruise20080285', 'verified_identity': {}}",,,,,,
[],,,"{'aggregated_stats': {'done': 0, 'saves': 318}, 'comment_count': 0, 'creator_analytics': None, 'did_it_data': {'details_count': 0, 'images_count': 0, 'rating': -1, 'recommend_scores': [{'count': 0, 'score': 1}, {'count': 0, 'score': 0.5}, {'count': 0, 'score': 0}], 'recommended_count': 0, 'responses_count': 0, 'tags': [], 'type': 'aggregateddiditdata', 'user_count': 0, 'videos_count': 0}, 'id': '5436614138786800137', 'is_shop_the_look': False, 'is_stela': False}",[],,,,,,"{'ads_only_profile_site': None, 'blocked_by_me': False, 'domain_url': 'betterhomebase.com', 'domain_verified': True, 'explicitly_followed_by_me': False, 'first_name': 'BetterHomebase | Food Recipes', 'followed_by_me': False, 'follower_count': 10450, 'full_name': 'BetterHomebase | Food Recipes', 'id': '1086282510029218478', 'image_medium_url': 'https://i.pinimg.com/75x75_RS/61/31/eb/6131ebef13ec594a21fb7f9d77f5be0d.jpg', 'image_small_url': 'https://i.pinimg.com/30x30_RS/61/31/eb/6131ebef13ec594a21fb7f9d77f5be0d.jpg', 'indexed': True, 'instagram_data': None, 'is_ads_only_profile': False, 'is_default_image': False, 'is_verified_merchant': False, 'node_id': 'VXNlcjoxMDg2MjgyNTEwMDI5MjE4NDc4', 'type': 'user', 'username': 'betterhomebase', 'verified_identity': {}}","This creamy lobster risotto combines the rich flavors of tender lobster, Parmesan cheese, and perfectly cooked Arborio rice for a restaurant-quality meal at home. With easy-to-follow steps and simple ingredients, it’s ideal for special occasions or when you want to treat yourself to a luxurious dish.",0,{},{},"Thu, 19 Jun 2025 17:39:41 +0000",,,,"This creamy lobster risotto combines the rich flavors of tender lobster, Parmesan cheese, and perfectly cooked Arborio rice for a restaurant-quality meal at home. With easy-to-follow steps and simple ingredients, it’s ideal for special occasions or when you want to treat yourself to a luxurious dish.",[],,betterhomebase.com,#994d1f,False,,Creamy Lobster Risotto,False,[],[],565694403257311785,54307fad718178586c0d9932b913c408,False,True,False,False,False,False,False,https://betterhomebase.com/creamy-lobster-risotto,1,,in_app_browser,,,,{},,,"{'ads_only_profile_site': None, 'blocked_by_me': False, 'domain_url': None, 'domain_verified': False, 'explicitly_followed_by_me': False, 'first_name': 'Jack', 'followed_by_me': False, 'follower_count': 1, 'full_name': 'Jack R', 'id': '565694540602717537', 'image_medium_url': 'https://i.pinimg.com/75x75_RS/6b/3f/d1/6b3fd1ab8d016ff3e82f615b1103cd61.jpg', 'image_small_url': 'https://i.pinimg.com/30x30_RS/6b/3f/d1/6b3fd1ab8d016ff3e82f615b1103cd61.jpg', 'indexed': True, 'instagram_data': None, 'is_ads_only_profile': False, 'is_default_image': False, 'is_verified_merchant': False, 'type': 'user', 'username': 'jmeps43', 'verified_identity': {}}",USD,0,public,,,False,,4,{'1': 4},219,318,,Pin on Recipes,2,False,[],False,False,,,,,,,pin,{},,https://betterhomebase.com/creamy-lobster-risotto?utm_source=Pinterest&utm_medium=organic,,,,,,True,
[],,,"{'aggregated_stats': {'done': 0, 'saves': 1581}, 'comment_count': 0, 'creator_analytics': None, 'did_it_data': {'details_count': 0, 'images_count': 0, 'rating': -1, 'recommend_scores': [{'count': 0, 'score': 1}, {'count': 0, 'score': 0.5}, {'count': 0, 'score': 0}], 'recommended_count': 0, 'responses_count': 0, 'tags': [], 'type': 'aggregateddiditdata', 'user_count': 0, 'videos_count': 0}, 'id': '3493951428430608832', 'is_shop_the_look': False, 'is_stela': False}",[],"A bright plate of Orange Dijon Grilled Halibut with a fresh citrus glaze, perfect for Grilled Halibut Dinner nights.",,,,,"{'ads_only_profile_site': None, 'blocked_by_me': False, 'domain_url': 'irmacooks.com', 'domain_verified': True, 'explicitly_followed_by_me': False, 'first_name': 'Irma Cooks', 'followed_by_me': False, 'follower_count': 44, 'full_name': 'Irma Cooks', 'id': '582442301717048258', 'image_medium_url': 'https://i.pinimg.com/75x75_RS/30/6a/16/306a1686caa39197f998ff6723b51b73.jpg', 'image_small_url': 'https://i.pinimg.com/30x30_RS/30/6a/16/306a1686caa39197f998ff6723b51b73.jpg', 'indexed': True, 'instagram_data': None, 'is_ads_only_profile': False, 'is_default_image': False, 'is_verified_merchant': False, 'node_id': 'VXNlcjo1ODI0NDIzMDE3MTcwNDgyNTg=', 'type': 'user', 'username': 'irma15cooks', 'verified_identity': {}}","Get ready for Orange Dijon Grilled Halibut that tastes bright, bold, and totally grill-worthy. This easy Recipe blends 4 Ingredient Grilled Halibut simplicity with the fresh flavor of Orange Halibut Recipes, Grilled Halibut Recipes Healthy, Citrus Baked Halibut, and Grilled Halibut Dinner vibes. It also works beautifully as a Fish Halibut Recipe, one of the best Bbq Halibut Recipes, plus a fresh spin on Grilled Halibut With Lemon and Halibut Grilled Recipes. Save this for a summer meal that feels light, flavorful, and seriously satisfying.",0,{},{},"Tue, 12 May 2026 04:24:26 +0000",,,,"Get ready for Orange Dijon Grilled Halibut that tastes bright, bold, and totally grill-worthy. This easy Recipe blends 4 Ingredient Grilled Halibut simplicity with the fresh flavor of Orange Halibut Recipes, Grilled Halibut Recipes Healthy, Citrus Baked Halibut, and Grilled Halibut Dinner vibes. It also works beautifully as a Fish Halibut Recipe, one of the best Bbq Halibut Recipes, plus a fresh spin on Grilled Halibut With Lemon and Halibut Grilled Recipes. Save this for a summer meal that feels light, flavorful, and seriously satisfying.",[],,irmacooks.com,#c38e4e,False,,Orange Dijon Grilled Halibut Recipe for a Healthy BBQ Dinner,False,[],[],582442164353378980,4986673b73c221f93bffa17bb7a966b9,True,True,False,False,False,False,False,https://irmacooks.com/orange-dijon-grilled-halibut/,1,,uploaded,,"{'ads_only_profile_site': None, 'blocked_by_me': False, 'domain_url': 'irmacooks.com', 'domain_verified': True, 'explicitly_followed_by_me': False, 'first_name': 'Irma Cooks', 'followed_by_me': False, 'follower_count': 44, 'full_name': 'Irma Cooks', 'id': '582442301717048258', 'image_medium_url': 'https://i.pinimg.com/75x75_RS/30/6a/16/306a1686caa39197f998ff6723b51b73.jpg', 'image_small_url': 'https://i.pinimg.com/30x30_RS/30/6a/16/306a1686caa39197f998ff6723b51b73.jpg', 'indexed': True, 'instagram_data': None, 'is_ads_only_profile': False, 'is_default_image': False, 'is_verified_merchant': False, 'type': 'user', 'username': 'irma15cooks', 'verified_identity': {}}",,{},,,"{'ads_only_profile_site': None, 'blocked_by_me': False, 'domain_url': 'irmacooks.com', 'domain_verified': True, 'explicitly_followed_by_me': False, 'first_name': 'Irma Cooks', 'followed_by_me': False, 'follower_count': 44, 'full_name': 'Irma Cooks', 'id': '582442301717048258', 'image_medium_url': 'https://i.pinimg.com/75x75_RS/30/6a/16/306a1686caa39197f998ff6723b51b73.jpg', 'image_small_url': 'https://i.pinimg.com/30x30_RS/30/6a/16/306a1686caa39197f998ff6723b51b73.jpg', 'indexed': True, 'instagram_data': None, 'is_ads_only_profile': False, 'is_default_image': False, 'is_verified_merchant': False, 'type': 'user', 'username': 'irma15cooks', 'verified_identity': {}}",USD,0,public,,,False,,9,{'1': 9},1331,1581,,Pin on Dinner Recipes,37,False,[],False,False,,,,3493951419471662592,,Orange Dijon Grilled Halibut Recipe for a Healthy BBQ Dinner,pin,{},,https://irmacooks.com/orange-dijon-grilled-halibut/?utm_source=Pinterest&utm_medium=organic,,,,,,True,
[],,,"{'aggregated_stats': {'done': 0, 'saves': 5916}, 'comment_count': 13, 'creator_analytics': None, 'did_it_data': {'details_count': 0, 'images_count': 0, 'rating': -1, 'recommend_scores': [{'count': 0, 'score': 1}, {'count': 0, 'score': 0.5}, {'count': 0, 'score': 0}], 'recommended_count': 0, 'responses_count': 0, 'tags': [], 'type': 'aggregateddiditdata', 'user_count': 0, 'videos_count': 0}, 'id': '5423636971698303480', 'is_shop_the_look': False, 'is_stela': False}",[],,,,,,"{'ads_only_profile_site': None, 'blocked_by_me': False, 'domain_url': 'shakentogetherlife.com', 'domain_verified': True, 'explicitly_followed_by_me': False, 'first_name': 'Shaken Together - Easy, Family Friendly Recipes', 'followed_by_me': False, 'follower_count': 84382, 'full_name': 'Shaken Together - Easy, Family Friendly Recipes', 'id': '93027685961302109', 'image_medium_url': 'https://i.pinimg.com/75x75_RS/63/1c/62/631c6222530c372a1afcce5f246d2574.jpg', 'image_small_url': 'https://i.pinimg.com/30x30_RS/63/1c/62/631c6222530c372a1afcce5f246d2574.jpg', 'indexed': True, 'instagram_data': None, 'is_ads_only_profile': False, 'is_default_image': False, 'is_verified_merchant': False, 'node_id': 'VXNlcjo5MzAyNzY4NTk2MTMwMjEwOQ==', 'type': 'user', 'username': 'shakentogether', 'verified_identity': {}}","Experience the tropical delight of Hawaiian Rice Pudding, where creamy coconut milk meets sweet pineapple and ripe bananas for a dessert that transports your taste buds to paradise. This easy and indulgent recipe is perfect for those looking to add a touch of island magic to their dessert repertoire.",13,{},{},"Wed, 09 Apr 2025 02:46:25 +0000",,,,"Experience the tropical delight of Hawaiian Rice Pudding, where creamy coconut milk meets sweet pineapple and ripe bananas for a dessert that transports your taste buds to paradise. This easy and indulgent recipe is perfect for those looking to add a touch of island magic to their dessert repertoire.",[],,shakentogetherlife.com,#cdb8b1,False,,,False,[],[],58757970136950141,010ddcf5cacf750a4808a765894702d7,False,True,False,False,False,False,False,https://www.shakentogetherlife.com/hawaiian-rice-pudding/,1,,in_app_browser,,,,{},,,"{'ads_only_profile_site': None, 'blocked_by_me': False, 'domain_url': None, 'domain_verified': False, 'explicitly_followed_by_me': False, 'first_name': 'Ginny', 'followed_by_me': False, 'follower_count': 118, 'full_name': 'Ginny Holt', 'id': '58758107546783520', 'image_medium_url': 'https://i.pinimg.com/75x75_RS/e6/16/23/e61623f4e2c79073272db65e69e99630.jpg', 'image_small_url': 'https://i.pinimg.com/30x30_RS/e6/16/23/e61623f4e2c79073272db65e69e99630.jpg', 'indexed': True, 'instagram_data': None, 'is_ads_only_profile': False, 'is_default_image': False, 'is_verified_merchant': False, 'type': 'user', 'username': '1gin12', 'verified_identity': {}}",USD,0,public,,,False,,71,{'1': 71},1831,5916,,Pin on Creative thinking,93,False,[],False,False,,,,,,,pin,{},,https://www.shakentogetherlife.com/hawaiian-rice-pudding/?utm_source=Pinterest&utm_medium=organic,,,,,,,
[],,,"{'aggregated_stats': {'done': 0, 'saves': 228}, 'comment_count': 0, 'creator_analytics': None, 'did_it_data': {'details_count': 0, 'images_count': 0, 'rating': -1, 'recommend_scores': [{'count': 0, 'score': 1}, {'count': 0, 'score': 0.5}, {'count': 0, 'score': 0}], 'recommended_count': 0, 'responses_count': 0, 'tags': [], 'type': 'aggregateddiditdata', 'user_count': 0, 'videos_count': 0}, 'id': '3254270534772191104', 'is_shop_the_look': False, 'is_stela': False}",[],,,,,,"{'ads_only_profile_site': None, 'blocked_by_me': False, 'domain_url': None, 'domain_verified': False, 'explicitly_followed_by_me': False, 'first_name': 'gibbs', 'followed_by_me': False, 'follower_count': 1, 'full_name': 'gibbs', 'id': '392235586204861446', 'image_medium_url': 'https://s.pinimg.com/images/user/default_75.png', 'image_small_url': 'https://s.pinimg.com/images/user/default_30.png', 'indexed': True, 'instagram_data': None, 'is_ads_only_profile': False, 'is_default_image': True, 'is_verified_merchant': False, 'node_id': 'VXNlcjozOTIyMzU1ODYyMDQ4NjE0NDY=', 'type': 'user', 'username': 'ladypi0007', 'verified_identity': {}}","This quick and easy tomato pasta sauce with cream cheese recipe is pure comfort food. It's deliciously creamy, filling, and ready in about 15 minutes!rn#quickpastarecipes #quickpastasauces #creamcheeserecipes #creamypastarecipes #easydinnerrecipes #easymeals",0,{},{},"Thu, 26 Feb 2026 21:48:28 +0000",,,,"This quick and easy tomato pasta sauce with cream cheese recipe is pure comfort food. It's deliciously creamy, filling, and ready in about 15 minutes!rn#quickpastarecipes #quickpastasauces #creamcheeserecipes #creamypastarecipes #easydinnerrecipes #easymeals",[],,theclevermeal.com,#eabfa6,False,,Tomato Pasta Sauce with Cream cheese,False,"['#quickpastarecipes', '#quickpastasauces', '#creamcheeserecipes', '#creamypastarecipes', '#easydinnerrecipes', '#easymeals']",[],60657926227615248,d1ce9f7ecf1f5c8b5f6bf250ba9f2dc0,False,True,False,False,False,True,False,https://theclevermeal.com/tomato-pasta-sauce-with-cream-cheese/,1,,button,,"{'ads_only_profile_site': None, 'blocked_by_me': False, 'domain_url': None, 'domain_verified': False, 'explicitly_followed_by_me': False, 'first_name': 'gibbs', 'followed_by_me': False, 'follower_count': 1, 'full_name': 'gibbs', 'id': '392235586204861446', 'image_medium_url': 'https://s.pinimg.com/images/user/default_75.png', 'image_small_url': 'https://s.pinimg.com/images/user/default_30.png', 'indexed': True, 'instagram_data': None, 'is_ads_only_profile': False, 'is_default_image': True, 'is_verified_merchant': False, 'type': 'user', 'username': 'ladypi0007', 'verified_identity': {}}","{'ads_only_profile_site': None, 'blocked_by_me': False, 'domain_url': None, 'domain_verified': False, 'explicitly_followed_by_me': False, 'first_name': 'gibbs', 'followed_by_me': False, 'follower_count': 1, 'full_name': 'gibbs', 'id': '392235586204861446', 'image_medium_url': 'https://s.pinimg.com/images/user/default_75.png', 'image_small_url': 'https://s.pinimg.com/images/user/default_30.png', 'indexed': True, 'instagram_data': None, 'is_ads_only_profile': False, 'is_default_image': True, 'is_verified_merchant': False, 'node_id': 'VXNlcjozOTIyMzU1ODYyMDQ4NjE0NDY=', 'type': 'user', 'username': 'ladypi0007', 'verified_identity': {}}",{},,,"{'ads_only_profile_site': None, 'blocked_by_me': False, 'domain_url': None, 'domain_verified': False, 'explicitly_followed_by_me': False, 'first_name': 'Rachel', 'followed_by_me': False, 'follower_count': 80, 'full_name': 'Rachel Harley', 'id': '60658063639578056', 'image_medium_url': 'https://i.pinimg.com/75x75_RS/67/a7/ab/67a7abb96a6d38fe4b0d1877c9822b85.jpg', 'image_small_url': 'https://i.pinimg.com/30x30_RS/67/a7/ab/67a7abb96a6d38fe4b0d1877c9822b85.jpg', 'indexed': True, 'instagram_data': None, 'is_ads_only_profile': False, 'is_default_image': False, 'is_verified_merchant': False, 'type': 'user', 'username': 'harleyra', 'verified_identity': {}}",USD,0,public,,,False,,1,{'1': 1},135,228,,Pin on FOOD!,6,False,[],False,False,,,,,,,pin,{},,https://theclevermeal.com/tomato-pasta-sauce-with-cream-cheese/?utm_source=Pinterest&utm_medium=organic,"{'ads_only_profile_site': None, 'blocked_by_me': False, 'domain_url': None, 'domain_verified': False, 'explicitly_followed_by_me': False, 'first_name': 'gibbs', 'followed_by_me': False, 'follower_count': 1, 'full_name': 'gibbs', 'id': '392235586204861446', 'image_medium_url': 'https://s.pinimg.com/images/user/default_75.png', 'image_small_url': 'https://s.pinimg.com/images/user/default_30.png', 'indexed': True, 'instagram_data': None, 'is_ads_only_profile': False, 'is_default_image': True, 'is_verified_merchant': False, 'type': 'user', 'username': 'ladypi0007', 'verified_identity': {}}",,,,,True,
[],,,"{'aggregated_stats': {'done': 0, 'saves': 3045}, 'comment_count': 0, 'creator_analytics': None, 'did_it_data': {'details_count': 0, 'images_count': 0, 'rating': -1, 'recommend_scores': [{'count': 0, 'score': 1}, {'count': 0, 'score': 0.5}, {'count': 0, 'score': 0}], 'recommended_count': 0, 'responses_count': 0, 'tags': [], 'type': 'aggregateddiditdata', 'user_count': 0, 'videos_count': 0}, 'id': '5428438091337627031', 'is_shop_the_look': False, 'is_stela': False}",[],,,,,,"{'ads_only_profile_site': None, 'blocked_by_me': False, 'domain_url': None, 'domain_verified': False, 'explicitly_followed_by_me': False, 'first_name': 'Jonesthuraia', 'followed_by_me': False, 'follower_count': 5568, 'full_name': 'Jonesthuraia', 'id': '631489316408978660', 'image_medium_url': 'https://i.pinimg.com/75x75_RS/08/b7/4c/08b74cdd33d3fbb73dd14b10082e9ba5.jpg', 'image_small_url': 'https://i.pinimg.com/30x30_RS/08/b7/4c/08b74cdd33d3fbb73dd14b10082e9ba5.jpg', 'indexed': True, 'instagram_data': None, 'is_ads_only_profile': False, 'is_default_image': False, 'is_verified_merchant': False, 'node_id': 'VXNlcjo2MzE0ODkzMTY0MDg5Nzg2NjA=', 'type': 'user', 'username': 'jonesthuraia', 'verified_identity': {}}", ,0,{},{},"Mon, 05 May 2025 14:42:18 +0000",,,, ,[],,Uploaded by user,#968b80,False,,,False,[],[],631489179037952876,8ef1a90e9724bbead417e308815bf02c,False,False,False,False,False,False,False,,0,,share_extension_ios,,"{'ads_only_profile_site': None, 'blocked_by_me': False, 'domain_url': None, 'domain_verified': False, 'explicitly_followed_by_me': False, 'first_name': 'Jonesthuraia', 'followed_by_me': False, 'follower_count': 5568, 'full_name': 'Jonesthuraia', 'id': '631489316408978660', 'image_medium_url': 'https://i.pinimg.com/75x75_RS/08/b7/4c/08b74cdd33d3fbb73dd14b10082e9ba5.jpg', 'image_small_url': 'https://i.pinimg.com/30x30_RS/08/b7/4c/08b74cdd33d3fbb73dd14b10082e9ba5.jpg', 'indexed': True, 'instagram_data': None, 'is_ads_only_profile': False, 'is_default_image': False, 'is_verified_merchant': False, 'type': 'user', 'username': 'jonesthuraia', 'verified_identity': {}}",,{},,,"{'ads_only_profile_site': None, 'blocked_by_me': False, 'domain_url': None, 'domain_verified': False, 'explicitly_followed_by_me': False, 'first_name': 'Jonesthuraia', 'followed_by_me': False, 'follower_count': 5568, 'full_name': 'Jonesthuraia', 'id': '631489316408978660', 'image_medium_url': 'https://i.pinimg.com/75x75_RS/08/b7/4c/08b74cdd33d3fbb73dd14b10082e9ba5.jpg', 'image_small_url': 'https://i.pinimg.com/30x30_RS/08/b7/4c/08b74cdd33d3fbb73dd14b10082e9ba5.jpg', 'indexed': True, 'instagram_data': None, 'is_ads_only_profile': False, 'is_default_image': False, 'is_verified_merchant': False, 'type': 'user', 'username': 'jonesthuraia', 'verified_identity': {}}",USD,0,public,,,False,,100,{'1': 100},135,3045,,Pin on Architectural Digest,3,False,[],False,False,,,,,,,pin,{},,,,,,,,,
[],,,"{'aggregated_stats': {'done': 0, 'saves': 3}, 'comment_count': 0, 'creator_analytics': None, 'did_it_data': {'details_count': 0, 'images_count': 0, 'rating': -1, 'recommend_scores': [{'count': 0, 'score': 1}, {'count': 0, 'score': 0.5}, {'count': 0, 'score': 0}], 'recommended_count': 0, 'responses_count': 0, 'tags': [], 'type': 'aggregateddiditdata', 'user_count': 0, 'videos_count': 0}, 'id': '5174247821494238633', 'is_shop_the_look': False, 'is_stela': False}",[],,,,,,"{'ads_only_profile_site': None, 'blocked_by_me': False, 'domain_url': 'chileansalmon.org', 'domain_verified': True, 'explicitly_followed_by_me': False, 'first_name': 'Chilean Salmon Marketing Council', 'followed_by_me': False, 'follower_count': 816, 'full_name': 'Chilean Salmon Marketing Council', 'id': '645422327756195882', 'image_medium_url': 'https://i.pinimg.com/75x75_RS/41/de/f8/41def87070a75a9f3a9413bedde23cd8.jpg', 'image_small_url': 'https://i.pinimg.com/30x30_RS/41/de/f8/41def87070a75a9f3a9413bedde23cd8.jpg', 'indexed': True, 'instagram_data': None, 'is_ads_only_profile': False, 'is_default_image': False, 'is_verified_merchant': False, 'node_id': 'VXNlcjo2NDU0MjIzMjc3NTYxOTU4ODI=', 'type': 'user', 'username': 'chileansalmonMC', 'verified_identity': {}}",This lighter recipe Chilean Salmon with Tabbouleh Gratinee and Zhough Emulsion isI perfect for summer!,0,{},{},"Fri, 02 Jul 2021 17:59:32 +0000",,,,This lighter recipe Chilean Salmon with Tabbouleh Gratinee and Zhough Emulsion isI perfect for summer!,[],,chileansalmon.org,#b97e1c,False,,"Chilean Salmon with Tabbouleh Gratinee, Zhoug Emulsion",False,[],[],645422190353002712,7f3d0658315d2473e72c7bd44060953c,True,True,False,False,False,False,False,https://chileansalmon.org/salmon-recipes-and-videos/chilean-salmon-with-tabbouleh-gratinee-zhoug-emulsion/?utm_source=pinterest&utm_medium=organic&utm_campaign=Tabbouleh,0,,uploaded,,"{'ads_only_profile_site': None, 'blocked_by_me': False, 'domain_url': 'chileansalmon.org', 'domain_verified': True, 'explicitly_followed_by_me': False, 'first_name': 'Chilean Salmon Marketing Council', 'followed_by_me': False, 'follower_count': 816, 'full_name': 'Chilean Salmon Marketing Council', 'id': '645422327756195882', 'image_medium_url': 'https://i.pinimg.com/75x75_RS/41/de/f8/41def87070a75a9f3a9413bedde23cd8.jpg', 'image_small_url': 'https://i.pinimg.com/30x30_RS/41/de/f8/41def87070a75a9f3a9413bedde23cd8.jpg', 'indexed': True, 'instagram_data': None, 'is_ads_only_profile': False, 'is_default_image': False, 'is_verified_merchant': False, 'type': 'user', 'username': 'chileansalmonMC', 'verified_identity': {}}",,{},,,"{'ads_only_profile_site': None, 'blocked_by_me': False, 'domain_url': 'chileansalmon.org', 'domain_verified': True, 'explicitly_followed_by_me': False, 'first_name': 'Chilean Salmon Marketing Council', 'followed_by_me': False, 'follower_count': 816, 'full_name': 'Chilean Salmon Marketing Council', 'id': '645422327756195882', 'image_medium_url': 'https://i.pinimg.com/75x75_RS/41/de/f8/41def87070a75a9f3a9413bedde23cd8.jpg', 'image_small_url': 'https://i.pinimg.com/30x30_RS/41/de/f8/41def87070a75a9f3a9413bedde23cd8.jpg', 'indexed': True, 'instagram_data': None, 'is_ads_only_profile': False, 'is_default_image': False, 'is_verified_merchant': False, 'type': 'user', 'username': 'chileansalmonMC', 'verified_identity': {}}",USD,0,public,,,False,,0,{},88,3,,Pin on Recipes to Cook,0,False,[],False,False,,,,,,"Chilean Salmon with Tabbouleh Gratinee, Zhoug Emulsion",pin,{},,,,,,,,,
[],,,"{'aggregated_stats': {'done': 0, 'saves': 217}, 'comment_count': 0, 'creator_analytics': None, 'did_it_data': {'details_count': 0, 'images_count': 0, 'rating': -1, 'recommend_scores': [{'count': 0, 'score': 1}, {'count': 0, 'score': 0.5}, {'count': 0, 'score': 0}], 'recommended_count': 0, 'responses_count': 0, 'tags': [], 'type': 'aggregateddiditdata', 'user_count': 0, 'videos_count': 0}, 'id': '5108172353706177637', 'is_shop_the_look': False, 'is_stela': False}",[],,,,,,"{'ads_only_profile_site': None, 'blocked_by_me': False, 'domain_url': 'iamgoingvegan.com', 'domain_verified': True, 'explicitly_followed_by_me': False, 'first_name': 'I Am Going Vegan | Plant-Based Diet Tips for Beginners', 'followed_by_me': False, 'follower_count': 234, 'full_name': 'I Am Going Vegan | Plant-Based Diet Tips for Beginners', 'id': '659496076591703474', 'image_medium_url': 'https://i.pinimg.com/75x75_RS/f9/53/d9/f953d99cd4dcd6df88480b781054414b.jpg', 'image_small_url': 'https://i.pinimg.com/30x30_RS/f9/53/d9/f953d99cd4dcd6df88480b781054414b.jpg', 'indexed': True, 'instagram_data': None, 'is_ads_only_profile': False, 'is_default_image': False, 'is_verified_merchant': False, 'node_id': 'VXNlcjo2NTk0OTYwNzY1OTE3MDM0NzQ=', 'type': 'user', 'username': 'iamgoingvegandotcom', 'verified_identity': {}}","This peanut butter banana smoothie bowl recipe is healthy, easy, and packed with protein! Made with 5 ingredients and no yogurt needed. Combine bananas, peanut butter, flaxseed, vanilla, and almond milk to make this breakfast. #smoothie #bananasmoothie #peanutbuttersmoothie #smoothiebowl #vegan #dairyfree #breakfast #healthybreakfast",0,{},{},"Fri, 03 Jul 2020 01:58:53 +0000",,,,"This peanut butter banana smoothie bowl recipe is healthy, easy, and packed with protein! Made with 5 ingredients and no yogurt needed. Combine bananas, peanut butter, flaxseed, vanilla, and almond milk to make this breakfast. #smoothie #bananasmoothie #peanutbuttersmoothie #smoothiebowl #vegan #dairyfree #breakfast #healthybreakfast",[],,purelykaylie.com,#efe2d2,False,,Peanut Butter Banana Smoothie Bowl,False,"['#smoothie', '#bananasmoothie', '#peanutbuttersmoothie', '#smoothiebowl', '#vegan', '#dairyfree', '#breakfast', '#healthybreakfast']",[],659495939175432520,dee4943de33ba7c68d19010b64b1c236,True,True,False,False,False,False,False,https://www.purelykaylie.com/peanut-butter-banana-smoothie-bowl/?utm_medium=social&utm_source=pinterest&utm_campaign=tailwind_tribes&utm_content=tribes&utm_term=1097360356_52610012_884276,0,,martech,,"{'ads_only_profile_site': None, 'blocked_by_me': False, 'domain_url': 'iamgoingvegan.com', 'domain_verified': True, 'explicitly_followed_by_me': False, 'first_name': 'I Am Going Vegan | Plant-Based Diet Tips for Beginners', 'followed_by_me': False, 'follower_count': 234, 'full_name': 'I Am Going Vegan | Plant-Based Diet Tips for Beginners', 'id': '659496076591703474', 'image_medium_url': 'https://i.pinimg.com/75x75_RS/f9/53/d9/f953d99cd4dcd6df88480b781054414b.jpg', 'image_small_url': 'https://i.pinimg.com/30x30_RS/f9/53/d9/f953d99cd4dcd6df88480b781054414b.jpg', 'indexed': True, 'instagram_data': None, 'is_ads_only_profile': False, 'is_default_image': False, 'is_verified_merchant': False, 'type': 'user', 'username': 'iamgoingvegandotcom', 'verified_identity': {}}",,{},,,"{'ads_only_profile_site': None, 'blocked_by_me': False, 'domain_url': 'iamgoingvegan.com', 'domain_verified': True, 'explicitly_followed_by_me': False, 'first_name': 'I Am Going Vegan | Plant-Based Diet Tips for Beginners', 'followed_by_me': False, 'follower_count': 234, 'full_name': 'I Am Going Vegan | Plant-Based Diet Tips for Beginners', 'id': '659496076591703474', 'image_medium_url': 'https://i.pinimg.com/75x75_RS/f9/53/d9/f953d99cd4dcd6df88480b781054414b.jpg', 'image_small_url': 'https://i.pinimg.com/30x30_RS/f9/53/d9/f953d99cd4dcd6df88480b781054414b.jpg', 'indexed': True, 'instagram_data': None, 'is_ads_only_profile': False, 'is_default_image': False, 'is_verified_merchant': False, 'type': 'user', 'username': 'iamgoingvegandotcom', 'verified_identity': {}}",USD,0,public,,,False,,4,{'1': 4},174,217,,Pin on Vegan Food Ideas | Vegan Snacks and Meals,8,False,[],False,False,,,,,,Peanut Butter Banana Smoothie Bowl,pin,{},,,,,,,,True,
[],,,"{'aggregated_stats': {'done': 0, 'saves': 6706}, 'comment_count': 10, 'creator_analytics': None, 'did_it_data': {'details_count': 0, 'images_count': 0, 'rating': -1, 'recommend_scores': [{'count': 0, 'score': 1}, {'count': 0, 'score': 0.5}, {'count': 0, 'score': 0}], 'recommended_count': 0, 'responses_count': 0, 'tags': [], 'type': 'aggregateddiditdata', 'user_count': 0, 'videos_count': 0}, 'id': '5431389190518533626', 'is_shop_the_look': False, 'is_stela': False}",[],,,,,,"{'ads_only_profile_site': None, 'blocked_by_me': False, 'domain_url': None, 'domain_verified': False, 'explicitly_followed_by_me': False, 'first_name': 'Amanda de Jesus Serra', 'followed_by_me': False, 'follower_count': 197, 'full_name': 'Amanda de Jesus Serra', 'id': '680606699844825347', 'image_medium_url': 'https://i.pinimg.com/75x75_RS/41/12/0d/41120da30a293b8540c579855be6aa5c.jpg', 'image_small_url': 'https://i.pinimg.com/30x30_RS/41/12/0d/41120da30a293b8540c579855be6aa5c.jpg', 'indexed': False, 'instagram_data': None, 'is_ads_only_profile': False, 'is_default_image': False, 'is_verified_merchant': False, 'node_id': 'VXNlcjo2ODA2MDY2OTk4NDQ4MjUzNDc=', 'type': 'user', 'username': 'amandajserra3', 'verified_identity': {}}", ,10,{},{},"Wed, 21 May 2025 21:35:32 +0000",,,, ,[],,Uploaded by user,#af865d,False,,Tabletes de Frango,False,[],[],680606562477101760,d3dd2c269532a6b931c6893200d5f6b3,True,True,False,False,False,False,False,,0,,photos,,"{'ads_only_profile_site': None, 'blocked_by_me': False, 'domain_url': None, 'domain_verified': False, 'explicitly_followed_by_me': False, 'first_name': 'Amanda de Jesus Serra', 'followed_by_me': False, 'follower_count': 197, 'full_name': 'Amanda de Jesus Serra', 'id': '680606699844825347', 'image_medium_url': 'https://i.pinimg.com/75x75_RS/41/12/0d/41120da30a293b8540c579855be6aa5c.jpg', 'image_small_url': 'https://i.pinimg.com/30x30_RS/41/12/0d/41120da30a293b8540c579855be6aa5c.jpg', 'indexed': False, 'instagram_data': None, 'is_ads_only_profile': False, 'is_default_image': False, 'is_verified_merchant': False, 'type': 'user', 'username': 'amandajserra3', 'verified_identity': {}}",,{},,,"{'ads_only_profile_site': None, 'blocked_by_me': False, 'domain_url': None, 'domain_verified': False, 'explicitly_followed_by_me': False, 'first_name': 'Amanda de Jesus Serra', 'followed_by_me': False, 'follower_count': 197, 'full_name': 'Amanda de Jesus Serra', 'id': '680606699844825347', 'image_medium_url': 'https://i.pinimg.com/75x75_RS/41/12/0d/41120da30a293b8540c579855be6aa5c.jpg', 'image_small_url': 'https://i.pinimg.com/30x30_RS/41/12/0d/41120da30a293b8540c579855be6aa5c.jpg', 'indexed': False, 'instagram_data': None, 'is_ads_only_profile': False, 'is_default_image': False, 'is_verified_merchant': False, 'type': 'user', 'username': 'amandajserra3', 'verified_identity': {}}",USD,0,public,,,False,,1819,{'1': 1819},1666,6706,,Pin on Receitas,395,False,[],False,True,,,,5431389189258135439,,Tabletes de Frango,pin,{},,,,,,,,,
[],,,"{'aggregated_stats': {'done': 0, 'saves': 201}, 'comment_count': 0, 'creator_analytics': None, 'did_it_data': {'details_count': 0, 'images_count': 0, 'rating': -1, 'recommend_scores': [{'count': 0, 'score': 1}, {'count': 0, 'score': 0.5}, {'count': 0, 'score': 0}], 'recommended_count': 0, 'responses_count': 0, 'tags': [], 'type': 'aggregateddiditdata', 'user_count': 0, 'videos_count': 0}, 'id': '2995351163869766656', 'is_shop_the_look': False, 'is_stela': False}",[],,,,,,"{'ads_only_profile_site': None, 'blocked_by_me': False, 'domain_url': 'tasteglow.com', 'domain_verified': True, 'explicitly_followed_by_me': False, 'first_name': 'tasteglow', 'followed_by_me': False, 'follower_count': 358, 'full_name': 'tasteglow', 'id': '697495198447537862', 'image_medium_url': 'https://i.pinimg.com/75x75_RS/4a/2a/fe/4a2afe5205bda4dd903b6f926c6ca438.jpg', 'image_small_url': 'https://i.pinimg.com/30x30_RS/4a/2a/fe/4a2afe5205bda4dd903b6f926c6ca438.jpg', 'indexed': True, 'instagram_data': None, 'is_ads_only_profile': False, 'is_default_image': False, 'is_verified_merchant': False, 'node_id': 'VXNlcjo2OTc0OTUxOTg0NDc1Mzc4NjI=', 'type': 'user', 'username': 'tasteglow', 'verified_identity': {}}","This Bang Bang Salmon recipe is a flavorful and easy-to-make dish that combines the richness of salmon with a sweet and spicy sauce, perfect for weeknights.",0,{},{},"Mon, 01 Dec 2025 21:44:24 +0000",,,,Bang Bang Salmon Made Perfect in Just 15 Minutes - Tasteglow,[],,tasteglow.com,#a06727,False,,Bang Bang Salmon Made Perfect in Just 15 Minutes,False,[],[],681521356152219411,d7bc1a85dea6cd5542b4be86bc587852,False,True,False,False,False,True,False,https://tasteglow.com/bang-bang-salmon/,1,,in_app_browser,,,"{'ads_only_profile_site': None, 'blocked_by_me': False, 'domain_url': None, 'domain_verified': False, 'explicitly_followed_by_me': False, 'first_name': 'Brenda', 'followed_by_me': False, 'follower_count': 19, 'full_name': 'Brenda Burke', 'id': '512143926283487976', 'image_medium_url': 'https://i.pinimg.com/75x75_RS/09/a4/57/09a4575b85c23f11393acdf444d491cc.jpg', 'image_small_url': 'https://i.pinimg.com/30x30_RS/09/a4/57/09a4575b85c23f11393acdf444d491cc.jpg', 'indexed': True, 'instagram_data': None, 'is_ads_only_profile': False, 'is_default_image': False, 'is_verified_merchant': False, 'node_id': 'VXNlcjo1MTIxNDM5MjYyODM0ODc5NzY=', 'type': 'user', 'username': 'bburke2817', 'verified_identity': {}}",{},,,"{'ads_only_profile_site': None, 'blocked_by_me': False, 'domain_url': None, 'domain_verified': False, 'explicitly_followed_by_me': False, 'first_name': 'Catherine', 'followed_by_me': False, 'follower_count': 7, 'full_name': 'Catherine', 'id': '681521493519218784', 'image_medium_url': 'https://s.pinimg.com/images/user/default_75.png', 'image_small_url': 'https://s.pinimg.com/images/user/default_30.png', 'indexed': True, 'instagram_data': None, 'is_ads_only_profile': False, 'is_default_image': True, 'is_verified_merchant': False, 'type': 'user', 'username': 'catherinetownsend1992', 'verified_identity': {}}",USD,0,public,,,False,,4,{'1': 4},158,201,,Pin on New to print,14,False,[],False,False,,,,,,,pin,{},,https://tasteglow.com/bang-bang-salmon/?utm_source=Pinterest&utm_medium=organic,"{'ads_only_profile_site': None, 'blocked_by_me': False, 'domain_url': None, 'domain_verified': False, 'explicitly_followed_by_me': False, 'first_name': 'Brenda', 'followed_by_me': False, 'follower_count': 19, 'full_name': 'Brenda Burke', 'id': '512143926283487976', 'image_medium_url': 'https://i.pinimg.com/75x75_RS/09/a4/57/09a4575b85c23f11393acdf444d491cc.jpg', 'image_small_url': 'https://i.pinimg.com/30x30_RS/09/a4/57/09a4575b85c23f11393acdf444d491cc.jpg', 'indexed': True, 'instagram_data': None, 'is_ads_only_profile': False, 'is_default_image': False, 'is_verified_merchant': False, 'type': 'user', 'username': 'bburke2817', 'verified_identity': {}}",,,,,True,
[],,,"{'aggregated_stats': {'done': 2, 'saves': 6162}, 'comment_count': 8, 'creator_analytics': None, 'did_it_data': {'details_count': 2, 'images_count': 2, 'rating': -1, 'recommend_scores': [{'count': 0, 'score': 1}, {'count': 0, 'score': 0.5}, {'count': 0, 'score': 0}], 'recommended_count': 2, 'responses_count': 0, 'tags': [], 'type': 'aggregateddiditdata', 'user_count': 2, 'videos_count': 0}, 'id': '3001863359714181312', 'is_shop_the_look': False, 'is_stela': False}",[],,,,,,"{'ads_only_profile_site': None, 'blocked_by_me': False, 'domain_url': 'www.thecookingfoodie.com', 'domain_verified': True, 'explicitly_followed_by_me': False, 'first_name': 'The Cooking Foodie', 'followed_by_me': False, 'follower_count': 1790, 'full_name': 'The Cooking Foodie', 'id': '695384136122147073', 'image_medium_url': 'https://i.pinimg.com/75x75_RS/1f/19/ab/1f19ab504a02290bc3de5a1ea9999952.jpg', 'image_small_url': 'https://i.pinimg.com/30x30_RS/1f/19/ab/1f19ab504a02290bc3de5a1ea9999952.jpg', 'indexed': True, 'instagram_data': None, 'is_ads_only_profile': False, 'is_default_image': False, 'is_verified_merchant': False, 'node_id': 'VXNlcjo2OTUzODQxMzYxMjIxNDcwNzM=', 'type': 'user', 'username': 'thecookingfoodie', 'verified_identity': {}}","Make this viral homemade doner kebab in the oven! Juicy, flavorful, and easy to prepare. The best doner kebab recipe with no rotisserie needed.",8,{},{},"Sun, 23 Nov 2025 10:41:39 +0000",,,,"Make this viral homemade doner kebab in the oven! Juicy, flavorful, and easy to prepare. The best doner kebab recipe with no rotisserie needed.",[],,thecookingfoodie.com,#b4815f,False,,Viral Homemade Doner Kebab Recipe,False,[],[],695383998755621348,abc1b5c5ab4985a8c448412711f3236a,True,True,False,False,False,False,False,https://thecookingfoodie.com/recipe/homemade-doner-kebab/,1,,uploaded,,"{'ads_only_profile_site': None, 'blocked_by_me': False, 'domain_url': 'www.thecookingfoodie.com', 'domain_verified': True, 'explicitly_followed_by_me': False, 'first_name': 'The Cooking Foodie', 'followed_by_me': False, 'follower_count': 1790, 'full_name': 'The Cooking Foodie', 'id': '695384136122147073', 'image_medium_url': 'https://i.pinimg.com/75x75_RS/1f/19/ab/1f19ab504a02290bc3de5a1ea9999952.jpg', 'image_small_url': 'https://i.pinimg.com/30x30_RS/1f/19/ab/1f19ab504a02290bc3de5a1ea9999952.jpg', 'indexed': True, 'instagram_data': None, 'is_ads_only_profile': False, 'is_default_image': False, 'is_verified_merchant': False, 'type': 'user', 'username': 'thecookingfoodie', 'verified_identity': {}}",,{},,,"{'ads_only_profile_site': None, 'blocked_by_me': False, 'domain_url': 'www.thecookingfoodie.com', 'domain_verified': True, 'explicitly_followed_by_me': False, 'first_name': 'The Cooking Foodie', 'followed_by_me': False, 'follower_count': 1790, 'full_name': 'The Cooking Foodie', 'id': '695384136122147073', 'image_medium_url': 'https://i.pinimg.com/75x75_RS/1f/19/ab/1f19ab504a02290bc3de5a1ea9999952.jpg', 'image_small_url': 'https://i.pinimg.com/30x30_RS/1f/19/ab/1f19ab504a02290bc3de5a1ea9999952.jpg', 'indexed': True, 'instagram_data': None, 'is_ads_only_profile': False, 'is_default_image': False, 'is_verified_merchant': False, 'type': 'user', 'username': 'thecookingfoodie', 'verified_identity': {}}",USD,0,public,,,False,,48,{'1': 48},1020,6162,,Pin on Easy Dinner Recipes,110,False,[],False,False,,,,3001863349078889664,,Viral Homemade Doner Kebab Recipe,pin,{},,https://thecookingfoodie.com/recipe/homemade-doner-kebab/?utm_source=Pinterest&utm_medium=organic,,,,,,,
[],,,"{'aggregated_stats': {'done': 1, 'saves': 2876}, 'comment_count': 0, 'creator_analytics': None, 'did_it_data': {'details_count': 1, 'images_count': 1, 'rating': -1, 'recommend_scores': [{'count': 0, 'score': 1}, {'count': 0, 'score': 0.5}, {'count': 0, 'score': 0}], 'recommended_count': 1, 'responses_count': 0, 'tags': [], 'type': 'aggregateddiditdata', 'user_count': 1, 'videos_count': 0}, 'id': '5392108925415895673', 'is_shop_the_look': False, 'is_stela': False}",[],,,,,,"{'ads_only_profile_site': None, 'blocked_by_me': False, 'domain_url': 'www.thetravelpalate.com', 'domain_verified': True, 'explicitly_followed_by_me': False, 'first_name': 'The Travel Palate | Easy Meals and Simple Desserts', 'followed_by_me': False, 'follower_count': 10205, 'full_name': 'The Travel Palate | Easy Meals and Simple Desserts', 'id': '724164952490843700', 'image_medium_url': 'https://i.pinimg.com/75x75_RS/cb/49/19/cb49193938e0f087406f5db7484b933f.jpg', 'image_small_url': 'https://i.pinimg.com/30x30_RS/cb/49/19/cb49193938e0f087406f5db7484b933f.jpg', 'indexed': True, 'instagram_data': None, 'is_ads_only_profile': False, 'is_default_image': False, 'is_verified_merchant': False, 'node_id': 'VXNlcjo3MjQxNjQ5NTI0OTA4NDM3MDA=', 'type': 'user', 'username': 'thetravelpalate', 'verified_identity': {}}","Look at these authentic chicken tingas from The Travel Palate! You'll love how easy it is to make. It's great for tacos, burritos, tostadas, and salads! You and your family are bound to love this recipe! It might even become a new family favorite! Check it out today and make it this fall!",0,{},{},"Thu, 17 Oct 2024 02:44:01 +0000",,,,"Look at these authentic chicken tingas from The Travel Palate! You'll love how easy it is to make. It's great for tacos, burritos, tostadas, and salads! You and your family are bound to love this recipe! It might even become a new family favorite! Check it out today and make it this fall!",[],,thetravelpalate.com,#cf883f,False,,Authentic Chicken Tinga (Tinga de Pollo) - The Travel Palate,False,[],[],724164815116907280,4b77b6f46b38f6d5cf3a74005665fa02,True,True,False,False,False,False,False,https://www.thetravelpalate.com/chicken-tinga-recipe/,1,,pinterest_platform,,"{'ads_only_profile_site': None, 'blocked_by_me': False, 'domain_url': 'www.thetravelpalate.com', 'domain_verified': True, 'explicitly_followed_by_me': False, 'first_name': 'The Travel Palate | Easy Meals and Simple Desserts', 'followed_by_me': False, 'follower_count': 10205, 'full_name': 'The Travel Palate | Easy Meals and Simple Desserts', 'id': '724164952490843700', 'image_medium_url': 'https://i.pinimg.com/75x75_RS/cb/49/19/cb49193938e0f087406f5db7484b933f.jpg', 'image_small_url': 'https://i.pinimg.com/30x30_RS/cb/49/19/cb49193938e0f087406f5db7484b933f.jpg', 'indexed': True, 'instagram_data': None, 'is_ads_only_profile': False, 'is_default_image': False, 'is_verified_merchant': False, 'type': 'user', 'username': 'thetravelpalate', 'verified_identity': {}}",,{},,,"{'ads_only_profile_site': None, 'blocked_by_me': False, 'domain_url': 'www.thetravelpalate.com', 'domain_verified': True, 'explicitly_followed_by_me': False, 'first_name': 'The Travel Palate | Easy Meals and Simple Desserts', 'followed_by_me': False, 'follower_count': 10205, 'full_name': 'The Travel Palate | Easy Meals and Simple Desserts', 'id': '724164952490843700', 'image_medium_url': 'https://i.pinimg.com/75x75_RS/cb/49/19/cb49193938e0f087406f5db7484b933f.jpg', 'image_small_url': 'https://i.pinimg.com/30x30_RS/cb/49/19/cb49193938e0f087406f5db7484b933f.jpg', 'indexed': True, 'instagram_data': None, 'is_ads_only_profile': False, 'is_default_image': False, 'is_verified_merchant': False, 'type': 'user', 'username': 'thetravelpalate', 'verified_identity': {}}",USD,0,public,,,False,,26,{'1': 26},542,2876,,Pin on Incredible Mexican Recipes,14,False,[],False,False,,,,5392109020765023167,,Authentic Chicken Tinga (Tinga de Pollo) - The Travel Palate,pin,{},,https://www.thetravelpalate.com/chicken-tinga-recipe/?utm_source=Pinterest&utm_medium=organic,,,,,,,
[],,,"{'aggregated_stats': {'done': 0, 'saves': 2192}, 'comment_count': 0, 'creator_analytics': None, 'did_it_data': {'details_count': 0, 'images_count': 0, 'rating': -1, 'recommend_scores': [{'count': 0, 'score': 1}, {'count': 0, 'score': 0.5}, {'count': 0, 'score': 0}], 'recommended_count': 0, 'responses_count': 0, 'tags': [], 'type': 'aggregateddiditdata', 'user_count': 0, 'videos_count': 0}, 'id': '5171760546529201391', 'is_shop_the_look': False, 'is_stela': False}",[],,,,,,,blackberry slab pie bars,0,{},{},"Mon, 26 Jul 2021 20:01:38 +0000",,,,blackberry slab pie bars,[],,theviewfromgreatisland.com,#e0c4aa,False,,blackberry slab pie bars,False,[],[],75083518777724795,a792cfe27f1236aa7faa64554d2a9adf,True,True,False,False,False,True,False,https://theviewfromgreatisland.com/blackberry-slab-pie-bars-recipe/,1,,uploaded,,"{'ads_only_profile_site': None, 'blocked_by_me': False, 'domain_url': None, 'domain_verified': False, 'explicitly_followed_by_me': False, 'first_name': 'Marianne', 'followed_by_me': False, 'follower_count': 319447, 'full_name': 'Marianne Thomson', 'id': '75083656195999516', 'image_medium_url': 'https://i.pinimg.com/75x75_RS/26/1d/fe/261dfe1bfe337f0ebcfcebd516d433b7.jpg', 'image_small_url': 'https://i.pinimg.com/30x30_RS/26/1d/fe/261dfe1bfe337f0ebcfcebd516d433b7.jpg', 'indexed': True, 'instagram_data': None, 'is_ads_only_profile': False, 'is_default_image': False, 'is_verified_merchant': False, 'type': 'user', 'username': 'mathomson', 'verified_identity': {}}","{'ads_only_profile_site': None, 'blocked_by_me': False, 'domain_url': None, 'domain_verified': False, 'explicitly_followed_by_me': False, 'first_name': 'Marianne', 'followed_by_me': False, 'follower_count': 319447, 'full_name': 'Marianne Thomson', 'id': '75083656195999516', 'image_medium_url': 'https://i.pinimg.com/75x75_RS/26/1d/fe/261dfe1bfe337f0ebcfcebd516d433b7.jpg', 'image_small_url': 'https://i.pinimg.com/30x30_RS/26/1d/fe/261dfe1bfe337f0ebcfcebd516d433b7.jpg', 'indexed': True, 'instagram_data': None, 'is_ads_only_profile': False, 'is_default_image': False, 'is_verified_merchant': False, 'node_id': 'VXNlcjo3NTA4MzY1NjE5NTk5OTUxNg==', 'type': 'user', 'username': 'mathomson', 'verified_identity': {}}",{},,,"{'ads_only_profile_site': None, 'blocked_by_me': False, 'domain_url': None, 'domain_verified': False, 'explicitly_followed_by_me': False, 'first_name': 'Marianne', 'followed_by_me': False, 'follower_count': 319447, 'full_name': 'Marianne Thomson', 'id': '75083656195999516', 'image_medium_url': 'https://i.pinimg.com/75x75_RS/26/1d/fe/261dfe1bfe337f0ebcfcebd516d433b7.jpg', 'image_small_url': 'https://i.pinimg.com/30x30_RS/26/1d/fe/261dfe1bfe337f0ebcfcebd516d433b7.jpg', 'indexed': True, 'instagram_data': None, 'is_ads_only_profile': False, 'is_default_image': False, 'is_verified_merchant': False, 'type': 'user', 'username': 'mathomson', 'verified_identity': {}}",USD,0,public,,,False,,15,{'1': 15},299,2192,,Pin on BARS & SQUARES,1,False,[],False,False,,,,,,blackberry slab pie bars,pin,{},,https://theviewfromgreatisland.com/blackberry-slab-pie-bars-recipe/?utm_source=Pinterest&utm_medium=organic,"{'ads_only_profile_site': None, 'blocked_by_me': False, 'domain_url': None, 'domain_verified': False, 'explicitly_followed_by_me': False, 'first_name': 'Marianne', 'followed_by_me': False, 'follower_count': 319447, 'full_name': 'Marianne Thomson', 'id': '75083656195999516', 'image_medium_url': 'https://i.pinimg.com/75x75_RS/26/1d/fe/261dfe1bfe337f0ebcfcebd516d433b7.jpg', 'image_small_url': 'https://i.pinimg.com/30x30_RS/26/1d/fe/261dfe1bfe337f0ebcfcebd516d433b7.jpg', 'indexed': True, 'instagram_data': None, 'is_ads_only_profile': False, 'is_default_image': False, 'is_verified_merchant': False, 'type': 'user', 'username': 'mathomson', 'verified_identity': {}}",,,,,True,
[],,,"{'aggregated_stats': {'done': 0, 'saves': 44365}, 'comment_count': 0, 'creator_analytics': None, 'did_it_data': {'details_count': 0, 'images_count': 0, 'rating': -1, 'recommend_scores': [{'count': 0, 'score': 1}, {'count': 0, 'score': 0.5}, {'count': 0, 'score': 0}], 'recommended_count': 0, 'responses_count': 0, 'tags': [], 'type': 'aggregateddiditdata', 'user_count': 0, 'videos_count': 0}, 'id': '5294609403729724910', 'is_shop_the_look': False, 'is_stela': False}",[],,,,,,"{'ads_only_profile_site': None, 'blocked_by_me': False, 'domain_url': None, 'domain_verified': False, 'explicitly_followed_by_me': False, 'first_name': 'madi:)', 'followed_by_me': False, 'follower_count': 793, 'full_name': 'madi:)', 'id': '760193749509955186', 'image_medium_url': 'https://i.pinimg.com/75x75_RS/00/be/cf/00becf087b290636a57140ceb947e865.jpg', 'image_small_url': 'https://i.pinimg.com/30x30_RS/00/be/cf/00becf087b290636a57140ceb947e865.jpg', 'indexed': True, 'instagram_data': None, 'is_ads_only_profile': False, 'is_default_image': False, 'is_verified_merchant': False, 'node_id': 'VXNlcjo3NjAxOTM3NDk1MDk5NTUxODY=', 'type': 'user', 'username': 'madisenwilliamswi', 'verified_identity': {}}"," 

dinner dress, lunch, dress, cute outfit, ootd, dinner, outfit, pretty dress, clothes, outfit of the day, Pinterestgirl, Pinterestoutfit, Pinterestoutfits, Pinterestinspo, Pinterestvibes, Pinterestinspired, Pinterestdump, vscogirlvibes, beach, summervibes, beachgirls, beachlife, summer, summerlookbook, summerfashion2023, country, summerfashioninspo, summerstyles, outfitinspo, femininestyle, classyvision, outfitsfrr, lavishfashion, fitsonpoint, aestheticstyle, minimalstyle, gominimal, classyvision, classystreatweargirls, outfitsociety, thegallerystreetwear, fashionfury, soulseekersfemale, zarawomen, sorority, deltagamma, sororitylife, sunset, sky colors, pretty sunset, photo, orange and blue sky, sun, setting, spring break, beach, Spreak, group of girls on a beach, girls, trip, road trip,",0,{},{},"Fri, 28 Apr 2023 00:27:26 +0000",,,," 

dinner dress, lunch, dress, cute outfit, ootd, dinner, outfit, pretty dress, clothes, outfit of the day, Pinterestgirl, Pinterestoutfit, Pinterestoutfits, Pinterestinspo, Pinterestvibes, Pinterestinspired, Pinterestdump, vscogirlvibes, beach, summervibes, beachgirls, beachlife, summer, summerlookbook, summerfashion2023, country, summerfashioninspo, summerstyles, outfitinspo, femininestyle, classyvision, outfitsfrr, lavishfashion, fitsonpoint, aestheticstyle, minimalstyle, gominimal, classyvision, classystreatweargirls, outfitsociety, thegallerystreetwear, fashionfury, soulseekersfemale, zarawomen, sorority, deltagamma, sororitylife, sunset, sky colors, pretty sunset, photo, orange and blue sky, sun, setting, spring break, beach, Spreak, group of girls on a beach, girls, trip, road trip,",[],,Uploaded by user,#a99386,False,,yummy snacks|easy snacks|easy treat ideas,False,[],[],760193612124575157,3a55921bb89c5d74c139fec7e33505a6,True,True,False,False,False,False,False,,0,,photos,,"{'ads_only_profile_site': None, 'blocked_by_me': False, 'domain_url': None, 'domain_verified': False, 'explicitly_followed_by_me': False, 'first_name': 'madi:)', 'followed_by_me': False, 'follower_count': 793, 'full_name': 'madi:)', 'id': '760193749509955186', 'image_medium_url': 'https://i.pinimg.com/75x75_RS/00/be/cf/00becf087b290636a57140ceb947e865.jpg', 'image_small_url': 'https://i.pinimg.com/30x30_RS/00/be/cf/00becf087b290636a57140ceb947e865.jpg', 'indexed': True, 'instagram_data': None, 'is_ads_only_profile': False, 'is_default_image': False, 'is_verified_merchant': False, 'type': 'user', 'username': 'madisenwilliamswi', 'verified_identity': {}}",,{},,,"{'ads_only_profile_site': None, 'blocked_by_me': False, 'domain_url': None, 'domain_verified': False, 'explicitly_followed_by_me': False, 'first_name': 'madi:)', 'followed_by_me': False, 'follower_count': 793, 'full_name': 'madi:)', 'id': '760193749509955186', 'image_medium_url': 'https://i.pinimg.com/75x75_RS/00/be/cf/00becf087b290636a57140ceb947e865.jpg', 'image_small_url': 'https://i.pinimg.com/30x30_RS/00/be/cf/00becf087b290636a57140ceb947e865.jpg', 'indexed': True, 'instagram_data': None, 'is_ads_only_profile': False, 'is_default_image': False, 'is_verified_merchant': False, 'type': 'user', 'username': 'madisenwilliamswi', 'verified_identity': {}}",USD,0,public,,,False,,3398,"{'1': 3395, '13': 1, '7': 2}",43946,44365,,Pin on foodie,2069,False,[],False,True,,,,5294609403117353312,,yummy snacks|easy snacks|easy treat ideas,pin,{},,,,,,,,,
[],,,"{'aggregated_stats': {'done': 0, 'saves': 6323}, 'comment_count': 1, 'creator_analytics': None, 'did_it_data': {'details_count': 0, 'images_count': 0, 'rating': -1, 'recommend_scores': [{'count': 0, 'score': 1}, {'count': 0, 'score': 0.5}, {'count': 0, 'score': 0}], 'recommended_count': 0, 'responses_count': 0, 'tags': [], 'type': 'aggregateddiditdata', 'user_count': 0, 'videos_count': 0}, 'id': '5261173109265846130', 'is_shop_the_look': False, 'is_stela': False}",[],,,,,,"{'ads_only_profile_site': None, 'blocked_by_me': False, 'domain_url': 'www.spicedblog.com', 'domain_verified': True, 'explicitly_followed_by_me': False, 'first_name': 'David Dial | Spiced', 'followed_by_me': False, 'follower_count': 33647, 'full_name': 'David Dial | Spiced', 'id': '573998052415640157', 'image_medium_url': 'https://i.pinimg.com/75x75_RS/21/a0/e2/21a0e285ec0ef9cb758e1cc0c5dc38ff.jpg', 'image_small_url': 'https://i.pinimg.com/30x30_RS/21/a0/e2/21a0e285ec0ef9cb758e1cc0c5dc38ff.jpg', 'indexed': True, 'instagram_data': None, 'is_ads_only_profile': False, 'is_default_image': False, 'is_verified_merchant': False, 'node_id': 'VXNlcjo1NzM5OTgwNTI0MTU2NDAxNTc=', 'type': 'user', 'username': 'spicedblog', 'verified_identity': {}}",Spinach Ricotta Pizza | Mix up pizza night with this tasty recipe!,1,{},{},"Tue, 25 Jun 2024 14:59:37 +0000",,,,Spinach Ricotta Pizza | Mix up pizza night with this tasty recipe!,[],,spicedblog.com,#caa97a,False,,,False,[],[],766808274084579917,896905f627c9eb0030596a956266b39a,False,True,False,False,False,False,False,https://spicedblog.com/spinach-ricotta-pizza/,2,,in_app_browser,,,,{},,,"{'ads_only_profile_site': None, 'blocked_by_me': False, 'domain_url': None, 'domain_verified': False, 'explicitly_followed_by_me': False, 'first_name': 'Joan', 'followed_by_me': False, 'follower_count': 8, 'full_name': 'Joan', 'id': '766808411462436003', 'image_medium_url': 'https://i.pinimg.com/75x75_RS/20/c8/99/20c899eef7da7463c98812b4d3f14538.jpg', 'image_small_url': 'https://i.pinimg.com/30x30_RS/20/c8/99/20c899eef7da7463c98812b4d3f14538.jpg', 'indexed': True, 'instagram_data': None, 'is_ads_only_profile': False, 'is_default_image': False, 'is_verified_merchant': False, 'type': 'user', 'username': 'tgardgmc', 'verified_identity': {}}",USD,0,public,,,False,,74,{'1': 74},925,6323,,Pin on Pizza,18,False,[],False,False,,,,,,,pin,{},,,,,,,,,
[],,,"{'aggregated_stats': {'done': 0, 'saves': 7280}, 'comment_count': 0, 'creator_analytics': None, 'did_it_data': {'details_count': 0, 'images_count': 0, 'rating': -1, 'recommend_scores': [{'count': 0, 'score': 1}, {'count': 0, 'score': 0.5}, {'count': 0, 'score': 0}], 'recommended_count': 0, 'responses_count': 0, 'tags': [], 'type': 'aggregateddiditdata', 'user_count': 0, 'videos_count': 0}, 'id': '5372539968900100979', 'is_shop_the_look': False, 'is_stela': False}",[],,,,,,,"These sensational Pistachio Croissants have flaky croissants, creamy pistachio filling, crushed pistachios, and pistachio sauce. Serve it as a treat or dessert.",0,{},{},"Mon, 01 Jul 2024 02:43:56 +0000",,,,"These sensational Pistachio Croissants have flaky croissants, creamy pistachio filling, crushed pistachios, and pistachio sauce. Serve it as a treat or dessert.",[],,simshomekitchen.com,#b38750,False,,Pistachio Filled Croissants,False,[],[],768778598922031607,f0448861c9da30928d5a4490e1d62292,True,True,False,False,False,False,False,https://simshomekitchen.com/pistachio-croissants/,1,,pinterest_platform,,,,{},,,,USD,0,public,,,False,,356,{'1': 356},452,7280,,Pin on Simshomekitchen.com,18,False,[],False,False,,,,5372539976825221730,,Pistachio Filled Croissants,pin,{},,https://simshomekitchen.com/pistachio-croissants/?utm_source=Pinterest&utm_medium=organic,,,,,,,
[],,,"{'aggregated_stats': {'done': 0, 'saves': 26694}, 'comment_count': 63, 'creator_analytics': None, 'did_it_data': {'details_count': 0, 'images_count': 0, 'rating': -1, 'recommend_scores': [{'count': 0, 'score': 1}, {'count': 0, 'score': 0.5}, {'count': 0, 'score': 0}], 'recommended_count': 0, 'responses_count': 0, 'tags': [], 'type': 'aggregateddiditdata', 'user_count': 0, 'videos_count': 0}, 'id': '5342397913739873836', 'is_shop_the_look': False, 'is_stela': False}",[],,,,,,"{'ads_only_profile_site': None, 'blocked_by_me': False, 'domain_url': None, 'domain_verified': False, 'explicitly_followed_by_me': False, 'first_name': 'Amber', 'followed_by_me': False, 'follower_count': 518, 'full_name': 'Amber', 'id': '769552792485616015', 'image_medium_url': 'https://i.pinimg.com/75x75_RS/48/b9/68/48b968b5ff032b662af4ba678f22abd9.jpg', 'image_small_url': 'https://i.pinimg.com/30x30_RS/48/b9/68/48b968b5ff032b662af4ba678f22abd9.jpg', 'indexed': True, 'instagram_data': None, 'is_ads_only_profile': False, 'is_default_image': False, 'is_verified_merchant': False, 'node_id': 'VXNlcjo3Njk1NTI3OTI0ODU2MTYwMTU=', 'type': 'user', 'username': 'amber_price1111', 'verified_identity': {}}", ,63,{},{},"Tue, 16 Jan 2024 18:16:23 +0000",,,, ,[],,Uploaded by user,#866349,False,,,False,[],[],769552655104774998,ed91de2e3d5749ae2dfb782344c74931,False,False,False,False,False,False,False,,0,,share_extension_android,,,,{},,,"{'ads_only_profile_site': None, 'blocked_by_me': False, 'domain_url': None, 'domain_verified': False, 'explicitly_followed_by_me': False, 'first_name': 'Amber', 'followed_by_me': False, 'follower_count': 518, 'full_name': 'Amber', 'id': '769552792485616015', 'image_medium_url': 'https://i.pinimg.com/75x75_RS/48/b9/68/48b968b5ff032b662af4ba678f22abd9.jpg', 'image_small_url': 'https://i.pinimg.com/30x30_RS/48/b9/68/48b968b5ff032b662af4ba678f22abd9.jpg', 'indexed': True, 'instagram_data': None, 'is_ads_only_profile': False, 'is_default_image': False, 'is_verified_merchant': False, 'type': 'user', 'username': 'amber_price1111', 'verified_identity': {}}",USD,0,public,,,False,,7534,"{'1': 7533, '11': 1}",3367,26694,,Pin on Vibes/Just Diggin It🤙✌️,144,False,[],False,False,,,,,,,pin,{},,,,,,,,,
[],,,"{'aggregated_stats': {'done': 0, 'saves': 858}, 'comment_count': 0, 'creator_analytics': None, 'did_it_data': {'details_count': 0, 'images_count': 0, 'rating': -1, 'recommend_scores': [{'count': 0, 'score': 1}, {'count': 0, 'score': 0.5}, {'count': 0, 'score': 0}], 'recommended_count': 0, 'responses_count': 0, 'tags': [], 'type': 'aggregateddiditdata', 'user_count': 0, 'videos_count': 0}, 'id': '5439150880234462739', 'is_shop_the_look': False, 'is_stela': False}",[],,,,,,"{'ads_only_profile_site': None, 'blocked_by_me': False, 'domain_url': 'allyskitchen.com', 'domain_verified': True, 'explicitly_followed_by_me': False, 'first_name': ""Ally's Kitchen"", 'followed_by_me': False, 'follower_count': 17334, 'full_name': ""Ally's Kitchen"", 'id': '131378651538129415', 'image_medium_url': 'https://i.pinimg.com/75x75_RS/2b/f2/97/2bf297996ed8a8845a26320506abc4d0.jpg', 'image_small_url': 'https://i.pinimg.com/30x30_RS/2b/f2/97/2bf297996ed8a8845a26320506abc4d0.jpg', 'indexed': True, 'instagram_data': None, 'is_ads_only_profile': False, 'is_default_image': False, 'is_verified_merchant': False, 'node_id': 'VXNlcjoxMzEzNzg2NTE1MzgxMjk0MTU=', 'type': 'user', 'username': 'allyskitchen', 'verified_identity': {}}","Indulge in the perfect weekend treat with coconut cream pancakes. Loaded with coconut oil, milk, and shredded coconut, these fluffy pancakes are a delicious delight.",0,{},{},"Thu, 03 Jul 2025 17:39:54 +0000",,,,"Indulge in the perfect weekend treat with coconut cream pancakes. Loaded with coconut oil, milk, and shredded coconut, these fluffy pancakes are a delicious delight.",[],,allyskitchen.com,#be8656,False,,,False,[],[],779122804324968872,84d103b387325cc78736c8e8bcd636e7,False,True,False,False,False,False,False,https://allyskitchen.com/coconut-cream-pancakes/,1,,in_app_browser,,,,{},,,"{'ads_only_profile_site': None, 'blocked_by_me': False, 'domain_url': None, 'domain_verified': False, 'explicitly_followed_by_me': False, 'first_name': 'S', 'followed_by_me': False, 'follower_count': 1, 'full_name': 'S', 'id': '779122941693736316', 'image_medium_url': 'https://s.pinimg.com/images/user/default_75.png', 'image_small_url': 'https://s.pinimg.com/images/user/default_30.png', 'indexed': True, 'instagram_data': None, 'is_ads_only_profile': False, 'is_default_image': True, 'is_verified_merchant': False, 'type': 'user', 'username': 'dirtychones1', 'verified_identity': {}}",USD,0,public,,,False,,17,{'1': 17},457,858,,Pin on breakfast,18,False,[],False,False,,,,,,,pin,{},,https://allyskitchen.com/coconut-cream-pancakes/?utm_source=Pinterest&utm_medium=organic,,,,,,,
[],,,"{'aggregated_stats': {'done': 0, 'saves': 3813}, 'comment_count': 1, 'creator_analytics': None, 'did_it_data': {'details_count': 0, 'images_count': 0, 'rating': -1, 'recommend_scores': [{'count': 0, 'score': 1}, {'count': 0, 'score': 0.5}, {'count': 0, 'score': 0}], 'recommended_count': 0, 'responses_count': 0, 'tags': [], 'type': 'aggregateddiditdata', 'user_count': 0, 'videos_count': 0}, 'id': '5155399783946430216', 'is_shop_the_look': False, 'is_stela': False}",[],,,,,,"{'ads_only_profile_site': None, 'blocked_by_me': False, 'domain_url': 'www.cantstayoutofthekitchen.com', 'domain_verified': True, 'explicitly_followed_by_me': False, 'first_name': ""Can't Stay Out of the Kitchen"", 'followed_by_me': False, 'follower_count': 160942, 'full_name': ""Can't Stay Out of the Kitchen"", 'id': '21533041876797853', 'image_medium_url': 'https://i.pinimg.com/75x75_RS/c9/c6/89/c9c689a8ac1d5805b94b6576211e45af.jpg', 'image_small_url': 'https://i.pinimg.com/30x30_RS/c9/c6/89/c9c689a8ac1d5805b94b6576211e45af.jpg', 'indexed': True, 'instagram_data': None, 'is_ads_only_profile': False, 'is_default_image': False, 'is_verified_merchant': False, 'node_id': 'VXNlcjoyMTUzMzA0MTg3Njc5Nzg1Mw==', 'type': 'user', 'username': 'teresaambra', 'verified_identity': {}}","Raspberry Shortbread Bars are breathtaking! These heavenly bars have a delicious shortbread crust, topped with a raspberry preserve layer & a coconut (macaroon-type) layer. They're perfect for holiday parties and baking.",1,{},{},"Sat, 20 Mar 2021 17:28:43 +0000",,,,Raspberry Almond Bars | Can't Stay Out of the Kitchen,[],,cantstayoutofthekitchen.com,#c9c3ab,False,,Raspberry Shortbread Bars,False,[],[],800374165027988565,64a86556f4468611362e0a1f4be6d1a0,False,True,False,False,False,False,False,http://cantstayoutofthekitchen.com/2017/11/23/raspberry-shortbread-bars/,2,,in_app_browser,,,,{},,,"{'ads_only_profile_site': None, 'blocked_by_me': False, 'domain_url': None, 'domain_verified': False, 'explicitly_followed_by_me': False, 'first_name': 'Mary', 'followed_by_me': False, 'follower_count': 17, 'full_name': 'Mary Samuel', 'id': '800374302435231453', 'image_medium_url': 'https://s.pinimg.com/images/user/default_75.png', 'image_small_url': 'https://s.pinimg.com/images/user/default_30.png', 'indexed': False, 'instagram_data': None, 'is_ads_only_profile': False, 'is_default_image': True, 'is_verified_merchant': False, 'type': 'user', 'username': 'togetmarys', 'verified_identity': {}}",USD,0,public,,,False,,4,{'1': 4},621,3813,,Pin on bars,17,False,[],False,False,,,,,,,pin,{},,,,,,,,True,
[],,,"{'aggregated_stats': {'done': 1, 'saves': 9404}, 'comment_count': 6, 'creator_analytics': None, 'did_it_data': {'details_count': 1, 'images_count': 1, 'rating': -1, 'recommend_scores': [{'count': 0, 'score': 1}, {'count': 0, 'score': 0.5}, {'count': 0, 'score': 0}], 'recommended_count': 1, 'responses_count': 0, 'tags': [], 'type': 'aggregateddiditdata', 'user_count': 1, 'videos_count': 0}, 'id': '5353133469887150794', 'is_shop_the_look': False, 'is_stela': False}",[],,,,,,"{'ads_only_profile_site': None, 'blocked_by_me': False, 'domain_url': 'stephaniessweets.com', 'domain_verified': True, 'explicitly_followed_by_me': False, 'first_name': 'Stephanie Sweet Treats', 'followed_by_me': False, 'follower_count': 25302, 'full_name': 'Stephanie Sweet Treats', 'id': '812196251457229643', 'image_medium_url': 'https://i.pinimg.com/75x75_RS/37/7b/4f/377b4f910852ffad3fe4e9b335c03ca9.jpg', 'image_small_url': 'https://i.pinimg.com/30x30_RS/37/7b/4f/377b4f910852ffad3fe4e9b335c03ca9.jpg', 'indexed': True, 'instagram_data': None, 'is_ads_only_profile': False, 'is_default_image': False, 'is_verified_merchant': False, 'node_id': 'VXNlcjo4MTIxOTYyNTE0NTcyMjk2NDM=', 'type': 'user', 'username': 'stephaniesweettreats', 'verified_identity': {}}","These coffee cookie are full of coffee, chocolate chips, and cinnamon. They are super easy to make and don't even require a mixer. They are chewy and delicious cookies, perfect for any coffee lover.",6,{},{},"Sat, 16 Mar 2024 00:14:55 +0000",,,,"These coffee cookie are full of coffee, chocolate chips, and cinnamon. They are super easy to make and don't even require a mixer. They are chewy and delicious cookies, perfect for any coffee lover.",[],,stephaniessweets.com,#9f6e4d,False,,Coffee Cookies,False,[],[],812196114078827524,60c2c2f34cfdf757885245b24e488847,True,True,False,False,False,False,False,https://stephaniessweets.com/chewy-coffee-cookies/,1,,pinterest_platform,,"{'ads_only_profile_site': None, 'blocked_by_me': False, 'domain_url': 'stephaniessweets.com', 'domain_verified': True, 'explicitly_followed_by_me': False, 'first_name': 'Stephanie Sweet Treats', 'followed_by_me': False, 'follower_count': 25302, 'full_name': 'Stephanie Sweet Treats', 'id': '812196251457229643', 'image_medium_url': 'https://i.pinimg.com/75x75_RS/37/7b/4f/377b4f910852ffad3fe4e9b335c03ca9.jpg', 'image_small_url': 'https://i.pinimg.com/30x30_RS/37/7b/4f/377b4f910852ffad3fe4e9b335c03ca9.jpg', 'indexed': True, 'instagram_data': None, 'is_ads_only_profile': False, 'is_default_image': False, 'is_verified_merchant': False, 'type': 'user', 'username': 'stephaniesweettreats', 'verified_identity': {}}",,{},,,"{'ads_only_profile_site': None, 'blocked_by_me': False, 'domain_url': 'stephaniessweets.com', 'domain_verified': True, 'explicitly_followed_by_me': False, 'first_name': 'Stephanie Sweet Treats', 'followed_by_me': False, 'follower_count': 25302, 'full_name': 'Stephanie Sweet Treats', 'id': '812196251457229643', 'image_medium_url': 'https://i.pinimg.com/75x75_RS/37/7b/4f/377b4f910852ffad3fe4e9b335c03ca9.jpg', 'image_small_url': 'https://i.pinimg.com/30x30_RS/37/7b/4f/377b4f910852ffad3fe4e9b335c03ca9.jpg', 'indexed': True, 'instagram_data': None, 'is_ads_only_profile': False, 'is_default_image': False, 'is_verified_merchant': False, 'type': 'user', 'username': 'stephaniesweettreats', 'verified_identity': {}}",USD,0,public,,,False,,52,{'1': 52},1992,9404,,Pin on Cookie Recipes,62,False,[],False,False,,,,,,Coffee Cookies,pin,{},,https://stephaniessweets.com/chewy-coffee-cookies/?utm_source=Pinterest&utm_medium=organic,,,,,,True,
[],,,"{'aggregated_stats': {'done': 0, 'saves': 1902}, 'comment_count': 1, 'creator_analytics': None, 'did_it_data': {'details_count': 0, 'images_count': 0, 'rating': -1, 'recommend_scores': [{'count': 0, 'score': 1}, {'count': 0, 'score': 0.5}, {'count': 0, 'score': 0}], 'recommended_count': 0, 'responses_count': 0, 'tags': [], 'type': 'aggregateddiditdata', 'user_count': 0, 'videos_count': 0}, 'id': '3278120062361200128', 'is_shop_the_look': False, 'is_stela': False}",[],,,,,,"{'ads_only_profile_site': None, 'blocked_by_me': False, 'domain_url': None, 'domain_verified': False, 'explicitly_followed_by_me': False, 'first_name': 'Catherine', 'followed_by_me': False, 'follower_count': 124, 'full_name': 'Catherine Bartra', 'id': '836403099454210068', 'image_medium_url': 'https://i.pinimg.com/75x75_RS/ef/8e/59/ef8e590764ace99dd2f967c21b533dc3.jpg', 'image_small_url': 'https://i.pinimg.com/30x30_RS/ef/8e/59/ef8e590764ace99dd2f967c21b533dc3.jpg', 'indexed': True, 'instagram_data': None, 'is_ads_only_profile': False, 'is_default_image': False, 'is_verified_merchant': False, 'node_id': 'VXNlcjo4MzY0MDMwOTk0NTQyMTAwNjg=', 'type': 'user', 'username': 'bartra2682', 'verified_identity': {}}", ,1,{},{},"Thu, 26 Feb 2026 17:39:50 +0000",,,, ,[],,Uploaded by user,#725d2d,False,,,False,[],[],836402962094404153,23b65f31b20c11ba864b35da4cc8d31d,False,False,False,False,False,False,False,,0,,share_extension_android,,,,{},,,"{'ads_only_profile_site': None, 'blocked_by_me': False, 'domain_url': None, 'domain_verified': False, 'explicitly_followed_by_me': False, 'first_name': 'Catherine', 'followed_by_me': False, 'follower_count': 124, 'full_name': 'Catherine Bartra', 'id': '836403099454210068', 'image_medium_url': 'https://i.pinimg.com/75x75_RS/ef/8e/59/ef8e590764ace99dd2f967c21b533dc3.jpg', 'image_small_url': 'https://i.pinimg.com/30x30_RS/ef/8e/59/ef8e590764ace99dd2f967c21b533dc3.jpg', 'indexed': True, 'instagram_data': None, 'is_ads_only_profile': False, 'is_default_image': False, 'is_verified_merchant': False, 'type': 'user', 'username': 'bartra2682', 'verified_identity': {}}",USD,0,public,,,False,,148,{'1': 148},1654,1902,,Pin on cenas,44,False,[],False,False,,,,,,,pin,{},,,,,,,,,
[],,,"{'aggregated_stats': {'done': 1, 'saves': 1284}, 'comment_count': 1, 'creator_analytics': None, 'did_it_data': {'details_count': 1, 'images_count': 1, 'rating': -1, 'recommend_scores': [{'count': 0, 'score': 1}, {'count': 0, 'score': 0.5}, {'count': 0, 'score': 0}], 'recommended_count': 1, 'responses_count': 0, 'tags': [], 'type': 'aggregateddiditdata', 'user_count': 1, 'videos_count': 0}, 'id': '5141585204164476607', 'is_shop_the_look': False, 'is_stela': False}",[],,,,,,"{'ads_only_profile_site': None, 'blocked_by_me': False, 'domain_url': 'iamhomesteader.com', 'domain_verified': True, 'explicitly_followed_by_me': False, 'first_name': 'iamhomesteader', 'followed_by_me': False, 'follower_count': 147318, 'full_name': 'iamhomesteader', 'id': '848436154708534302', 'image_medium_url': 'https://i.pinimg.com/75x75_RS/3d/6c/22/3d6c2234b4449ff7ca5100b49596fed5.jpg', 'image_small_url': 'https://i.pinimg.com/30x30_RS/3d/6c/22/3d6c2234b4449ff7ca5100b49596fed5.jpg', 'indexed': True, 'instagram_data': None, 'is_ads_only_profile': False, 'is_default_image': False, 'is_verified_merchant': False, 'node_id': 'VXNlcjo4NDg0MzYxNTQ3MDg1MzQzMDI=', 'type': 'user', 'username': 'iamhomesteader', 'verified_identity': {}}","Easy Ground Beef Bulgogi starts with ground beef that is simmered in bulgogi sauce, topped with scallion, sesame seeds, and a soft boiled egg. This quick and easy dinner recipe is much easier to make and can be enjoyed individually. Pin this delicious dinner recipe!",1,{},{},"Sun, 03 Jan 2021 11:40:23 +0000",,,,"Easy Ground Beef Bulgogi starts with ground beef that is simmered in bulgogi sauce, topped with scallion, sesame seeds, and a soft boiled egg. This quick and easy dinner recipe is much easier to make and can be enjoyed individually. Pin this delicious dinner recipe!",[],,iamhomesteader.com,#9a7b5d,False,,EASY GROUND BEEF BULGOGI,False,[],[],848436017299189389,ca4705545438529377b18e2ece5ab175,True,True,False,False,False,False,False,https://iamhomesteader.com/beef-bulgogi/,1,,uploaded,,"{'ads_only_profile_site': None, 'blocked_by_me': False, 'domain_url': 'iamhomesteader.com', 'domain_verified': True, 'explicitly_followed_by_me': False, 'first_name': 'iamhomesteader', 'followed_by_me': False, 'follower_count': 147318, 'full_name': 'iamhomesteader', 'id': '848436154708534302', 'image_medium_url': 'https://i.pinimg.com/75x75_RS/3d/6c/22/3d6c2234b4449ff7ca5100b49596fed5.jpg', 'image_small_url': 'https://i.pinimg.com/30x30_RS/3d/6c/22/3d6c2234b4449ff7ca5100b49596fed5.jpg', 'indexed': True, 'instagram_data': None, 'is_ads_only_profile': False, 'is_default_image': False, 'is_verified_merchant': False, 'type': 'user', 'username': 'iamhomesteader', 'verified_identity': {}}",,{},,,"{'ads_only_profile_site': None, 'blocked_by_me': False, 'domain_url': 'iamhomesteader.com', 'domain_verified': True, 'explicitly_followed_by_me': False, 'first_name': 'iamhomesteader', 'followed_by_me': False, 'follower_count': 147318, 'full_name': 'iamhomesteader', 'id': '848436154708534302', 'image_medium_url': 'https://i.pinimg.com/75x75_RS/3d/6c/22/3d6c2234b4449ff7ca5100b49596fed5.jpg', 'image_small_url': 'https://i.pinimg.com/30x30_RS/3d/6c/22/3d6c2234b4449ff7ca5100b49596fed5.jpg', 'indexed': True, 'instagram_data': None, 'is_ads_only_profile': False, 'is_default_image': False, 'is_verified_merchant': False, 'type': 'user', 'username': 'iamhomesteader', 'verified_identity': {}}",USD,0,public,,,False,,9,{'1': 9},374,1284,,Pin on Easy Dinner Recipes,9,False,[],False,False,,,,,,EASY GROUND BEEF BULGOGI,pin,{},,https://iamhomesteader.com/beef-bulgogi/?utm_source=Pinterest&utm_medium=organic,,,,,,True,
[],,,"{'aggregated_stats': {'done': 0, 'saves': 12}, 'comment_count': 0, 'creator_analytics': None, 'did_it_data': {'details_count': 0, 'images_count': 0, 'rating': -1, 'recommend_scores': [{'count': 0, 'score': 1}, {'count': 0, 'score': 0.5}, {'count': 0, 'score': 0}], 'recommended_count': 0, 'responses_count': 0, 'tags': [], 'type': 'aggregateddiditdata', 'user_count': 0, 'videos_count': 0}, 'id': '3013034037981888832', 'is_shop_the_look': False, 'is_stela': False}",[],"Think tiramisu can't get any better? Meet the coffee tiramisu tart - a perfect blend of classic flavors with a buttery, crisp crust. Picture espresso-soaked ladyfingers layered with creamy mascarpone, all nestled inside a portable tart shell. This rich, indulgent twist on traditional tiramisu makes dessert time even more irresistible and easy to enjoy anywhere.",,,,,"{'ads_only_profile_site': None, 'blocked_by_me': False, 'domain_url': 'www.etsy.com', 'domain_verified': True, 'explicitly_followed_by_me': False, 'first_name': 'Etsy', 'followed_by_me': False, 'follower_count': 11239967, 'full_name': 'Etsy', 'id': '155304024558534660', 'image_medium_url': 'https://i.pinimg.com/75x75_RS/d1/84/c8/d184c8624cb409c8f6e4fcf8baf91cd2.jpg', 'image_small_url': 'https://i.pinimg.com/30x30_RS/d1/84/c8/d184c8624cb409c8f6e4fcf8baf91cd2.jpg', 'indexed': True, 'instagram_data': None, 'is_ads_only_profile': False, 'is_default_image': False, 'is_verified_merchant': True, 'node_id': 'VXNlcjoxNTUzMDQwMjQ1NTg1MzQ2NjA=', 'type': 'user', 'username': 'etsy', 'verified_identity': {'name': 'etsy', 'verified': True}}","Think tiramisu can't get any better? Meet the coffee tiramisu tart - a perfect blend of classic flavors with a buttery, crisp crust. Picture espresso-soaked ladyfingers layered with creamy mascarpone, all nestled inside a portable tart shell. This rich, indulgent twist on traditional tiramisu makes dessert time even more irresistible and easy to enjoy anywhere.",0,{},{},"Thu, 27 Nov 2025 07:10:11 +0000",,,,"Think tiramisu can't get any better? Meet the coffee tiramisu tart - a perfect blend of classic flavors with a buttery, crisp crust. Picture espresso-soaked ladyfingers layered with creamy mascarpone, all nestled inside a portable tart shell. This rich, indulgent twist on traditional tiramisu makes dessert time even more irresistible and easy to enjoy anywhere.",[],,etsy.com,#814a39,False,,Decadent Coffee Tiramisu Tart Recipe Perfect for Dessert Lovers and Coffee Enthusiasts,False,[],[],861665341250247656,8e741e8ff233fba85c5f03f190e968d7,True,True,False,False,False,False,False,https://www.etsy.com/listing/1814662692/coconut-tart-recipe-pdf-cups-grams?3902285964=,1,,uploaded,,"{'ads_only_profile_site': None, 'blocked_by_me': False, 'domain_url': None, 'domain_verified': False, 'explicitly_followed_by_me': False, 'first_name': 'Kiki Sk77', 'followed_by_me': False, 'follower_count': 15, 'full_name': 'Kiki Sk77', 'id': '861665478614066207', 'image_medium_url': 'https://s.pinimg.com/images/user/default_75.png', 'image_small_url': 'https://s.pinimg.com/images/user/default_30.png', 'indexed': True, 'instagram_data': None, 'is_ads_only_profile': False, 'is_default_image': True, 'is_verified_merchant': False, 'type': 'user', 'username': 'kikisk77', 'verified_identity': {}}",,{},,,"{'ads_only_profile_site': None, 'blocked_by_me': False, 'domain_url': None, 'domain_verified': False, 'explicitly_followed_by_me': False, 'first_name': 'Kiki Sk77', 'followed_by_me': False, 'follower_count': 15, 'full_name': 'Kiki Sk77', 'id': '861665478614066207', 'image_medium_url': 'https://s.pinimg.com/images/user/default_75.png', 'image_small_url': 'https://s.pinimg.com/images/user/default_30.png', 'indexed': True, 'instagram_data': None, 'is_ads_only_profile': False, 'is_default_image': True, 'is_verified_merchant': False, 'type': 'user', 'username': 'kikisk77', 'verified_identity': {}}",USD,0,public,"{'id': '2283955231652161133', 'type': 'productmetadata'}",,False,,0,{},11,12,,Pin on Decadent Coffee Desserts,0,False,"[1, 6, 8, 11]",False,False,,,,3013034031103519680,,Decadent Coffee Tiramisu Tart Recipe Perfect for Dessert Lovers and Coffee Enthusiasts,pin,{},,https://www.etsy.com/listing/1814662692/coconut-tart-recipe-pdf-cups-grams?3902285964=&utm_source=Pinterest&utm_medium=organic,,,,,,,"{'access': [], 'category': None, 'collaborated_by_me': False, 'description': '', 'followed_by_me': False, 'id': '861665409896214536', 'image_cover_url': 'https://i.pinimg.com/200x150/8e/74/1e/8e741e8ff233fba85c5f03f190e968d7.jpg', 'image_thumbnail_url': 'https://i.pinimg.com/upload/861665409896214536_board_thumbnail_2025-11-27-07-11-11_86296_60.jpg', 'is_ads_only': False, 'is_collaborative': False, 'layout': 'default', 'map_id': 'pinterest.ijz1714i', 'name': 'Decadent Coffee Desserts', 'pin_thumbnail_urls': [], 'privacy': 'public', 'type': 'board', 'url': '/kikisk77/decadent-coffee-desserts/'}"
[],,,"{'aggregated_stats': {'done': 0, 'saves': 715}, 'comment_count': 0, 'creator_analytics': None, 'did_it_data': {'details_count': 0, 'images_count': 0, 'rating': -1, 'recommend_scores': [{'count': 0, 'score': 1}, {'count': 0, 'score': 0.5}, {'count': 0, 'score': 0}], 'recommended_count': 0, 'responses_count': 0, 'tags': [], 'type': 'aggregateddiditdata', 'user_count': 0, 'videos_count': 0}, 'id': '3120231534050952320', 'is_shop_the_look': False, 'is_stela': False}",[],,,,,,"{'ads_only_profile_site': None, 'blocked_by_me': False, 'domain_url': 'cookypin.com', 'domain_verified': True, 'explicitly_followed_by_me': False, 'first_name': 'CookyPin | Easy Recipes, Dinner Ideas & Meal Prep Tips', 'followed_by_me': False, 'follower_count': 761, 'full_name': 'CookyPin | Easy Recipes, Dinner Ideas & Meal Prep Tips', 'id': '871798577775818057', 'image_medium_url': 'https://i.pinimg.com/75x75_RS/04/13/1a/04131aa333e86bcfd3b6a41428445cc5.jpg', 'image_small_url': 'https://i.pinimg.com/30x30_RS/04/13/1a/04131aa333e86bcfd3b6a41428445cc5.jpg', 'indexed': True, 'instagram_data': None, 'is_ads_only_profile': False, 'is_default_image': False, 'is_verified_merchant': False, 'node_id': 'VXNlcjo4NzE3OTg1Nzc3NzU4MTgwNTc=', 'type': 'user', 'username': 'cookypinnn', 'verified_identity': {}}", ,0,{},{},"Sat, 03 Jan 2026 06:35:46 +0000",,,, ,[],,Uploaded by user,#a16f40,False,,,False,[],[],871798440383457389,877866ea75720e59f649855af5871f94,True,True,False,False,False,False,False,,0,,photos,,"{'ads_only_profile_site': None, 'blocked_by_me': False, 'domain_url': 'cookypin.com', 'domain_verified': True, 'explicitly_followed_by_me': False, 'first_name': 'CookyPin | Easy Recipes, Dinner Ideas & Meal Prep Tips', 'followed_by_me': False, 'follower_count': 761, 'full_name': 'CookyPin | Easy Recipes, Dinner Ideas & Meal Prep Tips', 'id': '871798577775818057', 'image_medium_url': 'https://i.pinimg.com/75x75_RS/04/13/1a/04131aa333e86bcfd3b6a41428445cc5.jpg', 'image_small_url': 'https://i.pinimg.com/30x30_RS/04/13/1a/04131aa333e86bcfd3b6a41428445cc5.jpg', 'indexed': True, 'instagram_data': None, 'is_ads_only_profile': False, 'is_default_image': False, 'is_verified_merchant': False, 'type': 'user', 'username': 'cookypinnn', 'verified_identity': {}}",,{},,,"{'ads_only_profile_site': None, 'blocked_by_me': False, 'domain_url': 'cookypin.com', 'domain_verified': True, 'explicitly_followed_by_me': False, 'first_name': 'CookyPin | Easy Recipes, Dinner Ideas & Meal Prep Tips', 'followed_by_me': False, 'follower_count': 761, 'full_name': 'CookyPin | Easy Recipes, Dinner Ideas & Meal Prep Tips', 'id': '871798577775818057', 'image_medium_url': 'https://i.pinimg.com/75x75_RS/04/13/1a/04131aa333e86bcfd3b6a41428445cc5.jpg', 'image_small_url': 'https://i.pinimg.com/30x30_RS/04/13/1a/04131aa333e86bcfd3b6a41428445cc5.jpg', 'indexed': True, 'instagram_data': None, 'is_ads_only_profile': False, 'is_default_image': False, 'is_verified_merchant': False, 'type': 'user', 'username': 'cookypinnn', 'verified_identity': {}}",USD,0,public,,,False,,11,{'1': 11},658,715,,Pin on delicious food,31,False,[],False,False,,,,3120231525930542016,,,pin,{},,,,,,,,,
[],,,"{'aggregated_stats': {'done': 0, 'saves': 77}, 'comment_count': 1, 'creator_analytics': None, 'did_it_data': {'details_count': 0, 'images_count': 0, 'rating': -1, 'recommend_scores': [{'count': 0, 'score': 1}, {'count': 0, 'score': 0.5}, {'count': 0, 'score': 0}], 'recommended_count': 0, 'responses_count': 0, 'tags': [], 'type': 'aggregateddiditdata', 'user_count': 0, 'videos_count': 0}, 'id': '3566374059187193024', 'is_shop_the_look': False, 'is_stela': False}",[],"Close-up of a char siu pork rice bowl topped with honey-glazed barbecue pork slices, steamed jasmine rice, baby bok choy, sesame seeds, green onions, and a sunny-side-up egg with a runny yolk in a black ceramic bowl.",,,,,"{'ads_only_profile_site': None, 'blocked_by_me': False, 'domain_url': None, 'domain_verified': False, 'explicitly_followed_by_me': False, 'first_name': 'BiteVibe', 'followed_by_me': False, 'follower_count': 6, 'full_name': 'BiteVibe', 'id': '879820614612065129', 'image_medium_url': 'https://i.pinimg.com/75x75_RS/77/15/83/771583a8cb80fe25f57fadc140452a91.jpg', 'image_small_url': 'https://i.pinimg.com/30x30_RS/77/15/83/771583a8cb80fe25f57fadc140452a91.jpg', 'indexed': True, 'instagram_data': None, 'is_ads_only_profile': False, 'is_default_image': False, 'is_verified_merchant': False, 'node_id': 'VXNlcjo4Nzk4MjA2MTQ2MTIwNjUxMjk=', 'type': 'user', 'username': 'icomjin', 'verified_identity': {}}","Indulge in this mouthwatering Asian-inspired char siu pork rice bowl featuring thick slices of honey-glazed barbecue pork with caramelized edges and smoky char marks. Served over fluffy jasmine rice and paired with fresh baby bok choy, green onions, sesame seeds, and a perfectly cooked sunny-side-up egg with a rich golden yolk. Captured in natural light with premium food styling, this restaurant-quality comfort meal showcases vibrant colors, irresistible textures, and gourmet presentation.",1,{},{},"Sat, 06 Jun 2026 03:57:09 +0000",,,,"Indulge in this mouthwatering Asian-inspired char siu pork rice bowl featuring thick slices of honey-glazed barbecue pork with caramelized edges and smoky char marks. Served over fluffy jasmine rice and paired with fresh baby bok choy, green onions, sesame seeds, and a perfectly cooked sunny-side-up egg with a rich golden yolk. Captured in natural light with premium food styling, this restaurant-quality comfort meal showcases vibrant colors, irresistible textures, and gourmet presentation.",[],11,Uploaded by user,#614822,False,,Honey-Glazed Char Siu Pork Rice Bowl with Runny Egg,False,[],[],879820477225916461,744538ca96131ad2080770e153aba76f,True,True,False,False,False,False,False,,0,,uploaded,,"{'ads_only_profile_site': None, 'blocked_by_me': False, 'domain_url': None, 'domain_verified': False, 'explicitly_followed_by_me': False, 'first_name': 'BiteVibe', 'followed_by_me': False, 'follower_count': 6, 'full_name': 'BiteVibe', 'id': '879820614612065129', 'image_medium_url': 'https://i.pinimg.com/75x75_RS/77/15/83/771583a8cb80fe25f57fadc140452a91.jpg', 'image_small_url': 'https://i.pinimg.com/30x30_RS/77/15/83/771583a8cb80fe25f57fadc140452a91.jpg', 'indexed': True, 'instagram_data': None, 'is_ads_only_profile': False, 'is_default_image': False, 'is_verified_merchant': False, 'type': 'user', 'username': 'icomjin', 'verified_identity': {}}",,{},,,"{'ads_only_profile_site': None, 'blocked_by_me': False, 'domain_url': None, 'domain_verified': False, 'explicitly_followed_by_me': False, 'first_name': 'BiteVibe', 'followed_by_me': False, 'follower_count': 6, 'full_name': 'BiteVibe', 'id': '879820614612065129', 'image_medium_url': 'https://i.pinimg.com/75x75_RS/77/15/83/771583a8cb80fe25f57fadc140452a91.jpg', 'image_small_url': 'https://i.pinimg.com/30x30_RS/77/15/83/771583a8cb80fe25f57fadc140452a91.jpg', 'indexed': True, 'instagram_data': None, 'is_ads_only_profile': False, 'is_default_image': False, 'is_verified_merchant': False, 'type': 'user', 'username': 'icomjin', 'verified_identity': {}}",USD,0,public,,,False,,10,{'1': 10},59,77,,Pin on Street Food Empire,0,False,[],False,False,,,,3566374049557284864,,Honey-Glazed Char Siu Pork Rice Bowl with Runny Egg,pin,{},,,,,,,,,
[],,,"{'aggregated_stats': {'done': 0, 'saves': 2693}, 'comment_count': 3, 'creator_analytics': None, 'did_it_data': {'details_count': 0, 'images_count': 0, 'rating': -1, 'recommend_scores': [{'count': 0, 'score': 1}, {'count': 0, 'score': 0.5}, {'count': 0, 'score': 0}], 'recommended_count': 0, 'responses_count': 0, 'tags': [], 'type': 'aggregateddiditdata', 'user_count': 0, 'videos_count': 0}, 'id': '3180036783246362624', 'is_shop_the_look': False, 'is_stela': False}",[],"A refreshing mango cucumber salad mixed with bright blueberries and creamy avocado pieces, offering a delightful, juicy texture perfect for a healthy side dish.",,,,,"{'ads_only_profile_site': None, 'blocked_by_me': False, 'domain_url': 'juliescookingadventures.com', 'domain_verified': False, 'explicitly_followed_by_me': False, 'first_name': 'Julies Cooking Adventures', 'followed_by_me': False, 'follower_count': 42, 'full_name': 'Julies Cooking Adventures', 'id': '894668419633568107', 'image_medium_url': 'https://i.pinimg.com/75x75_RS/dc/14/d5/dc14d5759dde29e6aed2ec0bb02b10b5.jpg', 'image_small_url': 'https://i.pinimg.com/30x30_RS/dc/14/d5/dc14d5759dde29e6aed2ec0bb02b10b5.jpg', 'indexed': True, 'instagram_data': None, 'is_ads_only_profile': False, 'is_default_image': False, 'is_verified_merchant': False, 'node_id': 'VXNlcjo4OTQ2Njg0MTk2MzM1NjgxMDc=', 'type': 'user', 'username': 'juliescookingadventures0', 'verified_identity': {}}","This bright, juicy mango cucumber salad with blueberries and avocado makes your next meal special. You get a wonderful mix of sweet and fresh textures perfect for any summer gathering or light lunch. Learn how to assemble this delightful salad using fresh produce for incredible flavor. It’s a light, satisfying dish that everyone asks you for again and again. Save this for later to make your own version of this incredible mango cucumber salad.",3,{},{},"Fri, 23 Jan 2026 21:41:21 +0000",,,,"This bright, juicy mango cucumber salad with blueberries and avocado makes your next meal special. You get a wonderful mix of sweet and fresh textures perfect for any summer gathering or light lunch. Learn how to assemble this delightful salad using fresh produce for incredible flavor. It’s a light, satisfying dish that everyone asks you for again and again. Save this for later to make your own version of this incredible mango cucumber salad.",[],,juliescookingadventures.com,#73804c,False,,Refreshing Mango Cucumber Salad Recipe With Blueberries,False,[],[],894668282238301813,15ef18011bcb914482bdbb05bf89ff5f,True,True,False,False,False,False,False,https://juliescookingadventures.com/mango-cucumber-salad-with-blueberries-and-avocado-2/,1,,pinterest_platform,,"{'ads_only_profile_site': None, 'blocked_by_me': False, 'domain_url': 'juliescookingadventures.com', 'domain_verified': False, 'explicitly_followed_by_me': False, 'first_name': 'Julies Cooking Adventures', 'followed_by_me': False, 'follower_count': 42, 'full_name': 'Julies Cooking Adventures', 'id': '894668419633568107', 'image_medium_url': 'https://i.pinimg.com/75x75_RS/dc/14/d5/dc14d5759dde29e6aed2ec0bb02b10b5.jpg', 'image_small_url': 'https://i.pinimg.com/30x30_RS/dc/14/d5/dc14d5759dde29e6aed2ec0bb02b10b5.jpg', 'indexed': True, 'instagram_data': None, 'is_ads_only_profile': False, 'is_default_image': False, 'is_verified_merchant': False, 'type': 'user', 'username': 'juliescookingadventures0', 'verified_identity': {}}",,{},,,"{'ads_only_profile_site': None, 'blocked_by_me': False, 'domain_url': 'juliescookingadventures.com', 'domain_verified': False, 'explicitly_followed_by_me': False, 'first_name': 'Julies Cooking Adventures', 'followed_by_me': False, 'follower_count': 42, 'full_name': 'Julies Cooking Adventures', 'id': '894668419633568107', 'image_medium_url': 'https://i.pinimg.com/75x75_RS/dc/14/d5/dc14d5759dde29e6aed2ec0bb02b10b5.jpg', 'image_small_url': 'https://i.pinimg.com/30x30_RS/dc/14/d5/dc14d5759dde29e6aed2ec0bb02b10b5.jpg', 'indexed': True, 'instagram_data': None, 'is_ads_only_profile': False, 'is_default_image': False, 'is_verified_merchant': False, 'type': 'user', 'username': 'juliescookingadventures0', 'verified_identity': {}}",USD,0,public,,,False,,40,{'1': 40},1952,2693,,Pin on Salad Recipes,95,False,[],False,False,,,,,,Refreshing Mango Cucumber Salad Recipe With Blueberries,pin,{},,https://juliescookingadventures.com/mango-cucumber-salad-with-blueberries-and-avocado-2/?utm_source=Pinterest&utm_medium=organic,,,,,,True,
[],,,"{'aggregated_stats': {'done': 0, 'saves': 49252}, 'comment_count': 18, 'creator_analytics': None, 'did_it_data': {'details_count': 0, 'images_count': 0, 'rating': -1, 'recommend_scores': [{'count': 0, 'score': 1}, {'count': 0, 'score': 0.5}, {'count': 0, 'score': 0}], 'recommended_count': 0, 'responses_count': 0, 'tags': [], 'type': 'aggregateddiditdata', 'user_count': 0, 'videos_count': 0}, 'id': '5404454114667051150', 'is_shop_the_look': False, 'is_stela': False}",[],,,,,,"{'ads_only_profile_site': None, 'blocked_by_me': False, 'domain_url': 'www.zizeeba.com', 'domain_verified': True, 'explicitly_followed_by_me': False, 'first_name': 'fashion', 'followed_by_me': False, 'follower_count': 1568, 'full_name': 'fashion', 'id': '895090632098476091', 'image_medium_url': 'https://s.pinimg.com/images/user/default_75.png', 'image_small_url': 'https://s.pinimg.com/images/user/default_30.png', 'indexed': True, 'instagram_data': None, 'is_ads_only_profile': False, 'is_default_image': True, 'is_verified_merchant': False, 'node_id': 'VXNlcjo4OTUwOTA2MzIwOTg0NzYwOTE=', 'type': 'user', 'username': 'oliviasmith1463', 'verified_identity': {}}", ,18,{},{},"Fri, 28 Feb 2025 15:23:02 +0000",,,, ,[],,Uploaded by user,#ebb89f,False,,,False,[],[],895090494736659844,77225a5a81978dc2c61493a103a25fc5,True,False,False,False,False,False,False,,0,,uploaded,,"{'ads_only_profile_site': None, 'blocked_by_me': False, 'domain_url': 'www.zizeeba.com', 'domain_verified': True, 'explicitly_followed_by_me': False, 'first_name': 'fashion', 'followed_by_me': False, 'follower_count': 1568, 'full_name': 'fashion', 'id': '895090632098476091', 'image_medium_url': 'https://s.pinimg.com/images/user/default_75.png', 'image_small_url': 'https://s.pinimg.com/images/user/default_30.png', 'indexed': True, 'instagram_data': None, 'is_ads_only_profile': False, 'is_default_image': True, 'is_verified_merchant': False, 'type': 'user', 'username': 'oliviasmith1463', 'verified_identity': {}}",,{},,,"{'ads_only_profile_site': None, 'blocked_by_me': False, 'domain_url': 'www.zizeeba.com', 'domain_verified': True, 'explicitly_followed_by_me': False, 'first_name': 'fashion', 'followed_by_me': False, 'follower_count': 1568, 'full_name': 'fashion', 'id': '895090632098476091', 'image_medium_url': 'https://s.pinimg.com/images/user/default_75.png', 'image_small_url': 'https://s.pinimg.com/images/user/default_30.png', 'indexed': True, 'instagram_data': None, 'is_ads_only_profile': False, 'is_default_image': True, 'is_verified_merchant': False, 'type': 'user', 'username': 'oliviasmith1463', 'verified_identity': {}}",USD,0,public,,,False,,340,{'1': 340},7612,49252,,Pin on Tasty Recipes,143,False,[],False,False,,,,,,,pin,{},,,,,,,,,
[],,,"{'aggregated_stats': {'done': 0, 'saves': 2955}, 'comment_count': 0, 'creator_analytics': None, 'did_it_data': {'details_count': 0, 'images_count': 0, 'rating': -1, 'recommend_scores': [{'count': 0, 'score': 1}, {'count': 0, 'score': 0.5}, {'count': 0, 'score': 0}], 'recommended_count': 0, 'responses_count': 0, 'tags': [], 'type': 'aggregateddiditdata', 'user_count': 0, 'videos_count': 0}, 'id': '5434501168959117784', 'is_shop_the_look': False, 'is_stela': False}",[],,,,,,"{'ads_only_profile_site': None, 'blocked_by_me': False, 'domain_url': 'beanleafcup.com', 'domain_verified': True, 'explicitly_followed_by_me': False, 'first_name': 'Bean Leaf Cup | Coffee | Tea | Drink Recipes', 'followed_by_me': False, 'follower_count': 3000, 'full_name': 'Bean Leaf Cup | Coffee | Tea | Drink Recipes', 'id': '1108237558212652736', 'image_medium_url': 'https://i.pinimg.com/75x75_RS/0b/4c/6d/0b4c6d46668097d8e0e227ef618d5151.jpg', 'image_small_url': 'https://i.pinimg.com/30x30_RS/0b/4c/6d/0b4c6d46668097d8e0e227ef618d5151.jpg', 'indexed': True, 'instagram_data': None, 'is_ads_only_profile': False, 'is_default_image': False, 'is_verified_merchant': False, 'node_id': 'VXNlcjoxMTA4MjM3NTU4MjEyNjUyNzM2', 'type': 'user', 'username': 'beanleafcup1', 'verified_identity': {}}",Make creamy white chocolate raspberry fudge with vibrant swirls of raspberry and a smooth white chocolate base. Perfect for gifting or any sweet craving!,0,{},{},"Sun, 08 Jun 2025 01:47:18 +0000",,,,"🥄 Searching for a foolproof fudge recipe? This white chocolate raspberry fudge is simple, vibrant, and perfect for gifting or snacking. Pin it now!",[],,beanleafcup.com,#ddaf9b,False,,White Chocolate Raspberry Fudge,False,[],[],899875569319604396,21ba956000e8336fd11dc327f57b69f5,False,True,False,False,False,False,False,https://beanleafcup.com/white-chocolate-raspberry-fudge,1,,in_app_browser,,,,{},,,"{'ads_only_profile_site': None, 'blocked_by_me': False, 'domain_url': None, 'domain_verified': False, 'explicitly_followed_by_me': False, 'first_name': 'Cynthia', 'followed_by_me': False, 'follower_count': 11, 'full_name': 'Cynthia Santarini', 'id': '899875706702489032', 'image_medium_url': 'https://i.pinimg.com/75x75_RS/ca/14/57/ca1457e20825fdcdc8760b5bf2c14216.jpg', 'image_small_url': 'https://i.pinimg.com/30x30_RS/ca/14/57/ca1457e20825fdcdc8760b5bf2c14216.jpg', 'indexed': True, 'instagram_data': None, 'is_ads_only_profile': False, 'is_default_image': False, 'is_verified_merchant': False, 'type': 'user', 'username': 'cynthiasantarini', 'verified_identity': {}}",USD,0,public,,,False,,41,{'1': 41},192,2955,,Pin on Fudge recipes,6,False,[],False,False,,,,,,,pin,{},,https://beanleafcup.com/white-chocolate-raspberry-fudge?utm_source=Pinterest&utm_medium=organic,,,,,,,"{'access': [], 'category': None, 'collaborated_by_me': False, 'description': '', 'followed_by_me': False, 'id': '899875637984394160', 'image_cover_url': 'https://i.pinimg.com/200x150/df/be/34/dfbe340ca3024b202c247eda3e9bcfb4.jpg', 'image_thumbnail_url': 'https://i.pinimg.com/upload/899875637984394160_board_thumbnail_2025-10-26-20-49-32_5539_60.jpg', 'is_ads_only': False, 'is_collaborative': False, 'layout': 'default', 'map_id': 'pinterest.ijz1714i', 'name': 'Fudge recipes', 'pin_thumbnail_urls': ['https://i.pinimg.com/150x150/1a/c9/e5/1ac9e560c282cd12da2898652fe18abe.jpg', 'https://i.pinimg.com/150x150/f9/ad/44/f9ad44171bfbd9da2ccaf0dfe4a87809.jpg', 'https://i.pinimg.com/150x150/fa/97/03/fa97037250a63e8976267e5e27b5894a.jpg'], 'privacy': 'public', 'type': 'board', 'url': '/cynthiasantarini/fudge-recipes/'}"
[],,,"{'aggregated_stats': {'done': 0, 'saves': 798}, 'comment_count': 0, 'creator_analytics': None, 'did_it_data': {'details_count': 0, 'images_count': 0, 'rating': -1, 'recommend_scores': [{'count': 0, 'score': 1}, {'count': 0, 'score': 0.5}, {'count': 0, 'score': 0}], 'recommended_count': 0, 'responses_count': 0, 'tags': [], 'type': 'aggregateddiditdata', 'user_count': 0, 'videos_count': 0}, 'id': '5407284200279694236', 'is_shop_the_look': False, 'is_stela': False}",[],,,,,,,"This creamy taco bell’s quesadilla sauce is so easy to make and gives you a great copycat sauce. The sauce is a mixture of mayo, sour cream, jalapenos and seasonings. The sauce is great to add into your quesadillas, tacos, or even your burritos! #effortlesscook #tacobell #copycatrecipe #tacobellrecipe #quesadilla #quesadillasauce #saucerecipe #sauce",0,{},{},"Wed, 08 Jan 2025 20:54:18 +0000",,,,"This creamy taco bell’s quesadilla sauce is so easy to make and gives you a great copycat sauce. The sauce is a mixture of mayo, sour cream, jalapenos and seasonings. The sauce is great to add into your quesadillas, tacos, or even your burritos! #effortlesscook #tacobell #copycatrecipe #tacobellrecipe #quesadilla #quesadillasauce #saucerecipe #sauce",[],,theeffortlesscook.com,#d6bd93,False,,Taco Bell Quesadilla Sauce,False,"['#effortlesscook', '#tacobell', '#copycatrecipe', '#tacobellrecipe', '#quesadilla', '#quesadillasauce', '#saucerecipe', '#sauce']",[],922463936174483708,dbac8a4017da9d812c72a1dde929c824,True,True,False,False,False,True,False,https://theeffortlesscook.com/taco-bell-quesadilla-sauce/,1,,uploaded,,"{'ads_only_profile_site': None, 'blocked_by_me': False, 'domain_url': 'theeffortlesscook.com', 'domain_verified': True, 'explicitly_followed_by_me': False, 'first_name': 'The Effortless Cook', 'followed_by_me': False, 'follower_count': 622, 'full_name': 'The Effortless Cook', 'id': '922464073583621415', 'image_medium_url': 'https://i.pinimg.com/75x75_RS/cd/85/86/cd8586d0da6f2ef3148b945476292846.jpg', 'image_small_url': 'https://i.pinimg.com/30x30_RS/cd/85/86/cd8586d0da6f2ef3148b945476292846.jpg', 'indexed': True, 'instagram_data': {'has_invalid_instagram_auth': False, 'url': 'https://www.instagram.com/the.effortlesscook', 'username': 'the.effortlesscook'}, 'is_ads_only_profile': False, 'is_default_image': False, 'is_verified_merchant': False, 'type': 'user', 'username': 'effortlesscook', 'verified_identity': {}}",,{},,,"{'ads_only_profile_site': None, 'blocked_by_me': False, 'domain_url': 'theeffortlesscook.com', 'domain_verified': True, 'explicitly_followed_by_me': False, 'first_name': 'The Effortless Cook', 'followed_by_me': False, 'follower_count': 622, 'full_name': 'The Effortless Cook', 'id': '922464073583621415', 'image_medium_url': 'https://i.pinimg.com/75x75_RS/cd/85/86/cd8586d0da6f2ef3148b945476292846.jpg', 'image_small_url': 'https://i.pinimg.com/30x30_RS/cd/85/86/cd8586d0da6f2ef3148b945476292846.jpg', 'indexed': True, 'instagram_data': {'has_invalid_instagram_auth': False, 'url': 'https://www.instagram.com/the.effortlesscook', 'username': 'the.effortlesscook'}, 'is_ads_only_profile': False, 'is_default_image': False, 'is_verified_merchant': False, 'type': 'user', 'username': 'effortlesscook', 'verified_identity': {}}",USD,0,public,,,False,,2,{'1': 2},733,798,,Pin on Mexican Recipes,10,False,[],False,False,,,,5407284199505836898,,Taco Bell Quesadilla Sauce,pin,{},,https://theeffortlesscook.com/taco-bell-quesadilla-sauce/?utm_source=Pinterest&utm_medium=organic,"{'ads_only_profile_site': None, 'blocked_by_me': False, 'domain_url': 'theeffortlesscook.com', 'domain_verified': True, 'explicitly_followed_by_me': False, 'first_name': 'The Effortless Cook', 'followed_by_me': False, 'follower_count': 622, 'full_name': 'The Effortless Cook', 'id': '922464073583621415', 'image_medium_url': 'https://i.pinimg.com/75x75_RS/cd/85/86/cd8586d0da6f2ef3148b945476292846.jpg', 'image_small_url': 'https://i.pinimg.com/30x30_RS/cd/85/86/cd8586d0da6f2ef3148b945476292846.jpg', 'indexed': True, 'instagram_data': {'has_invalid_instagram_auth': False, 'url': 'https://www.instagram.com/the.effortlesscook', 'username': 'the.effortlesscook'}, 'is_ads_only_profile': False, 'is_default_image': False, 'is_verified_merchant': False, 'type': 'user', 'username': 'effortlesscook', 'verified_identity': {}}",,,,,True,
[],,,"{'aggregated_stats': {'done': 0, 'saves': 2227}, 'comment_count': 4, 'creator_analytics': None, 'did_it_data': {'details_count': 0, 'images_count': 0, 'rating': -1, 'recommend_scores': [{'count': 0, 'score': 1}, {'count': 0, 'score': 0.5}, {'count': 0, 'score': 0}], 'recommended_count': 0, 'responses_count': 0, 'tags': [], 'type': 'aggregateddiditdata', 'user_count': 0, 'videos_count': 0}, 'id': '5373688404003315421', 'is_shop_the_look': False, 'is_stela': False}",[],,,,,,"{'ads_only_profile_site': None, 'blocked_by_me': False, 'domain_url': 'zambiankitchen.com', 'domain_verified': True, 'explicitly_followed_by_me': False, 'first_name': 'African Food & Travel Lifestyle Blog', 'followed_by_me': False, 'follower_count': 1141, 'full_name': 'African Food & Travel Lifestyle Blog', 'id': '771663854810851505', 'image_medium_url': 'https://i.pinimg.com/75x75_RS/2d/a4/3f/2da43fdceaf822afdf2f454ae96e3f00.jpg', 'image_small_url': 'https://i.pinimg.com/30x30_RS/2d/a4/3f/2da43fdceaf822afdf2f454ae96e3f00.jpg', 'indexed': True, 'instagram_data': None, 'is_ads_only_profile': False, 'is_default_image': False, 'is_verified_merchant': False, 'node_id': 'VXNlcjo3NzE2NjM4NTQ4MTA4NTE1MDU=', 'type': 'user', 'username': 'zambiankitchen1', 'verified_identity': {}}",Here's a detailed recipe to make your taste buds dance with East African Kuku Paka Recipe and make your taste buds dance,4,{},{},"Fri, 19 Jul 2024 16:57:26 +0000",,,,East African Kuku paka recipe,[],,zambiankitchen.com,#a1a664,False,,East African Kuku Paka Recipe – Zambian Kitchen,False,[],[],925419423424232441,26bd50a3f18717610daf10e2f13dfa85,False,True,False,False,False,False,False,https://zambiankitchen.com/east-african-kuku-paka-recipe/,1,,in_app_browser,,,,{},,,"{'ads_only_profile_site': None, 'blocked_by_me': False, 'domain_url': None, 'domain_verified': False, 'explicitly_followed_by_me': False, 'first_name': 'Sunkisskane', 'followed_by_me': False, 'follower_count': 195, 'full_name': 'Sunkisskane Jones', 'id': '925419560839055655', 'image_medium_url': 'https://i.pinimg.com/75x75_RS/c7/0d/13/c70d13ef033fba466de4170d2960b74d.jpg', 'image_small_url': 'https://i.pinimg.com/30x30_RS/c7/0d/13/c70d13ef033fba466de4170d2960b74d.jpg', 'indexed': True, 'instagram_data': None, 'is_ads_only_profile': False, 'is_default_image': False, 'is_verified_merchant': False, 'type': 'user', 'username': 'sunkisskane', 'verified_identity': {}}",USD,0,public,,,False,,10,{'1': 10},437,2227,,Pin on Good healthy recipes,21,False,[],False,False,,,,,,,pin,{},,https://zambiankitchen.com/east-african-kuku-paka-recipe/?utm_source=Pinterest&utm_medium=organic,,,,,,,
[],,,"{'aggregated_stats': {'done': 0, 'saves': 22963}, 'comment_count': 6, 'creator_analytics': None, 'did_it_data': {'details_count': 0, 'images_count': 0, 'rating': -1, 'recommend_scores': [{'count': 0, 'score': 1}, {'count': 0, 'score': 0.5}, {'count': 0, 'score': 0}], 'recommended_count': 0, 'responses_count': 0, 'tags': [], 'type': 'aggregateddiditdata', 'user_count': 0, 'videos_count': 0}, 'id': '5428489075864689435', 'is_shop_the_look': False, 'is_stela': False}",[],,,,,,"{'ads_only_profile_site': None, 'blocked_by_me': False, 'domain_url': None, 'domain_verified': False, 'explicitly_followed_by_me': False, 'first_name': 'Ryna Volkov', 'followed_by_me': False, 'follower_count': 1765, 'full_name': 'Ryna Volkov', 'id': '934919341302905648', 'image_medium_url': 'https://i.pinimg.com/75x75_RS/9b/53/48/9b5348232d067c3050414308ff67409b.jpg', 'image_small_url': 'https://i.pinimg.com/30x30_RS/9b/53/48/9b5348232d067c3050414308ff67409b.jpg', 'indexed': True, 'instagram_data': None, 'is_ads_only_profile': False, 'is_default_image': False, 'is_verified_merchant': False, 'node_id': 'VXNlcjo5MzQ5MTkzNDEzMDI5MDU2NDg=', 'type': 'user', 'username': 'rynavolkov', 'verified_identity': {}}", ,6,{},{},"Mon, 05 May 2025 21:27:29 +0000",,,, ,[],,Uploaded by user,#2c3723,False,,,False,[],[],934919203908083817,1bf57654987287f10bdc40b0f7b8d41c,True,True,False,False,False,False,False,,0,,photos,,"{'ads_only_profile_site': None, 'blocked_by_me': False, 'domain_url': None, 'domain_verified': False, 'explicitly_followed_by_me': False, 'first_name': 'Ryna Volkov', 'followed_by_me': False, 'follower_count': 1765, 'full_name': 'Ryna Volkov', 'id': '934919341302905648', 'image_medium_url': 'https://i.pinimg.com/75x75_RS/9b/53/48/9b5348232d067c3050414308ff67409b.jpg', 'image_small_url': 'https://i.pinimg.com/30x30_RS/9b/53/48/9b5348232d067c3050414308ff67409b.jpg', 'indexed': True, 'instagram_data': None, 'is_ads_only_profile': False, 'is_default_image': False, 'is_verified_merchant': False, 'type': 'user', 'username': 'rynavolkov', 'verified_identity': {}}",,{},,,"{'ads_only_profile_site': None, 'blocked_by_me': False, 'domain_url': None, 'domain_verified': False, 'explicitly_followed_by_me': False, 'first_name': 'Ryna Volkov', 'followed_by_me': False, 'follower_count': 1765, 'full_name': 'Ryna Volkov', 'id': '934919341302905648', 'image_medium_url': 'https://i.pinimg.com/75x75_RS/9b/53/48/9b5348232d067c3050414308ff67409b.jpg', 'image_small_url': 'https://i.pinimg.com/30x30_RS/9b/53/48/9b5348232d067c3050414308ff67409b.jpg', 'indexed': True, 'instagram_data': None, 'is_ads_only_profile': False, 'is_default_image': False, 'is_verified_merchant': False, 'type': 'user', 'username': 'rynavolkov', 'verified_identity': {}}",USD,0,public,,,False,,649,{'1': 649},4433,22963,,Pin on Perwrite Palette Guides,60,False,[],False,False,,,,5428489077169111084,,,pin,{},,,,,,,,,
[],,,"{'aggregated_stats': {'done': 0, 'saves': 1102}, 'comment_count': 0, 'creator_analytics': None, 'did_it_data': {'details_count': 0, 'images_count': 0, 'rating': -1, 'recommend_scores': [{'count': 0, 'score': 1}, {'count': 0, 'score': 0.5}, {'count': 0, 'score': 0}], 'recommended_count': 0, 'responses_count': 0, 'tags': [], 'type': 'aggregateddiditdata', 'user_count': 0, 'videos_count': 0}, 'id': '5454385165788824372', 'is_shop_the_look': False, 'is_stela': False}",[],,,,,,"{'ads_only_profile_site': None, 'blocked_by_me': False, 'domain_url': 'eatyummytoday.com', 'domain_verified': True, 'explicitly_followed_by_me': False, 'first_name': 'Eat Yummy Today | High Protein & Comfort Food Recipes', 'followed_by_me': False, 'follower_count': 285, 'full_name': 'Eat Yummy Today | High Protein & Comfort Food Recipes', 'id': '936608191163345440', 'image_medium_url': 'https://i.pinimg.com/75x75_RS/42/a0/e0/42a0e0fa69bdb337c46480b03293a995.jpg', 'image_small_url': 'https://i.pinimg.com/30x30_RS/42/a0/e0/42a0e0fa69bdb337c46480b03293a995.jpg', 'indexed': True, 'instagram_data': None, 'is_ads_only_profile': False, 'is_default_image': False, 'is_verified_merchant': False, 'node_id': 'VXNlcjo5MzY2MDgxOTExNjMzNDU0NDA=', 'type': 'user', 'username': 'eatyummytoday', 'verified_identity': {}}","Fuel your mornings with these high protein breakfast burritos—perfect for meal prep, freezer storage, and busy days. Packed with lean beef, fluffy eggs, and protein wraps, they’re the best grab-and-go breakfast. Save this recipe for your weekly prep!",0,{},{},"Thu, 25 Sep 2025 19:31:07 +0000",,,,"Fuel your mornings with these high protein breakfast burritos—perfect for meal prep, freezer storage, and busy days. Packed with lean beef, fluffy eggs, and protein wraps, they’re the best grab-and-go breakfast. Save this recipe for your weekly prep!",[],,eatyummytoday.com,#d9a983,False,,High Protein Breakfast Burritos for Easy Meal Prep,False,[],[],936608053778236519,40076b5837a357dbe15b898b389f0b18,True,True,False,False,False,False,False,https://eatyummytoday.com/high-protein-loaded-breakfast-burritos/,1,,pin_scheduling,,"{'ads_only_profile_site': None, 'blocked_by_me': False, 'domain_url': 'eatyummytoday.com', 'domain_verified': True, 'explicitly_followed_by_me': False, 'first_name': 'Eat Yummy Today | High Protein & Comfort Food Recipes', 'followed_by_me': False, 'follower_count': 285, 'full_name': 'Eat Yummy Today | High Protein & Comfort Food Recipes', 'id': '936608191163345440', 'image_medium_url': 'https://i.pinimg.com/75x75_RS/42/a0/e0/42a0e0fa69bdb337c46480b03293a995.jpg', 'image_small_url': 'https://i.pinimg.com/30x30_RS/42/a0/e0/42a0e0fa69bdb337c46480b03293a995.jpg', 'indexed': True, 'instagram_data': None, 'is_ads_only_profile': False, 'is_default_image': False, 'is_verified_merchant': False, 'type': 'user', 'username': 'eatyummytoday', 'verified_identity': {}}",,{},,,"{'ads_only_profile_site': None, 'blocked_by_me': False, 'domain_url': 'eatyummytoday.com', 'domain_verified': True, 'explicitly_followed_by_me': False, 'first_name': 'Eat Yummy Today | High Protein & Comfort Food Recipes', 'followed_by_me': False, 'follower_count': 285, 'full_name': 'Eat Yummy Today | High Protein & Comfort Food Recipes', 'id': '936608191163345440', 'image_medium_url': 'https://i.pinimg.com/75x75_RS/42/a0/e0/42a0e0fa69bdb337c46480b03293a995.jpg', 'image_small_url': 'https://i.pinimg.com/30x30_RS/42/a0/e0/42a0e0fa69bdb337c46480b03293a995.jpg', 'indexed': True, 'instagram_data': None, 'is_ads_only_profile': False, 'is_default_image': False, 'is_verified_merchant': False, 'type': 'user', 'username': 'eatyummytoday', 'verified_identity': {}}",USD,0,public,,,False,,12,{'1': 12},114,1102,,Pin on Healthy Breakfast Ideas,21,False,[],True,False,,,,2831882244313091968,,High Protein Breakfast Burritos for Easy Meal Prep,pin,{},,https://eatyummytoday.com/high-protein-loaded-breakfast-burritos/?utm_source=Pinterest&utm_medium=organic,,,,,,True,
[],,,"{'aggregated_stats': {'done': 0, 'saves': 6}, 'comment_count': 0, 'creator_analytics': None, 'did_it_data': {'details_count': 0, 'images_count': 0, 'rating': -1, 'recommend_scores': [{'count': 0, 'score': 1}, {'count': 0, 'score': 0.5}, {'count': 0, 'score': 0}], 'recommended_count': 0, 'responses_count': 0, 'tags': [], 'type': 'aggregateddiditdata', 'user_count': 0, 'videos_count': 0}, 'id': '3553638630986326848', 'is_shop_the_look': False, 'is_stela': False}",[],,,,,,,"I share free recipes on my website, FoodNibble.com, where you can find more simple and delicious ideas for everyday meals. ﻿ 🔥 HOT HONEY GROUND BEEF BOWLS — The viral TikTok recipe gone high-protein. Sweet, spicy, and ready in 35 minutes. Instant digital download. ━━━━━━━━━━━━━━━━━━━━━━ ✨ WHY YOU'LL LOVE THIS RECIPE ━━━━━━━━━━━━━━━━━━━━━━ ✅ 35 minutes from start to finish ✅ 41g protein per bowl (only 515 kcal) ✅ Naturally gluten-free ✅ Meal prep friendly — keeps 4 days in the fridge ✅ Family approved — even picky eaters love the sweet-spicy combo ✅ Made with 10 simple ingredients you can find anywhere ━━━━━━━━━━━━━━━━━━━━━━ 📄 WHAT YOU GET ━━━━━━━━━━━━━━━━━━━━━━ - Beautifully designed 4-page recipe PDF - Complete ingredient list with exact measurements - Step-by-step instructions (6 easy steps) - Pro tips for that glossy hot honey finish - Substitution guide (turkey, chicken, dairy-free options) - Meal prep instructions for busy weeks - Nutritional info: 515 kcal per serving ━━━━━━━━━━━━━━━━━━━━━━ 📥 INSTANT DOWNLOAD ━━━━━━━━━━━━━━━━━━━━━━ 1. Complete your purchase 2. Download link appears immediately 3. Also sent to your Etsy email 4. Print at home or read on any device 📱 Format: High-resolution PDF, US Letter + A4 sizes included 🖨️ Printer friendly — clean layout, no wasted ink ━━━━━━━━━━━━━━━━━━━━━━ ⭐ PERFECT FOR ━━━━━━━━━━━━━━━━━━━━━━ - Meal preppers tracking macros - Busy parents who want healthy weeknight dinners - Fitness enthusiasts on high-protein diets - Anyone bored of the same weekly rotation - Gluten-free households ━━━━━━━━━━━━━━━━━━━━━━ ❓ IMPORTANT NOTES ━━━━━━━━━━━━━━━━━━━━━━ - This is a DIGITAL DOWNLOAD — no physical item will be shipped - For personal use only — please do not resell or redistribute - All sales are final (digital products) - If you have any issue accessing your file, message me — I'll respond within 24 hours ━━━━━━━━━━━━━━━━━━━━━━ 💌 THANK YOU! ━━━━━━━━━━━━━━━━━━━━━━ Thanks for supporting a small shop! A 5-star review means the world if you love it 🤍",0,{},{},"Mon, 01 Jun 2026 12:03:54 +0000",,,,"HOT HONEY GROUND BEEF BOWLS — The viral TikTok recipe gone high-protein. Sweet, spicy, and ready in 35 minutes. Instant digital download.",[],,payhip.com,#9f712d,False,,Hot Honey Ground Beef Bowls Recipe Digital Download,False,[],[],940830178423235070,05f19d8d8718b818bf262cff81a2726c,False,True,False,False,False,False,False,https://payhip.com/b/MvANG?pin_id=1780314024_31,1,,bookmarklet,,,,{},,,"{'ads_only_profile_site': None, 'blocked_by_me': False, 'domain_url': 'payhip.com', 'domain_verified': False, 'explicitly_followed_by_me': False, 'first_name': 'All Recipes Easy', 'followed_by_me': False, 'follower_count': 1, 'full_name': 'All Recipes Easy', 'id': '940830315814091191', 'image_medium_url': 'https://i.pinimg.com/75x75_RS/cd/e6/7a/cde67a867ca648e59a76fa016f5c99a0.jpg', 'image_small_url': 'https://i.pinimg.com/30x30_RS/cd/e6/7a/cde67a867ca648e59a76fa016f5c99a0.jpg', 'indexed': True, 'instagram_data': None, 'is_ads_only_profile': False, 'is_default_image': False, 'is_verified_merchant': False, 'type': 'user', 'username': 'sefona2624', 'verified_identity': {}}",USD,0,public,"{'id': '-131399755626030472', 'type': 'productmetadata'}",,False,,0,{},5,6,,Pin on recipes,1,False,"[1, 6, 8, 11]",False,False,,,,,,,pin,{},,https://payhip.com/b/MvANG?pin_id=1780314024_31&utm_source=Pinterest&utm_medium=organic,,,,,,,
[],,,"{'aggregated_stats': {'done': 0, 'saves': 1113}, 'comment_count': 0, 'creator_analytics': None, 'did_it_data': {'details_count': 0, 'images_count': 0, 'rating': -1, 'recommend_scores': [{'count': 0, 'score': 1}, {'count': 0, 'score': 0.5}, {'count': 0, 'score': 0}], 'recommended_count': 0, 'responses_count': 0, 'tags': [], 'type': 'aggregateddiditdata', 'user_count': 0, 'videos_count': 0}, 'id': '3553669640617671104', 'is_shop_the_look': False, 'is_stela': False}",[],,,,,,,"I share free recipes on my website, FoodNibble.com, where you can find more simple and delicious ideas for everyday meals. ﻿ 🔥 HOT HONEY GROUND BEEF BOWLS — The viral TikTok recipe gone high-protein. Sweet, spicy, and ready in 35 minutes. Instant digital download. ━━━━━━━━━━━━━━━━━━━━━━ ✨ WHY YOU'LL LOVE THIS RECIPE ━━━━━━━━━━━━━━━━━━━━━━ ✅ 35 minutes from start to finish ✅ 41g protein per bowl (only 515 kcal) ✅ Naturally gluten-free ✅ Meal prep friendly — keeps 4 days in the fridge ✅ Family approved — even picky eaters love the sweet-spicy combo ✅ Made with 10 simple ingredients you can find anywhere ━━━━━━━━━━━━━━━━━━━━━━ 📄 WHAT YOU GET ━━━━━━━━━━━━━━━━━━━━━━ - Beautifully designed 4-page recipe PDF - Complete ingredient list with exact measurements - Step-by-step instructions (6 easy steps) - Pro tips for that glossy hot honey finish - Substitution guide (turkey, chicken, dairy-free options) - Meal prep instructions for busy weeks - Nutritional info: 515 kcal per serving ━━━━━━━━━━━━━━━━━━━━━━ 📥 INSTANT DOWNLOAD ━━━━━━━━━━━━━━━━━━━━━━ 1. Complete your purchase 2. Download link appears immediately 3. Also sent to your Etsy email 4. Print at home or read on any device 📱 Format: High-resolution PDF, US Letter + A4 sizes included 🖨️ Printer friendly — clean layout, no wasted ink ━━━━━━━━━━━━━━━━━━━━━━ ⭐ PERFECT FOR ━━━━━━━━━━━━━━━━━━━━━━ - Meal preppers tracking macros - Busy parents who want healthy weeknight dinners - Fitness enthusiasts on high-protein diets - Anyone bored of the same weekly rotation - Gluten-free households ━━━━━━━━━━━━━━━━━━━━━━ ❓ IMPORTANT NOTES ━━━━━━━━━━━━━━━━━━━━━━ - This is a DIGITAL DOWNLOAD — no physical item will be shipped - For personal use only — please do not resell or redistribute - All sales are final (digital products) - If you have any issue accessing your file, message me — I'll respond within 24 hours ━━━━━━━━━━━━━━━━━━━━━━ 💌 THANK YOU! ━━━━━━━━━━━━━━━━━━━━━━ Thanks for supporting a small shop! A 5-star review means the world if you love it 🤍",0,{},{},"Mon, 01 Jun 2026 12:57:03 +0000",,,,"HOT HONEY GROUND BEEF BOWLS — The viral TikTok recipe gone high-protein. Sweet, spicy, and ready in 35 minutes. Instant digital download.",[],,payhip.com,#efe6de,False,,Hot Honey Ground Beef Bowls Recipe Digital Download,False,[],[],940830178423236090,37046d244dfa229095e09e3dccc6791e,False,True,False,False,False,False,False,https://payhip.com/b/MvANG?pin_id=1780314024_98,1,,bookmarklet,,,,{},,,"{'ads_only_profile_site': None, 'blocked_by_me': False, 'domain_url': 'payhip.com', 'domain_verified': False, 'explicitly_followed_by_me': False, 'first_name': 'All Recipes Easy', 'followed_by_me': False, 'follower_count': 1, 'full_name': 'All Recipes Easy', 'id': '940830315814091191', 'image_medium_url': 'https://i.pinimg.com/75x75_RS/cd/e6/7a/cde67a867ca648e59a76fa016f5c99a0.jpg', 'image_small_url': 'https://i.pinimg.com/30x30_RS/cd/e6/7a/cde67a867ca648e59a76fa016f5c99a0.jpg', 'indexed': True, 'instagram_data': None, 'is_ads_only_profile': False, 'is_default_image': False, 'is_verified_merchant': False, 'type': 'user', 'username': 'sefona2624', 'verified_identity': {}}",USD,0,public,"{'id': '-7083110125370652565', 'type': 'productmetadata'}",,False,,16,{'1': 16},1035,1113,,Pin on recipes,31,False,"[1, 6, 8, 11]",False,False,,,,,,,pin,{},,https://payhip.com/b/MvANG?pin_id=1780314024_98&utm_source=Pinterest&utm_medium=organic,,,,,,,
[],,,"{'aggregated_stats': {'done': 0, 'saves': 577}, 'comment_count': 0, 'creator_analytics': None, 'did_it_data': {'details_count': 0, 'images_count': 0, 'rating': -1, 'recommend_scores': [{'count': 0, 'score': 1}, {'count': 0, 'score': 0.5}, {'count': 0, 'score': 0}], 'recommended_count': 0, 'responses_count': 0, 'tags': [], 'type': 'aggregateddiditdata', 'user_count': 0, 'videos_count': 0}, 'id': '5408702364100126351', 'is_shop_the_look': False, 'is_stela': False}",[],,,,,,"{'ads_only_profile_site': None, 'blocked_by_me': False, 'domain_url': None, 'domain_verified': False, 'explicitly_followed_by_me': False, 'first_name': 'Autumn', 'followed_by_me': False, 'follower_count': 3, 'full_name': 'Autumn Plappert', 'id': '956592914509752002', 'image_medium_url': 'https://s.pinimg.com/images/user/default_75.png', 'image_small_url': 'https://s.pinimg.com/images/user/default_30.png', 'indexed': True, 'instagram_data': None, 'is_ads_only_profile': False, 'is_default_image': True, 'is_verified_merchant': False, 'node_id': 'VXNlcjo5NTY1OTI5MTQ1MDk3NTIwMDI=', 'type': 'user', 'username': 'autumnplappert33', 'verified_identity': {}}","The right sauce can take a simple meal and make it extraordinary. That's why I'm excited to share these 10 delicious sauces that are perfect for topping off your Buddha bowls. From creamy cashew sauces to spicy salsas, there's something here for every taste. I'll provide step-by-step instructions for making each sauce, as well as some tips for how to combine them with your favorite Buddha bowl ingredients for maximum flavor.",0,{},{},"Thu, 16 Jan 2025 16:36:50 +0000",,,,"The right sauce for a Buddha bowl can take an ordinary meal and make it extraordinary! Whether you’re a fan of the sweet and tangy flavors of Asian cuisine, or rich and creamy Mediterranean sauces, this list has 10 sauces for Buddha bowls. From balsamic vinaigrette to spicy peanut sauce, each one will make all your favorite veggies more interesting. With these Buddha bowl sauces on hand, you won’t be reaching for the takeout menu any time soon.",[],,happymuncher.com,#a6a9a6,False,,10 Tasty Sauces for Buddha Bowls - Happy Muncher,False,[],[],956592777167931729,ec813683a45313b839940519c5f05777,False,True,False,False,False,False,False,https://happymuncher.com/sauces-for-buddha-bowls/,1,,in_app_browser,,,,{},,,"{'ads_only_profile_site': None, 'blocked_by_me': False, 'domain_url': None, 'domain_verified': False, 'explicitly_followed_by_me': False, 'first_name': 'Autumn', 'followed_by_me': False, 'follower_count': 3, 'full_name': 'Autumn Plappert', 'id': '956592914509752002', 'image_medium_url': 'https://s.pinimg.com/images/user/default_75.png', 'image_small_url': 'https://s.pinimg.com/images/user/default_30.png', 'indexed': True, 'instagram_data': None, 'is_ads_only_profile': False, 'is_default_image': True, 'is_verified_merchant': False, 'type': 'user', 'username': 'autumnplappert33', 'verified_identity': {}}",USD,0,public,,,False,,4,{'1': 4},174,577,,Pin on food,1,False,[],False,False,,,,,,,pin,{},,https://happymuncher.com/sauces-for-buddha-bowls/?utm_source=Pinterest&utm_medium=organic,,,,,,True,
[],,,"{'aggregated_stats': {'done': 0, 'saves': 4}, 'comment_count': 0, 'creator_analytics': None, 'did_it_data': {'details_count': 0, 'images_count': 0, 'rating': -1, 'recommend_scores': [{'count': 0, 'score': 1}, {'count': 0, 'score': 0.5}, {'count': 0, 'score': 0}], 'recommended_count': 0, 'responses_count': 0, 'tags': [], 'type': 'aggregateddiditdata', 'user_count': 0, 'videos_count': 0}, 'id': '3064799114706419520', 'is_shop_the_look': False, 'is_stela': False}",[],,,,,,"{'ads_only_profile_site': None, 'blocked_by_me': False, 'domain_url': None, 'domain_verified': False, 'explicitly_followed_by_me': False, 'first_name': 'Sunshine Bites | Healthy Food Recipes', 'followed_by_me': False, 'follower_count': 28, 'full_name': 'Sunshine Bites | Healthy Food Recipes', 'id': '958915083067748757', 'image_medium_url': 'https://i.pinimg.com/75x75_RS/67/8a/29/678a292a5bf3e8fccce1a5e96f298507.jpg', 'image_small_url': 'https://i.pinimg.com/30x30_RS/67/8a/29/678a292a5bf3e8fccce1a5e96f298507.jpg', 'indexed': True, 'instagram_data': None, 'is_ads_only_profile': False, 'is_default_image': False, 'is_verified_merchant': False, 'node_id': 'VXNlcjo5NTg5MTUwODMwNjc3NDg3NTc=', 'type': 'user', 'username': 'zixanobuyuq422', 'verified_identity': {}}",My top 18 healthy greek yogurt recipes -#BakingFromScratch #CookieDecorating #YummyCookies #EasyBaking,0,{},{},"Mon, 15 Dec 2025 03:42:11 +0000",,,,My top 18 healthy greek yogurt recipes -#BakingFromScratch #CookieDecorating #YummyCookies #EasyBaking,[],,theworldaccordingtome.org,#9e7460,False,,My top 18 healthy greek yogurt recipes -,False,"['#BakingFromScratch', '#CookieDecorating', '#YummyCookies', '#EasyBaking']",[],958914945672240635,6a34e7c785b1c8af0165f88c63a85594,True,True,False,False,False,False,False,https://www.theworldaccordingtome.org/fitness-health/2809620_plant-based-functional-cookies-the-healthy-indulgence/?my-top-18-healthy-greek-yogurt-recipes,1,,pinterest_platform,,"{'ads_only_profile_site': None, 'blocked_by_me': False, 'domain_url': None, 'domain_verified': False, 'explicitly_followed_by_me': False, 'first_name': 'Sunshine Bites | Healthy Food Recipes', 'followed_by_me': False, 'follower_count': 28, 'full_name': 'Sunshine Bites | Healthy Food Recipes', 'id': '958915083067748757', 'image_medium_url': 'https://i.pinimg.com/75x75_RS/67/8a/29/678a292a5bf3e8fccce1a5e96f298507.jpg', 'image_small_url': 'https://i.pinimg.com/30x30_RS/67/8a/29/678a292a5bf3e8fccce1a5e96f298507.jpg', 'indexed': True, 'instagram_data': None, 'is_ads_only_profile': False, 'is_default_image': False, 'is_verified_merchant': False, 'type': 'user', 'username': 'zixanobuyuq422', 'verified_identity': {}}",,{},,,"{'ads_only_profile_site': None, 'blocked_by_me': False, 'domain_url': None, 'domain_verified': False, 'explicitly_followed_by_me': False, 'first_name': 'Sunshine Bites | Healthy Food Recipes', 'followed_by_me': False, 'follower_count': 28, 'full_name': 'Sunshine Bites | Healthy Food Recipes', 'id': '958915083067748757', 'image_medium_url': 'https://i.pinimg.com/75x75_RS/67/8a/29/678a292a5bf3e8fccce1a5e96f298507.jpg', 'image_small_url': 'https://i.pinimg.com/30x30_RS/67/8a/29/678a292a5bf3e8fccce1a5e96f298507.jpg', 'indexed': True, 'instagram_data': None, 'is_ads_only_profile': False, 'is_default_image': False, 'is_verified_merchant': False, 'type': 'user', 'username': 'zixanobuyuq422', 'verified_identity': {}}",USD,0,public,,,False,,0,{},3,4,,Pin on Cookies Recipe,0,False,[],False,False,,,,,,My top 18 healthy greek yogurt recipes -,pin,{},,https://www.theworldaccordingtome.org/fitness-health/2809620_plant-based-functional-cookies-the-healthy-indulgence/?my-top-18-healthy-greek-yogurt-recipes&utm_source=Pinterest&utm_medium=organic,,,,,,,
[],,,"{'aggregated_stats': {'done': 0, 'saves': 170}, 'comment_count': 0, 'creator_analytics': None, 'did_it_data': {'details_count': 0, 'images_count': 0, 'rating': -1, 'recommend_scores': [{'count': 0, 'score': 1}, {'count': 0, 'score': 0.5}, {'count': 0, 'score': 0}], 'recommended_count': 0, 'responses_count': 0, 'tags': [], 'type': 'aggregateddiditdata', 'user_count': 0, 'videos_count': 0}, 'id': '3386402275975419392', 'is_shop_the_look': False, 'is_stela': False}",[],,,,,,"{'ads_only_profile_site': None, 'blocked_by_me': False, 'domain_url': 'flavornectar.com', 'domain_verified': True, 'explicitly_followed_by_me': False, 'first_name': 'Flavor Nectar | Easy Eecipes | Dinner Ideas | Healthy Eating', 'followed_by_me': False, 'follower_count': 4306, 'full_name': 'Flavor Nectar | Easy Eecipes | Dinner Ideas | Healthy Eating', 'id': '961237251625520277', 'image_medium_url': 'https://i.pinimg.com/75x75_RS/e0/77/13/e07713670958c7d01c1e673067512bc3.jpg', 'image_small_url': 'https://i.pinimg.com/30x30_RS/e0/77/13/e07713670958c7d01c1e673067512bc3.jpg', 'indexed': True, 'instagram_data': None, 'is_ads_only_profile': False, 'is_default_image': False, 'is_verified_merchant': False, 'node_id': 'VXNlcjo5NjEyMzcyNTE2MjU1MjAyNzc=', 'type': 'user', 'username': 'flavornectar', 'verified_identity': {}}","These one pan chicken and pineapple tacos are my secret weapon for a stress-free dinner that tastes amazing. I love how the sweet pineapple plays off the savory chicken, creating a perfect balance of flavors that even picky eaters will devour. Grab the easy recipe and start making these chicken recipes tonight! #OnePanChicken #EasyDinner #TacoNight #DeliciousMeals",0,{},{},"Sat, 04 Apr 2026 22:51:19 +0000",,,,"These one pan chicken and pineapple tacos are my secret weapon for a stress-free dinner that tastes amazing. I love how the sweet pineapple plays off the savory chicken, creating a perfect balance of flavors that even picky eaters will devour. Grab the easy recipe and start making these chicken recipes tonight! #OnePanChicken #EasyDinner #TacoNight #DeliciousMeals",[],,flavornectar.com,#917951,False,,1 Pan Chicken and Pineapple Tacos - Flavor Nectar,False,"['#OnePanChicken', '#EasyDinner', '#TacoNight', '#DeliciousMeals']",[],961237114267733647,b939952c357bed1ff8b9cf9566d44de4,True,True,False,False,False,False,False,https://flavornectar.com/one-pan-chicken-and-pineapple-tacos/?pinId=kq1qxgbdkzt1qbtwr6mvn1pr,1,,pin_scheduling,,"{'ads_only_profile_site': None, 'blocked_by_me': False, 'domain_url': 'flavornectar.com', 'domain_verified': True, 'explicitly_followed_by_me': False, 'first_name': 'Flavor Nectar | Easy Eecipes | Dinner Ideas | Healthy Eating', 'followed_by_me': False, 'follower_count': 4306, 'full_name': 'Flavor Nectar | Easy Eecipes | Dinner Ideas | Healthy Eating', 'id': '961237251625520277', 'image_medium_url': 'https://i.pinimg.com/75x75_RS/e0/77/13/e07713670958c7d01c1e673067512bc3.jpg', 'image_small_url': 'https://i.pinimg.com/30x30_RS/e0/77/13/e07713670958c7d01c1e673067512bc3.jpg', 'indexed': True, 'instagram_data': None, 'is_ads_only_profile': False, 'is_default_image': False, 'is_verified_merchant': False, 'type': 'user', 'username': 'flavornectar', 'verified_identity': {}}",,{},,,"{'ads_only_profile_site': None, 'blocked_by_me': False, 'domain_url': 'flavornectar.com', 'domain_verified': True, 'explicitly_followed_by_me': False, 'first_name': 'Flavor Nectar | Easy Eecipes | Dinner Ideas | Healthy Eating', 'followed_by_me': False, 'follower_count': 4306, 'full_name': 'Flavor Nectar | Easy Eecipes | Dinner Ideas | Healthy Eating', 'id': '961237251625520277', 'image_medium_url': 'https://i.pinimg.com/75x75_RS/e0/77/13/e07713670958c7d01c1e673067512bc3.jpg', 'image_small_url': 'https://i.pinimg.com/30x30_RS/e0/77/13/e07713670958c7d01c1e673067512bc3.jpg', 'indexed': True, 'instagram_data': None, 'is_ads_only_profile': False, 'is_default_image': False, 'is_verified_merchant': False, 'type': 'user', 'username': 'flavornectar', 'verified_identity': {}}",USD,0,public,,,False,,1,{'1': 1},154,170,,Pin on Easy Dinner Recipes!,11,False,[],False,False,,,,3386013940333454144,,1 Pan Chicken and Pineapple Tacos - Flavor Nectar,pin,{},,https://flavornectar.com/one-pan-chicken-and-pineapple-tacos/?pinId=kq1qxgbdkzt1qbtwr6mvn1pr&utm_source=Pinterest&utm_medium=organic,,,,,,True,
[],,,"{'aggregated_stats': {'done': 0, 'saves': 8513}, 'comment_count': 9, 'creator_analytics': None, 'did_it_data': {'details_count': 0, 'images_count': 0, 'rating': -1, 'recommend_scores': [{'count': 0, 'score': 1}, {'count': 0, 'score': 0.5}, {'count': 0, 'score': 0}], 'recommended_count': 0, 'responses_count': 0, 'tags': [], 'type': 'aggregateddiditdata', 'user_count': 0, 'videos_count': 0}, 'id': '5454779222446880804', 'is_shop_the_look': False, 'is_stela': False}",[],,,,,,"{'ads_only_profile_site': None, 'blocked_by_me': False, 'domain_url': None, 'domain_verified': False, 'explicitly_followed_by_me': False, 'first_name': 'Ellie White', 'followed_by_me': False, 'follower_count': 18, 'full_name': 'Ellie White', 'id': '975099894228625833', 'image_medium_url': 'https://s.pinimg.com/images/user/default_75.png', 'image_small_url': 'https://s.pinimg.com/images/user/default_30.png', 'indexed': True, 'instagram_data': None, 'is_ads_only_profile': False, 'is_default_image': True, 'is_verified_merchant': False, 'node_id': 'VXNlcjo5NzUwOTk4OTQyMjg2MjU4MzM=', 'type': 'user', 'username': 'elpertollar', 'verified_identity': {}}","Indulge in the comforting flavors of Spiced Apple Fritter Bread For Fall, a delightful treat perfect for crisp autumn days. This easy recipe combines tender apple chunks with a hint of cinnamon, nutmeg, and a sweet glaze that brings joy to every bite. Ideal for cozy family gatherings or enjoying with a cup of warm cider, this bread will quickly become a seasonal favorite. Bake it fresh for breakfast or as a delightful snack during leaf-peeping adventures.",9,{},{},"Sat, 27 Sep 2025 23:42:47 +0000",,,,"Indulge in the comforting flavors of Spiced Apple Fritter Bread For Fall, a delightful treat perfect for crisp autumn days. This easy recipe combines tender apple chunks with a hint of cinnamon, nutmeg, and a sweet glaze that brings joy to every bite. Ideal for cozy family gatherings or enjoying with a cup of warm cider, this bread will quickly become a seasonal favorite. Bake it fresh for breakfast or as a delightful snack during leaf-peeping adventures.",[],,Uploaded by user,#94514f,False,,Spiced Apple Fritter Bread For Fall - A Cozy Recipe with Warm Flavors and Cinnamon Delights,False,[],[],975099756830266335,3f5bc63b6f69739488423d22cedfc8df,True,True,False,False,False,False,False,,0,,pin_scheduling,,"{'ads_only_profile_site': None, 'blocked_by_me': False, 'domain_url': None, 'domain_verified': False, 'explicitly_followed_by_me': False, 'first_name': 'Ellie White', 'followed_by_me': False, 'follower_count': 18, 'full_name': 'Ellie White', 'id': '975099894228625833', 'image_medium_url': 'https://s.pinimg.com/images/user/default_75.png', 'image_small_url': 'https://s.pinimg.com/images/user/default_30.png', 'indexed': True, 'instagram_data': None, 'is_ads_only_profile': False, 'is_default_image': True, 'is_verified_merchant': False, 'type': 'user', 'username': 'elpertollar', 'verified_identity': {}}",,{},,,"{'ads_only_profile_site': None, 'blocked_by_me': False, 'domain_url': None, 'domain_verified': False, 'explicitly_followed_by_me': False, 'first_name': 'Ellie White', 'followed_by_me': False, 'follower_count': 18, 'full_name': 'Ellie White', 'id': '975099894228625833', 'image_medium_url': 'https://s.pinimg.com/images/user/default_75.png', 'image_small_url': 'https://s.pinimg.com/images/user/default_30.png', 'indexed': True, 'instagram_data': None, 'is_ads_only_profile': False, 'is_default_image': True, 'is_verified_merchant': False, 'type': 'user', 'username': 'elpertollar', 'verified_identity': {}}",USD,0,public,,,False,,56,{'1': 56},4707,8513,,Pin on recipes,140,False,[],False,False,,,,2838187109370041856,,Spiced Apple Fritter Bread For Fall - A Cozy Recipe with Warm Flavors and Cinnamon Delights,pin,{},,,,,,,,,
[],,,"{'aggregated_stats': {'done': 0, 'saves': 21629}, 'comment_count': 31, 'creator_analytics': None, 'did_it_data': {'details_count': 0, 'images_count': 0, 'rating': -1, 'recommend_scores': [{'count': 0, 'score': 1}, {'count': 0, 'score': 0.5}, {'count': 0, 'score': 0}], 'recommended_count': 0, 'responses_count': 0, 'tags': [], 'type': 'aggregateddiditdata', 'user_count': 0, 'videos_count': 0}, 'id': '5421888392384279928', 'is_shop_the_look': False, 'is_stela': False}",[],,,,,,"{'ads_only_profile_site': None, 'blocked_by_me': False, 'domain_url': 'glowfitwellness.com', 'domain_verified': False, 'explicitly_followed_by_me': False, 'first_name': 'Move.Glow.Repeat', 'followed_by_me': False, 'follower_count': 46, 'full_name': 'Move.Glow.Repeat', 'id': '976999850321396336', 'image_medium_url': 'https://i.pinimg.com/75x75_RS/b8/fc/1a/b8fc1ad40f76c4a9f35b198deaf031e1.jpg', 'image_small_url': 'https://i.pinimg.com/30x30_RS/b8/fc/1a/b8fc1ad40f76c4a9f35b198deaf031e1.jpg', 'indexed': True, 'instagram_data': None, 'is_ads_only_profile': False, 'is_default_image': False, 'is_verified_merchant': False, 'node_id': 'VXNlcjo5NzY5OTk4NTAzMjEzOTYzMzY=', 'type': 'user', 'username': 'glowfitwellness6', 'verified_identity': {}}",easy to make as all the ingredients are easily accessible at home can be cooked in air fry as well super tasty healthy can be eaten in weight loss.,31,{},{},"Sun, 30 Mar 2025 11:09:58 +0000",,,,easy to make as all the ingredients are easily accessible at home can be cooked in air fry as well super tasty healthy can be eaten in weight loss.,[],11,Uploaded by user,#ae7634,False,,lentil chips,False,[],[],976999712946891993,2b00ffab54ce6e948e00fe5c4c950eae,True,True,False,False,False,False,False,,0,,photos,,"{'ads_only_profile_site': None, 'blocked_by_me': False, 'domain_url': 'glowfitwellness.com', 'domain_verified': False, 'explicitly_followed_by_me': False, 'first_name': 'Move.Glow.Repeat', 'followed_by_me': False, 'follower_count': 46, 'full_name': 'Move.Glow.Repeat', 'id': '976999850321396336', 'image_medium_url': 'https://i.pinimg.com/75x75_RS/b8/fc/1a/b8fc1ad40f76c4a9f35b198deaf031e1.jpg', 'image_small_url': 'https://i.pinimg.com/30x30_RS/b8/fc/1a/b8fc1ad40f76c4a9f35b198deaf031e1.jpg', 'indexed': True, 'instagram_data': None, 'is_ads_only_profile': False, 'is_default_image': False, 'is_verified_merchant': False, 'type': 'user', 'username': 'glowfitwellness6', 'verified_identity': {}}",,{},,,"{'ads_only_profile_site': None, 'blocked_by_me': False, 'domain_url': 'glowfitwellness.com', 'domain_verified': False, 'explicitly_followed_by_me': False, 'first_name': 'Move.Glow.Repeat', 'followed_by_me': False, 'follower_count': 46, 'full_name': 'Move.Glow.Repeat', 'id': '976999850321396336', 'image_medium_url': 'https://i.pinimg.com/75x75_RS/b8/fc/1a/b8fc1ad40f76c4a9f35b198deaf031e1.jpg', 'image_small_url': 'https://i.pinimg.com/30x30_RS/b8/fc/1a/b8fc1ad40f76c4a9f35b198deaf031e1.jpg', 'indexed': True, 'instagram_data': None, 'is_ads_only_profile': False, 'is_default_image': False, 'is_verified_merchant': False, 'type': 'user', 'username': 'glowfitwellness6', 'verified_identity': {}}",USD,0,public,,,False,,600,"{'1': 599, '7': 1}",3706,21629,,Pin on healthy recipes,169,False,[],False,False,,,,5421888391694304548,,lentil chips,pin,{},,,,,,,,,
[],,,"{'aggregated_stats': {'done': 0, 'saves': 12083}, 'comment_count': 4, 'creator_analytics': None, 'did_it_data': {'details_count': 0, 'images_count': 0, 'rating': -1, 'recommend_scores': [{'count': 0, 'score': 1}, {'count': 0, 'score': 0.5}, {'count': 0, 'score': 0}], 'recommended_count': 0, 'responses_count': 0, 'tags': [], 'type': 'aggregateddiditdata', 'user_count': 0, 'videos_count': 0}, 'id': '5228757969885258209', 'is_shop_the_look': False, 'is_stela': False}",[],,,,,,"{'ads_only_profile_site': None, 'blocked_by_me': False, 'domain_url': None, 'domain_verified': False, 'explicitly_followed_by_me': False, 'first_name': 'Sadie Grossman', 'followed_by_me': False, 'follower_count': 506, 'full_name': 'Sadie Grossman', 'id': '985232993389955429', 'image_medium_url': 'https://i.pinimg.com/75x75_RS/c9/7d/da/c97dda1f2054ff2a715c5a5edd5f79cd.jpg', 'image_small_url': 'https://i.pinimg.com/30x30_RS/c9/7d/da/c97dda1f2054ff2a715c5a5edd5f79cd.jpg', 'indexed': True, 'instagram_data': None, 'is_ads_only_profile': False, 'is_default_image': False, 'is_verified_merchant': False, 'node_id': 'VXNlcjo5ODUyMzI5OTMzODk5NTU0Mjk=', 'type': 'user', 'username': 'Sadie_grossman10', 'verified_identity': {}}", ,4,{},{},"Fri, 29 Apr 2022 14:07:15 +0000",,,, ,[],,Uploaded by user,#e4e0dd,False,,,False,[],[],985232855954981586,fd6a1b5e2a973c9715216ec7f8dad930,True,False,False,False,False,False,False,,0,,uploaded,,"{'ads_only_profile_site': None, 'blocked_by_me': False, 'domain_url': None, 'domain_verified': False, 'explicitly_followed_by_me': False, 'first_name': 'Sadie Grossman', 'followed_by_me': False, 'follower_count': 506, 'full_name': 'Sadie Grossman', 'id': '985232993389955429', 'image_medium_url': 'https://i.pinimg.com/75x75_RS/c9/7d/da/c97dda1f2054ff2a715c5a5edd5f79cd.jpg', 'image_small_url': 'https://i.pinimg.com/30x30_RS/c9/7d/da/c97dda1f2054ff2a715c5a5edd5f79cd.jpg', 'indexed': True, 'instagram_data': None, 'is_ads_only_profile': False, 'is_default_image': False, 'is_verified_merchant': False, 'type': 'user', 'username': 'Sadie_grossman10', 'verified_identity': {}}",,{},,,"{'ads_only_profile_site': None, 'blocked_by_me': False, 'domain_url': None, 'domain_verified': False, 'explicitly_followed_by_me': False, 'first_name': 'Sadie Grossman', 'followed_by_me': False, 'follower_count': 506, 'full_name': 'Sadie Grossman', 'id': '985232993389955429', 'image_medium_url': 'https://i.pinimg.com/75x75_RS/c9/7d/da/c97dda1f2054ff2a715c5a5edd5f79cd.jpg', 'image_small_url': 'https://i.pinimg.com/30x30_RS/c9/7d/da/c97dda1f2054ff2a715c5a5edd5f79cd.jpg', 'indexed': True, 'instagram_data': None, 'is_ads_only_profile': False, 'is_default_image': False, 'is_verified_merchant': False, 'type': 'user', 'username': 'Sadie_grossman10', 'verified_identity': {}}",USD,0,public,,,False,,106,{'1': 106},1172,12083,,Pin on 🌺🌺love it🌺🌺,20,False,[],False,False,,,,,,,pin,{},,,,,,,,,
[],,,"{'aggregated_stats': {'done': 0, 'saves': 687}, 'comment_count': 0, 'creator_analytics': None, 'did_it_data': {'details_count': 0, 'images_count': 0, 'rating': -1, 'recommend_scores': [{'count': 0, 'score': 1}, {'count': 0, 'score': 0.5}, {'count': 0, 'score': 0}], 'recommended_count': 0, 'responses_count': 0, 'tags': [], 'type': 'aggregateddiditdata', 'user_count': 0, 'videos_count': 0}, 'id': '5455684137394428911', 'is_shop_the_look': False, 'is_stela': False}",[],,,,,,"{'ads_only_profile_site': None, 'blocked_by_me': False, 'domain_url': None, 'domain_verified': False, 'explicitly_followed_by_me': False, 'first_name': 'Olivia Carter', 'followed_by_me': False, 'follower_count': 22, 'full_name': 'Olivia Carter', 'id': '994662405110017172', 'image_medium_url': 'https://s.pinimg.com/images/user/default_75.png', 'image_small_url': 'https://s.pinimg.com/images/user/default_30.png', 'indexed': True, 'instagram_data': None, 'is_ads_only_profile': False, 'is_default_image': True, 'is_verified_merchant': False, 'node_id': 'VXNlcjo5OTQ2NjI0MDUxMTAwMTcxNzI=', 'type': 'user', 'username': 'eedsroy156', 'verified_identity': {}}","Discover the ultimate Mint Oreo Truffles that blend rich chocolate with refreshing mint for a delightful dessert. This no-bake recipe is perfect for holiday parties, gatherings, or simply satisfying your sweet tooth. With just a few simple ingredients, you can create these delicious truffles that are sure to impress your friends and family. Each bite bursts with creamy filling and crunchy Oreo bits, making it a fantastic treat for all occasions.",0,{},{},"Thu, 02 Oct 2025 23:34:27 +0000",,,,"Discover the ultimate Mint Oreo Truffles that blend rich chocolate with refreshing mint for a delightful dessert. This no-bake recipe is perfect for holiday parties, gatherings, or simply satisfying your sweet tooth. With just a few simple ingredients, you can create these delicious truffles that are sure to impress your friends and family. Each bite bursts with creamy filling and crunchy Oreo bits, making it a fantastic treat for all occasions.",[],,Uploaded by user,#7d8269,False,,Mint Oreo Truffles Recipe: Easy No-Bake Dessert with Creamy Mint and Chocolate Flavor,False,[],[],994662267709824740,9580b944f6f44d9a4b27e6367532c636,True,True,False,False,False,False,False,,0,,pin_scheduling,,"{'ads_only_profile_site': None, 'blocked_by_me': False, 'domain_url': None, 'domain_verified': False, 'explicitly_followed_by_me': False, 'first_name': 'Olivia Carter', 'followed_by_me': False, 'follower_count': 22, 'full_name': 'Olivia Carter', 'id': '994662405110017172', 'image_medium_url': 'https://s.pinimg.com/images/user/default_75.png', 'image_small_url': 'https://s.pinimg.com/images/user/default_30.png', 'indexed': True, 'instagram_data': None, 'is_ads_only_profile': False, 'is_default_image': True, 'is_verified_merchant': False, 'type': 'user', 'username': 'eedsroy156', 'verified_identity': {}}",,{},,,"{'ads_only_profile_site': None, 'blocked_by_me': False, 'domain_url': None, 'domain_verified': False, 'explicitly_followed_by_me': False, 'first_name': 'Olivia Carter', 'followed_by_me': False, 'follower_count': 22, 'full_name': 'Olivia Carter', 'id': '994662405110017172', 'image_medium_url': 'https://s.pinimg.com/images/user/default_75.png', 'image_small_url': 'https://s.pinimg.com/images/user/default_30.png', 'indexed': True, 'instagram_data': None, 'is_ads_only_profile': False, 'is_default_image': True, 'is_verified_merchant': False, 'type': 'user', 'username': 'eedsroy156', 'verified_identity': {}}",USD,0,public,,,False,,14,{'1': 14},487,687,,Pin on Recipes,7,False,[],False,False,,,,2852665759972990720,,Mint Oreo Truffles Recipe: Easy No-Bake Dessert with Creamy Mint and Chocolate Flavor,pin,{},,,,,,,,,
[],,,"{'aggregated_stats': {'done': 0, 'saves': 12884}, 'comment_count': 9, 'creator_analytics': None, 'did_it_data': {'details_count': 0, 'images_count': 0, 'rating': -1, 'recommend_scores': [{'count': 0, 'score': 1}, {'count': 0, 'score': 0.5}, {'count': 0, 'score': 0}], 'recommended_count': 0, 'responses_count': 0, 'tags': [], 'type': 'aggregateddiditdata', 'user_count': 0, 'videos_count': 0}, 'id': '5412884088853949671', 'is_shop_the_look': False, 'is_stela': False}",[],,,,,,"{'ads_only_profile_site': None, 'blocked_by_me': False, 'domain_url': None, 'domain_verified': False, 'explicitly_followed_by_me': False, 'first_name': 'Tasty | Healthy Recipes | Easy Dinner&Delicious Desserts and More', 'followed_by_me': False, 'follower_count': 528, 'full_name': 'Tasty | Healthy Recipes | Easy Dinner&Delicious Desserts and More', 'id': '994732773853911740', 'image_medium_url': 'https://i.pinimg.com/75x75_RS/b5/d6/b2/b5d6b2948f169b06399f17b8b69e2713.jpg', 'image_small_url': 'https://i.pinimg.com/30x30_RS/b5/d6/b2/b5d6b2948f169b06399f17b8b69e2713.jpg', 'indexed': True, 'instagram_data': None, 'is_ads_only_profile': False, 'is_default_image': False, 'is_verified_merchant': False, 'node_id': 'VXNlcjo5OTQ3MzI3NzM4NTM5MTE3NDA=', 'type': 'user', 'username': 'CookingWithEmmy', 'verified_identity': {}}","""This one-pan creamy spinach and mushroom orzo is a delightful meatless main dish or side. With flavors reminiscent of risotto but simpler to make, this dish is a must-try for a quick and delicious meal.

Ingredients:
- 2 tablespoons olive oil
- 1 onion, chopped
- 2 cloves garlic, minced
- 8 oz mushrooms, sliced
- 1 cup orzo pasta
- 3 cups vegetable broth
- 1 cup fresh spinach
- 1/2 cup grated Parmesan cheese
- Salt and pepper to taste

Instructions:
1. In a large skillet, heat olive oil over medium heat. Add onion and garlic, sauté until fragrant.
2. Add mushrooms and cook until softened.
3. Stir in orzo and vegetable broth. Bring to a simmer and cook for 10-12 minutes, stirring occasionally.
4. Add spinach, Parmesan cheese, salt, and pepper. Stir until spinach is wilted and cheese is mel",9,{},{},"Sat, 08 Feb 2025 18:30:12 +0000",,,,"""This one-pan creamy spinach and mushroom orzo is a delightful meatless main dish or side. With flavors reminiscent of risotto but simpler to make, this dish is a must-try for a quick and delicious meal.

Ingredients:
- 2 tablespoons olive oil
- 1 onion, chopped
- 2 cloves garlic, minced
- 8 oz mushrooms, sliced
- 1 cup orzo pasta
- 3 cups vegetable broth
- 1 cup fresh spinach
- 1/2 cup grated Parmesan cheese
- Salt and pepper to taste

Instructions:
1. In a large skillet, heat olive oil over medium heat. Add onion and garlic, sauté until fragrant.
2. Add mushrooms and cook until softened.
3. Stir in orzo and vegetable broth. Bring to a simmer and cook for 10-12 minutes, stirring occasionally.
4. Add spinach, Parmesan cheese, salt, and pepper. Stir until spinach is wilted and cheese is mel",[],11,Uploaded by user,#99835d,False,,Creamy Spinach and Mushroom Orzo,False,[],[],994732636489957963,fb80f4de4f922e9c66af015633a82ca9,True,True,False,False,False,False,False,,0,,pin_scheduling,,"{'ads_only_profile_site': None, 'blocked_by_me': False, 'domain_url': None, 'domain_verified': False, 'explicitly_followed_by_me': False, 'first_name': 'Tasty | Healthy Recipes | Easy Dinner&Delicious Desserts and More', 'followed_by_me': False, 'follower_count': 528, 'full_name': 'Tasty | Healthy Recipes | Easy Dinner&Delicious Desserts and More', 'id': '994732773853911740', 'image_medium_url': 'https://i.pinimg.com/75x75_RS/b5/d6/b2/b5d6b2948f169b06399f17b8b69e2713.jpg', 'image_small_url': 'https://i.pinimg.com/30x30_RS/b5/d6/b2/b5d6b2948f169b06399f17b8b69e2713.jpg', 'indexed': True, 'instagram_data': None, 'is_ads_only_profile': False, 'is_default_image': False, 'is_verified_merchant': False, 'type': 'user', 'username': 'CookingWithEmmy', 'verified_identity': {}}",,{},,,"{'ads_only_profile_site': None, 'blocked_by_me': False, 'domain_url': None, 'domain_verified': False, 'explicitly_followed_by_me': False, 'first_name': 'Tasty | Healthy Recipes | Easy Dinner&Delicious Desserts and More', 'followed_by_me': False, 'follower_count': 528, 'full_name': 'Tasty | Healthy Recipes | Easy Dinner&Delicious Desserts and More', 'id': '994732773853911740', 'image_medium_url': 'https://i.pinimg.com/75x75_RS/b5/d6/b2/b5d6b2948f169b06399f17b8b69e2713.jpg', 'image_small_url': 'https://i.pinimg.com/30x30_RS/b5/d6/b2/b5d6b2948f169b06399f17b8b69e2713.jpg', 'indexed': True, 'instagram_data': None, 'is_ads_only_profile': False, 'is_default_image': False, 'is_verified_merchant': False, 'type': 'user', 'username': 'CookingWithEmmy', 'verified_identity': {}}",USD,0,public,,,False,,235,{'1': 235},1968,12884,,Pin on Dinner Recipes,44,False,[],True,False,,,,5412884088853949371,,Creamy Spinach and Mushroom Orzo,pin,{},,,,,,,,,
