id,title,description,link,pin_url,image,images,video,videos,stories,saves,done,reaction_counts,repin_count,comment_count,like_count,share_count,board_name,board_url,board_pin_count,board_follower_count,board_collaborator_count,board_privacy,board_category,pinner_name,pinner_username,pinner_url,pinner_pin_count,pinner_board_count,pinner_follower_count,pinner_following_count,pinner_profile_reach,pinner_profile_views,pinner_story_pin_count,pinner_video_pin_count,created_at,updated_at
1.00001E+18,What to wear in the Seychelles (Packing List included),"Want to know what to wear in the Seychelles? Whether you are going on a Seychelles honeymoon, looking for Seychelles outfit inspiration for restaurants with dress codes, for local culture, for on the beach and more with this Seychelles packing list all you have to worry about is relaxing!",https://wearwhenwhatwhy.com/what-to-wear-in-seychelles/,https://www.pinterest.com/pin/1000010292253238442,https://i.pinimg.com/originals/86/a3/fa/86a3fadeb2071b2bd590174bfde02ad5.jpg,"60x60: https://i.pinimg.com/60x60/86/a3/fa/86a3fadeb2071b2bd590174bfde02ad5.jpg
136x136: https://i.pinimg.com/136x136/86/a3/fa/86a3fadeb2071b2bd590174bfde02ad5.jpg
170x: https://i.pinimg.com/236x/86/a3/fa/86a3fadeb2071b2bd590174bfde02ad5.jpg
236x: https://i.pinimg.com/236x/86/a3/fa/86a3fadeb2071b2bd590174bfde02ad5.jpg
474x: https://i.pinimg.com/474x/86/a3/fa/86a3fadeb2071b2bd590174bfde02ad5.jpg
564x: https://i.pinimg.com/564x/86/a3/fa/86a3fadeb2071b2bd590174bfde02ad5.jpg
736x: https://i.pinimg.com/736x/86/a3/fa/86a3fadeb2071b2bd590174bfde02ad5.jpg
600x315: https://i.pinimg.com/600x315/86/a3/fa/86a3fadeb2071b2bd590174bfde02ad5.jpg
orig: https://i.pinimg.com/originals/86/a3/fa/86a3fadeb2071b2bd590174bfde02ad5.jpg",,,,8,0,0,2,0,0,0,Beach Vacation Packing Lists,https://www.pinterest.com/wearwhenwhatwhy/beach-vacation-packing-lists/,,,,public,,Wear When What Why,wearwhenwhatwhy,https://www.pinterest.com/wearwhenwhatwhy,,,1659,,,,,,2024-05-04T22:30:39.000Z,2026-06-23T17:15:08.850Z
1.00043E+18,35 Ideas for Wearing a Sarong,"Looking for fun and stylish ways to wear a sarong? You’re in the right place! Whether it’s a beach day, a casual outing, or just lounging at home, these 35 ideas will have you rocking that sarong like a pro. From chic wraps to cute dresses, there's something for everyone. Trust me, you’ll want to try these looks ASAP! Don’t forget to save this post for your next beach trip or summer gathering. Read Now!",https://livefullie.com/2025/05/03/sarong-outfit-ideas-8kqj6v2x3m/,https://www.pinterest.com/pin/1000432504745718256,https://i.pinimg.com/originals/a5/49/10/a549107a921592d358fadd9af94c7b1a.webp,"60x60: https://i.pinimg.com/60x60/a5/49/10/a549107a921592d358fadd9af94c7b1a.jpg
136x136: https://i.pinimg.com/136x136/a5/49/10/a549107a921592d358fadd9af94c7b1a.jpg
170x: https://i.pinimg.com/236x/a5/49/10/a549107a921592d358fadd9af94c7b1a.jpg
236x: https://i.pinimg.com/236x/a5/49/10/a549107a921592d358fadd9af94c7b1a.jpg
474x: https://i.pinimg.com/474x/a5/49/10/a549107a921592d358fadd9af94c7b1a.jpg
564x: https://i.pinimg.com/564x/a5/49/10/a549107a921592d358fadd9af94c7b1a.jpg
736x: https://i.pinimg.com/736x/a5/49/10/a549107a921592d358fadd9af94c7b1a.jpg
600x315: https://i.pinimg.com/600x315/a5/49/10/a549107a921592d358fadd9af94c7b1a.jpg
orig: https://i.pinimg.com/originals/a5/49/10/a549107a921592d358fadd9af94c7b1a.webp",,,,1,0,0,0,0,0,0,Holiday Looks,https://www.pinterest.com/kaytobl/holiday-looks/,,,,public,,kAYtEE,kaytobl,https://www.pinterest.com/kaytobl,,,15,,,,,,2026-05-13T10:36:16.000Z,2026-06-23T17:14:08.610Z
1.00219E+18,,🌻,,https://www.pinterest.com/pin/1002191723317454717,https://i.pinimg.com/originals/f3/9d/a4/f39da4ccbdfce206b34658a8f23b42e1.jpg,"60x60: https://i.pinimg.com/60x60/f3/9d/a4/f39da4ccbdfce206b34658a8f23b42e1.jpg
136x136: https://i.pinimg.com/136x136/f3/9d/a4/f39da4ccbdfce206b34658a8f23b42e1.jpg
170x: https://i.pinimg.com/236x/f3/9d/a4/f39da4ccbdfce206b34658a8f23b42e1.jpg
236x: https://i.pinimg.com/236x/f3/9d/a4/f39da4ccbdfce206b34658a8f23b42e1.jpg
474x: https://i.pinimg.com/474x/f3/9d/a4/f39da4ccbdfce206b34658a8f23b42e1.jpg
564x: https://i.pinimg.com/564x/f3/9d/a4/f39da4ccbdfce206b34658a8f23b42e1.jpg
736x: https://i.pinimg.com/736x/f3/9d/a4/f39da4ccbdfce206b34658a8f23b42e1.jpg
600x315: https://i.pinimg.com/600x315/f3/9d/a4/f39da4ccbdfce206b34658a8f23b42e1.jpg
orig: https://i.pinimg.com/originals/f3/9d/a4/f39da4ccbdfce206b34658a8f23b42e1.jpg",,,,802,0,105,86,0,0,1,#NAME?,https://www.pinterest.com/urfavscorpiogirll/-lifee/,,,,public,,bryanna 🪩,urfavscorpiogirll,https://www.pinterest.com/urfavscorpiogirll,,,416,,,,,,2023-05-21T19:10:26.000Z,2026-06-23T17:23:57.023Z
1.00268E+18,,Outfit idea,,https://www.pinterest.com/pin/1002684304520525011,https://i.pinimg.com/originals/f2/67/d7/f267d729680f0164c099d7e27d48c1a5.jpg,"60x60: https://i.pinimg.com/60x60/f2/67/d7/f267d729680f0164c099d7e27d48c1a5.jpg
136x136: https://i.pinimg.com/136x136/f2/67/d7/f267d729680f0164c099d7e27d48c1a5.jpg
170x: https://i.pinimg.com/236x/f2/67/d7/f267d729680f0164c099d7e27d48c1a5.jpg
236x: https://i.pinimg.com/236x/f2/67/d7/f267d729680f0164c099d7e27d48c1a5.jpg
474x: https://i.pinimg.com/474x/f2/67/d7/f267d729680f0164c099d7e27d48c1a5.jpg
564x: https://i.pinimg.com/564x/f2/67/d7/f267d729680f0164c099d7e27d48c1a5.jpg
736x: https://i.pinimg.com/736x/f2/67/d7/f267d729680f0164c099d7e27d48c1a5.jpg
600x315: https://i.pinimg.com/600x315/f2/67/d7/f267d729680f0164c099d7e27d48c1a5.jpg
orig: https://i.pinimg.com/originals/f2/67/d7/f267d729680f0164c099d7e27d48c1a5.jpg",,,,32543,0,1437,3057,7,0,17,outfit,https://www.pinterest.com/yasfrockwell/outfit/,,,,public,,yas★,yasfrockwell,https://www.pinterest.com/yasfrockwell,,,36,,,,,,2023-06-30T22:16:07.000Z,2026-06-23T17:24:02.615Z
1.00388E+18,Pistachio Cookies Recipe | Creamy Sandwich,"Discover pistachio cream cookies — buttery, tender sandwich cookies ready in 45 minutes. Prep 25 mins; makes 24; medium difficulty; vegetarian. Luscious pistachio-cream filling perfect for teatime. Click to get the recipe now! #dessert #cookies #vegetarian",https://bountyandbasil.com/recipes/pistachio-cream-cookies,https://www.pinterest.com/pin/1003880573239256654,https://i.pinimg.com/originals/65/50/5b/65505bf488213f6387b0f7d000bf0a95.webp,"60x60: https://i.pinimg.com/60x60/65/50/5b/65505bf488213f6387b0f7d000bf0a95.jpg
136x136: https://i.pinimg.com/136x136/65/50/5b/65505bf488213f6387b0f7d000bf0a95.jpg
170x: https://i.pinimg.com/236x/65/50/5b/65505bf488213f6387b0f7d000bf0a95.jpg
236x: https://i.pinimg.com/236x/65/50/5b/65505bf488213f6387b0f7d000bf0a95.jpg
474x: https://i.pinimg.com/474x/65/50/5b/65505bf488213f6387b0f7d000bf0a95.jpg
564x: https://i.pinimg.com/564x/65/50/5b/65505bf488213f6387b0f7d000bf0a95.jpg
736x: https://i.pinimg.com/736x/65/50/5b/65505bf488213f6387b0f7d000bf0a95.jpg
600x315: https://i.pinimg.com/600x315/65/50/5b/65505bf488213f6387b0f7d000bf0a95.jpg
orig: https://i.pinimg.com/originals/65/50/5b/65505bf488213f6387b0f7d000bf0a95.webp",,,,26,0,1,18,0,0,1,Sweet Herbs,https://www.pinterest.com/elenamarlowe71/sweet-herbs/,,,,public,,"Bounty & Basil | Fresh, Wholesome & Seasonal Recipes",elenamarlowe71,https://www.pinterest.com/elenamarlowe71,,,7,,,,,,2026-04-18T05:34:20.000Z,2026-06-23T16:39:12.546Z
1.00402E+18,cute trendy outfits,"#FashionTrends2025 #2025Style #OutfitInspo2025 #TrendAlert  
#StyleInspo #WardrobeGoals #QuietLuxury #Barbiecore2025  
#DopamineDressing #HyperFemininity #GothGlam #DiscoRevival  
#OversizedOutfits #MatchingSets #FairycoreFashion  
#SheerStyle #SoftTailoring #SustainableStyle #ChicAndTrendy  
#StyleGoals #PinterestFashion",https://verasblogj.blogspot.com/2025/06/17-irresistible-fashion-trends-to-rock.html,https://www.pinterest.com/pin/1004021310683226879,https://i.pinimg.com/originals/28/87/f1/2887f1417419242f04fe0359780ad4e6.jpg,"60x60: https://i.pinimg.com/60x60/28/87/f1/2887f1417419242f04fe0359780ad4e6.jpg
136x136: https://i.pinimg.com/136x136/28/87/f1/2887f1417419242f04fe0359780ad4e6.jpg
170x: https://i.pinimg.com/236x/28/87/f1/2887f1417419242f04fe0359780ad4e6.jpg
236x: https://i.pinimg.com/236x/28/87/f1/2887f1417419242f04fe0359780ad4e6.jpg
474x: https://i.pinimg.com/474x/28/87/f1/2887f1417419242f04fe0359780ad4e6.jpg
564x: https://i.pinimg.com/564x/28/87/f1/2887f1417419242f04fe0359780ad4e6.jpg
736x: https://i.pinimg.com/736x/28/87/f1/2887f1417419242f04fe0359780ad4e6.jpg
600x315: https://i.pinimg.com/600x315/28/87/f1/2887f1417419242f04fe0359780ad4e6.jpg
orig: https://i.pinimg.com/originals/28/87/f1/2887f1417419242f04fe0359780ad4e6.jpg",,,,2,0,0,1,0,0,0,Affordable fashion finds,https://www.pinterest.com/aloeverajanet5/affordable-fashion-finds/,,,,public,,"Voguelore by Vera | Fashion, Hair & Beauty",aloeverajanet5,https://www.pinterest.com/aloeverajanet5,,,205,,,,,,2025-06-24T03:28:38.000Z,2026-06-23T17:24:14.805Z
1.0043E+18,Hidden Luxury Beach Resort in Asia | Dream Tropical Getaway,"Bohemian Resort Dresses ✨ The ultimate edit of bohemian resort dresses for your next luxury vacation. Think flowing maxi silhouettes, lightweight fabrics, and elevated details that move beautifully from beach days to sunset dinners. These luxury boho vacation dresses are perfect for tropical getaways, five-star resorts, and warm summer escapes. Effortless, feminine, and designed to stand out — without trying too hard. Shop my curated selection of boho resort vacation dresses for a chic, elevated holiday wardrobe. #ResortWear #BohoResort #VacationDresses #LuxuryVacationStyle #BohemianChic #LTKstyle #SummerWardrobe #LTKootd",https://liketk.it/5SEkW,https://www.pinterest.com/pin/1004302785722500643,https://i.pinimg.com/originals/42/de/c5/42dec595f6791a29f9753ef4f3eacff8.png,"60x60: https://i.pinimg.com/60x60/42/de/c5/42dec595f6791a29f9753ef4f3eacff8.jpg
136x136: https://i.pinimg.com/136x136/42/de/c5/42dec595f6791a29f9753ef4f3eacff8.jpg
170x: https://i.pinimg.com/236x/42/de/c5/42dec595f6791a29f9753ef4f3eacff8.jpg
236x: https://i.pinimg.com/236x/42/de/c5/42dec595f6791a29f9753ef4f3eacff8.jpg
474x: https://i.pinimg.com/474x/42/de/c5/42dec595f6791a29f9753ef4f3eacff8.jpg
564x: https://i.pinimg.com/564x/42/de/c5/42dec595f6791a29f9753ef4f3eacff8.jpg
736x: https://i.pinimg.com/736x/42/de/c5/42dec595f6791a29f9753ef4f3eacff8.jpg
600x315: https://i.pinimg.com/600x315/42/de/c5/42dec595f6791a29f9753ef4f3eacff8.jpg
orig: https://i.pinimg.com/originals/42/de/c5/42dec595f6791a29f9753ef4f3eacff8.png",,,,1,0,1,0,1,0,0,Pins by you,https://www.pinterest.com/irenecheshin/_quick_creates/,,,,public,,Irene Cheshin | All things summer ☀️,irenecheshin,https://www.pinterest.com/irenecheshin,,,10,,,,,,2026-03-13T19:03:00.000Z,2026-06-23T17:24:54.304Z
1.00465E+18,Reference Outfit for summer,,https://www.tumblr.com/karentendou25/754074277051072512/follow-me?source=share,https://www.pinterest.com/pin/1004654629366989217,https://i.pinimg.com/originals/51/d7/0c/51d70c0ae91f7958af32c4ba49bedffc.jpg,"60x60: https://i.pinimg.com/60x60/51/d7/0c/51d70c0ae91f7958af32c4ba49bedffc.jpg
136x136: https://i.pinimg.com/136x136/51/d7/0c/51d70c0ae91f7958af32c4ba49bedffc.jpg
170x: https://i.pinimg.com/236x/51/d7/0c/51d70c0ae91f7958af32c4ba49bedffc.jpg
236x: https://i.pinimg.com/236x/51/d7/0c/51d70c0ae91f7958af32c4ba49bedffc.jpg
474x: https://i.pinimg.com/474x/51/d7/0c/51d70c0ae91f7958af32c4ba49bedffc.jpg
564x: https://i.pinimg.com/564x/51/d7/0c/51d70c0ae91f7958af32c4ba49bedffc.jpg
736x: https://i.pinimg.com/736x/51/d7/0c/51d70c0ae91f7958af32c4ba49bedffc.jpg
600x315: https://i.pinimg.com/600x315/51/d7/0c/51d70c0ae91f7958af32c4ba49bedffc.jpg
orig: https://i.pinimg.com/originals/51/d7/0c/51d70c0ae91f7958af32c4ba49bedffc.jpg",,,,3,0,0,2,0,0,0,Trend2k24,https://www.pinterest.com/ktendou763/trend2k24/,,,,public,,Karen Tendou,ktendou763,https://www.pinterest.com/ktendou763,,,345,,,,,,2024-07-16T13:47:22.000Z,2026-06-23T17:12:58.624Z
1.00487E+17,,I have to make this top.,,https://www.pinterest.com/pin/100486635413935006,https://i.pinimg.com/originals/1e/da/3d/1eda3d70ec27a273e0aec3085fcf1209.jpg,"60x60: https://i.pinimg.com/60x60/1e/da/3d/1eda3d70ec27a273e0aec3085fcf1209.jpg
136x136: https://i.pinimg.com/136x136/1e/da/3d/1eda3d70ec27a273e0aec3085fcf1209.jpg
170x: https://i.pinimg.com/236x/1e/da/3d/1eda3d70ec27a273e0aec3085fcf1209.jpg
236x: https://i.pinimg.com/236x/1e/da/3d/1eda3d70ec27a273e0aec3085fcf1209.jpg
474x: https://i.pinimg.com/474x/1e/da/3d/1eda3d70ec27a273e0aec3085fcf1209.jpg
564x: https://i.pinimg.com/564x/1e/da/3d/1eda3d70ec27a273e0aec3085fcf1209.jpg
736x: https://i.pinimg.com/736x/1e/da/3d/1eda3d70ec27a273e0aec3085fcf1209.jpg
600x315: https://i.pinimg.com/600x315/1e/da/3d/1eda3d70ec27a273e0aec3085fcf1209.jpg
orig: https://i.pinimg.com/originals/1e/da/3d/1eda3d70ec27a273e0aec3085fcf1209.jpg",,,,5,0,0,2,0,0,0,Sewing Dreams,https://www.pinterest.com/colqui11/sewing-dreams/,,,,public,diy_crafts,Lisa Colquitt,colqui11,https://www.pinterest.com/colqui11,,,40,,,,,,2016-03-02T07:32:58.000Z,2026-06-23T17:24:36.331Z
1.00543E+18,Essential Capsule Wardrobe for Your Hawaii Vacation: 17+ Stylish Women Outfit Ideas,"Get ready for your dream getaway with our capsule wardrobe for Hawaii vacation! Discover the best dresses for Hawaii vacation that are perfect for the tropical climate. Explore clothes for Hawaii vacation for women that combine comfort and style, ensuring you look fabulous while enjoying the sun. Check out our trendy Hawaii vacation outfits 2024 that capture the island's vibrant aesthetic. From casual outfits for Hawaii vacation to chic Hawaii aesthetic outfits vacation, we have everything you need. Learn how to dress for Hawaii vacation with versatile pieces that mix and match effortlessly. Don’t forget our tips on what to pack for Hawaii vacation to make your trip stress-free and stylish!",https://thechicsavvy.com/chic-style-essentials-for-your-hawaiian-getaway/,https://www.pinterest.com/pin/1005428685564391674,https://i.pinimg.com/originals/2a/f7/56/2af75610e5c3ec4e384eab9b76f08594.jpg,"60x60: https://i.pinimg.com/60x60/2a/f7/56/2af75610e5c3ec4e384eab9b76f08594.jpg
136x136: https://i.pinimg.com/136x136/2a/f7/56/2af75610e5c3ec4e384eab9b76f08594.jpg
170x: https://i.pinimg.com/236x/2a/f7/56/2af75610e5c3ec4e384eab9b76f08594.jpg
236x: https://i.pinimg.com/236x/2a/f7/56/2af75610e5c3ec4e384eab9b76f08594.jpg
474x: https://i.pinimg.com/474x/2a/f7/56/2af75610e5c3ec4e384eab9b76f08594.jpg
564x: https://i.pinimg.com/564x/2a/f7/56/2af75610e5c3ec4e384eab9b76f08594.jpg
736x: https://i.pinimg.com/736x/2a/f7/56/2af75610e5c3ec4e384eab9b76f08594.jpg
600x315: https://i.pinimg.com/600x315/2a/f7/56/2af75610e5c3ec4e384eab9b76f08594.jpg
orig: https://i.pinimg.com/originals/2a/f7/56/2af75610e5c3ec4e384eab9b76f08594.jpg",,,,1,0,0,0,0,0,0,Vacation Outfits For Women,https://www.pinterest.com/thechicsavvy/vacation-outfits-for-women/,,,,public,,TheChicSavvy,thechicsavvy,https://www.pinterest.com/thechicsavvy,,,917,,,,,,2025-03-28T01:01:09.000Z,2026-06-23T17:14:46.310Z
1.00543E+18,17+ Sun-Kissed Summer Outfit Ideas for an Expensive Look,"Dive into a world of summer outfits that will keep you cool and stylish all season long! From breezy summer outfits beach looks to chic summer outfits dress to impress options, we've got you covered. Explore stunning summer outfits dresses perfect for any occasion, and discover versatile summer outfits for women that suit every style. Get inspired with our summer outfits ideas that blend comfort and fashion, including trendy summer outfits jeans combinations for cooler evenings. Turn heads with our summer outfits night out suggestions, or keep it professional with summer outfits office looks. Don't miss our comfortable summer outfits pants options and summer outfits vacation ideas that will make your getaway unforgettable.",https://thechicsavvy.com/preppy-summer-looks-you-will-love/,https://www.pinterest.com/pin/1005428685570166453,https://i.pinimg.com/originals/74/83/a1/7483a13a3ebb424a1a09ad73d58d4a53.jpg,"60x60: https://i.pinimg.com/60x60/74/83/a1/7483a13a3ebb424a1a09ad73d58d4a53.jpg
136x136: https://i.pinimg.com/136x136/74/83/a1/7483a13a3ebb424a1a09ad73d58d4a53.jpg
170x: https://i.pinimg.com/236x/74/83/a1/7483a13a3ebb424a1a09ad73d58d4a53.jpg
236x: https://i.pinimg.com/236x/74/83/a1/7483a13a3ebb424a1a09ad73d58d4a53.jpg
474x: https://i.pinimg.com/474x/74/83/a1/7483a13a3ebb424a1a09ad73d58d4a53.jpg
564x: https://i.pinimg.com/564x/74/83/a1/7483a13a3ebb424a1a09ad73d58d4a53.jpg
736x: https://i.pinimg.com/736x/74/83/a1/7483a13a3ebb424a1a09ad73d58d4a53.jpg
600x315: https://i.pinimg.com/600x315/74/83/a1/7483a13a3ebb424a1a09ad73d58d4a53.jpg
orig: https://i.pinimg.com/originals/74/83/a1/7483a13a3ebb424a1a09ad73d58d4a53.jpg",,,,1,0,0,0,0,0,0,Spring & Summer Fashion,https://www.pinterest.com/thechicsavvy/spring-summer-fashion/,,,,public,,TheChicSavvy,thechicsavvy,https://www.pinterest.com/thechicsavvy,,,917,,,,,,2025-06-22T18:00:19.000Z,2026-06-23T17:29:26.354Z
1.00592E+18,,,,https://www.pinterest.com/pin/1005921266786965151,https://i.pinimg.com/originals/ae/ff/83/aeff83349964eda71d9405531d1a5973.jpg,"60x60: https://i.pinimg.com/60x60/ae/ff/83/aeff83349964eda71d9405531d1a5973.jpg
136x136: https://i.pinimg.com/136x136/ae/ff/83/aeff83349964eda71d9405531d1a5973.jpg
170x: https://i.pinimg.com/236x/ae/ff/83/aeff83349964eda71d9405531d1a5973.jpg
236x: https://i.pinimg.com/236x/ae/ff/83/aeff83349964eda71d9405531d1a5973.jpg
474x: https://i.pinimg.com/474x/ae/ff/83/aeff83349964eda71d9405531d1a5973.jpg
564x: https://i.pinimg.com/564x/ae/ff/83/aeff83349964eda71d9405531d1a5973.jpg
736x: https://i.pinimg.com/736x/ae/ff/83/aeff83349964eda71d9405531d1a5973.jpg
600x315: https://i.pinimg.com/600x315/ae/ff/83/aeff83349964eda71d9405531d1a5973.jpg
orig: https://i.pinimg.com/originals/ae/ff/83/aeff83349964eda71d9405531d1a5973.jpg",,,,268,0,47,113,0,0,3,Bohem / Stil,https://www.pinterest.com/Pamukstravel96/bohem-stil/,,,,public,,Cotton,Pamukstravel96,https://www.pinterest.com/Pamukstravel96,,,1629,,,,,,2026-02-13T18:08:10.000Z,2026-06-23T17:21:57.215Z
1.00627E+18,MALIBU SKYYE Coastal Womens Hoodie - LIGHT BLUE | Tillys,Malibu Skyye Coastal Hoodie. Embroidery at left chest. Large embroidered artwork on back. Front pouch pocket. Fixed hood. Fleece lining. Cuffed long sleeves and hem. 50% Cotton 49.8% Polyester 0.2% Viscose. Machine wash. Imported.,http://tillys.com/product/malibu-skyye-coastal-womens-hoodie/528139221.html?dwvar_528139221_color=221,https://www.pinterest.com/pin/1006273110514323034,https://i.pinimg.com/originals/c1/0c/ce/c10cce05d427dda3bc3c0a2c010af9c7.jpg,"60x60: https://i.pinimg.com/60x60/c1/0c/ce/c10cce05d427dda3bc3c0a2c010af9c7.jpg
136x136: https://i.pinimg.com/136x136/c1/0c/ce/c10cce05d427dda3bc3c0a2c010af9c7.jpg
170x: https://i.pinimg.com/236x/c1/0c/ce/c10cce05d427dda3bc3c0a2c010af9c7.jpg
236x: https://i.pinimg.com/236x/c1/0c/ce/c10cce05d427dda3bc3c0a2c010af9c7.jpg
474x: https://i.pinimg.com/474x/c1/0c/ce/c10cce05d427dda3bc3c0a2c010af9c7.jpg
564x: https://i.pinimg.com/564x/c1/0c/ce/c10cce05d427dda3bc3c0a2c010af9c7.jpg
736x: https://i.pinimg.com/736x/c1/0c/ce/c10cce05d427dda3bc3c0a2c010af9c7.jpg
600x315: https://i.pinimg.com/600x315/c1/0c/ce/c10cce05d427dda3bc3c0a2c010af9c7.jpg
orig: https://i.pinimg.com/originals/c1/0c/ce/c10cce05d427dda3bc3c0a2c010af9c7.jpg",,,,22,0,0,2,1,0,0,Cute Hoodies,https://www.pinterest.com/Spartan0756/cute-hoodies/,,,,public,,McKenzie Wickham,Spartan0756,https://www.pinterest.com/Spartan0756,,,6,,,,,,2026-06-04T21:29:52.000Z,2026-06-23T17:27:55.492Z
1.00628E+16,Mirror pic summer outfit,NOT MINE ☀️ REACH OUT FOR CREDIT,,https://www.pinterest.com/pin/10062799163766134,https://i.pinimg.com/originals/dc/9c/f9/dc9cf9dc53c3ad36ae397141aa06a926.jpg,"60x60: https://i.pinimg.com/60x60/dc/9c/f9/dc9cf9dc53c3ad36ae397141aa06a926.jpg
136x136: https://i.pinimg.com/136x136/dc/9c/f9/dc9cf9dc53c3ad36ae397141aa06a926.jpg
170x: https://i.pinimg.com/236x/dc/9c/f9/dc9cf9dc53c3ad36ae397141aa06a926.jpg
236x: https://i.pinimg.com/236x/dc/9c/f9/dc9cf9dc53c3ad36ae397141aa06a926.jpg
474x: https://i.pinimg.com/474x/dc/9c/f9/dc9cf9dc53c3ad36ae397141aa06a926.jpg
564x: https://i.pinimg.com/564x/dc/9c/f9/dc9cf9dc53c3ad36ae397141aa06a926.jpg
736x: https://i.pinimg.com/736x/dc/9c/f9/dc9cf9dc53c3ad36ae397141aa06a926.jpg
600x315: https://i.pinimg.com/600x315/dc/9c/f9/dc9cf9dc53c3ad36ae397141aa06a926.jpg
orig: https://i.pinimg.com/originals/dc/9c/f9/dc9cf9dc53c3ad36ae397141aa06a926.jpg",,,,292,0,39,157,0,0,0,Mosley,https://www.pinterest.com/jesszile/mosley/,,,,public,,Jessica+ Keegan (mom And Daughter😘),jesszile,https://www.pinterest.com/jesszile,,,747,,,,,,2025-09-27T15:12:33.000Z,2026-06-23T17:28:44.326Z
1.00628E+16,40 What to Wear in Bali: Tropical Outfit Ideas for...,,https://www.sewmamasew.com/40-what-to-wear-in-bali/,https://www.pinterest.com/pin/10062799164591924,https://i.pinimg.com/236x/57/ad/18/57ad1819b6a7fd8b2c3c31945f77be5f.jpg,"60x60: https://i.pinimg.com/236x/57/ad/18/57ad1819b6a7fd8b2c3c31945f77be5f.jpg
136x136: https://i.pinimg.com/236x/57/ad/18/57ad1819b6a7fd8b2c3c31945f77be5f.jpg
170x: https://i.pinimg.com/236x/57/ad/18/57ad1819b6a7fd8b2c3c31945f77be5f.jpg
236x: https://i.pinimg.com/236x/57/ad/18/57ad1819b6a7fd8b2c3c31945f77be5f.jpg
474x: https://i.pinimg.com/236x/57/ad/18/57ad1819b6a7fd8b2c3c31945f77be5f.jpg
564x: https://i.pinimg.com/236x/57/ad/18/57ad1819b6a7fd8b2c3c31945f77be5f.jpg
736x: https://i.pinimg.com/236x/57/ad/18/57ad1819b6a7fd8b2c3c31945f77be5f.jpg
600x315: https://i.pinimg.com/236x/57/ad/18/57ad1819b6a7fd8b2c3c31945f77be5f.jpg
orig: https://i.pinimg.com/236x/57/ad/18/57ad1819b6a7fd8b2c3c31945f77be5f.jpg",,,,553,0,20,27,0,0,0,style,https://www.pinterest.com/wildheartedmarisa/style/,,,,public,other,Marisa Ribordy △ Slow Living,wildheartedmarisa,https://www.pinterest.com/wildheartedmarisa,,,249,,,,,,2026-06-09T18:31:02.000Z,2026-06-23T17:26:55.697Z
1.00634E+18,Cute Summer Outfits 🌸 Trendy Beach & Casual Style,,,https://www.pinterest.com/pin/1006343479254943699,https://i.pinimg.com/originals/72/f1/0f/72f10fd9a33ee505fc8e14ce40db6d5b.jpg,"60x60: https://i.pinimg.com/60x60/72/f1/0f/72f10fd9a33ee505fc8e14ce40db6d5b.jpg
136x136: https://i.pinimg.com/136x136/72/f1/0f/72f10fd9a33ee505fc8e14ce40db6d5b.jpg
170x: https://i.pinimg.com/236x/72/f1/0f/72f10fd9a33ee505fc8e14ce40db6d5b.jpg
236x: https://i.pinimg.com/236x/72/f1/0f/72f10fd9a33ee505fc8e14ce40db6d5b.jpg
474x: https://i.pinimg.com/474x/72/f1/0f/72f10fd9a33ee505fc8e14ce40db6d5b.jpg
564x: https://i.pinimg.com/564x/72/f1/0f/72f10fd9a33ee505fc8e14ce40db6d5b.jpg
736x: https://i.pinimg.com/736x/72/f1/0f/72f10fd9a33ee505fc8e14ce40db6d5b.jpg
600x315: https://i.pinimg.com/600x315/72/f1/0f/72f10fd9a33ee505fc8e14ce40db6d5b.jpg
orig: https://i.pinimg.com/originals/72/f1/0f/72f10fd9a33ee505fc8e14ce40db6d5b.jpg",,,,2,0,0,1,0,0,0,Cute Summer Outfits 🌸 Trendy Beach & Casual Style,https://www.pinterest.com/Jencreator/cute-summer-outfits-trendy-beach-casual-style/,,,,public,,Jenny Art Concepts  (Content Creator),Jencreator,https://www.pinterest.com/Jencreator,,,2767,,,,,,2026-04-04T09:55:54.000Z,2026-06-23T17:21:57.377Z
1.00719E+18,,,,https://www.pinterest.com/pin/1007187904184222694,https://i.pinimg.com/originals/b8/91/c1/b891c1bbe6ca82c2483786fb405a911a.jpg,"60x60: https://i.pinimg.com/60x60/b8/91/c1/b891c1bbe6ca82c2483786fb405a911a.jpg
136x136: https://i.pinimg.com/136x136/b8/91/c1/b891c1bbe6ca82c2483786fb405a911a.jpg
170x: https://i.pinimg.com/236x/b8/91/c1/b891c1bbe6ca82c2483786fb405a911a.jpg
236x: https://i.pinimg.com/236x/b8/91/c1/b891c1bbe6ca82c2483786fb405a911a.jpg
474x: https://i.pinimg.com/474x/b8/91/c1/b891c1bbe6ca82c2483786fb405a911a.jpg
564x: https://i.pinimg.com/564x/b8/91/c1/b891c1bbe6ca82c2483786fb405a911a.jpg
736x: https://i.pinimg.com/736x/b8/91/c1/b891c1bbe6ca82c2483786fb405a911a.jpg
600x315: https://i.pinimg.com/600x315/b8/91/c1/b891c1bbe6ca82c2483786fb405a911a.jpg
orig: https://i.pinimg.com/originals/b8/91/c1/b891c1bbe6ca82c2483786fb405a911a.jpg",,,,14,0,0,1,0,0,0,Jill's 21st Animal Print,https://www.pinterest.com/teespinoza04/jills-21st-animal-print/,,,,public,,Trinity Espinoza,teespinoza04,https://www.pinterest.com/teespinoza04,,,2,,,,,,2026-05-25T13:24:42.000Z,2026-06-23T17:12:31.022Z
1.0074E+18,25+ Stunning Beach Club Outfit Ideas You’ll Be Obsessed With,"Discover the ultimate beach club outfit for your next summer getaway. From stylish swimsuits to chic cover-ups, we have curated the best summer holiday outfits that will turn heads at any beach club party. Whether you're aiming for a relaxed vibe or an Ibiza beach club outfit that stands out, this guide has everything you need. Elevate your beach style and be ready for fun in the sun. Save for later.",https://streetstylis.com/stunning-beach-club-outfit-ideas/,https://www.pinterest.com/pin/1007399010402618813,https://i.pinimg.com/originals/2c/9c/6f/2c9c6f4c71b6e0944bf2f11fdb21e3fa.jpg,"60x60: https://i.pinimg.com/60x60/2c/9c/6f/2c9c6f4c71b6e0944bf2f11fdb21e3fa.jpg
136x136: https://i.pinimg.com/136x136/2c/9c/6f/2c9c6f4c71b6e0944bf2f11fdb21e3fa.jpg
170x: https://i.pinimg.com/236x/2c/9c/6f/2c9c6f4c71b6e0944bf2f11fdb21e3fa.jpg
236x: https://i.pinimg.com/236x/2c/9c/6f/2c9c6f4c71b6e0944bf2f11fdb21e3fa.jpg
474x: https://i.pinimg.com/474x/2c/9c/6f/2c9c6f4c71b6e0944bf2f11fdb21e3fa.jpg
564x: https://i.pinimg.com/564x/2c/9c/6f/2c9c6f4c71b6e0944bf2f11fdb21e3fa.jpg
736x: https://i.pinimg.com/736x/2c/9c/6f/2c9c6f4c71b6e0944bf2f11fdb21e3fa.jpg
600x315: https://i.pinimg.com/600x315/2c/9c/6f/2c9c6f4c71b6e0944bf2f11fdb21e3fa.jpg
orig: https://i.pinimg.com/originals/2c/9c/6f/2c9c6f4c71b6e0944bf2f11fdb21e3fa.jpg",,,,165,0,18,22,0,0,3,beach club outfit,https://www.pinterest.com/streetstyliseu/beach-club-outfit/,,,,public,,Streetstylis EU | Baddie Concert Outfits & Polo Outfit Ideas,streetstyliseu,https://www.pinterest.com/streetstyliseu,,,1269,,,,,,2025-05-25T20:01:45.000Z,2026-06-23T17:14:12.368Z
1.0074E+18,20+ Gorgeous Boat Cruise Outfit Ideas You Will Love to Wear,"Discover the perfect boat cruise outfit with our stylish suggestions tailored for every occasion. From chic women yacht outfits to elegant yacht dinner outfits, we have inspiration for every moment on the water. Whether you're heading out for a relaxing afternoon or an upscale evening, find the ideal yacht cruise outfit that combines comfort and fashion. Elevate your maritime style today. Read Now.",https://streetstylis.com/gorgeous-boat-cruise-outfit-ideas/,https://www.pinterest.com/pin/1007399010402634567,https://i.pinimg.com/originals/21/90/dd/2190ddee706718d7c3d68f2be304854e.jpg,"60x60: https://i.pinimg.com/60x60/21/90/dd/2190ddee706718d7c3d68f2be304854e.jpg
136x136: https://i.pinimg.com/136x136/21/90/dd/2190ddee706718d7c3d68f2be304854e.jpg
170x: https://i.pinimg.com/236x/21/90/dd/2190ddee706718d7c3d68f2be304854e.jpg
236x: https://i.pinimg.com/236x/21/90/dd/2190ddee706718d7c3d68f2be304854e.jpg
474x: https://i.pinimg.com/474x/21/90/dd/2190ddee706718d7c3d68f2be304854e.jpg
564x: https://i.pinimg.com/564x/21/90/dd/2190ddee706718d7c3d68f2be304854e.jpg
736x: https://i.pinimg.com/736x/21/90/dd/2190ddee706718d7c3d68f2be304854e.jpg
600x315: https://i.pinimg.com/600x315/21/90/dd/2190ddee706718d7c3d68f2be304854e.jpg
orig: https://i.pinimg.com/originals/21/90/dd/2190ddee706718d7c3d68f2be304854e.jpg",,,,3,0,0,1,0,0,0,boat cruise outfit,https://www.pinterest.com/streetstyliseu/boat-cruise-outfit/,,,,public,,Streetstylis EU | Baddie Concert Outfits & Polo Outfit Ideas,streetstyliseu,https://www.pinterest.com/streetstyliseu,,,1269,,,,,,2025-05-26T08:08:47.000Z,2026-06-23T17:15:08.721Z
1.00775E+18,,,,https://www.pinterest.com/pin/1007750854111114853,https://i.pinimg.com/originals/4c/b8/aa/4cb8aa2c9c8854a69143cac90cbb8ce0.jpg,"60x60: https://i.pinimg.com/60x60/4c/b8/aa/4cb8aa2c9c8854a69143cac90cbb8ce0.jpg
136x136: https://i.pinimg.com/136x136/4c/b8/aa/4cb8aa2c9c8854a69143cac90cbb8ce0.jpg
170x: https://i.pinimg.com/236x/4c/b8/aa/4cb8aa2c9c8854a69143cac90cbb8ce0.jpg
236x: https://i.pinimg.com/236x/4c/b8/aa/4cb8aa2c9c8854a69143cac90cbb8ce0.jpg
474x: https://i.pinimg.com/474x/4c/b8/aa/4cb8aa2c9c8854a69143cac90cbb8ce0.jpg
564x: https://i.pinimg.com/564x/4c/b8/aa/4cb8aa2c9c8854a69143cac90cbb8ce0.jpg
736x: https://i.pinimg.com/736x/4c/b8/aa/4cb8aa2c9c8854a69143cac90cbb8ce0.jpg
600x315: https://i.pinimg.com/600x315/4c/b8/aa/4cb8aa2c9c8854a69143cac90cbb8ce0.jpg
orig: https://i.pinimg.com/originals/4c/b8/aa/4cb8aa2c9c8854a69143cac90cbb8ce0.jpg",,,,199,0,7,12,0,0,1,BOHEMIAN - PEOPLE,https://www.pinterest.com/kabubi2323/bohemian-people/,,,,public,,Kabubi,kabubi2323,https://www.pinterest.com/kabubi2323,,,10319,,,,,,2024-05-02T21:12:59.000Z,2026-06-23T17:22:03.601Z
1.00888E+18,Boho beach outfit,Outfit inspiration for the beach woth bohemian vibe,,https://www.pinterest.com/pin/1008876754031428422,https://i.pinimg.com/originals/b6/3f/ba/b63fba6cd7e05b1818938250a455cef1.jpg,"60x60: https://i.pinimg.com/60x60/b6/3f/ba/b63fba6cd7e05b1818938250a455cef1.jpg
136x136: https://i.pinimg.com/136x136/b6/3f/ba/b63fba6cd7e05b1818938250a455cef1.jpg
170x: https://i.pinimg.com/236x/b6/3f/ba/b63fba6cd7e05b1818938250a455cef1.jpg
236x: https://i.pinimg.com/236x/b6/3f/ba/b63fba6cd7e05b1818938250a455cef1.jpg
474x: https://i.pinimg.com/474x/b6/3f/ba/b63fba6cd7e05b1818938250a455cef1.jpg
564x: https://i.pinimg.com/564x/b6/3f/ba/b63fba6cd7e05b1818938250a455cef1.jpg
736x: https://i.pinimg.com/736x/b6/3f/ba/b63fba6cd7e05b1818938250a455cef1.jpg
600x315: https://i.pinimg.com/600x315/b6/3f/ba/b63fba6cd7e05b1818938250a455cef1.jpg
orig: https://i.pinimg.com/originals/b6/3f/ba/b63fba6cd7e05b1818938250a455cef1.jpg",,,,122,0,7,8,0,0,0,Pins by you,https://www.pinterest.com/nevnvrland/_quick_creates/,,,,public,,Wendy Darling,nevnvrland,https://www.pinterest.com/nevnvrland,,,215,,,,,,2024-06-15T02:26:55.000Z,2026-06-23T17:01:56.575Z
1.00902E+18,Beach vibes outfits lookbook,Seaside Chic: Embrace Effortless Style with Trendy Beach Outfit Ideas. #BeachVibes #FashionInspo,,https://www.pinterest.com/pin/1009017491496042345,https://i.pinimg.com/originals/ae/e3/26/aee32636f9679be100117f11217f25d4.jpg,"60x60: https://i.pinimg.com/60x60/ae/e3/26/aee32636f9679be100117f11217f25d4.jpg
136x136: https://i.pinimg.com/136x136/ae/e3/26/aee32636f9679be100117f11217f25d4.jpg
170x: https://i.pinimg.com/236x/ae/e3/26/aee32636f9679be100117f11217f25d4.jpg
236x: https://i.pinimg.com/236x/ae/e3/26/aee32636f9679be100117f11217f25d4.jpg
474x: https://i.pinimg.com/474x/ae/e3/26/aee32636f9679be100117f11217f25d4.jpg
564x: https://i.pinimg.com/564x/ae/e3/26/aee32636f9679be100117f11217f25d4.jpg
736x: https://i.pinimg.com/736x/ae/e3/26/aee32636f9679be100117f11217f25d4.jpg
600x315: https://i.pinimg.com/600x315/ae/e3/26/aee32636f9679be100117f11217f25d4.jpg
orig: https://i.pinimg.com/originals/ae/e3/26/aee32636f9679be100117f11217f25d4.jpg",https://v1.pinimg.com/videos/mc/720p/40/33/d0/4033d0ebe5ecf8156d6d01307de4774d.mp4,"V_720P: https://v1.pinimg.com/videos/mc/720p/40/33/d0/4033d0ebe5ecf8156d6d01307de4774d.mp4
V_HLSV4: https://v1.pinimg.com/videos/mc/hls/40/33/d0/4033d0ebe5ecf8156d6d01307de4774d.m3u8
V_HLSV3_MOBILE: https://v1.pinimg.com/videos/mc/hls/40/33/d0/4033d0ebe5ecf8156d6d01307de4774d.m3u8",,11,0,3,3,0,0,0,Beach girl aesthetic outfit,https://www.pinterest.com/nakaylifeshop/beach-girl-aesthetic-outfit/,,,,public,,Nakay Life,nakaylifeshop,https://www.pinterest.com/nakaylifeshop,,,172,,,,,,2023-07-17T16:23:04.000Z,2026-06-23T17:12:25.344Z
1.00923E+18,Boho Beach Skirt You’ll Live In All Summer | Ruffle Hem Maxi,"Lightweight floral maxi skirt with handkerchief hem + elastic waist = instant vacation vibes. Semi-sheer, flowy, and pairs with any bikini or crop top. From beach cover-up to carnival party, this ruffle lace skirt does it all. Save for your summer packing list.










#bohoskirt #beachcoverup #maxiskirt #summeroutfit #vacationstyle #ruffleskirt #beachvibes #womensfashion #flowyskirt #summerstyle #affliate",https://sites.google.com/view/summerbeachstyling/home,https://www.pinterest.com/pin/1009228597764538592,https://i.pinimg.com/originals/4e/41/ae/4e41aed7c5c42d338f19a0aca8da68b1.jpg,"60x60: https://i.pinimg.com/60x60/4e/41/ae/4e41aed7c5c42d338f19a0aca8da68b1.jpg
136x136: https://i.pinimg.com/136x136/4e/41/ae/4e41aed7c5c42d338f19a0aca8da68b1.jpg
170x: https://i.pinimg.com/236x/4e/41/ae/4e41aed7c5c42d338f19a0aca8da68b1.jpg
236x: https://i.pinimg.com/236x/4e/41/ae/4e41aed7c5c42d338f19a0aca8da68b1.jpg
474x: https://i.pinimg.com/474x/4e/41/ae/4e41aed7c5c42d338f19a0aca8da68b1.jpg
564x: https://i.pinimg.com/564x/4e/41/ae/4e41aed7c5c42d338f19a0aca8da68b1.jpg
736x: https://i.pinimg.com/736x/4e/41/ae/4e41aed7c5c42d338f19a0aca8da68b1.jpg
600x315: https://i.pinimg.com/600x315/4e/41/ae/4e41aed7c5c42d338f19a0aca8da68b1.jpg
orig: https://i.pinimg.com/originals/4e/41/ae/4e41aed7c5c42d338f19a0aca8da68b1.jpg",,,,1,0,0,0,0,0,0,Summer  outfits,https://www.pinterest.com/CuratedAmazonFindss/summer-outfits/,,,,public,,National Trends & essentials | Amazon online shopping,CuratedAmazonFindss,https://www.pinterest.com/CuratedAmazonFindss,,,8,,,,,,2026-06-12T11:52:05.000Z,2026-06-23T17:22:10.150Z
1.01099E+18,Beach Wear Outfit Ideas — Lace Cover-Up and Straw Sun Hat Look,"Elevate your seaside styling by layering a sheer, floral lace cover-up jumpsuit over a neutral bikini set. Pair it with an oversized straw sun hat and dark sunglasses to achieve a highly sophisticated look for a day along the shore.

👉 Visit stylistelle.com to unlock the best coastal wardrobe secrets and save this look to your board today!

#beachwear #coverup #summerfashion #resortwear #beachchic",,https://www.pinterest.com/pin/1010987816369391367,https://i.pinimg.com/originals/4a/68/ad/4a68ad12a056574241c64e8c543f5c70.jpg,"60x60: https://i.pinimg.com/60x60/4a/68/ad/4a68ad12a056574241c64e8c543f5c70.jpg
136x136: https://i.pinimg.com/136x136/4a/68/ad/4a68ad12a056574241c64e8c543f5c70.jpg
170x: https://i.pinimg.com/236x/4a/68/ad/4a68ad12a056574241c64e8c543f5c70.jpg
236x: https://i.pinimg.com/236x/4a/68/ad/4a68ad12a056574241c64e8c543f5c70.jpg
474x: https://i.pinimg.com/474x/4a/68/ad/4a68ad12a056574241c64e8c543f5c70.jpg
564x: https://i.pinimg.com/564x/4a/68/ad/4a68ad12a056574241c64e8c543f5c70.jpg
736x: https://i.pinimg.com/736x/4a/68/ad/4a68ad12a056574241c64e8c543f5c70.jpg
600x315: https://i.pinimg.com/600x315/4a/68/ad/4a68ad12a056574241c64e8c543f5c70.jpg
orig: https://i.pinimg.com/originals/4a/68/ad/4a68ad12a056574241c64e8c543f5c70.jpg",,,,1,0,0,0,0,0,0,Beach Wear Outfit Ideas,https://www.pinterest.com/stylistelle_fashion/beach-wear-outfit-ideas/,,,,public,,"Stylistelle | Outfit Ideas, Hair Trends & Nail Art Designs",stylistelle_fashion,https://www.pinterest.com/stylistelle_fashion,,,94,,,,,,2026-06-08T06:02:05.000Z,2026-06-23T17:12:32.617Z
1.01099E+18,Beach Wear Outfit Ideas — Effortless Summer Style Four-Panel Grid,"Explore a breezy selection of seaside essentials featuring flowing white maxi dresses, light blue oversized button-downs, and casual denim shorts paired with patterned blouses. Discover the easiest way to mix basic linen pieces for a highly versatile vacation aesthetic.

👉 Head over to stylistelle.com to discover modern fashion trends and pin your favorites today!

#summerstyle #vacationoutfit #casualbeach #linenfashion #resortstyle",,https://www.pinterest.com/pin/1010987816369393383,https://i.pinimg.com/originals/c5/a0/a3/c5a0a330afbed012267e320d49202fc6.jpg,"60x60: https://i.pinimg.com/60x60/c5/a0/a3/c5a0a330afbed012267e320d49202fc6.jpg
136x136: https://i.pinimg.com/136x136/c5/a0/a3/c5a0a330afbed012267e320d49202fc6.jpg
170x: https://i.pinimg.com/236x/c5/a0/a3/c5a0a330afbed012267e320d49202fc6.jpg
236x: https://i.pinimg.com/236x/c5/a0/a3/c5a0a330afbed012267e320d49202fc6.jpg
474x: https://i.pinimg.com/474x/c5/a0/a3/c5a0a330afbed012267e320d49202fc6.jpg
564x: https://i.pinimg.com/564x/c5/a0/a3/c5a0a330afbed012267e320d49202fc6.jpg
736x: https://i.pinimg.com/736x/c5/a0/a3/c5a0a330afbed012267e320d49202fc6.jpg
600x315: https://i.pinimg.com/600x315/c5/a0/a3/c5a0a330afbed012267e320d49202fc6.jpg
orig: https://i.pinimg.com/originals/c5/a0/a3/c5a0a330afbed012267e320d49202fc6.jpg",,,,1,0,0,0,0,0,0,Beach Wear Outfit Ideas,https://www.pinterest.com/stylistelle_fashion/beach-wear-outfit-ideas/,,,,public,,"Stylistelle | Outfit Ideas, Hair Trends & Nail Art Designs",stylistelle_fashion,https://www.pinterest.com/stylistelle_fashion,,,94,,,,,,2026-06-08T08:00:50.000Z,2026-06-23T17:12:44.196Z
1.01099E+18,Beach Wear Outfit Ideas — Vacation Packing Guide Neutral Separates Grid,"Master your holiday packing list using a curated visual grid filled with matching linen vest sets, woven tan slides, and light kimonos. These neutral-toned coordinates transition flawlessly from afternoon sunbathing to an elegant dinner by the boardwalk.

👉 Visit stylistelle.com to unlock the best coastal wardrobe secrets and save this look to your board today!

#vacationpacking #neutralstyle #traveloutfit #resortfashion #matchingseur",,https://www.pinterest.com/pin/1010987816369400328,https://i.pinimg.com/originals/2a/e3/06/2ae306b2efd4eb0173f51c21a56806cf.jpg,"60x60: https://i.pinimg.com/60x60/2a/e3/06/2ae306b2efd4eb0173f51c21a56806cf.jpg
136x136: https://i.pinimg.com/136x136/2a/e3/06/2ae306b2efd4eb0173f51c21a56806cf.jpg
170x: https://i.pinimg.com/236x/2a/e3/06/2ae306b2efd4eb0173f51c21a56806cf.jpg
236x: https://i.pinimg.com/236x/2a/e3/06/2ae306b2efd4eb0173f51c21a56806cf.jpg
474x: https://i.pinimg.com/474x/2a/e3/06/2ae306b2efd4eb0173f51c21a56806cf.jpg
564x: https://i.pinimg.com/564x/2a/e3/06/2ae306b2efd4eb0173f51c21a56806cf.jpg
736x: https://i.pinimg.com/736x/2a/e3/06/2ae306b2efd4eb0173f51c21a56806cf.jpg
600x315: https://i.pinimg.com/600x315/2a/e3/06/2ae306b2efd4eb0173f51c21a56806cf.jpg
orig: https://i.pinimg.com/originals/2a/e3/06/2ae306b2efd4eb0173f51c21a56806cf.jpg",,,,1,0,0,0,0,0,0,Beach Wear Outfit Ideas,https://www.pinterest.com/stylistelle_fashion/beach-wear-outfit-ideas/,,,,public,,"Stylistelle | Outfit Ideas, Hair Trends & Nail Art Designs",stylistelle_fashion,https://www.pinterest.com/stylistelle_fashion,,,94,,,,,,2026-06-08T14:03:30.000Z,2026-06-23T17:12:47.473Z
1.01099E+18,Beach Wear Outfit Ideas — Chic and Comfortable Linen Layering,"Combine casual comfort with high-end chic by layering an open beige linen shirt over olive green high-waisted shorts. This uniform, relaxed-fit aesthetic is perfect for exploring coastal towns or enjoying lunch at an open-air seaside cafe.

👉 Check out stylistelle.com for endless aesthetic trend ideas and save this guide now!

#chicstyle #comfortwear #linenshirt #streetstylebeach #casualchic",,https://www.pinterest.com/pin/1010987816369406807,https://i.pinimg.com/originals/d7/19/41/d719412f0b404be651dbbf5102b3a5b0.jpg,"60x60: https://i.pinimg.com/60x60/d7/19/41/d719412f0b404be651dbbf5102b3a5b0.jpg
136x136: https://i.pinimg.com/136x136/d7/19/41/d719412f0b404be651dbbf5102b3a5b0.jpg
170x: https://i.pinimg.com/236x/d7/19/41/d719412f0b404be651dbbf5102b3a5b0.jpg
236x: https://i.pinimg.com/236x/d7/19/41/d719412f0b404be651dbbf5102b3a5b0.jpg
474x: https://i.pinimg.com/474x/d7/19/41/d719412f0b404be651dbbf5102b3a5b0.jpg
564x: https://i.pinimg.com/564x/d7/19/41/d719412f0b404be651dbbf5102b3a5b0.jpg
736x: https://i.pinimg.com/736x/d7/19/41/d719412f0b404be651dbbf5102b3a5b0.jpg
600x315: https://i.pinimg.com/600x315/d7/19/41/d719412f0b404be651dbbf5102b3a5b0.jpg
orig: https://i.pinimg.com/originals/d7/19/41/d719412f0b404be651dbbf5102b3a5b0.jpg",,,,1,0,0,0,0,0,0,Beach Wear Outfit Ideas,https://www.pinterest.com/stylistelle_fashion/beach-wear-outfit-ideas/,,,,public,,"Stylistelle | Outfit Ideas, Hair Trends & Nail Art Designs",stylistelle_fashion,https://www.pinterest.com/stylistelle_fashion,,,94,,,,,,2026-06-08T18:04:17.000Z,2026-06-23T17:12:36.747Z
1.01099E+18,Beach Wear Outfit Ideas — Earthy Bikini and Floral Sarong Set,"Achieve a relaxed, earthy aesthetic by pairing a terracotta bikini top with a short, tropical floral sarong. This effortlessly chic combination is perfect for transition from sunbathing to a sandy stroll along the shoreline while keeping your look grounded and stylish.

👉 Visit stylistelle.com to unlock the best coastal wardrobe secrets and save this look to your board today!

#beachwear #sarongstyle #earthytone #summerfashion #shorelinestyle",,https://www.pinterest.com/pin/1010987816369410394,https://i.pinimg.com/originals/3e/b7/35/3eb73585905c8ab50d182d296bfb5030.jpg,"60x60: https://i.pinimg.com/60x60/3e/b7/35/3eb73585905c8ab50d182d296bfb5030.jpg
136x136: https://i.pinimg.com/136x136/3e/b7/35/3eb73585905c8ab50d182d296bfb5030.jpg
170x: https://i.pinimg.com/236x/3e/b7/35/3eb73585905c8ab50d182d296bfb5030.jpg
236x: https://i.pinimg.com/236x/3e/b7/35/3eb73585905c8ab50d182d296bfb5030.jpg
474x: https://i.pinimg.com/474x/3e/b7/35/3eb73585905c8ab50d182d296bfb5030.jpg
564x: https://i.pinimg.com/564x/3e/b7/35/3eb73585905c8ab50d182d296bfb5030.jpg
736x: https://i.pinimg.com/736x/3e/b7/35/3eb73585905c8ab50d182d296bfb5030.jpg
600x315: https://i.pinimg.com/600x315/3e/b7/35/3eb73585905c8ab50d182d296bfb5030.jpg
orig: https://i.pinimg.com/originals/3e/b7/35/3eb73585905c8ab50d182d296bfb5030.jpg",,,,1,0,0,0,0,0,0,Beach Wear Outfit Ideas,https://www.pinterest.com/stylistelle_fashion/beach-wear-outfit-ideas/,,,,public,,"Stylistelle | Outfit Ideas, Hair Trends & Nail Art Designs",stylistelle_fashion,https://www.pinterest.com/stylistelle_fashion,,,94,,,,,,2026-06-08T20:00:16.000Z,2026-06-23T17:12:32.663Z
1.0119E+18,CUPSHE Women's Summer Slip Boho Maxi Dress Lace Up Tassel V-Neck Flare Ruffle Beach Dresses White,"CUPSHE Sleeveless V-Neck Tassel Ruching Dress for Women Lace Up Smocking Ruffle Maxi Dress,L Beige : Amazon.ca: Clothing, Shoes & Accessories",https://amzn.to/4dgKJa7,https://www.pinterest.com/pin/1011902610043866415,https://i.pinimg.com/originals/36/77/8f/36778fe6382ec8da5b964332a412d39b.jpg,"60x60: https://i.pinimg.com/60x60/36/77/8f/36778fe6382ec8da5b964332a412d39b.jpg
136x136: https://i.pinimg.com/136x136/36/77/8f/36778fe6382ec8da5b964332a412d39b.jpg
170x: https://i.pinimg.com/236x/36/77/8f/36778fe6382ec8da5b964332a412d39b.jpg
236x: https://i.pinimg.com/236x/36/77/8f/36778fe6382ec8da5b964332a412d39b.jpg
474x: https://i.pinimg.com/474x/36/77/8f/36778fe6382ec8da5b964332a412d39b.jpg
564x: https://i.pinimg.com/564x/36/77/8f/36778fe6382ec8da5b964332a412d39b.jpg
736x: https://i.pinimg.com/736x/36/77/8f/36778fe6382ec8da5b964332a412d39b.jpg
600x315: https://i.pinimg.com/600x315/36/77/8f/36778fe6382ec8da5b964332a412d39b.jpg
orig: https://i.pinimg.com/originals/36/77/8f/36778fe6382ec8da5b964332a412d39b.jpg",,,,1,0,0,0,0,0,0,Products you tagged,https://www.pinterest.com/TheBudgetQueen_Finds/_products_you_tagged/,,,,protected,,The Budget Queen | Amazon Finds & Deals,TheBudgetQueen_Finds,https://www.pinterest.com/TheBudgetQueen_Finds,,,0,,,,,,2026-05-17T14:43:29.000Z,2026-06-23T17:25:07.955Z
1.01197E+18,School Outfit (Preppy Style),School Outfit (Preppy Style) #schooloutfit #preppy #preppyfit #preppyoutfit #preppywinter #winter,,https://www.pinterest.com/pin/1011972978773252317,https://i.pinimg.com/originals/37/e4/34/37e434f9921a309065b608b34d96610f.jpg,"60x60: https://i.pinimg.com/60x60/37/e4/34/37e434f9921a309065b608b34d96610f.jpg
136x136: https://i.pinimg.com/136x136/37/e4/34/37e434f9921a309065b608b34d96610f.jpg
170x: https://i.pinimg.com/236x/37/e4/34/37e434f9921a309065b608b34d96610f.jpg
236x: https://i.pinimg.com/236x/37/e4/34/37e434f9921a309065b608b34d96610f.jpg
474x: https://i.pinimg.com/474x/37/e4/34/37e434f9921a309065b608b34d96610f.jpg
564x: https://i.pinimg.com/564x/37/e4/34/37e434f9921a309065b608b34d96610f.jpg
736x: https://i.pinimg.com/736x/37/e4/34/37e434f9921a309065b608b34d96610f.jpg
600x315: https://i.pinimg.com/600x315/37/e4/34/37e434f9921a309065b608b34d96610f.jpg
orig: https://i.pinimg.com/originals/37/e4/34/37e434f9921a309065b608b34d96610f.jpg",,,,1,0,1,0,0,0,0,Summer Outfits,https://www.pinterest.com/maria_universe/summer-outfits/,,,,public,,maria universe,maria_universe,https://www.pinterest.com/maria_universe,,,408,,,,,,2025-02-24T02:12:33.000Z,2026-06-23T17:28:58.572Z
1.01289E+18,@.janesssaa,,,https://www.pinterest.com/pin/1012887772454239955,https://i.pinimg.com/originals/33/03/20/3303203f3c32b3e751b18666ee157bbb.jpg,"60x60: https://i.pinimg.com/60x60/33/03/20/3303203f3c32b3e751b18666ee157bbb.jpg
136x136: https://i.pinimg.com/136x136/33/03/20/3303203f3c32b3e751b18666ee157bbb.jpg
170x: https://i.pinimg.com/236x/33/03/20/3303203f3c32b3e751b18666ee157bbb.jpg
236x: https://i.pinimg.com/236x/33/03/20/3303203f3c32b3e751b18666ee157bbb.jpg
474x: https://i.pinimg.com/474x/33/03/20/3303203f3c32b3e751b18666ee157bbb.jpg
564x: https://i.pinimg.com/564x/33/03/20/3303203f3c32b3e751b18666ee157bbb.jpg
736x: https://i.pinimg.com/736x/33/03/20/3303203f3c32b3e751b18666ee157bbb.jpg
600x315: https://i.pinimg.com/600x315/33/03/20/3303203f3c32b3e751b18666ee157bbb.jpg
orig: https://i.pinimg.com/originals/33/03/20/3303203f3c32b3e751b18666ee157bbb.jpg",,,,197,0,17,32,0,0,0,fits🎀,https://www.pinterest.com/Thepinkgirllls/fits/,,,,public,,👩🏻🎀🧿 444,Thepinkgirllls,https://www.pinterest.com/Thepinkgirllls,,,1,,,,,,2025-09-29T23:03:18.000Z,2026-06-23T17:12:24.025Z
1.01296E+18,10 Beach Vacay Outfits for a Stylish Getaway,"Get ready for your beach trip with these stunning vacay outfit ideas that are perfect for sand, sun, and selfies. Save these looks for your next vacation. beach vacay outfits, beach wear, cute vacay outfits, vacay fits, beach outfits women vacation",https://familyoffduty.com/beach-vacay-outfits/,https://www.pinterest.com/pin/1012958141236061069,https://i.pinimg.com/originals/c1/9b/19/c19b19851c38a9a47293e830baffd76e.jpg,"60x60: https://i.pinimg.com/60x60/c1/9b/19/c19b19851c38a9a47293e830baffd76e.jpg
136x136: https://i.pinimg.com/136x136/c1/9b/19/c19b19851c38a9a47293e830baffd76e.jpg
170x: https://i.pinimg.com/236x/c1/9b/19/c19b19851c38a9a47293e830baffd76e.jpg
236x: https://i.pinimg.com/236x/c1/9b/19/c19b19851c38a9a47293e830baffd76e.jpg
474x: https://i.pinimg.com/474x/c1/9b/19/c19b19851c38a9a47293e830baffd76e.jpg
564x: https://i.pinimg.com/564x/c1/9b/19/c19b19851c38a9a47293e830baffd76e.jpg
736x: https://i.pinimg.com/736x/c1/9b/19/c19b19851c38a9a47293e830baffd76e.jpg
600x315: https://i.pinimg.com/600x315/c1/9b/19/c19b19851c38a9a47293e830baffd76e.jpg
orig: https://i.pinimg.com/originals/c1/9b/19/c19b19851c38a9a47293e830baffd76e.jpg",,,,1,0,0,0,0,0,0,Island Vacation Outfits,https://www.pinterest.com/travelinspodaily/island-vacation-outfits/,,,,public,,Travel Outfit Ideas | Trip Packing Lists | Vacation Destinations,travelinspodaily,https://www.pinterest.com/travelinspodaily,,,392,,,,,,2025-05-16T14:26:51.000Z,2026-06-23T17:13:50.601Z
1.01373E+18,,,,https://www.pinterest.com/pin/1013732197419743414,https://i.pinimg.com/originals/12/47/44/124744331b11816e8ca195b28828cf28.jpg,"60x60: https://i.pinimg.com/60x60/12/47/44/124744331b11816e8ca195b28828cf28.jpg
136x136: https://i.pinimg.com/136x136/12/47/44/124744331b11816e8ca195b28828cf28.jpg
170x: https://i.pinimg.com/236x/12/47/44/124744331b11816e8ca195b28828cf28.jpg
236x: https://i.pinimg.com/236x/12/47/44/124744331b11816e8ca195b28828cf28.jpg
474x: https://i.pinimg.com/474x/12/47/44/124744331b11816e8ca195b28828cf28.jpg
564x: https://i.pinimg.com/564x/12/47/44/124744331b11816e8ca195b28828cf28.jpg
736x: https://i.pinimg.com/736x/12/47/44/124744331b11816e8ca195b28828cf28.jpg
600x315: https://i.pinimg.com/600x315/12/47/44/124744331b11816e8ca195b28828cf28.jpg
orig: https://i.pinimg.com/originals/12/47/44/124744331b11816e8ca195b28828cf28.jpg",,,,1,0,0,0,0,0,0,Pins by you,https://www.pinterest.com/adhoppe295/_quick_creates/,,,,public,,adriana💝,adhoppe295,https://www.pinterest.com/adhoppe295,,,6,,,,,,2026-05-31T03:12:43.000Z,2026-06-23T17:29:06.017Z
1.0138E+18,CIARA SWIMSUIT - L,"Material: Acetate,nylon,POLYESTER,SPAND Size Bust Waist Hip Cup S 81-86 63-68 86-91 A-B M 86-91 68-73 91-96 B-C L 91-96 73-78 96-101 B-D Thank you for choosing our online store. We are dedicated to providing you with an exceptional shopping experience, offering unique, statement designs crafted with the finest quality materials. Our fast shipping and dedicated customer service ensure a seamless and enjoyable experience.",https://darkxglow.com/products/karina-swimsuit?variant=49929718464841,https://www.pinterest.com/pin/1013802566382108454,https://i.pinimg.com/originals/ec/62/97/ec6297df8abc8d0b7f3a1474aaf20ab7.jpg,"60x60: https://i.pinimg.com/60x60/ec/62/97/ec6297df8abc8d0b7f3a1474aaf20ab7.jpg
136x136: https://i.pinimg.com/136x136/ec/62/97/ec6297df8abc8d0b7f3a1474aaf20ab7.jpg
170x: https://i.pinimg.com/236x/ec/62/97/ec6297df8abc8d0b7f3a1474aaf20ab7.jpg
236x: https://i.pinimg.com/236x/ec/62/97/ec6297df8abc8d0b7f3a1474aaf20ab7.jpg
474x: https://i.pinimg.com/474x/ec/62/97/ec6297df8abc8d0b7f3a1474aaf20ab7.jpg
564x: https://i.pinimg.com/564x/ec/62/97/ec6297df8abc8d0b7f3a1474aaf20ab7.jpg
736x: https://i.pinimg.com/736x/ec/62/97/ec6297df8abc8d0b7f3a1474aaf20ab7.jpg
600x315: https://i.pinimg.com/600x315/ec/62/97/ec6297df8abc8d0b7f3a1474aaf20ab7.jpg
orig: https://i.pinimg.com/originals/ec/62/97/ec6297df8abc8d0b7f3a1474aaf20ab7.jpg",,,,275,0,7,231,1,0,9,Products,https://www.pinterest.com/DarkxGlow_Store/_products/,,,,protected,,DarkxGlow  | Trendy Women's Fashion | USA & UK Delivery,DarkxGlow_Store,https://www.pinterest.com/DarkxGlow_Store,,,9955,,,,,,2024-05-01T16:49:40.000Z,2026-06-23T17:12:53.684Z
1.015E+18,,,,https://www.pinterest.com/pin/1014998834791037074,https://i.pinimg.com/originals/be/a7/ca/bea7ca55a9116d1e8ed436b81ae96858.jpg,"60x60: https://i.pinimg.com/60x60/be/a7/ca/bea7ca55a9116d1e8ed436b81ae96858.jpg
136x136: https://i.pinimg.com/136x136/be/a7/ca/bea7ca55a9116d1e8ed436b81ae96858.jpg
170x: https://i.pinimg.com/236x/be/a7/ca/bea7ca55a9116d1e8ed436b81ae96858.jpg
236x: https://i.pinimg.com/236x/be/a7/ca/bea7ca55a9116d1e8ed436b81ae96858.jpg
474x: https://i.pinimg.com/474x/be/a7/ca/bea7ca55a9116d1e8ed436b81ae96858.jpg
564x: https://i.pinimg.com/564x/be/a7/ca/bea7ca55a9116d1e8ed436b81ae96858.jpg
736x: https://i.pinimg.com/736x/be/a7/ca/bea7ca55a9116d1e8ed436b81ae96858.jpg
600x315: https://i.pinimg.com/600x315/be/a7/ca/bea7ca55a9116d1e8ed436b81ae96858.jpg
orig: https://i.pinimg.com/originals/be/a7/ca/bea7ca55a9116d1e8ed436b81ae96858.jpg",,,,9561,1,546,3071,17,0,13,лето,https://www.pinterest.com/vikass1605/%D0%BB%D0%B5%D1%82%D0%BE/,,,,public,,вика,vikass1605,https://www.pinterest.com/vikass1605,,,2,,,,,,2025-12-15T06:26:53.000Z,2026-06-23T17:27:44.036Z
1.01711E+18,Healthy High Protein Apple Crisp,"This healthy high protein apple crisp is a cozy dessert made lighter without sacrificing flavor. With tender apples and a crunchy topping, it’s perfect for fall desserts or meal-prep sweets. Pinterest searches include healthy apple crisp, high protein desserts, apple oat recipes, and clean eating desserts. Warm, comforting, and great for satisfying sweet cravings. #appledessert #healthysweets #highproteindessert #fallrecipes",https://tastytrendingredients.com/healthy-high-protein-apple-crisp,https://www.pinterest.com/pin/1017109897124407263,https://i.pinimg.com/originals/9e/6c/fb/9e6cfb942d7d5a232720cb4a76bc2cca.png,"60x60: https://i.pinimg.com/60x60/9e/6c/fb/9e6cfb942d7d5a232720cb4a76bc2cca.jpg
136x136: https://i.pinimg.com/136x136/9e/6c/fb/9e6cfb942d7d5a232720cb4a76bc2cca.jpg
170x: https://i.pinimg.com/236x/9e/6c/fb/9e6cfb942d7d5a232720cb4a76bc2cca.jpg
236x: https://i.pinimg.com/236x/9e/6c/fb/9e6cfb942d7d5a232720cb4a76bc2cca.jpg
474x: https://i.pinimg.com/474x/9e/6c/fb/9e6cfb942d7d5a232720cb4a76bc2cca.jpg
564x: https://i.pinimg.com/564x/9e/6c/fb/9e6cfb942d7d5a232720cb4a76bc2cca.jpg
736x: https://i.pinimg.com/736x/9e/6c/fb/9e6cfb942d7d5a232720cb4a76bc2cca.jpg
600x315: https://i.pinimg.com/600x315/9e/6c/fb/9e6cfb942d7d5a232720cb4a76bc2cca.jpg
orig: https://i.pinimg.com/originals/9e/6c/fb/9e6cfb942d7d5a232720cb4a76bc2cca.png",,,,3246,0,8,993,4,0,35,Cozy Breakfast ideas,https://www.pinterest.com/TastyTrendIngredients/cozy-breakfast-ideas/,,,,public,,Trending Recipes,TastyTrendIngredients,https://www.pinterest.com/TastyTrendIngredients,,,274,,,,,,2026-02-02T10:01:21.000Z,2026-06-23T16:43:16.113Z
1.01781E+18,,,,https://www.pinterest.com/pin/1017813584540289987,https://i.pinimg.com/originals/8a/34/a0/8a34a0c41408476bfa4095df9034d514.jpg,"60x60: https://i.pinimg.com/60x60/8a/34/a0/8a34a0c41408476bfa4095df9034d514.jpg
136x136: https://i.pinimg.com/136x136/8a/34/a0/8a34a0c41408476bfa4095df9034d514.jpg
170x: https://i.pinimg.com/236x/8a/34/a0/8a34a0c41408476bfa4095df9034d514.jpg
236x: https://i.pinimg.com/236x/8a/34/a0/8a34a0c41408476bfa4095df9034d514.jpg
474x: https://i.pinimg.com/474x/8a/34/a0/8a34a0c41408476bfa4095df9034d514.jpg
564x: https://i.pinimg.com/564x/8a/34/a0/8a34a0c41408476bfa4095df9034d514.jpg
736x: https://i.pinimg.com/736x/8a/34/a0/8a34a0c41408476bfa4095df9034d514.jpg
600x315: https://i.pinimg.com/600x315/8a/34/a0/8a34a0c41408476bfa4095df9034d514.jpg
orig: https://i.pinimg.com/originals/8a/34/a0/8a34a0c41408476bfa4095df9034d514.jpg",,,,1119,0,87,228,0,0,9,look boho / western,https://www.pinterest.com/ellacarvalhooficial/look-boho-western/,,,,public,,Ella Carvalho,ellacarvalhooficial,https://www.pinterest.com/ellacarvalhooficial,,,338,,,,,,2025-06-16T17:49:22.000Z,2026-06-23T17:22:02.768Z
1.01887E+18,,,,https://www.pinterest.com/pin/1018869115697884195,https://i.pinimg.com/originals/bf/db/9c/bfdb9c2b2b482e1373d67eaa0cb7c48f.jpg,"60x60: https://i.pinimg.com/60x60/bf/db/9c/bfdb9c2b2b482e1373d67eaa0cb7c48f.jpg
136x136: https://i.pinimg.com/136x136/bf/db/9c/bfdb9c2b2b482e1373d67eaa0cb7c48f.jpg
170x: https://i.pinimg.com/236x/bf/db/9c/bfdb9c2b2b482e1373d67eaa0cb7c48f.jpg
236x: https://i.pinimg.com/236x/bf/db/9c/bfdb9c2b2b482e1373d67eaa0cb7c48f.jpg
474x: https://i.pinimg.com/474x/bf/db/9c/bfdb9c2b2b482e1373d67eaa0cb7c48f.jpg
564x: https://i.pinimg.com/564x/bf/db/9c/bfdb9c2b2b482e1373d67eaa0cb7c48f.jpg
736x: https://i.pinimg.com/736x/bf/db/9c/bfdb9c2b2b482e1373d67eaa0cb7c48f.jpg
600x315: https://i.pinimg.com/600x315/bf/db/9c/bfdb9c2b2b482e1373d67eaa0cb7c48f.jpg
orig: https://i.pinimg.com/originals/bf/db/9c/bfdb9c2b2b482e1373d67eaa0cb7c48f.jpg",,,,30,0,1,10,0,0,0,Clothes,https://www.pinterest.com/TheoneandonlyKYLEE/clothes/,,,,public,,Kylee Willis,TheoneandonlyKYLEE,https://www.pinterest.com/TheoneandonlyKYLEE,,,288,,,,,,2025-01-30T20:19:03.000Z,2026-06-23T17:29:15.483Z
1.01943E+18,What to Wear in Hawaii: 13 Outfits That Cover Absolutely Everything,"What to wear in Hawaii that covers every island moment from sunrise hikes to sunset dinners — and these 13 outfits deliver. From lightweight layers to breezy resort sets, these Hawaii outfit ideas were chosen for real Hawaii occasions. If you've been searching for Hawaii outfits for women or what to pack for Hawaii, this is the list to save. Whether you need Hawaii vacation outfits, Hawaii beach outfits, Maui outfit ideas, or Hawaii travel outfits, these Hawaii packing list outfits, Hawaii fashion picks, and best Hawaii outfit ideas cover every occasion and every vibe right now.",https://heystylehey.com/what-to-wear-in-hawaii/,https://www.pinterest.com/pin/1019432065691694148,https://i.pinimg.com/originals/82/b0/07/82b007a46382ab2a6746c1169516423b.png,"60x60: https://i.pinimg.com/60x60/82/b0/07/82b007a46382ab2a6746c1169516423b.jpg
136x136: https://i.pinimg.com/136x136/82/b0/07/82b007a46382ab2a6746c1169516423b.jpg
170x: https://i.pinimg.com/236x/82/b0/07/82b007a46382ab2a6746c1169516423b.jpg
236x: https://i.pinimg.com/236x/82/b0/07/82b007a46382ab2a6746c1169516423b.jpg
474x: https://i.pinimg.com/474x/82/b0/07/82b007a46382ab2a6746c1169516423b.jpg
564x: https://i.pinimg.com/564x/82/b0/07/82b007a46382ab2a6746c1169516423b.jpg
736x: https://i.pinimg.com/736x/82/b0/07/82b007a46382ab2a6746c1169516423b.jpg
600x315: https://i.pinimg.com/600x315/82/b0/07/82b007a46382ab2a6746c1169516423b.jpg
orig: https://i.pinimg.com/originals/82/b0/07/82b007a46382ab2a6746c1169516423b.png",,,,2,0,0,1,0,0,0,What to Wear in Hawaii,https://www.pinterest.com/heystyle_hey/what-to-wear-in-hawaii/,,,,public,,Hey Style Hey,heystyle_hey,https://www.pinterest.com/heystyle_hey,,,621,,,,,,2026-05-22T18:03:40.000Z,2026-06-23T17:14:18.731Z
1.02E+18,summer outfit,,,https://www.pinterest.com/pin/1019995015590093297,https://i.pinimg.com/originals/4b/18/9d/4b189dd9feae7dd1b580e35199216289.jpg,"60x60: https://i.pinimg.com/60x60/4b/18/9d/4b189dd9feae7dd1b580e35199216289.jpg
136x136: https://i.pinimg.com/136x136/4b/18/9d/4b189dd9feae7dd1b580e35199216289.jpg
170x: https://i.pinimg.com/236x/4b/18/9d/4b189dd9feae7dd1b580e35199216289.jpg
236x: https://i.pinimg.com/236x/4b/18/9d/4b189dd9feae7dd1b580e35199216289.jpg
474x: https://i.pinimg.com/474x/4b/18/9d/4b189dd9feae7dd1b580e35199216289.jpg
564x: https://i.pinimg.com/564x/4b/18/9d/4b189dd9feae7dd1b580e35199216289.jpg
736x: https://i.pinimg.com/736x/4b/18/9d/4b189dd9feae7dd1b580e35199216289.jpg
600x315: https://i.pinimg.com/600x315/4b/18/9d/4b189dd9feae7dd1b580e35199216289.jpg
orig: https://i.pinimg.com/originals/4b/18/9d/4b189dd9feae7dd1b580e35199216289.jpg",,,,8,0,1,2,0,0,0,Summer fit inspo 🌺,https://www.pinterest.com/jeweliettexoxo/summer-fit-inspo/,,,,public,,juliette✨👙🤗,jeweliettexoxo,https://www.pinterest.com/jeweliettexoxo,,,3,,,,,,2023-07-03T04:29:25.000Z,2026-06-23T17:28:44.171Z
1.02035E+18,Sophie! -comment your name for an outfit!,,,https://www.pinterest.com/pin/1020346859356640978,https://i.pinimg.com/originals/37/1b/8b/371b8b148f4b4b9c097b0d65a9b2f885.jpg,"60x60: https://i.pinimg.com/60x60/37/1b/8b/371b8b148f4b4b9c097b0d65a9b2f885.jpg
136x136: https://i.pinimg.com/136x136/37/1b/8b/371b8b148f4b4b9c097b0d65a9b2f885.jpg
170x: https://i.pinimg.com/236x/37/1b/8b/371b8b148f4b4b9c097b0d65a9b2f885.jpg
236x: https://i.pinimg.com/236x/37/1b/8b/371b8b148f4b4b9c097b0d65a9b2f885.jpg
474x: https://i.pinimg.com/474x/37/1b/8b/371b8b148f4b4b9c097b0d65a9b2f885.jpg
564x: https://i.pinimg.com/564x/37/1b/8b/371b8b148f4b4b9c097b0d65a9b2f885.jpg
736x: https://i.pinimg.com/736x/37/1b/8b/371b8b148f4b4b9c097b0d65a9b2f885.jpg
600x315: https://i.pinimg.com/600x315/37/1b/8b/371b8b148f4b4b9c097b0d65a9b2f885.jpg
orig: https://i.pinimg.com/originals/37/1b/8b/371b8b148f4b4b9c097b0d65a9b2f885.jpg",,,,1,0,2,0,5,0,0,Quick Saves,https://www.pinterest.com/elmore3153/_quick_saves/,,,,public,,laurennn,elmore3153,https://www.pinterest.com/elmore3153,,,257,,,,,,2026-06-08T15:04:01.000Z,2026-06-23T17:29:17.756Z
1.02126E+18,,,,https://www.pinterest.com/pin/1021261653025413891,https://i.pinimg.com/originals/ef/4b/aa/ef4baa483dfb9c71bbd17c784dab424b.jpg,"60x60: https://i.pinimg.com/60x60/ef/4b/aa/ef4baa483dfb9c71bbd17c784dab424b.jpg
136x136: https://i.pinimg.com/136x136/ef/4b/aa/ef4baa483dfb9c71bbd17c784dab424b.jpg
170x: https://i.pinimg.com/236x/ef/4b/aa/ef4baa483dfb9c71bbd17c784dab424b.jpg
236x: https://i.pinimg.com/236x/ef/4b/aa/ef4baa483dfb9c71bbd17c784dab424b.jpg
474x: https://i.pinimg.com/474x/ef/4b/aa/ef4baa483dfb9c71bbd17c784dab424b.jpg
564x: https://i.pinimg.com/564x/ef/4b/aa/ef4baa483dfb9c71bbd17c784dab424b.jpg
736x: https://i.pinimg.com/736x/ef/4b/aa/ef4baa483dfb9c71bbd17c784dab424b.jpg
600x315: https://i.pinimg.com/600x315/ef/4b/aa/ef4baa483dfb9c71bbd17c784dab424b.jpg
orig: https://i.pinimg.com/originals/ef/4b/aa/ef4baa483dfb9c71bbd17c784dab424b.jpg",,,V_HLSV3_MOBILE: https://v1.pinimg.com/videos/iht/hls/23/cb/dc/23cbdcd1c3a1d8561a97ed7e64ee933a.m3u8,2355,0,529,1045,34,0,12,Pins by you,https://www.pinterest.com/maelynnlai/_quick_creates/,,,,public,,maelynn,maelynnlai,https://www.pinterest.com/maelynnlai,,,1342,,,,,,2025-10-19T20:14:39.000Z,2026-06-23T17:28:06.142Z
1.02246E+17,25 Plus Size Boho Summer Outfit Ideas That Feel Chic and Comfortable,"Plus size boho summer outfit ideas can be chic while staying comfortable. This roundup includes summer outfits that blend boho style with wearable shapes you can enjoy all day. Perfect for casual outings, vacations, or warm evenings, these looks feel soft and put together. Browse the full list to refresh your summer wardrobe with boho inspired outfits.",https://divainspo.com/plus-size-boho-summer-outfits/,https://www.pinterest.com/pin/102245854036690673,https://i.pinimg.com/originals/6e/78/7d/6e787d55c757978524b8deb7ab5fed5f.png,"60x60: https://i.pinimg.com/60x60/6e/78/7d/6e787d55c757978524b8deb7ab5fed5f.jpg
136x136: https://i.pinimg.com/136x136/6e/78/7d/6e787d55c757978524b8deb7ab5fed5f.jpg
170x: https://i.pinimg.com/236x/6e/78/7d/6e787d55c757978524b8deb7ab5fed5f.jpg
236x: https://i.pinimg.com/236x/6e/78/7d/6e787d55c757978524b8deb7ab5fed5f.jpg
474x: https://i.pinimg.com/474x/6e/78/7d/6e787d55c757978524b8deb7ab5fed5f.jpg
564x: https://i.pinimg.com/564x/6e/78/7d/6e787d55c757978524b8deb7ab5fed5f.jpg
736x: https://i.pinimg.com/736x/6e/78/7d/6e787d55c757978524b8deb7ab5fed5f.jpg
600x315: https://i.pinimg.com/600x315/6e/78/7d/6e787d55c757978524b8deb7ab5fed5f.jpg
orig: https://i.pinimg.com/originals/6e/78/7d/6e787d55c757978524b8deb7ab5fed5f.png",,,,17,0,1,0,0,0,0,Fashion stuff,https://www.pinterest.com/njrickey/fashion-stuff/,,,,public,,Nancy Rickey,njrickey,https://www.pinterest.com/njrickey,,,1090,,,,,,2026-05-20T03:04:28.000Z,2026-06-23T17:25:13.775Z
1.02246E+17,20 Breezy Boho Outfit Ideas for Summer Vibes,"Looking for an effortless summer style? These 20 breezy boho outfit ideas are perfect for staying cool, comfortable, and stylish all season long. Save this guide for everyday summer outfit inspiration and recreate these looks with ease. #bohooutfits #summerstyle #bohofashion #womenoutfits #summerwardrobe #bohovibes #casualsummer",https://closetloom.com/boho-outfit-ideas-for-summer/,https://www.pinterest.com/pin/102245854036714054,https://i.pinimg.com/originals/91/de/ee/91deee07670fc94f33ae5ab78d049e47.jpg,"60x60: https://i.pinimg.com/60x60/91/de/ee/91deee07670fc94f33ae5ab78d049e47.jpg
136x136: https://i.pinimg.com/136x136/91/de/ee/91deee07670fc94f33ae5ab78d049e47.jpg
170x: https://i.pinimg.com/236x/91/de/ee/91deee07670fc94f33ae5ab78d049e47.jpg
236x: https://i.pinimg.com/236x/91/de/ee/91deee07670fc94f33ae5ab78d049e47.jpg
474x: https://i.pinimg.com/474x/91/de/ee/91deee07670fc94f33ae5ab78d049e47.jpg
564x: https://i.pinimg.com/564x/91/de/ee/91deee07670fc94f33ae5ab78d049e47.jpg
736x: https://i.pinimg.com/736x/91/de/ee/91deee07670fc94f33ae5ab78d049e47.jpg
600x315: https://i.pinimg.com/600x315/91/de/ee/91deee07670fc94f33ae5ab78d049e47.jpg
orig: https://i.pinimg.com/originals/91/de/ee/91deee07670fc94f33ae5ab78d049e47.jpg",,,,12,0,1,0,0,0,0,Fashion stuff,https://www.pinterest.com/njrickey/fashion-stuff/,,,,public,,Nancy Rickey,njrickey,https://www.pinterest.com/njrickey,,,1090,,,,,,2026-05-29T17:29:54.000Z,2026-06-23T17:23:01.487Z
1.02316E+18,11 Plus Size Boho Summer Outfits To Rock Everywhere You Go,"Want that effortless boho look without sacrificing comfort? These 11 plus size boho summer outfits combine flowy dresses, breezy tops, and relaxed styles perfect for warm days, vacations, festivals, and everyday wear.
#plussizefashion #curvyfashion #womensummeroutfits #plussizeboho",https://dazzleinstyle.com/plus-size-boho-summer-outfits-for-curvy-babes/,https://www.pinterest.com/pin/1023161609116126038,https://i.pinimg.com/originals/f9/45/2b/f9452b5d4321316419ebae5293ffeeb8.jpg,"60x60: https://i.pinimg.com/60x60/f9/45/2b/f9452b5d4321316419ebae5293ffeeb8.jpg
136x136: https://i.pinimg.com/136x136/f9/45/2b/f9452b5d4321316419ebae5293ffeeb8.jpg
170x: https://i.pinimg.com/236x/f9/45/2b/f9452b5d4321316419ebae5293ffeeb8.jpg
236x: https://i.pinimg.com/236x/f9/45/2b/f9452b5d4321316419ebae5293ffeeb8.jpg
474x: https://i.pinimg.com/474x/f9/45/2b/f9452b5d4321316419ebae5293ffeeb8.jpg
564x: https://i.pinimg.com/564x/f9/45/2b/f9452b5d4321316419ebae5293ffeeb8.jpg
736x: https://i.pinimg.com/736x/f9/45/2b/f9452b5d4321316419ebae5293ffeeb8.jpg
600x315: https://i.pinimg.com/600x315/f9/45/2b/f9452b5d4321316419ebae5293ffeeb8.jpg
orig: https://i.pinimg.com/originals/f9/45/2b/f9452b5d4321316419ebae5293ffeeb8.jpg",,,,1,0,0,0,0,0,0,Plus Size Women Summer Outfits,https://www.pinterest.com/dazzleinstylecom/plus-size-women-summer-outfits/,,,,public,,Dazzle In Style,dazzleinstylecom,https://www.pinterest.com/dazzleinstylecom,,,11,,,,,,2026-06-06T16:06:13.000Z,2026-06-23T17:22:13.622Z
1.02436E+18,Drôle 😹,,,https://www.pinterest.com/pin/1024357877764642061,https://i.pinimg.com/originals/24/f7/44/24f74498225110703b257ddc8b877873.png,"60x60: https://i.pinimg.com/60x60/24/f7/44/24f74498225110703b257ddc8b877873.jpg
136x136: https://i.pinimg.com/136x136/24/f7/44/24f74498225110703b257ddc8b877873.jpg
170x: https://i.pinimg.com/236x/24/f7/44/24f74498225110703b257ddc8b877873.jpg
236x: https://i.pinimg.com/236x/24/f7/44/24f74498225110703b257ddc8b877873.jpg
474x: https://i.pinimg.com/474x/24/f7/44/24f74498225110703b257ddc8b877873.jpg
564x: https://i.pinimg.com/564x/24/f7/44/24f74498225110703b257ddc8b877873.jpg
736x: https://i.pinimg.com/736x/24/f7/44/24f74498225110703b257ddc8b877873.jpg
600x315: https://i.pinimg.com/600x315/24/f7/44/24f74498225110703b257ddc8b877873.jpg
orig: https://i.pinimg.com/originals/24/f7/44/24f74498225110703b257ddc8b877873.png",,,,4732,10,824,434,99,0,585,Просто надо,https://www.pinterest.com/platonlysenko7/%D0%BF%D1%80%D0%BE%D1%81%D1%82%D0%BE-%D0%BD%D0%B0%D0%B4%D0%BE/,,,,public,,Платон,platonlysenko7,https://www.pinterest.com/platonlysenko7,,,2,,,,,,2026-05-24T13:48:46.000Z,2026-06-23T16:46:22.924Z
1.02541E+18,INGSHOWS Women's Retro Ethnic Bohemian Holiday Seaside Holiday Red Skirt Maxi Skirt,"🌺 Retro Bohemian Maxi Skirt — vibrant, flowy, and full of seaside spirit.
Perfect for holidays, sunsets, and bold souls.
Up to 50% off!",https://www.ingshows.com/collections/vintage-dresses?st=&utm_source=pinterest&utm_term=U1607,https://www.pinterest.com/pin/1025413408912320409,https://i.pinimg.com/originals/c6/94/7c/c6947c3cb14bb588ca8c0dd763f26778.png,"60x60: https://i.pinimg.com/60x60/c6/94/7c/c6947c3cb14bb588ca8c0dd763f26778.jpg
136x136: https://i.pinimg.com/136x136/c6/94/7c/c6947c3cb14bb588ca8c0dd763f26778.jpg
170x: https://i.pinimg.com/236x/c6/94/7c/c6947c3cb14bb588ca8c0dd763f26778.jpg
236x: https://i.pinimg.com/236x/c6/94/7c/c6947c3cb14bb588ca8c0dd763f26778.jpg
474x: https://i.pinimg.com/474x/c6/94/7c/c6947c3cb14bb588ca8c0dd763f26778.jpg
564x: https://i.pinimg.com/564x/c6/94/7c/c6947c3cb14bb588ca8c0dd763f26778.jpg
736x: https://i.pinimg.com/736x/c6/94/7c/c6947c3cb14bb588ca8c0dd763f26778.jpg
600x315: https://i.pinimg.com/600x315/c6/94/7c/c6947c3cb14bb588ca8c0dd763f26778.jpg
orig: https://i.pinimg.com/originals/c6/94/7c/c6947c3cb14bb588ca8c0dd763f26778.png",,,,22,0,1,6,0,0,0,Skirts,https://www.pinterest.com/ingshows/skirts/,,,,public,,Ingshows,ingshows,https://www.pinterest.com/ingshows,,,2650,,,,,,2025-04-29T07:20:23.000Z,2026-06-23T17:22:54.712Z
1.02619E+18,Meatloaf with Mashed Potatoes and Cheese Recipe,"If you’re craving a hearty, satisfying, and downright cozy dinner, this Meatloaf with Mashed Potatoes and Cheese recipe is a must-try. It’s everything you love about classic comfort food layered into one delicious dish. Whether you’re cooking for your family or prepping meals for the week, this is one of those easy, homestyle dinner recipes you’ll come back to again and again.",https://theferventmama.com/meatloaf-with-mashed-potatoes-and-cheese-recipe/?utm_source=pinterest&utm_medium=social&utm_campaign=social-pug,https://www.pinterest.com/pin/1026187465109009183,https://i.pinimg.com/originals/8f/8f/26/8f8f2615f22eec1d3700dd104f08b61d.jpg,"60x60: https://i.pinimg.com/60x60/8f/8f/26/8f8f2615f22eec1d3700dd104f08b61d.jpg
136x136: https://i.pinimg.com/136x136/8f/8f/26/8f8f2615f22eec1d3700dd104f08b61d.jpg
170x: https://i.pinimg.com/236x/8f/8f/26/8f8f2615f22eec1d3700dd104f08b61d.jpg
236x: https://i.pinimg.com/236x/8f/8f/26/8f8f2615f22eec1d3700dd104f08b61d.jpg
474x: https://i.pinimg.com/474x/8f/8f/26/8f8f2615f22eec1d3700dd104f08b61d.jpg
564x: https://i.pinimg.com/564x/8f/8f/26/8f8f2615f22eec1d3700dd104f08b61d.jpg
736x: https://i.pinimg.com/736x/8f/8f/26/8f8f2615f22eec1d3700dd104f08b61d.jpg
600x315: https://i.pinimg.com/600x315/8f/8f/26/8f8f2615f22eec1d3700dd104f08b61d.jpg
orig: https://i.pinimg.com/originals/8f/8f/26/8f8f2615f22eec1d3700dd104f08b61d.jpg",,,,2062,0,20,1947,2,0,111,fees food,https://www.pinterest.com/colesfelicia038/fees-food/,,,,public,,Felicia,colesfelicia038,https://www.pinterest.com/colesfelicia038,,,2,,,,,,2025-10-17T16:47:10.000Z,2026-06-23T16:42:39.666Z
1.0264E+18,,,,https://www.pinterest.com/pin/1026398571343878567,https://i.pinimg.com/originals/65/ed/6a/65ed6aad2767bdbacca08461a647b30f.jpg,"60x60: https://i.pinimg.com/60x60/65/ed/6a/65ed6aad2767bdbacca08461a647b30f.jpg
136x136: https://i.pinimg.com/136x136/65/ed/6a/65ed6aad2767bdbacca08461a647b30f.jpg
170x: https://i.pinimg.com/236x/65/ed/6a/65ed6aad2767bdbacca08461a647b30f.jpg
236x: https://i.pinimg.com/236x/65/ed/6a/65ed6aad2767bdbacca08461a647b30f.jpg
474x: https://i.pinimg.com/474x/65/ed/6a/65ed6aad2767bdbacca08461a647b30f.jpg
564x: https://i.pinimg.com/564x/65/ed/6a/65ed6aad2767bdbacca08461a647b30f.jpg
736x: https://i.pinimg.com/736x/65/ed/6a/65ed6aad2767bdbacca08461a647b30f.jpg
600x315: https://i.pinimg.com/600x315/65/ed/6a/65ed6aad2767bdbacca08461a647b30f.jpg
orig: https://i.pinimg.com/originals/65/ed/6a/65ed6aad2767bdbacca08461a647b30f.jpg",,,,57,0,12,26,0,0,3,+50 women style inspiration 🌿,https://www.pinterest.com/samamaamoun2000/%2B50-women-style-inspiration/,,,,public,,Sama..| Lifestyle & Deals,samamaamoun2000,https://www.pinterest.com/samamaamoun2000,,,4862,,,,,,2026-02-04T04:43:18.000Z,2026-06-23T17:21:51.269Z
1.0264E+18,,"Where fashion moodboards come to life.

Style references for your next obsession.
#WhatToWear
#StyleReference
#CasualLuxury
#EffortlessStyle
#USFashion
#FashionTrends
#OutfitGoals
#PinterestStyle
#ViralFashion
#AmericanStyle",,https://www.pinterest.com/pin/1026398571347700698,https://i.pinimg.com/originals/f5/fd/4e/f5fd4e1a78c70a50b031b3eb19982129.jpg,"60x60: https://i.pinimg.com/60x60/f5/fd/4e/f5fd4e1a78c70a50b031b3eb19982129.jpg
136x136: https://i.pinimg.com/136x136/f5/fd/4e/f5fd4e1a78c70a50b031b3eb19982129.jpg
170x: https://i.pinimg.com/236x/f5/fd/4e/f5fd4e1a78c70a50b031b3eb19982129.jpg
236x: https://i.pinimg.com/236x/f5/fd/4e/f5fd4e1a78c70a50b031b3eb19982129.jpg
474x: https://i.pinimg.com/474x/f5/fd/4e/f5fd4e1a78c70a50b031b3eb19982129.jpg
564x: https://i.pinimg.com/564x/f5/fd/4e/f5fd4e1a78c70a50b031b3eb19982129.jpg
736x: https://i.pinimg.com/736x/f5/fd/4e/f5fd4e1a78c70a50b031b3eb19982129.jpg
600x315: https://i.pinimg.com/600x315/f5/fd/4e/f5fd4e1a78c70a50b031b3eb19982129.jpg
orig: https://i.pinimg.com/originals/f5/fd/4e/f5fd4e1a78c70a50b031b3eb19982129.jpg",,,,2,0,0,1,0,0,0,the fashion...house👗,https://www.pinterest.com/samamaamoun2000/the-fashionhouse/,,,,public,,Sama..| Lifestyle & Deals,samamaamoun2000,https://www.pinterest.com/samamaamoun2000,,,4862,,,,,,2026-05-20T15:39:41.000Z,2026-06-23T17:22:08.488Z
1.0264E+18,,,,https://www.pinterest.com/pin/1026398571347823347,https://i.pinimg.com/originals/83/f9/5a/83f95a307f81f37b8461b086267bc215.jpg,"60x60: https://i.pinimg.com/60x60/83/f9/5a/83f95a307f81f37b8461b086267bc215.jpg
136x136: https://i.pinimg.com/136x136/83/f9/5a/83f95a307f81f37b8461b086267bc215.jpg
170x: https://i.pinimg.com/236x/83/f9/5a/83f95a307f81f37b8461b086267bc215.jpg
236x: https://i.pinimg.com/236x/83/f9/5a/83f95a307f81f37b8461b086267bc215.jpg
474x: https://i.pinimg.com/474x/83/f9/5a/83f95a307f81f37b8461b086267bc215.jpg
564x: https://i.pinimg.com/564x/83/f9/5a/83f95a307f81f37b8461b086267bc215.jpg
736x: https://i.pinimg.com/736x/83/f9/5a/83f95a307f81f37b8461b086267bc215.jpg
600x315: https://i.pinimg.com/600x315/83/f9/5a/83f95a307f81f37b8461b086267bc215.jpg
orig: https://i.pinimg.com/originals/83/f9/5a/83f95a307f81f37b8461b086267bc215.jpg",,,,17,0,1,15,0,0,1,the fashion...house👗,https://www.pinterest.com/samamaamoun2000/the-fashionhouse/,,,,public,,Sama..| Lifestyle & Deals,samamaamoun2000,https://www.pinterest.com/samamaamoun2000,,,4862,,,,,,2026-05-24T07:23:35.000Z,2026-06-23T17:21:51.231Z
1.02717E+18,12+ Stunning Beach Outfits,"Check out these 12+ beach outfit ideas featuring stunning beach dresses and clothes, perfect for all occasions and fashion preferences.",https://sfconservatoryofdance.org/outfit-ideas/beach-outfits,https://www.pinterest.com/pin/1027172627517593742,https://i.pinimg.com/originals/2c/39/60/2c3960f699acda3b51b972135145bb5d.jpg,"60x60: https://i.pinimg.com/60x60/2c/39/60/2c3960f699acda3b51b972135145bb5d.jpg
136x136: https://i.pinimg.com/136x136/2c/39/60/2c3960f699acda3b51b972135145bb5d.jpg
170x: https://i.pinimg.com/236x/2c/39/60/2c3960f699acda3b51b972135145bb5d.jpg
236x: https://i.pinimg.com/236x/2c/39/60/2c3960f699acda3b51b972135145bb5d.jpg
474x: https://i.pinimg.com/474x/2c/39/60/2c3960f699acda3b51b972135145bb5d.jpg
564x: https://i.pinimg.com/564x/2c/39/60/2c3960f699acda3b51b972135145bb5d.jpg
736x: https://i.pinimg.com/736x/2c/39/60/2c3960f699acda3b51b972135145bb5d.jpg
600x315: https://i.pinimg.com/600x315/2c/39/60/2c3960f699acda3b51b972135145bb5d.jpg
orig: https://i.pinimg.com/originals/2c/39/60/2c3960f699acda3b51b972135145bb5d.jpg",,,,1,0,0,0,0,0,0,Outfit Ideas & Inspo,https://www.pinterest.com/outfit_ideas_outfit_inspo/outfit-ideas-inspo/,,,,public,,"Outfit Ideas, Outfit Inspo, Women Dresses & More",outfit_ideas_outfit_inspo,https://www.pinterest.com/outfit_ideas_outfit_inspo,,,97,,,,,,2025-05-31T04:27:02.000Z,2026-06-23T17:13:15.371Z
1.02739E+16,,,,https://www.pinterest.com/pin/10273905393788336,https://i.pinimg.com/originals/5e/62/10/5e621072782175ea1e181c391c7a1410.jpg,"60x60: https://i.pinimg.com/60x60/5e/62/10/5e621072782175ea1e181c391c7a1410.jpg
136x136: https://i.pinimg.com/136x136/5e/62/10/5e621072782175ea1e181c391c7a1410.jpg
170x: https://i.pinimg.com/236x/5e/62/10/5e621072782175ea1e181c391c7a1410.jpg
236x: https://i.pinimg.com/236x/5e/62/10/5e621072782175ea1e181c391c7a1410.jpg
474x: https://i.pinimg.com/474x/5e/62/10/5e621072782175ea1e181c391c7a1410.jpg
564x: https://i.pinimg.com/564x/5e/62/10/5e621072782175ea1e181c391c7a1410.jpg
736x: https://i.pinimg.com/736x/5e/62/10/5e621072782175ea1e181c391c7a1410.jpg
600x315: https://i.pinimg.com/600x315/5e/62/10/5e621072782175ea1e181c391c7a1410.jpg
orig: https://i.pinimg.com/originals/5e/62/10/5e621072782175ea1e181c391c7a1410.jpg",,,,809,0,27,441,2,0,2,70s hippie,https://www.pinterest.com/nicole5nini/70s-hippie/,,,,public,,Nicole de Nobrega,nicole5nini,https://www.pinterest.com/nicole5nini,,,13,,,,,,2024-06-19T12:49:22.000Z,2026-06-23T17:21:57.438Z
1.02739E+16,Tropical Escape 18 Trendy Hawaii Outfits for Women,Discover stylish women's Hawaii outfits with these aesthetic casual and modest outfit ideas for women in their 40s and 50s Explore Hawaiian cruise party vacation hiking and themed outfit inspirations in this blog post,https://tecarticles.com/dressloverr/tropical-escape-18-trendy-hawaii-outfits-for-women/,https://www.pinterest.com/pin/10273905394841767,https://i.pinimg.com/originals/a5/15/c8/a515c8847e2cfdd9bfed4b60b02c9363.png,"60x60: https://i.pinimg.com/60x60/a5/15/c8/a515c8847e2cfdd9bfed4b60b02c9363.jpg
136x136: https://i.pinimg.com/136x136/a5/15/c8/a515c8847e2cfdd9bfed4b60b02c9363.jpg
170x: https://i.pinimg.com/236x/a5/15/c8/a515c8847e2cfdd9bfed4b60b02c9363.jpg
236x: https://i.pinimg.com/236x/a5/15/c8/a515c8847e2cfdd9bfed4b60b02c9363.jpg
474x: https://i.pinimg.com/474x/a5/15/c8/a515c8847e2cfdd9bfed4b60b02c9363.jpg
564x: https://i.pinimg.com/564x/a5/15/c8/a515c8847e2cfdd9bfed4b60b02c9363.jpg
736x: https://i.pinimg.com/736x/a5/15/c8/a515c8847e2cfdd9bfed4b60b02c9363.jpg
600x315: https://i.pinimg.com/600x315/a5/15/c8/a515c8847e2cfdd9bfed4b60b02c9363.jpg
orig: https://i.pinimg.com/originals/a5/15/c8/a515c8847e2cfdd9bfed4b60b02c9363.png",,,,267,0,20,188,1,0,8,Tropical Summer ☀️🍃,https://www.pinterest.com/unavidaholistica/tropical-summer/,,,,public,,Kari González | Una Vida Holística,unavidaholistica,https://www.pinterest.com/unavidaholistica,,,224,,,,,,2025-06-02T20:03:51.000Z,2026-06-23T17:14:54.929Z
1.02788E+18,,"The perfect summer cover-up ☀️✨

This crochet top gives effortless beachy vibes with its lightweight, breathable design and stylish boho look. Perfect over a swimsuit, bralette, or tank top for an easy outfit that looks put together in seconds. A must-have for beach days, vacations, and summer outfits.

#summerfashion #beachstyle #bohovibes #outfitinspo #vacationoutfit",https://www.instagram.com/reel/DXmHmeaEUiL/,https://www.pinterest.com/pin/1027876314973993145,https://i.pinimg.com/originals/8b/fb/80/8bfb80bdd52f520e9a53bd6321f6d014.jpg,"60x60: https://i.pinimg.com/60x60/8b/fb/80/8bfb80bdd52f520e9a53bd6321f6d014.jpg
136x136: https://i.pinimg.com/136x136/8b/fb/80/8bfb80bdd52f520e9a53bd6321f6d014.jpg
170x: https://i.pinimg.com/236x/8b/fb/80/8bfb80bdd52f520e9a53bd6321f6d014.jpg
236x: https://i.pinimg.com/236x/8b/fb/80/8bfb80bdd52f520e9a53bd6321f6d014.jpg
474x: https://i.pinimg.com/474x/8b/fb/80/8bfb80bdd52f520e9a53bd6321f6d014.jpg
564x: https://i.pinimg.com/564x/8b/fb/80/8bfb80bdd52f520e9a53bd6321f6d014.jpg
736x: https://i.pinimg.com/736x/8b/fb/80/8bfb80bdd52f520e9a53bd6321f6d014.jpg
600x315: https://i.pinimg.com/600x315/8b/fb/80/8bfb80bdd52f520e9a53bd6321f6d014.jpg
orig: https://i.pinimg.com/originals/8b/fb/80/8bfb80bdd52f520e9a53bd6321f6d014.jpg",https://v1.pinimg.com/videos/iht/expMp4/ba/80/4f/ba804f9ea9ec4e5fb68ac877d4b202ba_720w.mp4,"V_720P: https://v1.pinimg.com/videos/iht/expMp4/ba/80/4f/ba804f9ea9ec4e5fb68ac877d4b202ba_720w.mp4
V_HLSV4: https://v1.pinimg.com/videos/iht/hls/ba/80/4f/ba804f9ea9ec4e5fb68ac877d4b202ba.m3u8
V_HLSV3_MOBILE: https://v1.pinimg.com/videos/iht/hls/ba/80/4f/ba804f9ea9ec4e5fb68ac877d4b202ba.m3u8",,4,0,1,3,0,0,0,Social,https://www.pinterest.com/bestfindswithfiliz/social/,,,,public,,Best finds with filiz 🌺,bestfindswithfiliz,https://www.pinterest.com/bestfindswithfiliz,,,42,,,,,,2026-05-17T11:37:13.000Z,2026-06-23T17:23:01.105Z
1.02837E+18,Korean Ground Beef Bowl (25-Minutes): Healthy Dinner Ground Beef Rice Recipes,"Korean Ground Beef Bowl recipes bring so much flavor to your weeknight table quickly. This easy dinner ground beef meal cooks in just 25 minutes, making busy evenings much simpler for you. Imagine tender, savory beef served over fluffy rice for an irresistible taste experience you will want to repeat often. This simple Rice Beef Recipes approach gives you great results every time you make it. Save this for your next meal.",https://tiasavors.com/korean-ground-beef-bowl-25-minutes/,https://www.pinterest.com/pin/1028368896259754104,https://i.pinimg.com/originals/04/7b/de/047bde7358a8c25cc9846920a4008d52.png,"60x60: https://i.pinimg.com/60x60/04/7b/de/047bde7358a8c25cc9846920a4008d52.jpg
136x136: https://i.pinimg.com/136x136/04/7b/de/047bde7358a8c25cc9846920a4008d52.jpg
170x: https://i.pinimg.com/236x/04/7b/de/047bde7358a8c25cc9846920a4008d52.jpg
236x: https://i.pinimg.com/236x/04/7b/de/047bde7358a8c25cc9846920a4008d52.jpg
474x: https://i.pinimg.com/474x/04/7b/de/047bde7358a8c25cc9846920a4008d52.jpg
564x: https://i.pinimg.com/564x/04/7b/de/047bde7358a8c25cc9846920a4008d52.jpg
736x: https://i.pinimg.com/736x/04/7b/de/047bde7358a8c25cc9846920a4008d52.jpg
600x315: https://i.pinimg.com/600x315/04/7b/de/047bde7358a8c25cc9846920a4008d52.jpg
orig: https://i.pinimg.com/originals/04/7b/de/047bde7358a8c25cc9846920a4008d52.png",,,,756,0,9,168,0,0,47,Dinner Ideas,https://www.pinterest.com/tiasavors/dinner-ideas/,,,,public,food_drink,"Tia Savors | Easy Dinner Ideas: Crockpot, Soup, and Vegan Recipes",tiasavors,https://www.pinterest.com/tiasavors,,,66,,,,,,2026-04-01T16:21:34.000Z,2026-06-23T16:42:50.142Z
1.02837E+18,Korean Ground Beef Bowl 25-Minutes: Easy Asian Ground Beef for Busy Weeknights,Asian Ground Beef ideas make dinner simple when you need speed. Get this amazing Korean Ground Beef Bowl recipe ready in just twenty-five minutes! This dish proves what to do with ground beef creates incredible flavor without stress. Your family will request this simple meal often because it tastes great and requires minimal effort from you. This easy recipe uses standard pantry items you likely possess already. Imagine serving a fantastic weeknight dinner soon. Save this preparation method for satisfying comfort food when schedules feel tight. Tap to learn more,https://tiasavors.com/korean-ground-beef-bowl-25-minutes/,https://www.pinterest.com/pin/1028368896260492912,https://i.pinimg.com/originals/94/6b/de/946bde91fb77d81ae265c63c2737ceab.png,"60x60: https://i.pinimg.com/60x60/94/6b/de/946bde91fb77d81ae265c63c2737ceab.jpg
136x136: https://i.pinimg.com/136x136/94/6b/de/946bde91fb77d81ae265c63c2737ceab.jpg
170x: https://i.pinimg.com/236x/94/6b/de/946bde91fb77d81ae265c63c2737ceab.jpg
236x: https://i.pinimg.com/236x/94/6b/de/946bde91fb77d81ae265c63c2737ceab.jpg
474x: https://i.pinimg.com/474x/94/6b/de/946bde91fb77d81ae265c63c2737ceab.jpg
564x: https://i.pinimg.com/564x/94/6b/de/946bde91fb77d81ae265c63c2737ceab.jpg
736x: https://i.pinimg.com/736x/94/6b/de/946bde91fb77d81ae265c63c2737ceab.jpg
600x315: https://i.pinimg.com/600x315/94/6b/de/946bde91fb77d81ae265c63c2737ceab.jpg
orig: https://i.pinimg.com/originals/94/6b/de/946bde91fb77d81ae265c63c2737ceab.png",,,,5886,0,51,970,4,0,96,Dinner Ideas,https://www.pinterest.com/tiasavors/dinner-ideas/,,,,public,food_drink,"Tia Savors | Easy Dinner Ideas: Crockpot, Soup, and Vegan Recipes",tiasavors,https://www.pinterest.com/tiasavors,,,66,,,,,,2026-04-22T16:26:20.000Z,2026-06-23T16:36:49.186Z
1.029E+18,Avocado Mango Salsa Makes Salmon Crisp Bowl Better,"This delicious chili onion crisp salmon bowl gets an amazing tropical twist from the fresh avocado mango salsa. You will love how this vibrant, homemade salsa brightens up your weeknight dinner routine, pairing perfectly with the savory, textured salmon. It’s a full meal that feels special but comes together with very little fuss. Get the exact steps to build your best salmon bowl experience. Save this for later",https://www.curdcravings.com/chili-onion-crisp-salmon-bowl-with-avocado-mango-salsa/,https://www.pinterest.com/pin/1029002214875264684,https://i.pinimg.com/originals/6b/8a/18/6b8a18d7ed76399e83404f0175c187f7.png,"60x60: https://i.pinimg.com/60x60/6b/8a/18/6b8a18d7ed76399e83404f0175c187f7.jpg
136x136: https://i.pinimg.com/136x136/6b/8a/18/6b8a18d7ed76399e83404f0175c187f7.jpg
170x: https://i.pinimg.com/236x/6b/8a/18/6b8a18d7ed76399e83404f0175c187f7.jpg
236x: https://i.pinimg.com/236x/6b/8a/18/6b8a18d7ed76399e83404f0175c187f7.jpg
474x: https://i.pinimg.com/474x/6b/8a/18/6b8a18d7ed76399e83404f0175c187f7.jpg
564x: https://i.pinimg.com/564x/6b/8a/18/6b8a18d7ed76399e83404f0175c187f7.jpg
736x: https://i.pinimg.com/736x/6b/8a/18/6b8a18d7ed76399e83404f0175c187f7.jpg
600x315: https://i.pinimg.com/600x315/6b/8a/18/6b8a18d7ed76399e83404f0175c187f7.jpg
orig: https://i.pinimg.com/originals/6b/8a/18/6b8a18d7ed76399e83404f0175c187f7.png",,,,46,0,0,17,0,0,0,Seafood Recipes,https://www.pinterest.com/curdcravings2/seafood-recipes/,,,,public,,Curd Cravings,curdcravings2,https://www.pinterest.com/curdcravings2,,,36,,,,,,2026-03-03T16:29:12.000Z,2026-06-23T16:42:57.430Z
1.02964E+18,jtstjtst11 on LTK,"Shop ZESICA Women's Summer Bohemian … and other curated products on LTK, the easiest way to shop everything from your favorite creators.",https://www.shopltk.com/explore/jtstjtst11/posts/5693f393-01f2-11ee-8bd5-0242ac110005,https://www.pinterest.com/pin/1029635533541816677,https://i.pinimg.com/originals/3f/dd/9c/3fdd9c04a178c5480899e20e83456b10.jpg,"60x60: https://i.pinimg.com/60x60/3f/dd/9c/3fdd9c04a178c5480899e20e83456b10.jpg
136x136: https://i.pinimg.com/136x136/3f/dd/9c/3fdd9c04a178c5480899e20e83456b10.jpg
170x: https://i.pinimg.com/236x/3f/dd/9c/3fdd9c04a178c5480899e20e83456b10.jpg
236x: https://i.pinimg.com/236x/3f/dd/9c/3fdd9c04a178c5480899e20e83456b10.jpg
474x: https://i.pinimg.com/474x/3f/dd/9c/3fdd9c04a178c5480899e20e83456b10.jpg
564x: https://i.pinimg.com/564x/3f/dd/9c/3fdd9c04a178c5480899e20e83456b10.jpg
736x: https://i.pinimg.com/736x/3f/dd/9c/3fdd9c04a178c5480899e20e83456b10.jpg
600x315: https://i.pinimg.com/600x315/3f/dd/9c/3fdd9c04a178c5480899e20e83456b10.jpg
orig: https://i.pinimg.com/originals/3f/dd/9c/3fdd9c04a178c5480899e20e83456b10.jpg",,,,1,0,0,0,0,0,0,Beach Vacation outfit,https://www.pinterest.com/jtstjtst11/beach-vacation-outfit/,,,,public,,Jenn Truman,jtstjtst11,https://www.pinterest.com/jtstjtst11,,,51,,,,,,2023-06-03T17:05:56.000Z,2026-06-23T17:24:52.306Z
1.02978E+18,Pink Palm Puff Outfit!!!,,,https://www.pinterest.com/pin/1029776271057604241,https://i.pinimg.com/originals/58/fc/6b/58fc6b65773ede17a41c823fb2cd6b51.png,"60x60: https://i.pinimg.com/60x60/58/fc/6b/58fc6b65773ede17a41c823fb2cd6b51.jpg
136x136: https://i.pinimg.com/136x136/58/fc/6b/58fc6b65773ede17a41c823fb2cd6b51.jpg
170x: https://i.pinimg.com/236x/58/fc/6b/58fc6b65773ede17a41c823fb2cd6b51.jpg
236x: https://i.pinimg.com/236x/58/fc/6b/58fc6b65773ede17a41c823fb2cd6b51.jpg
474x: https://i.pinimg.com/474x/58/fc/6b/58fc6b65773ede17a41c823fb2cd6b51.jpg
564x: https://i.pinimg.com/564x/58/fc/6b/58fc6b65773ede17a41c823fb2cd6b51.jpg
736x: https://i.pinimg.com/736x/58/fc/6b/58fc6b65773ede17a41c823fb2cd6b51.jpg
600x315: https://i.pinimg.com/600x315/58/fc/6b/58fc6b65773ede17a41c823fb2cd6b51.jpg
orig: https://i.pinimg.com/originals/58/fc/6b/58fc6b65773ede17a41c823fb2cd6b51.png",,,,13,0,2,5,0,0,0,Pins by you,https://www.pinterest.com/Besties101010/_quick_creates/,,,,public,,☀️💋Sun-Kissed Sisters💋☀️,Besties101010,https://www.pinterest.com/Besties101010,,,654,,,,,,2025-10-22T01:31:47.000Z,2026-06-23T17:29:20.887Z
1.03259E+18,Elevated Casual Looks for Curvy Women: Summer 2025 Outfit Ideas for Every Body,"Curvy women deserve outfits that move with them. This summer 2025 guide brings together casual, bold, and festival-ready styles — all made for real life and real bodies. Packed with fashion style plus size inspiration that flatters and empowers.",https://voxen.info/curvy-outfit-ideas-summer-for-women-who-love-casual-fashionable-and-hot-seasonal-style/,https://www.pinterest.com/pin/1032591020820209194,https://i.pinimg.com/originals/bb/86/ac/bb86ac5c19a3d0053489c2d2da4bbf74.jpg,"60x60: https://i.pinimg.com/60x60/bb/86/ac/bb86ac5c19a3d0053489c2d2da4bbf74.jpg
136x136: https://i.pinimg.com/136x136/bb/86/ac/bb86ac5c19a3d0053489c2d2da4bbf74.jpg
170x: https://i.pinimg.com/236x/bb/86/ac/bb86ac5c19a3d0053489c2d2da4bbf74.jpg
236x: https://i.pinimg.com/236x/bb/86/ac/bb86ac5c19a3d0053489c2d2da4bbf74.jpg
474x: https://i.pinimg.com/474x/bb/86/ac/bb86ac5c19a3d0053489c2d2da4bbf74.jpg
564x: https://i.pinimg.com/564x/bb/86/ac/bb86ac5c19a3d0053489c2d2da4bbf74.jpg
736x: https://i.pinimg.com/736x/bb/86/ac/bb86ac5c19a3d0053489c2d2da4bbf74.jpg
600x315: https://i.pinimg.com/600x315/bb/86/ac/bb86ac5c19a3d0053489c2d2da4bbf74.jpg
orig: https://i.pinimg.com/originals/bb/86/ac/bb86ac5c19a3d0053489c2d2da4bbf74.jpg",,,,162,0,34,20,24,0,7,Summer Outfits for Women 2025,https://www.pinterest.com/voxen_info/summer-outfits-for-women-2025/,,,,public,,Voxen: Beauty Ideas with Yevheniia,voxen_info,https://www.pinterest.com/voxen_info,,,2014,,,,,,2025-04-10T15:57:30.000Z,2026-06-23T17:14:52.736Z
1.03259E+18,Boho Summer Outfits 2026: Chic Cottagecore & Flowy Prairie Styles 🌸🌟,"Discover the latest boho summer trends for 2026! This collage showcases feminine, flowy outfits perfect for cottagecore and prairie aesthetics. From sweet crop tops to tiered sundresses in muted pastels, find your next favorite bohemian look. ✨.",https://voxen.info/boho-summer-outfits-for-women-2026/,https://www.pinterest.com/pin/1032591020836002730,https://i.pinimg.com/originals/55/b7/74/55b774de8f63fdf1ed1100c0301af1e4.jpg,"60x60: https://i.pinimg.com/60x60/55/b7/74/55b774de8f63fdf1ed1100c0301af1e4.jpg
136x136: https://i.pinimg.com/136x136/55/b7/74/55b774de8f63fdf1ed1100c0301af1e4.jpg
170x: https://i.pinimg.com/236x/55/b7/74/55b774de8f63fdf1ed1100c0301af1e4.jpg
236x: https://i.pinimg.com/236x/55/b7/74/55b774de8f63fdf1ed1100c0301af1e4.jpg
474x: https://i.pinimg.com/474x/55/b7/74/55b774de8f63fdf1ed1100c0301af1e4.jpg
564x: https://i.pinimg.com/564x/55/b7/74/55b774de8f63fdf1ed1100c0301af1e4.jpg
736x: https://i.pinimg.com/736x/55/b7/74/55b774de8f63fdf1ed1100c0301af1e4.jpg
600x315: https://i.pinimg.com/600x315/55/b7/74/55b774de8f63fdf1ed1100c0301af1e4.jpg
orig: https://i.pinimg.com/originals/55/b7/74/55b774de8f63fdf1ed1100c0301af1e4.jpg",,,,1,0,0,0,0,0,0,24 Boho Summer Outfits 2026 for Women & Trends,https://www.pinterest.com/voxen_info/24-boho-summer-outfits-2026-for-women-trends/,,,,public,,Voxen: Beauty Ideas with Yevheniia,voxen_info,https://www.pinterest.com/voxen_info,,,2014,,,,,,2026-05-29T16:03:47.000Z,2026-06-23T17:22:56.478Z
1.03266E+18,,,,https://www.pinterest.com/pin/1032661389572795649,https://i.pinimg.com/originals/a7/cf/35/a7cf35fc2fb6d491e8c1cfb6296d0570.png,"60x60: https://i.pinimg.com/60x60/a7/cf/35/a7cf35fc2fb6d491e8c1cfb6296d0570.jpg
136x136: https://i.pinimg.com/136x136/a7/cf/35/a7cf35fc2fb6d491e8c1cfb6296d0570.jpg
170x: https://i.pinimg.com/236x/a7/cf/35/a7cf35fc2fb6d491e8c1cfb6296d0570.jpg
236x: https://i.pinimg.com/236x/a7/cf/35/a7cf35fc2fb6d491e8c1cfb6296d0570.jpg
474x: https://i.pinimg.com/474x/a7/cf/35/a7cf35fc2fb6d491e8c1cfb6296d0570.jpg
564x: https://i.pinimg.com/564x/a7/cf/35/a7cf35fc2fb6d491e8c1cfb6296d0570.jpg
736x: https://i.pinimg.com/736x/a7/cf/35/a7cf35fc2fb6d491e8c1cfb6296d0570.jpg
600x315: https://i.pinimg.com/600x315/a7/cf/35/a7cf35fc2fb6d491e8c1cfb6296d0570.jpg
orig: https://i.pinimg.com/originals/a7/cf/35/a7cf35fc2fb6d491e8c1cfb6296d0570.png",,,,1718,0,177,745,0,0,7,Classy dress 👗,https://www.pinterest.com/Aminatrustworthy/classy-dress/,,,,public,,Amina,Aminatrustworthy,https://www.pinterest.com/Aminatrustworthy,,,104,,,,,,2026-01-17T04:50:08.000Z,2026-06-23T17:24:21.170Z
1.03379E+18,Daisy Swim - Cherry Gingham,"This two-piece swim set features a flirty scoop neckline with ruffle details and the most adorable mix of pink gingham and red gingham for a fun, eye-catching color combo. Cute yet comfy, it’s perfect for pool days, beach hangs, and soaking up the sun in style. A total summer favorite you’ll reach for again and again",https://cocolillys.com/products/delray-swim-cobalt-velvet-copy,https://www.pinterest.com/pin/1033787289503644887,https://i.pinimg.com/originals/56/40/32/56403256f7acdcd0835524aed06100b4.jpg,"60x60: https://i.pinimg.com/60x60/56/40/32/56403256f7acdcd0835524aed06100b4.jpg
136x136: https://i.pinimg.com/136x136/56/40/32/56403256f7acdcd0835524aed06100b4.jpg
170x: https://i.pinimg.com/236x/56/40/32/56403256f7acdcd0835524aed06100b4.jpg
236x: https://i.pinimg.com/236x/56/40/32/56403256f7acdcd0835524aed06100b4.jpg
474x: https://i.pinimg.com/474x/56/40/32/56403256f7acdcd0835524aed06100b4.jpg
564x: https://i.pinimg.com/564x/56/40/32/56403256f7acdcd0835524aed06100b4.jpg
736x: https://i.pinimg.com/736x/56/40/32/56403256f7acdcd0835524aed06100b4.jpg
600x315: https://i.pinimg.com/600x315/56/40/32/56403256f7acdcd0835524aed06100b4.jpg
orig: https://i.pinimg.com/originals/56/40/32/56403256f7acdcd0835524aed06100b4.jpg",,,,7,0,0,6,0,0,0,clothesss,https://www.pinterest.com/thecleancollective/clothesss/,,,,public,,Calm & collected,thecleancollective,https://www.pinterest.com/thecleancollective,,,1,,,,,,2026-05-07T19:22:23.000Z,2026-06-23T17:29:43.463Z
1.03442E+17,,,https://www.cupshe.com/products/barefoot-walk-beige-cover-up-maxi-dress-CAA07B4M006HH,https://www.pinterest.com/pin/103442122689037294,https://i.pinimg.com/originals/34/d2/96/34d2963efda5f62207e024af412bc9ad.jpg,"60x60: https://i.pinimg.com/60x60/34/d2/96/34d2963efda5f62207e024af412bc9ad.jpg
136x136: https://i.pinimg.com/136x136/34/d2/96/34d2963efda5f62207e024af412bc9ad.jpg
170x: https://i.pinimg.com/236x/34/d2/96/34d2963efda5f62207e024af412bc9ad.jpg
236x: https://i.pinimg.com/236x/34/d2/96/34d2963efda5f62207e024af412bc9ad.jpg
474x: https://i.pinimg.com/474x/34/d2/96/34d2963efda5f62207e024af412bc9ad.jpg
564x: https://i.pinimg.com/564x/34/d2/96/34d2963efda5f62207e024af412bc9ad.jpg
736x: https://i.pinimg.com/736x/34/d2/96/34d2963efda5f62207e024af412bc9ad.jpg
600x315: https://i.pinimg.com/600x315/34/d2/96/34d2963efda5f62207e024af412bc9ad.jpg
orig: https://i.pinimg.com/originals/34/d2/96/34d2963efda5f62207e024af412bc9ad.jpg",,,,6,0,1,5,0,0,0,style | pieces of flair,https://www.pinterest.com/ksolo22/style-pieces-of-flair/,,,,public,womens_fashion,K I S H A  S O L O M O N,ksolo22,https://www.pinterest.com/ksolo22,,,299,,,,,,2026-05-05T13:28:26.000Z,2026-06-23T17:23:13.615Z
1.03724E+17,Cute Beach Outfits,The Beach is my Fav place to go (how about you?),,https://www.pinterest.com/pin/103723597663589009,https://i.pinimg.com/originals/54/b9/05/54b90514c14c9c5b386fd45acf5a1d8a.jpg,"60x60: https://i.pinimg.com/60x60/54/b9/05/54b90514c14c9c5b386fd45acf5a1d8a.jpg
136x136: https://i.pinimg.com/136x136/54/b9/05/54b90514c14c9c5b386fd45acf5a1d8a.jpg
170x: https://i.pinimg.com/236x/54/b9/05/54b90514c14c9c5b386fd45acf5a1d8a.jpg
236x: https://i.pinimg.com/236x/54/b9/05/54b90514c14c9c5b386fd45acf5a1d8a.jpg
474x: https://i.pinimg.com/474x/54/b9/05/54b90514c14c9c5b386fd45acf5a1d8a.jpg
564x: https://i.pinimg.com/564x/54/b9/05/54b90514c14c9c5b386fd45acf5a1d8a.jpg
736x: https://i.pinimg.com/736x/54/b9/05/54b90514c14c9c5b386fd45acf5a1d8a.jpg
600x315: https://i.pinimg.com/600x315/54/b9/05/54b90514c14c9c5b386fd45acf5a1d8a.jpg
orig: https://i.pinimg.com/originals/54/b9/05/54b90514c14c9c5b386fd45acf5a1d8a.jpg",,,,8,0,0,2,0,0,0,FL 🤍🌴Winter Beach Vibes 25,https://www.pinterest.com/HeyUFGirl/fl-winter-beach-vibes-25/,,,,public,,HeyUFGirl,HeyUFGirl,https://www.pinterest.com/HeyUFGirl,,,65,,,,,,2025-12-17T23:54:06.000Z,2026-06-23T17:12:25.608Z
1.03808E+18,Cream Boho Halter Mini Dress | Summer Beach Vacation Outfit Ideas,"for the perfect romantic summer dress? 🤍 This stunning cream Swiss dot boho halter mini dress is an absolute must-have for your wardrobe. Featuring a deep V-neckline, flattering smocked empire waist, and layered ruffle tiered skirt, it offers a beautiful flowy silhouette that moves gracefully. The breezy backless design with a subtle high-low hemline makes it an effortlessly chic option for hot summer days, beach vacations, tropical cruises, and outdoor music festivals. Pair this dreamy bohemian look with a woven straw tote bag and strappy sandals to capture the ultimate European summer aesthetic. Click to shop affordable under $30 summer sundresses and get inspired for your next travel wardrobe! 


#BohoDress #SummerOutfits #VacationOutfits #BeachStyle #SundressSeason #BohoChic #",,https://www.pinterest.com/pin/1038079782881364482,https://i.pinimg.com/originals/08/60/28/086028cce8603962204c6b6baf82eac3.png,"60x60: https://i.pinimg.com/60x60/08/60/28/086028cce8603962204c6b6baf82eac3.jpg
136x136: https://i.pinimg.com/136x136/08/60/28/086028cce8603962204c6b6baf82eac3.jpg
170x: https://i.pinimg.com/236x/08/60/28/086028cce8603962204c6b6baf82eac3.jpg
236x: https://i.pinimg.com/236x/08/60/28/086028cce8603962204c6b6baf82eac3.jpg
474x: https://i.pinimg.com/474x/08/60/28/086028cce8603962204c6b6baf82eac3.jpg
564x: https://i.pinimg.com/564x/08/60/28/086028cce8603962204c6b6baf82eac3.jpg
736x: https://i.pinimg.com/736x/08/60/28/086028cce8603962204c6b6baf82eac3.jpg
600x315: https://i.pinimg.com/600x315/08/60/28/086028cce8603962204c6b6baf82eac3.jpg
orig: https://i.pinimg.com/originals/08/60/28/086028cce8603962204c6b6baf82eac3.png",,,,4,0,0,3,0,0,0,Aesthetic  Spring Outfits 2026 🌸,https://www.pinterest.com/budgetblissfinds28/aesthetic-spring-outfits-2026/,,,,public,,BudgetBliss Finds,budgetblissfinds28,https://www.pinterest.com/budgetblissfinds28,,,13,,,,,,2026-06-07T16:06:01.000Z,2026-06-23T17:29:56.591Z
1.03815E+18,𝐞𝐝𝐢𝐭𝐞𝐝 𝐛𝐲 𝐚𝐬𝐡𝐢𝐞 𝐨𝐧 𝐩𝐢𝐧𝐭𝐞𝐫𝐞𝐬𝐭,,,https://www.pinterest.com/pin/1038150151572788849,https://i.pinimg.com/originals/c0/3b/62/c03b62441f09c0ffffea2168b4df8b4f.jpg,"60x60: https://i.pinimg.com/60x60/c0/3b/62/c03b62441f09c0ffffea2168b4df8b4f.jpg
136x136: https://i.pinimg.com/136x136/c0/3b/62/c03b62441f09c0ffffea2168b4df8b4f.jpg
170x: https://i.pinimg.com/236x/c0/3b/62/c03b62441f09c0ffffea2168b4df8b4f.jpg
236x: https://i.pinimg.com/236x/c0/3b/62/c03b62441f09c0ffffea2168b4df8b4f.jpg
474x: https://i.pinimg.com/474x/c0/3b/62/c03b62441f09c0ffffea2168b4df8b4f.jpg
564x: https://i.pinimg.com/564x/c0/3b/62/c03b62441f09c0ffffea2168b4df8b4f.jpg
736x: https://i.pinimg.com/736x/c0/3b/62/c03b62441f09c0ffffea2168b4df8b4f.jpg
600x315: https://i.pinimg.com/600x315/c0/3b/62/c03b62441f09c0ffffea2168b4df8b4f.jpg
orig: https://i.pinimg.com/originals/c0/3b/62/c03b62441f09c0ffffea2168b4df8b4f.jpg",,,,5,0,0,0,0,0,0,~|pics|~,https://www.pinterest.com/snowangel11224/~pics~/,,,,public,,Frosty The ☃️☃️,snowangel11224,https://www.pinterest.com/snowangel11224,,,54,,,,,,2021-05-02T00:04:18.000Z,2026-06-23T17:29:11.767Z
1.03836E+18,🍰,,,https://www.pinterest.com/pin/1038361257807670232,https://i.pinimg.com/originals/1a/01/32/1a0132c3270a77e30f2cc3ff3a82cfeb.jpg,"60x60: https://i.pinimg.com/60x60/1a/01/32/1a0132c3270a77e30f2cc3ff3a82cfeb.jpg
136x136: https://i.pinimg.com/136x136/1a/01/32/1a0132c3270a77e30f2cc3ff3a82cfeb.jpg
170x: https://i.pinimg.com/236x/1a/01/32/1a0132c3270a77e30f2cc3ff3a82cfeb.jpg
236x: https://i.pinimg.com/236x/1a/01/32/1a0132c3270a77e30f2cc3ff3a82cfeb.jpg
474x: https://i.pinimg.com/474x/1a/01/32/1a0132c3270a77e30f2cc3ff3a82cfeb.jpg
564x: https://i.pinimg.com/564x/1a/01/32/1a0132c3270a77e30f2cc3ff3a82cfeb.jpg
736x: https://i.pinimg.com/736x/1a/01/32/1a0132c3270a77e30f2cc3ff3a82cfeb.jpg
600x315: https://i.pinimg.com/600x315/1a/01/32/1a0132c3270a77e30f2cc3ff3a82cfeb.jpg
orig: https://i.pinimg.com/originals/1a/01/32/1a0132c3270a77e30f2cc3ff3a82cfeb.jpg",,,,227,0,4,3,0,0,0,fits ☻︎,https://www.pinterest.com/muchl0veallie/fits/,,,,public,,𝐀𝐋𝐋𝐈𝐄 🪩,muchl0veallie,https://www.pinterest.com/muchl0veallie,,,3202,,,,,,2022-02-05T03:05:53.000Z,2026-06-23T17:29:15.030Z
1.03871E+18,,,,https://www.pinterest.com/pin/1038713101580896711,https://i.pinimg.com/originals/86/39/55/863955a886c8bdcfc1968270d71c8e16.png,"60x60: https://i.pinimg.com/60x60/86/39/55/863955a886c8bdcfc1968270d71c8e16.jpg
136x136: https://i.pinimg.com/136x136/86/39/55/863955a886c8bdcfc1968270d71c8e16.jpg
170x: https://i.pinimg.com/236x/86/39/55/863955a886c8bdcfc1968270d71c8e16.jpg
236x: https://i.pinimg.com/236x/86/39/55/863955a886c8bdcfc1968270d71c8e16.jpg
474x: https://i.pinimg.com/474x/86/39/55/863955a886c8bdcfc1968270d71c8e16.jpg
564x: https://i.pinimg.com/564x/86/39/55/863955a886c8bdcfc1968270d71c8e16.jpg
736x: https://i.pinimg.com/736x/86/39/55/863955a886c8bdcfc1968270d71c8e16.jpg
600x315: https://i.pinimg.com/600x315/86/39/55/863955a886c8bdcfc1968270d71c8e16.jpg
orig: https://i.pinimg.com/originals/86/39/55/863955a886c8bdcfc1968270d71c8e16.png",,,,2,0,0,1,0,0,0,Bohemian Fashion,https://www.pinterest.com/charlesefe53/bohemian-fashion/,,,,public,,"Cesther | Outfits, Fashion Tips & Style.",charlesefe53,https://www.pinterest.com/charlesefe53,,,420,,,,,,2026-06-08T18:36:07.000Z,2026-06-23T17:21:40.290Z
1.03871E+18,,,,https://www.pinterest.com/pin/1038713101580896746,https://i.pinimg.com/originals/81/ab/1f/81ab1f4c0a89a9cbb26aa414ffda5ecd.png,"60x60: https://i.pinimg.com/60x60/81/ab/1f/81ab1f4c0a89a9cbb26aa414ffda5ecd.jpg
136x136: https://i.pinimg.com/136x136/81/ab/1f/81ab1f4c0a89a9cbb26aa414ffda5ecd.jpg
170x: https://i.pinimg.com/236x/81/ab/1f/81ab1f4c0a89a9cbb26aa414ffda5ecd.jpg
236x: https://i.pinimg.com/236x/81/ab/1f/81ab1f4c0a89a9cbb26aa414ffda5ecd.jpg
474x: https://i.pinimg.com/474x/81/ab/1f/81ab1f4c0a89a9cbb26aa414ffda5ecd.jpg
564x: https://i.pinimg.com/564x/81/ab/1f/81ab1f4c0a89a9cbb26aa414ffda5ecd.jpg
736x: https://i.pinimg.com/736x/81/ab/1f/81ab1f4c0a89a9cbb26aa414ffda5ecd.jpg
600x315: https://i.pinimg.com/600x315/81/ab/1f/81ab1f4c0a89a9cbb26aa414ffda5ecd.jpg
orig: https://i.pinimg.com/originals/81/ab/1f/81ab1f4c0a89a9cbb26aa414ffda5ecd.png",,,,7,0,2,3,0,0,1,Hippie Outfits,https://www.pinterest.com/charlesefe53/hippie-outfits/,,,,public,,"Cesther | Outfits, Fashion Tips & Style.",charlesefe53,https://www.pinterest.com/charlesefe53,,,420,,,,,,2026-06-08T18:37:46.000Z,2026-06-23T17:21:58.384Z
1.03871E+18,,,,https://www.pinterest.com/pin/1038713101580896774,https://i.pinimg.com/originals/ac/f1/42/acf14243e912ee5486f5a8f4e74934a9.png,"60x60: https://i.pinimg.com/60x60/ac/f1/42/acf14243e912ee5486f5a8f4e74934a9.jpg
136x136: https://i.pinimg.com/136x136/ac/f1/42/acf14243e912ee5486f5a8f4e74934a9.jpg
170x: https://i.pinimg.com/236x/ac/f1/42/acf14243e912ee5486f5a8f4e74934a9.jpg
236x: https://i.pinimg.com/236x/ac/f1/42/acf14243e912ee5486f5a8f4e74934a9.jpg
474x: https://i.pinimg.com/474x/ac/f1/42/acf14243e912ee5486f5a8f4e74934a9.jpg
564x: https://i.pinimg.com/564x/ac/f1/42/acf14243e912ee5486f5a8f4e74934a9.jpg
736x: https://i.pinimg.com/736x/ac/f1/42/acf14243e912ee5486f5a8f4e74934a9.jpg
600x315: https://i.pinimg.com/600x315/ac/f1/42/acf14243e912ee5486f5a8f4e74934a9.jpg
orig: https://i.pinimg.com/originals/ac/f1/42/acf14243e912ee5486f5a8f4e74934a9.png",,,,4,0,2,3,0,0,0,Gypsycore Fashion,https://www.pinterest.com/charlesefe53/gypsycore-fashion/,,,,public,,"Cesther | Outfits, Fashion Tips & Style.",charlesefe53,https://www.pinterest.com/charlesefe53,,,420,,,,,,2026-06-08T18:38:52.000Z,2026-06-23T17:21:47.516Z
1.03878E+18,17 Plus Size Summer Beach Outfits For Curvy Women 2026,"Planning a tropical escape soon? Discover Plus Size Vacations Summer Beach Outfits packed with styling ideas, lightweight dresses, and swimwear made to flatter curves. These Plus Size Beachwear Summer Outfits are perfect for vacations, resort days, and seaside strolls. Explore Plus Size Summer Outfits At The Beach along with Plus Size Beach Outfits Big Stomach inspiration. Click this pin for vacation looks and save it to your summer outfit boards.",https://thegoodpositive.com/plus-size-summer-beach-outfits-curvy-women/,https://www.pinterest.com/pin/1038783470318344631,https://i.pinimg.com/originals/92/8a/1d/928a1d408b3979c7104cfc9c1663318d.png,"60x60: https://i.pinimg.com/60x60/92/8a/1d/928a1d408b3979c7104cfc9c1663318d.jpg
136x136: https://i.pinimg.com/136x136/92/8a/1d/928a1d408b3979c7104cfc9c1663318d.jpg
170x: https://i.pinimg.com/236x/92/8a/1d/928a1d408b3979c7104cfc9c1663318d.jpg
236x: https://i.pinimg.com/236x/92/8a/1d/928a1d408b3979c7104cfc9c1663318d.jpg
474x: https://i.pinimg.com/474x/92/8a/1d/928a1d408b3979c7104cfc9c1663318d.jpg
564x: https://i.pinimg.com/564x/92/8a/1d/928a1d408b3979c7104cfc9c1663318d.jpg
736x: https://i.pinimg.com/736x/92/8a/1d/928a1d408b3979c7104cfc9c1663318d.jpg
600x315: https://i.pinimg.com/600x315/92/8a/1d/928a1d408b3979c7104cfc9c1663318d.jpg
orig: https://i.pinimg.com/originals/92/8a/1d/928a1d408b3979c7104cfc9c1663318d.png",,,,3,0,0,2,0,0,1,Plus Size Summer Outfits For Curvy Women 2026,https://www.pinterest.com/thegoodpositive/plus-size-summer-outfits-for-curvy-women-2026/,,,,public,,The Good Positive | Women's Fashion,thegoodpositive,https://www.pinterest.com/thegoodpositive,,,4471,,,,,,2026-05-07T11:11:32.000Z,2026-06-23T17:12:03.311Z
1.03928E+18,Boho Beach Outfits That Are Easy to Recreate,"Looking for cute beach outfits that are actually wearable? These beachy boho outfits are perfect for vacation days, sunset dinners, and everything in between. From breezy dresses to matching sets, these bohemian summer outfits are easy to mix, match, and style. I’ve saved all my favorite pieces so you can shop the full looks and simplify your outfit planning.

As an Amazon Associate, I earn from qualifying purchases.",https://www.amazon.com/shop/influencer-79663465/list/2TE6DQPUTIH4B?ref_=aipsflist,https://www.pinterest.com/pin/1039276051527622512,https://i.pinimg.com/originals/67/9d/9d/679d9d538b0bc63e6c96ce010c7387e1.png,"60x60: https://i.pinimg.com/60x60/67/9d/9d/679d9d538b0bc63e6c96ce010c7387e1.jpg
136x136: https://i.pinimg.com/136x136/67/9d/9d/679d9d538b0bc63e6c96ce010c7387e1.jpg
170x: https://i.pinimg.com/236x/67/9d/9d/679d9d538b0bc63e6c96ce010c7387e1.jpg
236x: https://i.pinimg.com/236x/67/9d/9d/679d9d538b0bc63e6c96ce010c7387e1.jpg
474x: https://i.pinimg.com/474x/67/9d/9d/679d9d538b0bc63e6c96ce010c7387e1.jpg
564x: https://i.pinimg.com/564x/67/9d/9d/679d9d538b0bc63e6c96ce010c7387e1.jpg
736x: https://i.pinimg.com/736x/67/9d/9d/679d9d538b0bc63e6c96ce010c7387e1.jpg
600x315: https://i.pinimg.com/600x315/67/9d/9d/679d9d538b0bc63e6c96ce010c7387e1.jpg
orig: https://i.pinimg.com/originals/67/9d/9d/679d9d538b0bc63e6c96ce010c7387e1.png",,,,1,0,0,0,0,0,0,Travel Outfit Ideas,https://www.pinterest.com/inajaytravel/travel-outfit-ideas/,,,,public,,"Ina & Jay | Tropical Travel Lifestyle, Packing & Outfits",inajaytravel,https://www.pinterest.com/inajaytravel,,,19,,,,,,2026-04-05T10:01:21.000Z,2026-06-23T17:22:42.988Z
1.03928E+18,"7 Outfits, 1 Carry-On: Beach Vacation Travel Capsule for Women","Create 7 outfits with just one carry on. This beach vacation wardrobe shows how to mix and match your clothing so you always have something to wear. 

This post may contain affiliate links.",https://www.inajaytravel.com/post/the-ultimate-7-day-beach-vacation-wardrobe-carry-on-only,https://www.pinterest.com/pin/1039276051528153133,https://i.pinimg.com/originals/5d/b5/c1/5db5c19f5ab6184e9806e2095551286e.png,"60x60: https://i.pinimg.com/60x60/5d/b5/c1/5db5c19f5ab6184e9806e2095551286e.jpg
136x136: https://i.pinimg.com/136x136/5d/b5/c1/5db5c19f5ab6184e9806e2095551286e.jpg
170x: https://i.pinimg.com/236x/5d/b5/c1/5db5c19f5ab6184e9806e2095551286e.jpg
236x: https://i.pinimg.com/236x/5d/b5/c1/5db5c19f5ab6184e9806e2095551286e.jpg
474x: https://i.pinimg.com/474x/5d/b5/c1/5db5c19f5ab6184e9806e2095551286e.jpg
564x: https://i.pinimg.com/564x/5d/b5/c1/5db5c19f5ab6184e9806e2095551286e.jpg
736x: https://i.pinimg.com/736x/5d/b5/c1/5db5c19f5ab6184e9806e2095551286e.jpg
600x315: https://i.pinimg.com/600x315/5d/b5/c1/5db5c19f5ab6184e9806e2095551286e.jpg
orig: https://i.pinimg.com/originals/5d/b5/c1/5db5c19f5ab6184e9806e2095551286e.png",,,,1,0,0,0,0,0,0,Beach Vacation Outfits,https://www.pinterest.com/inajaytravel/beach-vacation-outfits/,,,,public,,"Ina & Jay | Tropical Travel Lifestyle, Packing & Outfits",inajaytravel,https://www.pinterest.com/inajaytravel,,,19,,,,,,2026-04-20T07:32:48.000Z,2026-06-23T17:14:12.678Z
1.03935E+18,,,,https://www.pinterest.com/pin/1039346420224075965,https://i.pinimg.com/originals/8f/3e/f6/8f3ef6e9c3f4bda7d41fe034815a03d8.jpg,"60x60: https://i.pinimg.com/60x60/8f/3e/f6/8f3ef6e9c3f4bda7d41fe034815a03d8.jpg
136x136: https://i.pinimg.com/136x136/8f/3e/f6/8f3ef6e9c3f4bda7d41fe034815a03d8.jpg
170x: https://i.pinimg.com/236x/8f/3e/f6/8f3ef6e9c3f4bda7d41fe034815a03d8.jpg
236x: https://i.pinimg.com/236x/8f/3e/f6/8f3ef6e9c3f4bda7d41fe034815a03d8.jpg
474x: https://i.pinimg.com/474x/8f/3e/f6/8f3ef6e9c3f4bda7d41fe034815a03d8.jpg
564x: https://i.pinimg.com/564x/8f/3e/f6/8f3ef6e9c3f4bda7d41fe034815a03d8.jpg
736x: https://i.pinimg.com/736x/8f/3e/f6/8f3ef6e9c3f4bda7d41fe034815a03d8.jpg
600x315: https://i.pinimg.com/600x315/8f/3e/f6/8f3ef6e9c3f4bda7d41fe034815a03d8.jpg
orig: https://i.pinimg.com/originals/8f/3e/f6/8f3ef6e9c3f4bda7d41fe034815a03d8.jpg",,,,98,0,1,1,0,0,0,Fit,https://www.pinterest.com/adairADAIRWEE/fit/,,,,public,,ADAIR,adairADAIRWEE,https://www.pinterest.com/adairADAIRWEE,,,24,,,,,,2021-06-15T13:18:37.000Z,2026-06-23T17:28:38.326Z
1.03977E+18,Knusprige Kartoffeltaschen mit Spinat & Frischkäse,"Entdecken Sie das perfekte Rezept für knusprige Kartoffeltaschen, die mit einer köstlichen Füllung aus frischem Spinat und cremigem Frischkäse begeistert. Diese herzhaften Taschen sind ideal als leichtes Mittagessen oder als Snack für zwischendurch. Außen goldbraun und knusprig, innen wunderbar cremig – Sie werden nie genug davon bekommen! Einfach zu machen und voller Geschmack, sind diese Kartoffeltaschen eine hervorragende Wahl für Vegetarier und alle, die gesunde, schmackhafte Gerichte lie...",,https://www.pinterest.com/pin/1039768632732412012,https://i.pinimg.com/originals/a2/88/40/a28840febcc63b58127953f4d08f4371.jpg,"60x60: https://i.pinimg.com/60x60/a2/88/40/a28840febcc63b58127953f4d08f4371.jpg
136x136: https://i.pinimg.com/136x136/a2/88/40/a28840febcc63b58127953f4d08f4371.jpg
170x: https://i.pinimg.com/236x/a2/88/40/a28840febcc63b58127953f4d08f4371.jpg
236x: https://i.pinimg.com/236x/a2/88/40/a28840febcc63b58127953f4d08f4371.jpg
474x: https://i.pinimg.com/474x/a2/88/40/a28840febcc63b58127953f4d08f4371.jpg
564x: https://i.pinimg.com/564x/a2/88/40/a28840febcc63b58127953f4d08f4371.jpg
736x: https://i.pinimg.com/736x/a2/88/40/a28840febcc63b58127953f4d08f4371.jpg
600x315: https://i.pinimg.com/600x315/a2/88/40/a28840febcc63b58127953f4d08f4371.jpg
orig: https://i.pinimg.com/originals/a2/88/40/a28840febcc63b58127953f4d08f4371.jpg",,,,119,0,3,28,0,0,1,Mittagessen,https://www.pinterest.com/Backen_Wie_Mama/mittagessen/,,,,public,,backenwiemama,Backen_Wie_Mama,https://www.pinterest.com/Backen_Wie_Mama,,,92,,,,,,2025-08-11T20:34:18.000Z,2026-06-23T16:36:49.265Z
1.03998E+18,❀,,,https://www.pinterest.com/pin/1039979738955909426,https://i.pinimg.com/originals/23/19/d4/2319d45a25d05a0f56eb4435e186cc1d.jpg,"60x60: https://i.pinimg.com/60x60/23/19/d4/2319d45a25d05a0f56eb4435e186cc1d.jpg
136x136: https://i.pinimg.com/136x136/23/19/d4/2319d45a25d05a0f56eb4435e186cc1d.jpg
170x: https://i.pinimg.com/236x/23/19/d4/2319d45a25d05a0f56eb4435e186cc1d.jpg
236x: https://i.pinimg.com/236x/23/19/d4/2319d45a25d05a0f56eb4435e186cc1d.jpg
474x: https://i.pinimg.com/474x/23/19/d4/2319d45a25d05a0f56eb4435e186cc1d.jpg
564x: https://i.pinimg.com/564x/23/19/d4/2319d45a25d05a0f56eb4435e186cc1d.jpg
736x: https://i.pinimg.com/736x/23/19/d4/2319d45a25d05a0f56eb4435e186cc1d.jpg
600x315: https://i.pinimg.com/600x315/23/19/d4/2319d45a25d05a0f56eb4435e186cc1d.jpg
orig: https://i.pinimg.com/originals/23/19/d4/2319d45a25d05a0f56eb4435e186cc1d.jpg",,,,409,0,24,292,0,0,5,outfits,https://www.pinterest.com/xoprettygirl0/outfits/,,,,public,,₊˚꩜ 𝐄𝐬𝐭𝐡𝐞𝐫 ✮˚₊,xoprettygirl0,https://www.pinterest.com/xoprettygirl0,,,3,,,,,,2025-05-15T01:59:31.000Z,2026-06-23T17:28:54.065Z
1.04118E+18,,edited by itsmaddieclaire with lightroom ⋆ vsco: @lilajohnson ❀,,https://www.pinterest.com/pin/1041176007572353896,https://i.pinimg.com/originals/47/7e/6e/477e6e3b461d31b7f578e6c5dad3e743.jpg,"60x60: https://i.pinimg.com/60x60/47/7e/6e/477e6e3b461d31b7f578e6c5dad3e743.jpg
136x136: https://i.pinimg.com/136x136/47/7e/6e/477e6e3b461d31b7f578e6c5dad3e743.jpg
170x: https://i.pinimg.com/236x/47/7e/6e/477e6e3b461d31b7f578e6c5dad3e743.jpg
236x: https://i.pinimg.com/236x/47/7e/6e/477e6e3b461d31b7f578e6c5dad3e743.jpg
474x: https://i.pinimg.com/474x/47/7e/6e/477e6e3b461d31b7f578e6c5dad3e743.jpg
564x: https://i.pinimg.com/564x/47/7e/6e/477e6e3b461d31b7f578e6c5dad3e743.jpg
736x: https://i.pinimg.com/736x/47/7e/6e/477e6e3b461d31b7f578e6c5dad3e743.jpg
600x315: https://i.pinimg.com/600x315/47/7e/6e/477e6e3b461d31b7f578e6c5dad3e743.jpg
orig: https://i.pinimg.com/originals/47/7e/6e/477e6e3b461d31b7f578e6c5dad3e743.jpg",,,,34,0,0,0,0,0,0,fits i love || ⚡️,https://www.pinterest.com/preppyfitzzz/fits-i-love/,,,,public,,preppyfitzz,preppyfitzzz,https://www.pinterest.com/preppyfitzzz,,,1,,,,,,2021-04-14T14:15:28.000Z,2026-06-23T17:29:17.524Z
1.04132E+18,Preppy fit 🩷,✩Not my pic!⁠✩ Credits: .muchlovefloral,,https://www.pinterest.com/pin/1041316745075751476,https://i.pinimg.com/originals/ec/99/39/ec993961cf624673f06405474a8759ef.jpg,"60x60: https://i.pinimg.com/60x60/ec/99/39/ec993961cf624673f06405474a8759ef.jpg
136x136: https://i.pinimg.com/136x136/ec/99/39/ec993961cf624673f06405474a8759ef.jpg
170x: https://i.pinimg.com/236x/ec/99/39/ec993961cf624673f06405474a8759ef.jpg
236x: https://i.pinimg.com/236x/ec/99/39/ec993961cf624673f06405474a8759ef.jpg
474x: https://i.pinimg.com/474x/ec/99/39/ec993961cf624673f06405474a8759ef.jpg
564x: https://i.pinimg.com/564x/ec/99/39/ec993961cf624673f06405474a8759ef.jpg
736x: https://i.pinimg.com/736x/ec/99/39/ec993961cf624673f06405474a8759ef.jpg
600x315: https://i.pinimg.com/600x315/ec/99/39/ec993961cf624673f06405474a8759ef.jpg
orig: https://i.pinimg.com/originals/ec/99/39/ec993961cf624673f06405474a8759ef.jpg",,,,76,0,8,17,0,0,0,✩Preppy✩,https://www.pinterest.com/scarslifestyle/preppy/,,,,public,,✩𝐒𝐜𝐚𝐫✩👼💝🪞🌟,scarslifestyle,https://www.pinterest.com/scarslifestyle,,,1014,,,,,,2023-08-21T19:21:04.000Z,2026-06-23T17:29:15.109Z
1.04237E+18,,"Dive into this deliciously creamy chicken broccoli pasta recipe that’s perfect for weeknight dinners – quick, easy, and oh-so-satisfying!",https://www.etsy.com/listing/4385160612/printable-creamy-chicken-broccoli-pasta,https://www.pinterest.com/pin/1042372276262175839,https://i.pinimg.com/originals/69/a7/a8/69a7a83f2c3245d91b1e16636f38aed4.jpg,"60x60: https://i.pinimg.com/60x60/69/a7/a8/69a7a83f2c3245d91b1e16636f38aed4.jpg
136x136: https://i.pinimg.com/136x136/69/a7/a8/69a7a83f2c3245d91b1e16636f38aed4.jpg
170x: https://i.pinimg.com/236x/69/a7/a8/69a7a83f2c3245d91b1e16636f38aed4.jpg
236x: https://i.pinimg.com/236x/69/a7/a8/69a7a83f2c3245d91b1e16636f38aed4.jpg
474x: https://i.pinimg.com/474x/69/a7/a8/69a7a83f2c3245d91b1e16636f38aed4.jpg
564x: https://i.pinimg.com/564x/69/a7/a8/69a7a83f2c3245d91b1e16636f38aed4.jpg
736x: https://i.pinimg.com/736x/69/a7/a8/69a7a83f2c3245d91b1e16636f38aed4.jpg
600x315: https://i.pinimg.com/600x315/69/a7/a8/69a7a83f2c3245d91b1e16636f38aed4.jpg
orig: https://i.pinimg.com/originals/69/a7/a8/69a7a83f2c3245d91b1e16636f38aed4.jpg",,,,754,0,12,750,0,0,7,Everyday Cooking Ideas,https://www.pinterest.com/SamanthaHayesRecipes/everyday-cooking-ideas/,,,,public,,"Samantha Hayes Recipes | Simple, Tasty & Homemade",SamanthaHayesRecipes,https://www.pinterest.com/SamanthaHayesRecipes,,,52,,,,,,2025-10-16T12:10:50.000Z,2026-06-23T16:39:12.760Z
1.04265E+18,What to Wear This Autumn: Outfits Ideas 2025 & Aesthetic Inspo,,https://celebritynews-website.blogspot.com/2025/08/2025-autumn-outfits-inspo-fall-looks-to.html,https://www.pinterest.com/pin/1042653751240216816,https://i.pinimg.com/originals/05/6c/ec/056cec6e961c437b2f75d6c29e7e9984.jpg,"60x60: https://i.pinimg.com/60x60/05/6c/ec/056cec6e961c437b2f75d6c29e7e9984.jpg
136x136: https://i.pinimg.com/136x136/05/6c/ec/056cec6e961c437b2f75d6c29e7e9984.jpg
170x: https://i.pinimg.com/236x/05/6c/ec/056cec6e961c437b2f75d6c29e7e9984.jpg
236x: https://i.pinimg.com/236x/05/6c/ec/056cec6e961c437b2f75d6c29e7e9984.jpg
474x: https://i.pinimg.com/474x/05/6c/ec/056cec6e961c437b2f75d6c29e7e9984.jpg
564x: https://i.pinimg.com/564x/05/6c/ec/056cec6e961c437b2f75d6c29e7e9984.jpg
736x: https://i.pinimg.com/736x/05/6c/ec/056cec6e961c437b2f75d6c29e7e9984.jpg
600x315: https://i.pinimg.com/600x315/05/6c/ec/056cec6e961c437b2f75d6c29e7e9984.jpg
orig: https://i.pinimg.com/originals/05/6c/ec/056cec6e961c437b2f75d6c29e7e9984.jpg",,,,6,0,0,2,1,0,1,Autumn outfits 2025,https://www.pinterest.com/Sunny09999999999/autumn-outfits-2025/,,,,public,,Sunny,Sunny09999999999,https://www.pinterest.com/Sunny09999999999,,,25,,,,,,2025-08-17T12:32:49.000Z,2026-06-23T17:13:48.952Z
1.04286E+18,,,,https://www.pinterest.com/pin/1042864857493168008,https://i.pinimg.com/originals/5b/b1/48/5bb148b71c5ac2fcf5caeb68d4c13c4b.jpg,"60x60: https://i.pinimg.com/60x60/5b/b1/48/5bb148b71c5ac2fcf5caeb68d4c13c4b.jpg
136x136: https://i.pinimg.com/136x136/5b/b1/48/5bb148b71c5ac2fcf5caeb68d4c13c4b.jpg
170x: https://i.pinimg.com/236x/5b/b1/48/5bb148b71c5ac2fcf5caeb68d4c13c4b.jpg
236x: https://i.pinimg.com/236x/5b/b1/48/5bb148b71c5ac2fcf5caeb68d4c13c4b.jpg
474x: https://i.pinimg.com/474x/5b/b1/48/5bb148b71c5ac2fcf5caeb68d4c13c4b.jpg
564x: https://i.pinimg.com/564x/5b/b1/48/5bb148b71c5ac2fcf5caeb68d4c13c4b.jpg
736x: https://i.pinimg.com/736x/5b/b1/48/5bb148b71c5ac2fcf5caeb68d4c13c4b.jpg
600x315: https://i.pinimg.com/600x315/5b/b1/48/5bb148b71c5ac2fcf5caeb68d4c13c4b.jpg
orig: https://i.pinimg.com/originals/5b/b1/48/5bb148b71c5ac2fcf5caeb68d4c13c4b.jpg",,,,13,0,0,12,0,0,0,vakantie foto's die ik MOET maken,https://www.pinterest.com/inesvanduijnhoven/vakantie-fotos-die-ik-moet-maken/,,,,public,,Ines,inesvanduijnhoven,https://www.pinterest.com/inesvanduijnhoven,,,1,,,,,,2026-04-26T22:25:59.000Z,2026-06-23T17:28:53.886Z
1.04322E+18,,,https://www.shffls.com/shuffles/5440278045954991038,https://www.pinterest.com/pin/1043216701193515941,https://i.pinimg.com/originals/22/31/02/223102f16651c38cd2e58cb11bb46250.jpg,"60x60: https://i.pinimg.com/60x60/22/31/02/223102f16651c38cd2e58cb11bb46250.jpg
136x136: https://i.pinimg.com/136x136/22/31/02/223102f16651c38cd2e58cb11bb46250.jpg
170x: https://i.pinimg.com/236x/22/31/02/223102f16651c38cd2e58cb11bb46250.jpg
236x: https://i.pinimg.com/236x/22/31/02/223102f16651c38cd2e58cb11bb46250.jpg
474x: https://i.pinimg.com/474x/22/31/02/223102f16651c38cd2e58cb11bb46250.jpg
564x: https://i.pinimg.com/564x/22/31/02/223102f16651c38cd2e58cb11bb46250.jpg
736x: https://i.pinimg.com/736x/22/31/02/223102f16651c38cd2e58cb11bb46250.jpg
600x315: https://i.pinimg.com/600x315/22/31/02/223102f16651c38cd2e58cb11bb46250.jpg
orig: https://i.pinimg.com/originals/22/31/02/223102f16651c38cd2e58cb11bb46250.jpg",,,,7266,0,341,1821,1,0,25,,https://www.pinterest.comundefined,,,,,,Shahed Shahed,shahededlbi04,https://www.pinterest.com/shahededlbi04,,,64,,,,,,2025-07-09T22:57:57.000Z,2026-06-23T17:14:40.679Z
1.04357E+18,,,,https://www.pinterest.com/pin/1043568544924110855,https://i.pinimg.com/originals/64/73/f2/6473f247a37c37e6c6e6137c073f5f26.jpg,"60x60: https://i.pinimg.com/60x60/64/73/f2/6473f247a37c37e6c6e6137c073f5f26.jpg
136x136: https://i.pinimg.com/136x136/64/73/f2/6473f247a37c37e6c6e6137c073f5f26.jpg
170x: https://i.pinimg.com/236x/64/73/f2/6473f247a37c37e6c6e6137c073f5f26.jpg
236x: https://i.pinimg.com/236x/64/73/f2/6473f247a37c37e6c6e6137c073f5f26.jpg
474x: https://i.pinimg.com/474x/64/73/f2/6473f247a37c37e6c6e6137c073f5f26.jpg
564x: https://i.pinimg.com/564x/64/73/f2/6473f247a37c37e6c6e6137c073f5f26.jpg
736x: https://i.pinimg.com/736x/64/73/f2/6473f247a37c37e6c6e6137c073f5f26.jpg
600x315: https://i.pinimg.com/600x315/64/73/f2/6473f247a37c37e6c6e6137c073f5f26.jpg
orig: https://i.pinimg.com/originals/64/73/f2/6473f247a37c37e6c6e6137c073f5f26.jpg",,,,63,0,2,7,0,0,0,Quick Saves,https://www.pinterest.com/marina_koleva0113/_quick_saves/,,,,public,,Marina,marina_koleva0113,https://www.pinterest.com/marina_koleva0113,,,0,,,,,,2026-05-23T17:20:56.000Z,2026-06-23T17:13:26.616Z
1.04462E+18,,,,https://www.pinterest.com/pin/1044624076057596945,https://i.pinimg.com/originals/40/02/ea/4002ea5daa3a5c00ebe97e5166ff4aed.jpg,"60x60: https://i.pinimg.com/60x60/40/02/ea/4002ea5daa3a5c00ebe97e5166ff4aed.jpg
136x136: https://i.pinimg.com/136x136/40/02/ea/4002ea5daa3a5c00ebe97e5166ff4aed.jpg
170x: https://i.pinimg.com/236x/40/02/ea/4002ea5daa3a5c00ebe97e5166ff4aed.jpg
236x: https://i.pinimg.com/236x/40/02/ea/4002ea5daa3a5c00ebe97e5166ff4aed.jpg
474x: https://i.pinimg.com/474x/40/02/ea/4002ea5daa3a5c00ebe97e5166ff4aed.jpg
564x: https://i.pinimg.com/564x/40/02/ea/4002ea5daa3a5c00ebe97e5166ff4aed.jpg
736x: https://i.pinimg.com/736x/40/02/ea/4002ea5daa3a5c00ebe97e5166ff4aed.jpg
600x315: https://i.pinimg.com/600x315/40/02/ea/4002ea5daa3a5c00ebe97e5166ff4aed.jpg
orig: https://i.pinimg.com/originals/40/02/ea/4002ea5daa3a5c00ebe97e5166ff4aed.jpg",,,,28931,0,1006,55,4,0,0,Spring outfits,https://www.pinterest.com/avagun457/spring-outfits/,,,,public,,avagun457,avagun457,https://www.pinterest.com/avagun457,,,0,,,,,,2024-03-13T10:28:05.000Z,2026-06-23T17:29:48.109Z
1.04547E+18,Bibles + beach tee - XL,"Bible + beach = the perfect summer day! COMFORT COLORS ivory Preshrunk, soft-washed, garment-dyed fabric 100% cotton If you are looking for more of an oversized fit, I'd recommend going up 1-2 sizes. This t-shirt is unisex and true to size. I'm wearing a large in the photo :) The measurements taken above are of the garment laying flat. Width: Measure across the chest (1” below armhole) and straight across from side seam to side seam. Length: Measure in a straight line from shoulder down to botto",https://personalhypegirl.com/products/bibles-beach-tee?variant=46530764243169,https://www.pinterest.com/pin/1045468501003016951,https://i.pinimg.com/originals/83/81/49/83814983b53665dd9093061ee9695df4.jpg,"60x60: https://i.pinimg.com/60x60/83/81/49/83814983b53665dd9093061ee9695df4.jpg
136x136: https://i.pinimg.com/136x136/83/81/49/83814983b53665dd9093061ee9695df4.jpg
170x: https://i.pinimg.com/236x/83/81/49/83814983b53665dd9093061ee9695df4.jpg
236x: https://i.pinimg.com/236x/83/81/49/83814983b53665dd9093061ee9695df4.jpg
474x: https://i.pinimg.com/474x/83/81/49/83814983b53665dd9093061ee9695df4.jpg
564x: https://i.pinimg.com/564x/83/81/49/83814983b53665dd9093061ee9695df4.jpg
736x: https://i.pinimg.com/736x/83/81/49/83814983b53665dd9093061ee9695df4.jpg
600x315: https://i.pinimg.com/600x315/83/81/49/83814983b53665dd9093061ee9695df4.jpg
orig: https://i.pinimg.com/originals/83/81/49/83814983b53665dd9093061ee9695df4.jpg",,,,601,0,25,482,2,0,8,Products,https://www.pinterest.com/personalhypegirl/_products/,,,,protected,products,Personal Hype Girl,personalhypegirl,https://www.pinterest.com/personalhypegirl,,,1124,,,,,,2025-06-07T14:45:51.000Z,2026-06-23T17:14:35.589Z
1.04596E+18,"Summer 2025 Beach Outfit Ideas 👗🌞 | Floral Dresses, Resort Looks & Vacation Style Inspo","Soak up the sunshine in style with this gorgeous Summer 2025 beach outfit idea featuring a flowy floral wrap dress, woven accessories, and breezy resort vibes. Perfect for beach strolls, boat days, and tropical getaways, this look is all about effortless elegance and seasonal comfort. Save this pin for your next coastal vacation packing inspo! 🌴👒
#summerbeachoutfits #beachstyletrends2025 #vacationready #floraldress #bohobeachwear #summervibes #coastalfashion #beachlookbook",https://women-lifstyle.com/fashion/summer-beach-outfit-20-ideas-the-style-guide-youll-actually-want-to-pack.html,https://www.pinterest.com/pin/1045961082208414689,https://i.pinimg.com/originals/bf/78/79/bf7879c398af37fbdf0eb567665d22e6.jpg,"60x60: https://i.pinimg.com/60x60/bf/78/79/bf7879c398af37fbdf0eb567665d22e6.jpg
136x136: https://i.pinimg.com/136x136/bf/78/79/bf7879c398af37fbdf0eb567665d22e6.jpg
170x: https://i.pinimg.com/236x/bf/78/79/bf7879c398af37fbdf0eb567665d22e6.jpg
236x: https://i.pinimg.com/236x/bf/78/79/bf7879c398af37fbdf0eb567665d22e6.jpg
474x: https://i.pinimg.com/474x/bf/78/79/bf7879c398af37fbdf0eb567665d22e6.jpg
564x: https://i.pinimg.com/564x/bf/78/79/bf7879c398af37fbdf0eb567665d22e6.jpg
736x: https://i.pinimg.com/736x/bf/78/79/bf7879c398af37fbdf0eb567665d22e6.jpg
600x315: https://i.pinimg.com/600x315/bf/78/79/bf7879c398af37fbdf0eb567665d22e6.jpg
orig: https://i.pinimg.com/originals/bf/78/79/bf7879c398af37fbdf0eb567665d22e6.jpg",,,,1,0,0,0,0,0,0,Summer 2025 Beach Outfit 20 Ideas: The Style Guide,https://www.pinterest.com/WomenLifestyleBlog/summer-2025-beach-outfit-20-ideas-the-style-guide/,,,,public,,Women Lifestyle ⭐ Inspiration | Hairstyles | Nails | Outfits,WomenLifestyleBlog,https://www.pinterest.com/WomenLifestyleBlog,,,5717,,,,,,2025-04-10T14:17:13.000Z,2026-06-23T17:13:11.094Z
1.0461E+18,Blue Boho Women's Vacation Beach Two-Piece Set | Color: Blue | Size: Various,"Embrace A Carefree Boho Vibe With This Blue Vacation Beach Twopiece Set, Featuring A Breezy Halterneck Camisole And Relaxed Long Pants. The Sleeveless Top Offers A Lightweight, Unlined Feel Perfect For Sunny Days, While The Loosefit Trousers Provide Effortless Movement And A Flowing Silhouette. Ideal For Seaside Strolls Or Resort Evenings, The Ensemble Blends Coastal Charm With Relaxed Style, Making It A Versatile Addition To Any Warmweather Wardrobe. 97% Polyester,3% Elastane Non-Stretch Loose True-To-Size Boutique Brand Tags Are Letters: Xs=0 S=2/4 M=6 L=8/10 Xl=12 1x=14 2x=16 3x=18 4x=20 This Item Ships Out In Approx In 4-9 Days",https://go.skimresources.com/?id=291659X1778746&url=https://poshmark.com/listing/Blue-Boho-Womens-Vacation-Beach-TwoPiece-Set-6a17802d134ddb0565a7a984%3Futm_source%3Dpin_unpaid&xcust=scale,https://www.pinterest.com/pin/1046101819717249165,https://i.pinimg.com/originals/40/0f/08/400f08bdf782a86ceec831afd8f265fb.jpg,"60x60: https://i.pinimg.com/60x60/40/0f/08/400f08bdf782a86ceec831afd8f265fb.jpg
136x136: https://i.pinimg.com/136x136/40/0f/08/400f08bdf782a86ceec831afd8f265fb.jpg
170x: https://i.pinimg.com/236x/40/0f/08/400f08bdf782a86ceec831afd8f265fb.jpg
236x: https://i.pinimg.com/236x/40/0f/08/400f08bdf782a86ceec831afd8f265fb.jpg
474x: https://i.pinimg.com/474x/40/0f/08/400f08bdf782a86ceec831afd8f265fb.jpg
564x: https://i.pinimg.com/564x/40/0f/08/400f08bdf782a86ceec831afd8f265fb.jpg
736x: https://i.pinimg.com/736x/40/0f/08/400f08bdf782a86ceec831afd8f265fb.jpg
600x315: https://i.pinimg.com/600x315/40/0f/08/400f08bdf782a86ceec831afd8f265fb.jpg
orig: https://i.pinimg.com/originals/40/0f/08/400f08bdf782a86ceec831afd8f265fb.jpg",,,,2,0,0,0,0,0,0,Resort Wear,https://www.pinterest.com/styledream0068/resort-wear/,,,,public,,StyleDream,styledream0068,https://www.pinterest.com/styledream0068,,,5,,,,,,2026-06-15T16:59:42.000Z,2026-06-23T17:22:13.931Z
1.04631E+18,,,,https://www.pinterest.com/pin/1046312925930286030,https://i.pinimg.com/originals/01/59/05/015905b2b7f943505487d81ac28726aa.jpg,"60x60: https://i.pinimg.com/60x60/01/59/05/015905b2b7f943505487d81ac28726aa.jpg
136x136: https://i.pinimg.com/136x136/01/59/05/015905b2b7f943505487d81ac28726aa.jpg
170x: https://i.pinimg.com/236x/01/59/05/015905b2b7f943505487d81ac28726aa.jpg
236x: https://i.pinimg.com/236x/01/59/05/015905b2b7f943505487d81ac28726aa.jpg
474x: https://i.pinimg.com/474x/01/59/05/015905b2b7f943505487d81ac28726aa.jpg
564x: https://i.pinimg.com/564x/01/59/05/015905b2b7f943505487d81ac28726aa.jpg
736x: https://i.pinimg.com/736x/01/59/05/015905b2b7f943505487d81ac28726aa.jpg
600x315: https://i.pinimg.com/600x315/01/59/05/015905b2b7f943505487d81ac28726aa.jpg
orig: https://i.pinimg.com/originals/01/59/05/015905b2b7f943505487d81ac28726aa.jpg",,,,2953,0,67,450,9,0,1,beach outfit ideas,https://www.pinterest.com/qistina525/beach-outfit-ideas/,,,,public,,Qistina,qistina525,https://www.pinterest.com/qistina525,,,8,,,,,,2025-03-28T07:27:39.000Z,2026-06-23T17:27:48.507Z
1.04645E+18,,,,https://www.pinterest.com/pin/1046453663424321497,https://i.pinimg.com/originals/2a/f1/fc/2af1fca90ce8e49e4e19e0e1116793c5.jpg,"60x60: https://i.pinimg.com/60x60/2a/f1/fc/2af1fca90ce8e49e4e19e0e1116793c5.jpg
136x136: https://i.pinimg.com/136x136/2a/f1/fc/2af1fca90ce8e49e4e19e0e1116793c5.jpg
170x: https://i.pinimg.com/236x/2a/f1/fc/2af1fca90ce8e49e4e19e0e1116793c5.jpg
236x: https://i.pinimg.com/236x/2a/f1/fc/2af1fca90ce8e49e4e19e0e1116793c5.jpg
474x: https://i.pinimg.com/474x/2a/f1/fc/2af1fca90ce8e49e4e19e0e1116793c5.jpg
564x: https://i.pinimg.com/564x/2a/f1/fc/2af1fca90ce8e49e4e19e0e1116793c5.jpg
736x: https://i.pinimg.com/736x/2a/f1/fc/2af1fca90ce8e49e4e19e0e1116793c5.jpg
600x315: https://i.pinimg.com/600x315/2a/f1/fc/2af1fca90ce8e49e4e19e0e1116793c5.jpg
orig: https://i.pinimg.com/originals/2a/f1/fc/2af1fca90ce8e49e4e19e0e1116793c5.jpg",,,,18636,0,99,3672,3,0,42,recipes lunch,https://www.pinterest.com/normaellison851/recipes-lunch/,,,,public,,normaelilion8511,normaellison851,https://www.pinterest.com/normaellison851,,,251,,,,,,2025-03-26T13:03:27.000Z,2026-06-23T16:39:25.199Z
1.04652E+18,BIKINI and SWIMSUIT guide for Every Size of Body,,https://sites.google.com/view/bikini-and-swimming-suit/,https://www.pinterest.com/pin/1046524032171113584,https://i.pinimg.com/originals/09/1f/37/091f378f7ced6c2d954440faebcc9ebe.jpg,"60x60: https://i.pinimg.com/60x60/09/1f/37/091f378f7ced6c2d954440faebcc9ebe.jpg
136x136: https://i.pinimg.com/136x136/09/1f/37/091f378f7ced6c2d954440faebcc9ebe.jpg
170x: https://i.pinimg.com/236x/09/1f/37/091f378f7ced6c2d954440faebcc9ebe.jpg
236x: https://i.pinimg.com/236x/09/1f/37/091f378f7ced6c2d954440faebcc9ebe.jpg
474x: https://i.pinimg.com/474x/09/1f/37/091f378f7ced6c2d954440faebcc9ebe.jpg
564x: https://i.pinimg.com/564x/09/1f/37/091f378f7ced6c2d954440faebcc9ebe.jpg
736x: https://i.pinimg.com/736x/09/1f/37/091f378f7ced6c2d954440faebcc9ebe.jpg
600x315: https://i.pinimg.com/600x315/09/1f/37/091f378f7ced6c2d954440faebcc9ebe.jpg
orig: https://i.pinimg.com/originals/09/1f/37/091f378f7ced6c2d954440faebcc9ebe.jpg",,,,1,0,0,0,0,0,0,Beach outfit ideas,https://www.pinterest.com/lilybaker5464/beach-outfit-ideas/,,,,public,,Lily Baker,lilybaker5464,https://www.pinterest.com/lilybaker5464,,,1,,,,,,2025-08-08T05:53:07.000Z,2026-06-23T17:13:50.565Z
1.04709E+18,,,,https://www.pinterest.com/pin/1047086982128017199,https://i.pinimg.com/originals/5a/86/09/5a8609bb0c068472fd9912a88031fe2d.png,"60x60: https://i.pinimg.com/60x60/5a/86/09/5a8609bb0c068472fd9912a88031fe2d.jpg
136x136: https://i.pinimg.com/136x136/5a/86/09/5a8609bb0c068472fd9912a88031fe2d.jpg
170x: https://i.pinimg.com/236x/5a/86/09/5a8609bb0c068472fd9912a88031fe2d.jpg
236x: https://i.pinimg.com/236x/5a/86/09/5a8609bb0c068472fd9912a88031fe2d.jpg
474x: https://i.pinimg.com/474x/5a/86/09/5a8609bb0c068472fd9912a88031fe2d.jpg
564x: https://i.pinimg.com/564x/5a/86/09/5a8609bb0c068472fd9912a88031fe2d.jpg
736x: https://i.pinimg.com/736x/5a/86/09/5a8609bb0c068472fd9912a88031fe2d.jpg
600x315: https://i.pinimg.com/600x315/5a/86/09/5a8609bb0c068472fd9912a88031fe2d.jpg
orig: https://i.pinimg.com/originals/5a/86/09/5a8609bb0c068472fd9912a88031fe2d.png",,,,158,0,27,66,0,0,1,Pins by you,https://www.pinterest.com/atalayahead/_quick_creates/,,,,public,,Atty,atalayahead,https://www.pinterest.com/atalayahead,,,5,,,,,,2026-02-12T01:38:55.000Z,2026-06-23T17:29:15.393Z
1.04737E+18,Vacation day with friend! 🪩☀️,,,https://www.pinterest.com/pin/1047368457070901892,https://i.pinimg.com/originals/80/33/2a/80332a2fe27edb13982342d5766ba7b2.jpg,"60x60: https://i.pinimg.com/60x60/80/33/2a/80332a2fe27edb13982342d5766ba7b2.jpg
136x136: https://i.pinimg.com/136x136/80/33/2a/80332a2fe27edb13982342d5766ba7b2.jpg
170x: https://i.pinimg.com/236x/80/33/2a/80332a2fe27edb13982342d5766ba7b2.jpg
236x: https://i.pinimg.com/236x/80/33/2a/80332a2fe27edb13982342d5766ba7b2.jpg
474x: https://i.pinimg.com/474x/80/33/2a/80332a2fe27edb13982342d5766ba7b2.jpg
564x: https://i.pinimg.com/564x/80/33/2a/80332a2fe27edb13982342d5766ba7b2.jpg
736x: https://i.pinimg.com/736x/80/33/2a/80332a2fe27edb13982342d5766ba7b2.jpg
600x315: https://i.pinimg.com/600x315/80/33/2a/80332a2fe27edb13982342d5766ba7b2.jpg
orig: https://i.pinimg.com/originals/80/33/2a/80332a2fe27edb13982342d5766ba7b2.jpg",,,"V_EXP6: https://v1.pinimg.com/videos/mc/expMp4/05/3b/79/053b79c5e42041666dce8209b89dab3d_t4.mp4
V_EXP4: https://v1.pinimg.com/videos/mc/expMp4/05/3b/79/053b79c5e42041666dce8209b89dab3d_t2.mp4
V_EXP7: https://v1.pinimg.com/videos/mc/720p/05/3b/79/053b79c5e42041666dce8209b89dab3d.mp4
V_EXP3: https://v1.pinimg.com/videos/mc/expMp4/05/3b/79/053b79c5e42041666dce8209b89dab3d_t1.mp4
V_EXP5: https://v1.pinimg.com/videos/mc/expMp4/05/3b/79/053b79c5e42041666dce8209b89dab3d_t3.mp4
V_HLSV3_MOBILE: https://v1.pinimg.com/videos/mc/hls/05/3b/79/053b79c5e42041666dce8209b89dab3d.m3u8",196,0,170,193,21,0,15,Pins by you,https://www.pinterest.com/preppy_penelope/_quick_creates/,,,,public,,Penelope L,preppy_penelope,https://www.pinterest.com/preppy_penelope,,,1205,,,,,,2023-05-23T02:12:49.000Z,2026-06-23T17:28:37.078Z
1.04976E+18,Baddie Vacation Outfits,"Summer • Summer Vacation Nails • Vacation Aesthetic • Vacation Packing Lists • Beach Outfits • Beach Fashion • Summer Beach Outfits • Summer Hairstyles • Summer Hair Color • Summer Hair Cut • Summer Makeup • Summer Makeup Look • Summer Skin Care • Summer Skin Care Routine • Summer Trends • Summer Fashion Trends • Summer Style • Spring • Spring Aesthetic • Spring Vibes • Spring Inspo • Spring Nails • Spring Nail Colors • Spring Nail Art • Spring Nails 2023 • Spring Break • S

Summer 
 • Summer Vacation Nails 
 • Vacation Aesthetic 
 • Vacation Packing Lists 
 • Beach Outfits 
 • Beach Fashion 
 • Summer Beach Outfits
 • Summer Hairstyles 
 • Summer Hair Color 
 • Summer Hair Cut 
 • Summer Makeup 
 • Summer Makeup Look
 • Summer Skin Care 
 • Summer Skin Care Routine
 • Summer Trends 
 • Su",,https://www.pinterest.com/pin/1049760994373870425,https://i.pinimg.com/originals/08/7e/97/087e9709a11cb6cb67fdd17a7c4fe07e.jpg,"60x60: https://i.pinimg.com/60x60/08/7e/97/087e9709a11cb6cb67fdd17a7c4fe07e.jpg
136x136: https://i.pinimg.com/136x136/08/7e/97/087e9709a11cb6cb67fdd17a7c4fe07e.jpg
170x: https://i.pinimg.com/236x/08/7e/97/087e9709a11cb6cb67fdd17a7c4fe07e.jpg
236x: https://i.pinimg.com/236x/08/7e/97/087e9709a11cb6cb67fdd17a7c4fe07e.jpg
474x: https://i.pinimg.com/474x/08/7e/97/087e9709a11cb6cb67fdd17a7c4fe07e.jpg
564x: https://i.pinimg.com/564x/08/7e/97/087e9709a11cb6cb67fdd17a7c4fe07e.jpg
736x: https://i.pinimg.com/736x/08/7e/97/087e9709a11cb6cb67fdd17a7c4fe07e.jpg
600x315: https://i.pinimg.com/600x315/08/7e/97/087e9709a11cb6cb67fdd17a7c4fe07e.jpg
orig: https://i.pinimg.com/originals/08/7e/97/087e9709a11cb6cb67fdd17a7c4fe07e.jpg",,,V_HLSV3_MOBILE: https://v1.pinimg.com/videos/iht/hls/68/4e/6a/684e6a902d9505a34e83022e9dd860a7.m3u8,1465,0,196,1453,0,0,138,Pins by you,https://www.pinterest.com/allthingsdalana/_quick_creates/,,,,public,,All Things Dalana,allthingsdalana,https://www.pinterest.com/allthingsdalana,,,82,,,,,,2023-06-12T23:40:37.000Z,2026-06-23T17:13:03.927Z
1.05131E+18,23 Classy & Chic Swimsuits for Vacation You Will Absolutely Love! 👙🌊,"Getting ready for beach season and need some gorgeous new swimwear? You have to see these 23 classy and chic swimsuits for vacation that are absolutely perfect for summers! I have rounded up the most flattering beachwear pieces, from elegant one-pieces that double as bodysuits to stunning cover-ups perfect for lounging by the resort pool. These spring break and summer trip looks are designed to make you feel confident, stylish, and totally comfortable while soaking up the sun. Are you team one-piece or team bikini? Tell me in the comments! #SwimsuitOutfits #VacationSwimwear #BeachwearFashion #SummerVacation #ChicSwimwear",https://whatsmyshape.com/fashion/swimsuit-outfits-for-women-to-wear-on-beaches?utm_source=pinterest&utm_medium=social,https://www.pinterest.com/pin/1051309106798517730,https://i.pinimg.com/originals/29/c4/79/29c4790fa10e29ee244457c80ce90670.png,"60x60: https://i.pinimg.com/60x60/29/c4/79/29c4790fa10e29ee244457c80ce90670.jpg
136x136: https://i.pinimg.com/136x136/29/c4/79/29c4790fa10e29ee244457c80ce90670.jpg
170x: https://i.pinimg.com/236x/29/c4/79/29c4790fa10e29ee244457c80ce90670.jpg
236x: https://i.pinimg.com/236x/29/c4/79/29c4790fa10e29ee244457c80ce90670.jpg
474x: https://i.pinimg.com/474x/29/c4/79/29c4790fa10e29ee244457c80ce90670.jpg
564x: https://i.pinimg.com/564x/29/c4/79/29c4790fa10e29ee244457c80ce90670.jpg
736x: https://i.pinimg.com/736x/29/c4/79/29c4790fa10e29ee244457c80ce90670.jpg
600x315: https://i.pinimg.com/600x315/29/c4/79/29c4790fa10e29ee244457c80ce90670.jpg
orig: https://i.pinimg.com/originals/29/c4/79/29c4790fa10e29ee244457c80ce90670.png",,,,1,0,0,0,0,0,0,Swimsuit Outfits,https://www.pinterest.com/whatsmyshape/swimsuit-outfits/,,,,public,,"Whatsmyshape – Beauty, Fashion & You 🌸",whatsmyshape,https://www.pinterest.com/whatsmyshape,,,123,,,,,,2026-05-31T14:34:57.000Z,2026-06-23T17:12:58.600Z
1.05159E+18,Matching cute outfit idea 💗,"Summer shorts outfit ideas, casual shorts fashion, chic shorts and blouse, denim shorts outfit, floral shorts with top, boho shorts fashion, matching set with shorts, athleisure shorts outfit, street style shorts, resort wear shorts, vintage shorts fashion, beach shorts outfit, trendy shorts looks, shorts and sneakers style, shorts and sandals outfit, crop top with shorts, high-waisted shorts outfit, shorts with blazer ensemble, shorts with oversized shirt, shorts with kimono, shorts with cardigan, shorts with tank top, shorts with off-shoulder top, shorts with graphic tee, shorts with button-down shirt, shorts with bohemian blouse, shorts with camisole, shorts with sweater, shorts with bodysuit, shorts with lace top, shorts with hoodie, shorts with crop sweater.",,https://www.pinterest.com/pin/1051590581733684579,https://i.pinimg.com/originals/e2/62/89/e26289f633c9a9e5f7519337ec9fc3b6.jpg,"60x60: https://i.pinimg.com/60x60/e2/62/89/e26289f633c9a9e5f7519337ec9fc3b6.jpg
136x136: https://i.pinimg.com/136x136/e2/62/89/e26289f633c9a9e5f7519337ec9fc3b6.jpg
170x: https://i.pinimg.com/236x/e2/62/89/e26289f633c9a9e5f7519337ec9fc3b6.jpg
236x: https://i.pinimg.com/236x/e2/62/89/e26289f633c9a9e5f7519337ec9fc3b6.jpg
474x: https://i.pinimg.com/474x/e2/62/89/e26289f633c9a9e5f7519337ec9fc3b6.jpg
564x: https://i.pinimg.com/564x/e2/62/89/e26289f633c9a9e5f7519337ec9fc3b6.jpg
736x: https://i.pinimg.com/736x/e2/62/89/e26289f633c9a9e5f7519337ec9fc3b6.jpg
600x315: https://i.pinimg.com/600x315/e2/62/89/e26289f633c9a9e5f7519337ec9fc3b6.jpg
orig: https://i.pinimg.com/originals/e2/62/89/e26289f633c9a9e5f7519337ec9fc3b6.jpg",,,,556,0,20,70,4,0,2,Low rise jeans,https://www.pinterest.com/dream286/low-rise-jeans/,,,,public,,Dre clothess,dream286,https://www.pinterest.com/dream286,,,33,,,,,,2024-06-24T12:42:41.000Z,2026-06-23T17:26:33.909Z
1.05201E+18,,,,https://www.pinterest.com/pin/1052012794331396863,https://i.pinimg.com/originals/0f/31/20/0f3120811dac99e6999a0100d2ee24a4.png,"60x60: https://i.pinimg.com/60x60/0f/31/20/0f3120811dac99e6999a0100d2ee24a4.jpg
136x136: https://i.pinimg.com/136x136/0f/31/20/0f3120811dac99e6999a0100d2ee24a4.jpg
170x: https://i.pinimg.com/236x/0f/31/20/0f3120811dac99e6999a0100d2ee24a4.jpg
236x: https://i.pinimg.com/236x/0f/31/20/0f3120811dac99e6999a0100d2ee24a4.jpg
474x: https://i.pinimg.com/474x/0f/31/20/0f3120811dac99e6999a0100d2ee24a4.jpg
564x: https://i.pinimg.com/564x/0f/31/20/0f3120811dac99e6999a0100d2ee24a4.jpg
736x: https://i.pinimg.com/736x/0f/31/20/0f3120811dac99e6999a0100d2ee24a4.jpg
600x315: https://i.pinimg.com/600x315/0f/31/20/0f3120811dac99e6999a0100d2ee24a4.jpg
orig: https://i.pinimg.com/originals/0f/31/20/0f3120811dac99e6999a0100d2ee24a4.png",,,,1460,0,75,905,1,0,13,Pins by you,https://www.pinterest.com/mariabelmonte031/_quick_creates/,,,,public,,Maria Belmonte,mariabelmonte031,https://www.pinterest.com/mariabelmonte031,,,411,,,,,,2026-03-16T14:08:40.000Z,2026-06-23T17:12:41.875Z
1.05208E+18,20 Effortlessly Cool Bali Outfit Ideas,Achieve that coveted laid-back island look with these 20 effortlessly cool Bali outfit ideas that exude relaxed sophistication.,https://sheforstyle.com/bali-outfit-ideas/,https://www.pinterest.com/pin/1052083162964170408,https://i.pinimg.com/originals/db/1e/e6/db1ee694f43b7142408c6a9ef37bb22c.png,"60x60: https://i.pinimg.com/60x60/db/1e/e6/db1ee694f43b7142408c6a9ef37bb22c.jpg
136x136: https://i.pinimg.com/136x136/db/1e/e6/db1ee694f43b7142408c6a9ef37bb22c.jpg
170x: https://i.pinimg.com/236x/db/1e/e6/db1ee694f43b7142408c6a9ef37bb22c.jpg
236x: https://i.pinimg.com/236x/db/1e/e6/db1ee694f43b7142408c6a9ef37bb22c.jpg
474x: https://i.pinimg.com/474x/db/1e/e6/db1ee694f43b7142408c6a9ef37bb22c.jpg
564x: https://i.pinimg.com/564x/db/1e/e6/db1ee694f43b7142408c6a9ef37bb22c.jpg
736x: https://i.pinimg.com/736x/db/1e/e6/db1ee694f43b7142408c6a9ef37bb22c.jpg
600x315: https://i.pinimg.com/600x315/db/1e/e6/db1ee694f43b7142408c6a9ef37bb22c.jpg
orig: https://i.pinimg.com/originals/db/1e/e6/db1ee694f43b7142408c6a9ef37bb22c.png",,,,42,0,3,12,0,0,3,Travel Wardrobe,https://www.pinterest.com/sheforstyle/travel-wardrobe/,,,,public,,"She For Style | Outfit Ideas, Fashion Trends & More",sheforstyle,https://www.pinterest.com/sheforstyle,,,883,,,,,,2025-11-14T01:30:43.000Z,2026-06-23T17:14:46.338Z
1.05215E+18,Turquoise Sundress Magic – Summer 2025 Beach Outfit Vibes,"Step into Summer 2025 with this breezy turquoise beach dress — effortless, airy, and totally vacation-ready. Perfect for sandy strolls, seaside brunches, and every salty breeze in between. One of our top picks for summer beach outfit ideas 2025 — featuring sun hats, woven slides, and that dreamy coastal glow.",https://zynetrex.com/summer-2025-beach-outfit-ideas-coastal-style/,https://www.pinterest.com/pin/1052153531697889367,https://i.pinimg.com/originals/13/54/56/135456a557ce526c3bab0a5fdea6a449.jpg,"60x60: https://i.pinimg.com/60x60/13/54/56/135456a557ce526c3bab0a5fdea6a449.jpg
136x136: https://i.pinimg.com/136x136/13/54/56/135456a557ce526c3bab0a5fdea6a449.jpg
170x: https://i.pinimg.com/236x/13/54/56/135456a557ce526c3bab0a5fdea6a449.jpg
236x: https://i.pinimg.com/236x/13/54/56/135456a557ce526c3bab0a5fdea6a449.jpg
474x: https://i.pinimg.com/474x/13/54/56/135456a557ce526c3bab0a5fdea6a449.jpg
564x: https://i.pinimg.com/564x/13/54/56/135456a557ce526c3bab0a5fdea6a449.jpg
736x: https://i.pinimg.com/736x/13/54/56/135456a557ce526c3bab0a5fdea6a449.jpg
600x315: https://i.pinimg.com/600x315/13/54/56/135456a557ce526c3bab0a5fdea6a449.jpg
orig: https://i.pinimg.com/originals/13/54/56/135456a557ce526c3bab0a5fdea6a449.jpg",,,,4,0,0,2,0,0,0,Effortlessly Chic: Summer 2025 Beach Outfit Ideas,https://www.pinterest.com/zynetrex/effortlessly-chic-summer-2025-beach-outfit-ideas/,,,,public,,Zynetrex | Fashion and Beauty Blog with Suzanna,zynetrex,https://www.pinterest.com/zynetrex,,,2198,,,,,,2025-05-07T14:24:13.000Z,2026-06-23T17:13:15.432Z
1.05215E+18,🌺 Glam Summer Dresses for Black Women | 2025 Fashion Goals,"Own the rooftop scene with bold floral prints and radiant colors. This cut-out maxi dress is a showstopper for summer 2025—perfect for sunset parties, vacation dinners, and confident Black woman style. #SummerGlam #FloralFashion #BlackGirlLuxury",https://zynetrex.com/summer-outfit-for-black-women-ideas-2025/,https://www.pinterest.com/pin/1052153531698027148,https://i.pinimg.com/originals/a9/ec/3c/a9ec3cae27665c8f2fec9b96ddea1c8c.jpg,"60x60: https://i.pinimg.com/60x60/a9/ec/3c/a9ec3cae27665c8f2fec9b96ddea1c8c.jpg
136x136: https://i.pinimg.com/136x136/a9/ec/3c/a9ec3cae27665c8f2fec9b96ddea1c8c.jpg
170x: https://i.pinimg.com/236x/a9/ec/3c/a9ec3cae27665c8f2fec9b96ddea1c8c.jpg
236x: https://i.pinimg.com/236x/a9/ec/3c/a9ec3cae27665c8f2fec9b96ddea1c8c.jpg
474x: https://i.pinimg.com/474x/a9/ec/3c/a9ec3cae27665c8f2fec9b96ddea1c8c.jpg
564x: https://i.pinimg.com/564x/a9/ec/3c/a9ec3cae27665c8f2fec9b96ddea1c8c.jpg
736x: https://i.pinimg.com/736x/a9/ec/3c/a9ec3cae27665c8f2fec9b96ddea1c8c.jpg
600x315: https://i.pinimg.com/600x315/a9/ec/3c/a9ec3cae27665c8f2fec9b96ddea1c8c.jpg
orig: https://i.pinimg.com/originals/a9/ec/3c/a9ec3cae27665c8f2fec9b96ddea1c8c.jpg",,,,5,0,0,2,0,0,0,Summer Outfit Ideas for Black Women in 2025,https://www.pinterest.com/zynetrex/summer-outfit-ideas-for-black-women-in-2025/,,,,public,,Zynetrex | Fashion and Beauty Blog with Suzanna,zynetrex,https://www.pinterest.com/zynetrex,,,2198,,,,,,2025-05-11T09:58:09.000Z,2026-06-23T17:15:16.985Z
1.05272E+18,*Not my pic*This is cute reminds me of my bestie!🥥💖,,,https://www.pinterest.com/pin/1052716481629191220,https://i.pinimg.com/originals/21/da/b3/21dab34f49e47341b36f06317bbff306.jpg,"60x60: https://i.pinimg.com/60x60/21/da/b3/21dab34f49e47341b36f06317bbff306.jpg
136x136: https://i.pinimg.com/136x136/21/da/b3/21dab34f49e47341b36f06317bbff306.jpg
170x: https://i.pinimg.com/236x/21/da/b3/21dab34f49e47341b36f06317bbff306.jpg
236x: https://i.pinimg.com/236x/21/da/b3/21dab34f49e47341b36f06317bbff306.jpg
474x: https://i.pinimg.com/474x/21/da/b3/21dab34f49e47341b36f06317bbff306.jpg
564x: https://i.pinimg.com/564x/21/da/b3/21dab34f49e47341b36f06317bbff306.jpg
736x: https://i.pinimg.com/736x/21/da/b3/21dab34f49e47341b36f06317bbff306.jpg
600x315: https://i.pinimg.com/600x315/21/da/b3/21dab34f49e47341b36f06317bbff306.jpg
orig: https://i.pinimg.com/originals/21/da/b3/21dab34f49e47341b36f06317bbff306.jpg",,,,1,0,0,0,0,0,0,My posts!,https://www.pinterest.com/PREPPYGURRRLS/my-posts/,,,,public,,Preppy_KK🍦🥥💗,PREPPYGURRRLS,https://www.pinterest.com/PREPPYGURRRLS,,,25,,,,,,2023-05-18T12:29:45.000Z,2026-06-23T17:28:37.558Z
1.05328E+18,BEST RECIPE for Irresistible Mini Banana Pudding Cheesecakes Download. - Etsy,Banana Pudding Cupcakes - I Heart Eating,https://www.etsy.com/listing/1868457343/best-recipe-for-irresistible-mini-banana,https://www.pinterest.com/pin/1053279431628750380,https://i.pinimg.com/originals/1e/b9/2d/1eb92d4c5c00a268db6efc4fc1a40125.jpg,"60x60: https://i.pinimg.com/60x60/1e/b9/2d/1eb92d4c5c00a268db6efc4fc1a40125.jpg
136x136: https://i.pinimg.com/136x136/1e/b9/2d/1eb92d4c5c00a268db6efc4fc1a40125.jpg
170x: https://i.pinimg.com/236x/1e/b9/2d/1eb92d4c5c00a268db6efc4fc1a40125.jpg
236x: https://i.pinimg.com/236x/1e/b9/2d/1eb92d4c5c00a268db6efc4fc1a40125.jpg
474x: https://i.pinimg.com/474x/1e/b9/2d/1eb92d4c5c00a268db6efc4fc1a40125.jpg
564x: https://i.pinimg.com/564x/1e/b9/2d/1eb92d4c5c00a268db6efc4fc1a40125.jpg
736x: https://i.pinimg.com/736x/1e/b9/2d/1eb92d4c5c00a268db6efc4fc1a40125.jpg
600x315: https://i.pinimg.com/600x315/1e/b9/2d/1eb92d4c5c00a268db6efc4fc1a40125.jpg
orig: https://i.pinimg.com/originals/1e/b9/2d/1eb92d4c5c00a268db6efc4fc1a40125.jpg",,,,10146,0,106,9951,1,0,207,Dessert Ideas,https://www.pinterest.com/qovytini/dessert-ideas/,,,,public,,Gemma food cooking,qovytini,https://www.pinterest.com/qovytini,,,47,,,,,,2025-02-04T04:24:11.000Z,2026-06-23T16:43:16.704Z
1.05384E+18,,,,https://www.pinterest.com/pin/1053842381572238181,https://i.pinimg.com/originals/25/c1/28/25c1284fce9f1a9999e1657bb140a130.jpg,"60x60: https://i.pinimg.com/60x60/25/c1/28/25c1284fce9f1a9999e1657bb140a130.jpg
136x136: https://i.pinimg.com/136x136/25/c1/28/25c1284fce9f1a9999e1657bb140a130.jpg
170x: https://i.pinimg.com/236x/25/c1/28/25c1284fce9f1a9999e1657bb140a130.jpg
236x: https://i.pinimg.com/236x/25/c1/28/25c1284fce9f1a9999e1657bb140a130.jpg
474x: https://i.pinimg.com/474x/25/c1/28/25c1284fce9f1a9999e1657bb140a130.jpg
564x: https://i.pinimg.com/564x/25/c1/28/25c1284fce9f1a9999e1657bb140a130.jpg
736x: https://i.pinimg.com/736x/25/c1/28/25c1284fce9f1a9999e1657bb140a130.jpg
600x315: https://i.pinimg.com/600x315/25/c1/28/25c1284fce9f1a9999e1657bb140a130.jpg
orig: https://i.pinimg.com/originals/25/c1/28/25c1284fce9f1a9999e1657bb140a130.jpg",,,,1985,0,38,761,6,0,2,Pins by you,https://www.pinterest.com/seannap8/_quick_creates/,,,,public,,seanna poehler,seannap8,https://www.pinterest.com/seannap8,,,4,,,,,,2026-03-16T16:50:05.000Z,2026-06-23T17:12:11.210Z
1.05391E+18,,All credits to the original creator,,https://www.pinterest.com/pin/1053912750279947215,https://i.pinimg.com/originals/10/0a/a6/100aa66d1d3fee5d8f2c85b320190b6f.jpg,"60x60: https://i.pinimg.com/60x60/10/0a/a6/100aa66d1d3fee5d8f2c85b320190b6f.jpg
136x136: https://i.pinimg.com/136x136/10/0a/a6/100aa66d1d3fee5d8f2c85b320190b6f.jpg
170x: https://i.pinimg.com/236x/10/0a/a6/100aa66d1d3fee5d8f2c85b320190b6f.jpg
236x: https://i.pinimg.com/236x/10/0a/a6/100aa66d1d3fee5d8f2c85b320190b6f.jpg
474x: https://i.pinimg.com/474x/10/0a/a6/100aa66d1d3fee5d8f2c85b320190b6f.jpg
564x: https://i.pinimg.com/564x/10/0a/a6/100aa66d1d3fee5d8f2c85b320190b6f.jpg
736x: https://i.pinimg.com/736x/10/0a/a6/100aa66d1d3fee5d8f2c85b320190b6f.jpg
600x315: https://i.pinimg.com/600x315/10/0a/a6/100aa66d1d3fee5d8f2c85b320190b6f.jpg
orig: https://i.pinimg.com/originals/10/0a/a6/100aa66d1d3fee5d8f2c85b320190b6f.jpg",https://v1.pinimg.com/videos/mc/720p/09/04/2f/09042ff0dd876208245d052db0fd68fe.mp4,"V_720P: https://v1.pinimg.com/videos/mc/720p/09/04/2f/09042ff0dd876208245d052db0fd68fe.mp4
V_HLSV4: https://v1.pinimg.com/videos/mc/hls/09/04/2f/09042ff0dd876208245d052db0fd68fe.m3u8
V_HLSV3_MOBILE: https://v1.pinimg.com/videos/mc/hls/09/04/2f/09042ff0dd876208245d052db0fd68fe.m3u8",,883,2,239,6,27,0,0,Quick Saves,https://www.pinterest.com/katelynn17brockk/_quick_saves/,,,,public,,k a t e l y n n,katelynn17brockk,https://www.pinterest.com/katelynn17brockk,,,17,,,,,,2023-05-07T16:25:01.000Z,2026-06-23T17:28:54.105Z
1.0556E+15,,"Tutti i tipi di fasce per capelli, turbanti e foulard che amerete!",https://www.alfemminile.com/moda/album1305958/fasce-per-capelli-0.html#p6,https://www.pinterest.com/pin/1055599901008609,https://i.pinimg.com/originals/f0/d1/aa/f0d1aa382d6e062c266080156ad8e59d.jpg,"60x60: https://i.pinimg.com/60x60/f0/d1/aa/f0d1aa382d6e062c266080156ad8e59d.jpg
136x136: https://i.pinimg.com/136x136/f0/d1/aa/f0d1aa382d6e062c266080156ad8e59d.jpg
170x: https://i.pinimg.com/236x/f0/d1/aa/f0d1aa382d6e062c266080156ad8e59d.jpg
236x: https://i.pinimg.com/236x/f0/d1/aa/f0d1aa382d6e062c266080156ad8e59d.jpg
474x: https://i.pinimg.com/474x/f0/d1/aa/f0d1aa382d6e062c266080156ad8e59d.jpg
564x: https://i.pinimg.com/564x/f0/d1/aa/f0d1aa382d6e062c266080156ad8e59d.jpg
736x: https://i.pinimg.com/736x/f0/d1/aa/f0d1aa382d6e062c266080156ad8e59d.jpg
600x315: https://i.pinimg.com/600x315/f0/d1/aa/f0d1aa382d6e062c266080156ad8e59d.jpg
orig: https://i.pinimg.com/originals/f0/d1/aa/f0d1aa382d6e062c266080156ad8e59d.jpg",,,,4101,0,0,6,1,0,0,Fashion,https://www.pinterest.com/Ashlynce/fashion/,,,,public,design,Ashlyn <3,Ashlynce,https://www.pinterest.com/Ashlynce,,,332,,,,,,2020-04-19T13:00:45.000Z,2026-06-23T17:14:06.891Z
1.0556E+15,,,,https://www.pinterest.com/pin/1055599907939929,https://i.pinimg.com/originals/c2/da/66/c2da66b145ef7abceddca86359040210.jpg,"60x60: https://i.pinimg.com/60x60/c2/da/66/c2da66b145ef7abceddca86359040210.jpg
136x136: https://i.pinimg.com/136x136/c2/da/66/c2da66b145ef7abceddca86359040210.jpg
170x: https://i.pinimg.com/236x/c2/da/66/c2da66b145ef7abceddca86359040210.jpg
236x: https://i.pinimg.com/236x/c2/da/66/c2da66b145ef7abceddca86359040210.jpg
474x: https://i.pinimg.com/474x/c2/da/66/c2da66b145ef7abceddca86359040210.jpg
564x: https://i.pinimg.com/564x/c2/da/66/c2da66b145ef7abceddca86359040210.jpg
736x: https://i.pinimg.com/736x/c2/da/66/c2da66b145ef7abceddca86359040210.jpg
600x315: https://i.pinimg.com/600x315/c2/da/66/c2da66b145ef7abceddca86359040210.jpg
orig: https://i.pinimg.com/originals/c2/da/66/c2da66b145ef7abceddca86359040210.jpg",,,,551,0,47,376,0,0,13,Stuff to wear,https://www.pinterest.com/amyterp/stuff-to-wear/,,,,public,,amy terpstra,amyterp,https://www.pinterest.com/amyterp,,,1267,,,,,,2025-02-09T10:57:05.000Z,2026-06-23T17:21:28.596Z
1.0556E+15,,,,https://www.pinterest.com/pin/1055599908988247,https://i.pinimg.com/originals/dd/bc/e2/ddbce29c646391d0c1e7004fe40dc6f5.jpg,"60x60: https://i.pinimg.com/60x60/dd/bc/e2/ddbce29c646391d0c1e7004fe40dc6f5.jpg
136x136: https://i.pinimg.com/136x136/dd/bc/e2/ddbce29c646391d0c1e7004fe40dc6f5.jpg
170x: https://i.pinimg.com/236x/dd/bc/e2/ddbce29c646391d0c1e7004fe40dc6f5.jpg
236x: https://i.pinimg.com/236x/dd/bc/e2/ddbce29c646391d0c1e7004fe40dc6f5.jpg
474x: https://i.pinimg.com/474x/dd/bc/e2/ddbce29c646391d0c1e7004fe40dc6f5.jpg
564x: https://i.pinimg.com/564x/dd/bc/e2/ddbce29c646391d0c1e7004fe40dc6f5.jpg
736x: https://i.pinimg.com/736x/dd/bc/e2/ddbce29c646391d0c1e7004fe40dc6f5.jpg
600x315: https://i.pinimg.com/600x315/dd/bc/e2/ddbce29c646391d0c1e7004fe40dc6f5.jpg
orig: https://i.pinimg.com/originals/dd/bc/e2/ddbce29c646391d0c1e7004fe40dc6f5.jpg",,,V_HLSV3_MOBILE: https://v1.pinimg.com/videos/iht/hls/2b/cd/b0/2bcdb004f45b8c49d214f9bd4df8d056.m3u8,15863,0,965,6195,4,0,483,Looks,https://www.pinterest.com/danilr426/looks/,,,,public,,Daniela Ledezma Rojas,danilr426,https://www.pinterest.com/danilr426,,,276,,,,,,2025-12-15T18:41:57.000Z,2026-06-23T17:23:40.632Z
1.0556E+15,"""Embrace Boho Chic: Effortlessly Stylish Summer Vibes with This Gorgeous Dress & Accessories!""","🌿 Embrace effortless elegance with this stunning plus-size bohemian-inspired outfit! The deep teal sundress features intricate embroidered details and a flattering fit, perfect for warm seasons. Pair it with stylish tan accessories—including a chic crossbody bag, stylish sandals, and statement jewelry—to elevate your casual or weekend look.   Ideal for brunch dates, outdoor gatherings, or beach outings, this outfit is a must-have for any fashion-forward woman. Celebrate your curves and express your style with this trendy ensemble that seamlessly blends comfort and chic vibes! 💚✨  #PlusSizeFashion #BohoStyle #SummerOutfits #WorkwearTrends #CasualChic #FashionForAll #StylishOutfits",,https://www.pinterest.com/pin/1055599909035577,https://i.pinimg.com/originals/c7/92/5e/c7925e05cdb671827ab980adf967eebb.webp,"60x60: https://i.pinimg.com/60x60/c7/92/5e/c7925e05cdb671827ab980adf967eebb.jpg
136x136: https://i.pinimg.com/136x136/c7/92/5e/c7925e05cdb671827ab980adf967eebb.jpg
170x: https://i.pinimg.com/236x/c7/92/5e/c7925e05cdb671827ab980adf967eebb.jpg
236x: https://i.pinimg.com/236x/c7/92/5e/c7925e05cdb671827ab980adf967eebb.jpg
474x: https://i.pinimg.com/474x/c7/92/5e/c7925e05cdb671827ab980adf967eebb.jpg
564x: https://i.pinimg.com/564x/c7/92/5e/c7925e05cdb671827ab980adf967eebb.jpg
736x: https://i.pinimg.com/736x/c7/92/5e/c7925e05cdb671827ab980adf967eebb.jpg
600x315: https://i.pinimg.com/600x315/c7/92/5e/c7925e05cdb671827ab980adf967eebb.jpg
orig: https://i.pinimg.com/originals/c7/92/5e/c7925e05cdb671827ab980adf967eebb.webp",,,,168,0,6,51,0,0,0,Stuff to wear,https://www.pinterest.com/amyterp/stuff-to-wear/,,,,public,,amy terpstra,amyterp,https://www.pinterest.com/amyterp,,,1267,,,,,,2026-01-02T06:42:59.000Z,2026-06-23T17:21:46.251Z
1.0556E+15,"Hot Ideas 2025 Swimsuits Outfits for Summer – Trendy Styles for Women, Petite Sizes, and Beach Days","Hot Ideas 2025 Swimsuits Outfits for Summer – Trendy Styles for Women, Petite Sizes, and Beach Days",https://thepinkgoose.com/fashion/hot-2025-swimsuit-outfit-ideas-for-summer/,https://www.pinterest.com/pin/1055599909116523,https://i.pinimg.com/originals/28/7c/6a/287c6a6243c838cd5db1f2061d18c7ed.png,"60x60: https://i.pinimg.com/60x60/28/7c/6a/287c6a6243c838cd5db1f2061d18c7ed.jpg
136x136: https://i.pinimg.com/136x136/28/7c/6a/287c6a6243c838cd5db1f2061d18c7ed.jpg
170x: https://i.pinimg.com/236x/28/7c/6a/287c6a6243c838cd5db1f2061d18c7ed.jpg
236x: https://i.pinimg.com/236x/28/7c/6a/287c6a6243c838cd5db1f2061d18c7ed.jpg
474x: https://i.pinimg.com/474x/28/7c/6a/287c6a6243c838cd5db1f2061d18c7ed.jpg
564x: https://i.pinimg.com/564x/28/7c/6a/287c6a6243c838cd5db1f2061d18c7ed.jpg
736x: https://i.pinimg.com/736x/28/7c/6a/287c6a6243c838cd5db1f2061d18c7ed.jpg
600x315: https://i.pinimg.com/600x315/28/7c/6a/287c6a6243c838cd5db1f2061d18c7ed.jpg
orig: https://i.pinimg.com/originals/28/7c/6a/287c6a6243c838cd5db1f2061d18c7ed.png",,,,1144,0,96,247,1,0,9,fashion ideas,https://www.pinterest.com/sofios/fashion-ideas/,,,,public,,Ana Sofía,sofios,https://www.pinterest.com/sofios,,,370,,,,,,2026-01-27T02:39:48.000Z,2026-06-23T17:14:06.946Z
1.0556E+15,,,,https://www.pinterest.com/pin/1055599909127494,https://i.pinimg.com/originals/3c/1b/fe/3c1bfe197664474ccfbd61e0b1fb0a73.jpg,"60x60: https://i.pinimg.com/60x60/3c/1b/fe/3c1bfe197664474ccfbd61e0b1fb0a73.jpg
136x136: https://i.pinimg.com/136x136/3c/1b/fe/3c1bfe197664474ccfbd61e0b1fb0a73.jpg
170x: https://i.pinimg.com/236x/3c/1b/fe/3c1bfe197664474ccfbd61e0b1fb0a73.jpg
236x: https://i.pinimg.com/236x/3c/1b/fe/3c1bfe197664474ccfbd61e0b1fb0a73.jpg
474x: https://i.pinimg.com/474x/3c/1b/fe/3c1bfe197664474ccfbd61e0b1fb0a73.jpg
564x: https://i.pinimg.com/564x/3c/1b/fe/3c1bfe197664474ccfbd61e0b1fb0a73.jpg
736x: https://i.pinimg.com/736x/3c/1b/fe/3c1bfe197664474ccfbd61e0b1fb0a73.jpg
600x315: https://i.pinimg.com/600x315/3c/1b/fe/3c1bfe197664474ccfbd61e0b1fb0a73.jpg
orig: https://i.pinimg.com/originals/3c/1b/fe/3c1bfe197664474ccfbd61e0b1fb0a73.jpg",,,,7573,0,452,3432,17,0,24,CLOTHESSSS,https://www.pinterest.com/stephelizfine/clothessss/,,,,public,,lyla shaw,stephelizfine,https://www.pinterest.com/stephelizfine,,,54,,,,,,2026-01-30T22:40:43.000Z,2026-06-23T17:27:51.425Z
1.0556E+15,,"4 Pinterest inspired outfits 🖤 Comment: LINK & I’ll send you the links to shop from!  Which one is your favourite look? ✨ . . . #outfitideas #summerstyle #summerfahion #outfitinspiration #pinterestaesthetic #pinterestfashion #outfitstyle #style #stylish #fashiontrends #stylist  Chic summer outfit ideas, Pinterest outfit style, fashion styling, stylist, looks, fashion trends",https://www.instagram.com/p/DMkLjb6xCV0/?img_index=4,https://www.pinterest.com/pin/1055599909235190,https://i.pinimg.com/originals/1a/84/78/1a84788f4f8de4182aa38c8ec9b68d3f.jpg,"60x60: https://i.pinimg.com/60x60/1a/84/78/1a84788f4f8de4182aa38c8ec9b68d3f.jpg
136x136: https://i.pinimg.com/136x136/1a/84/78/1a84788f4f8de4182aa38c8ec9b68d3f.jpg
170x: https://i.pinimg.com/236x/1a/84/78/1a84788f4f8de4182aa38c8ec9b68d3f.jpg
236x: https://i.pinimg.com/236x/1a/84/78/1a84788f4f8de4182aa38c8ec9b68d3f.jpg
474x: https://i.pinimg.com/474x/1a/84/78/1a84788f4f8de4182aa38c8ec9b68d3f.jpg
564x: https://i.pinimg.com/564x/1a/84/78/1a84788f4f8de4182aa38c8ec9b68d3f.jpg
736x: https://i.pinimg.com/736x/1a/84/78/1a84788f4f8de4182aa38c8ec9b68d3f.jpg
600x315: https://i.pinimg.com/600x315/1a/84/78/1a84788f4f8de4182aa38c8ec9b68d3f.jpg
orig: https://i.pinimg.com/originals/1a/84/78/1a84788f4f8de4182aa38c8ec9b68d3f.jpg",,,,9227,0,436,669,2,0,10,Style ♥,https://www.pinterest.com/isadorarosa/style/,,,,public,womens_fashion,Isadora M. Rosa,isadorarosa,https://www.pinterest.com/isadorarosa,,,163,,,,,,2026-03-09T05:25:45.000Z,2026-06-23T17:15:09.104Z
1.0556E+15,,,,https://www.pinterest.com/pin/1055599909303297,https://i.pinimg.com/originals/46/a4/c6/46a4c6f7c0d74d802441d1cbbca59884.jpg,"60x60: https://i.pinimg.com/60x60/46/a4/c6/46a4c6f7c0d74d802441d1cbbca59884.jpg
136x136: https://i.pinimg.com/136x136/46/a4/c6/46a4c6f7c0d74d802441d1cbbca59884.jpg
170x: https://i.pinimg.com/236x/46/a4/c6/46a4c6f7c0d74d802441d1cbbca59884.jpg
236x: https://i.pinimg.com/236x/46/a4/c6/46a4c6f7c0d74d802441d1cbbca59884.jpg
474x: https://i.pinimg.com/474x/46/a4/c6/46a4c6f7c0d74d802441d1cbbca59884.jpg
564x: https://i.pinimg.com/564x/46/a4/c6/46a4c6f7c0d74d802441d1cbbca59884.jpg
736x: https://i.pinimg.com/736x/46/a4/c6/46a4c6f7c0d74d802441d1cbbca59884.jpg
600x315: https://i.pinimg.com/600x315/46/a4/c6/46a4c6f7c0d74d802441d1cbbca59884.jpg
orig: https://i.pinimg.com/originals/46/a4/c6/46a4c6f7c0d74d802441d1cbbca59884.jpg",,,,480,0,10,53,0,0,0,Style,https://www.pinterest.com/hannacole16/style/,,,,public,,Hanna Brian,hannacole16,https://www.pinterest.com/hannacole16,,,144,,,,,,2026-04-02T22:10:23.000Z,2026-06-23T17:24:27.730Z
1.0556E+15,Boho Vacation Dress Outfit Trend 2026,Colorful boho vacation dress outfit ideas for summer 2026. Bright and trendy looks.,,https://www.pinterest.com/pin/1055599909429727,https://i.pinimg.com/originals/78/63/ec/7863ecb600a41b69d2324c36db08de52.png,"60x60: https://i.pinimg.com/60x60/78/63/ec/7863ecb600a41b69d2324c36db08de52.jpg
136x136: https://i.pinimg.com/136x136/78/63/ec/7863ecb600a41b69d2324c36db08de52.jpg
170x: https://i.pinimg.com/236x/78/63/ec/7863ecb600a41b69d2324c36db08de52.jpg
236x: https://i.pinimg.com/236x/78/63/ec/7863ecb600a41b69d2324c36db08de52.jpg
474x: https://i.pinimg.com/474x/78/63/ec/7863ecb600a41b69d2324c36db08de52.jpg
564x: https://i.pinimg.com/564x/78/63/ec/7863ecb600a41b69d2324c36db08de52.jpg
736x: https://i.pinimg.com/736x/78/63/ec/7863ecb600a41b69d2324c36db08de52.jpg
600x315: https://i.pinimg.com/600x315/78/63/ec/7863ecb600a41b69d2324c36db08de52.jpg
orig: https://i.pinimg.com/originals/78/63/ec/7863ecb600a41b69d2324c36db08de52.png",,,,20,0,3,1,0,0,0,Stuff to wear,https://www.pinterest.com/amyterp/stuff-to-wear/,,,,public,,amy terpstra,amyterp,https://www.pinterest.com/amyterp,,,1267,,,,,,2026-05-17T18:04:15.000Z,2026-06-23T17:21:17.841Z
1.0556E+15,summer fits!,Pastel yellow and pink outfit for a summer day,,https://www.pinterest.com/pin/1055599909444583,https://i.pinimg.com/originals/b5/c3/4b/b5c34b35364faaf41a97c1638a6924cf.png,"60x60: https://i.pinimg.com/60x60/b5/c3/4b/b5c34b35364faaf41a97c1638a6924cf.jpg
136x136: https://i.pinimg.com/136x136/b5/c3/4b/b5c34b35364faaf41a97c1638a6924cf.jpg
170x: https://i.pinimg.com/236x/b5/c3/4b/b5c34b35364faaf41a97c1638a6924cf.jpg
236x: https://i.pinimg.com/236x/b5/c3/4b/b5c34b35364faaf41a97c1638a6924cf.jpg
474x: https://i.pinimg.com/474x/b5/c3/4b/b5c34b35364faaf41a97c1638a6924cf.jpg
564x: https://i.pinimg.com/564x/b5/c3/4b/b5c34b35364faaf41a97c1638a6924cf.jpg
736x: https://i.pinimg.com/736x/b5/c3/4b/b5c34b35364faaf41a97c1638a6924cf.jpg
600x315: https://i.pinimg.com/600x315/b5/c3/4b/b5c34b35364faaf41a97c1638a6924cf.jpg
orig: https://i.pinimg.com/originals/b5/c3/4b/b5c34b35364faaf41a97c1638a6924cf.png",,,,898,0,68,51,0,0,0,CLOTHESSSS,https://www.pinterest.com/stephelizfine/clothessss/,,,,public,,lyla shaw,stephelizfine,https://www.pinterest.com/stephelizfine,,,54,,,,,,2026-05-23T02:19:43.000Z,2026-06-23T17:28:20.648Z
1.0556E+15,Sail in style: The ultimate cruise outfit guide for every adventure 2026 - Travel Meets Style,Sail in style: The ultimate cruise outfits packing list for every adventure 2024 - Travel Meets Style,https://travelmeetsstyle.com/cruise-outfits-packing-list,https://www.pinterest.com/pin/1055599909474625,https://i.pinimg.com/originals/6b/c6/5a/6bc65a9ee93c50e3ba7bead0e22beac1.jpg,"60x60: https://i.pinimg.com/60x60/6b/c6/5a/6bc65a9ee93c50e3ba7bead0e22beac1.jpg
136x136: https://i.pinimg.com/136x136/6b/c6/5a/6bc65a9ee93c50e3ba7bead0e22beac1.jpg
170x: https://i.pinimg.com/236x/6b/c6/5a/6bc65a9ee93c50e3ba7bead0e22beac1.jpg
236x: https://i.pinimg.com/236x/6b/c6/5a/6bc65a9ee93c50e3ba7bead0e22beac1.jpg
474x: https://i.pinimg.com/474x/6b/c6/5a/6bc65a9ee93c50e3ba7bead0e22beac1.jpg
564x: https://i.pinimg.com/564x/6b/c6/5a/6bc65a9ee93c50e3ba7bead0e22beac1.jpg
736x: https://i.pinimg.com/736x/6b/c6/5a/6bc65a9ee93c50e3ba7bead0e22beac1.jpg
600x315: https://i.pinimg.com/600x315/6b/c6/5a/6bc65a9ee93c50e3ba7bead0e22beac1.jpg
orig: https://i.pinimg.com/originals/6b/c6/5a/6bc65a9ee93c50e3ba7bead0e22beac1.jpg",,,,5963,0,228,18,8,0,2,vacay,https://www.pinterest.com/whitneybritton/vacay/,,,,public,,Whitney Britton,whitneybritton,https://www.pinterest.com/whitneybritton,,,877,,,,,,2026-06-03T04:10:15.000Z,2026-06-23T17:29:26.457Z
1.0556E+15,10 Boho Chic Outfits to Elevate Your Style Game,"Find your perfect boho style with these chic outfit ideas that flatter every body type. Whether you're rocking a crochet crop top or pairing high-waisted jeans with a denim jacket, these outfits are a must-try for any boho lover. Get inspired with this complete guide to creating effortless, boho chic looks. ​",https://ballenblogger.com/boho-chic-outfits/,https://www.pinterest.com/pin/1055599909484942,https://i.pinimg.com/originals/fb/00/bb/fb00bb253f6dcd58d0ffecf505a584fb.jpg,"60x60: https://i.pinimg.com/60x60/fb/00/bb/fb00bb253f6dcd58d0ffecf505a584fb.jpg
136x136: https://i.pinimg.com/136x136/fb/00/bb/fb00bb253f6dcd58d0ffecf505a584fb.jpg
170x: https://i.pinimg.com/236x/fb/00/bb/fb00bb253f6dcd58d0ffecf505a584fb.jpg
236x: https://i.pinimg.com/236x/fb/00/bb/fb00bb253f6dcd58d0ffecf505a584fb.jpg
474x: https://i.pinimg.com/474x/fb/00/bb/fb00bb253f6dcd58d0ffecf505a584fb.jpg
564x: https://i.pinimg.com/564x/fb/00/bb/fb00bb253f6dcd58d0ffecf505a584fb.jpg
736x: https://i.pinimg.com/736x/fb/00/bb/fb00bb253f6dcd58d0ffecf505a584fb.jpg
600x315: https://i.pinimg.com/600x315/fb/00/bb/fb00bb253f6dcd58d0ffecf505a584fb.jpg
orig: https://i.pinimg.com/originals/fb/00/bb/fb00bb253f6dcd58d0ffecf505a584fb.jpg",,,,271,0,23,5,1,0,3,Stuff to wear,https://www.pinterest.com/amyterp/stuff-to-wear/,,,,public,,amy terpstra,amyterp,https://www.pinterest.com/amyterp,,,1267,,,,,,2026-06-07T15:31:28.000Z,2026-06-23T17:27:16.025Z
1.0556E+18,,,,https://www.pinterest.com/pin/1055601600128947864,https://i.pinimg.com/originals/d4/d4/16/d4d416d7992c0bfaf1d55bf245678406.jpg,"60x60: https://i.pinimg.com/60x60/d4/d4/16/d4d416d7992c0bfaf1d55bf245678406.jpg
136x136: https://i.pinimg.com/136x136/d4/d4/16/d4d416d7992c0bfaf1d55bf245678406.jpg
170x: https://i.pinimg.com/236x/d4/d4/16/d4d416d7992c0bfaf1d55bf245678406.jpg
236x: https://i.pinimg.com/236x/d4/d4/16/d4d416d7992c0bfaf1d55bf245678406.jpg
474x: https://i.pinimg.com/474x/d4/d4/16/d4d416d7992c0bfaf1d55bf245678406.jpg
564x: https://i.pinimg.com/564x/d4/d4/16/d4d416d7992c0bfaf1d55bf245678406.jpg
736x: https://i.pinimg.com/736x/d4/d4/16/d4d416d7992c0bfaf1d55bf245678406.jpg
600x315: https://i.pinimg.com/600x315/d4/d4/16/d4d416d7992c0bfaf1d55bf245678406.jpg
orig: https://i.pinimg.com/originals/d4/d4/16/d4d416d7992c0bfaf1d55bf245678406.jpg",,,,3,0,1,2,0,0,0,Unedited,https://www.pinterest.com/sydunedited/unedited/,,,,public,,⋆ 𝐮𝐧𝐞𝐝𝐢𝐭𝐞𝐝 ⋆,sydunedited,https://www.pinterest.com/sydunedited,,,694,,,,,,2021-05-12T14:58:36.000Z,2026-06-23T17:28:58.636Z
1.0556E+18,,,,https://www.pinterest.com/pin/1055601600165284107,https://i.pinimg.com/originals/43/a5/ab/43a5ab381df65bf2f8fe89cff857aaea.jpg,"60x60: https://i.pinimg.com/60x60/43/a5/ab/43a5ab381df65bf2f8fe89cff857aaea.jpg
136x136: https://i.pinimg.com/136x136/43/a5/ab/43a5ab381df65bf2f8fe89cff857aaea.jpg
170x: https://i.pinimg.com/236x/43/a5/ab/43a5ab381df65bf2f8fe89cff857aaea.jpg
236x: https://i.pinimg.com/236x/43/a5/ab/43a5ab381df65bf2f8fe89cff857aaea.jpg
474x: https://i.pinimg.com/474x/43/a5/ab/43a5ab381df65bf2f8fe89cff857aaea.jpg
564x: https://i.pinimg.com/564x/43/a5/ab/43a5ab381df65bf2f8fe89cff857aaea.jpg
736x: https://i.pinimg.com/736x/43/a5/ab/43a5ab381df65bf2f8fe89cff857aaea.jpg
600x315: https://i.pinimg.com/600x315/43/a5/ab/43a5ab381df65bf2f8fe89cff857aaea.jpg
orig: https://i.pinimg.com/originals/43/a5/ab/43a5ab381df65bf2f8fe89cff857aaea.jpg",,,,103,0,10,16,0,0,0,Pins by you,https://www.pinterest.com/bereniceleal0503/_quick_creates/,,,,public,,BERENICE,bereniceleal0503,https://www.pinterest.com/bereniceleal0503,,,80,,,,,,2025-06-23T06:03:24.000Z,2026-06-23T17:28:44.289Z
1.05666E+18,Get itttt,Get itttt,,https://www.pinterest.com/pin/1056657131295632211,https://i.pinimg.com/originals/05/26/81/05268137b70b2b9cd56222655b5ef505.jpg,"60x60: https://i.pinimg.com/60x60/05/26/81/05268137b70b2b9cd56222655b5ef505.jpg
136x136: https://i.pinimg.com/136x136/05/26/81/05268137b70b2b9cd56222655b5ef505.jpg
170x: https://i.pinimg.com/236x/05/26/81/05268137b70b2b9cd56222655b5ef505.jpg
236x: https://i.pinimg.com/236x/05/26/81/05268137b70b2b9cd56222655b5ef505.jpg
474x: https://i.pinimg.com/474x/05/26/81/05268137b70b2b9cd56222655b5ef505.jpg
564x: https://i.pinimg.com/564x/05/26/81/05268137b70b2b9cd56222655b5ef505.jpg
736x: https://i.pinimg.com/736x/05/26/81/05268137b70b2b9cd56222655b5ef505.jpg
600x315: https://i.pinimg.com/600x315/05/26/81/05268137b70b2b9cd56222655b5ef505.jpg
orig: https://i.pinimg.com/originals/05/26/81/05268137b70b2b9cd56222655b5ef505.jpg",,,"V_EXP3: https://v1.pinimg.com/videos/mc/expMp4/ea/44/c1/ea44c16e276eacf29f17754ac0a690a9_t1.mp4
V_EXP7: https://v1.pinimg.com/videos/mc/720p/ea/44/c1/ea44c16e276eacf29f17754ac0a690a9.mp4
V_HLSV3_MOBILE: https://v1.pinimg.com/videos/mc/hls/ea/44/c1/ea44c16e276eacf29f17754ac0a690a9.m3u8
V_EXP5: https://v1.pinimg.com/videos/mc/expMp4/ea/44/c1/ea44c16e276eacf29f17754ac0a690a9_t3.mp4
V_EXP4: https://v1.pinimg.com/videos/mc/expMp4/ea/44/c1/ea44c16e276eacf29f17754ac0a690a9_t2.mp4
V_EXP6: https://v1.pinimg.com/videos/mc/expMp4/ea/44/c1/ea44c16e276eacf29f17754ac0a690a9_t4.mp4",1728,3,559,1704,4,0,1355,Pins by you,https://www.pinterest.com/sonofthecgod/_quick_creates/,,,,public,,Percy Jackson,sonofthecgod,https://www.pinterest.com/sonofthecgod,,,62,,,,,,2022-06-22T22:49:31.000Z,2026-06-23T16:46:30.343Z
1.05708E+18,,,,https://www.pinterest.com/pin/1057079343792739623,https://i.pinimg.com/originals/bb/5b/12/bb5b124790a98a428c7494d7076386d0.png,"60x60: https://i.pinimg.com/60x60/bb/5b/12/bb5b124790a98a428c7494d7076386d0.jpg
136x136: https://i.pinimg.com/136x136/bb/5b/12/bb5b124790a98a428c7494d7076386d0.jpg
170x: https://i.pinimg.com/236x/bb/5b/12/bb5b124790a98a428c7494d7076386d0.jpg
236x: https://i.pinimg.com/236x/bb/5b/12/bb5b124790a98a428c7494d7076386d0.jpg
474x: https://i.pinimg.com/474x/bb/5b/12/bb5b124790a98a428c7494d7076386d0.jpg
564x: https://i.pinimg.com/564x/bb/5b/12/bb5b124790a98a428c7494d7076386d0.jpg
736x: https://i.pinimg.com/736x/bb/5b/12/bb5b124790a98a428c7494d7076386d0.jpg
600x315: https://i.pinimg.com/600x315/bb/5b/12/bb5b124790a98a428c7494d7076386d0.jpg
orig: https://i.pinimg.com/originals/bb/5b/12/bb5b124790a98a428c7494d7076386d0.png",,,,1098,0,44,906,0,0,10,summer dress,https://www.pinterest.com/sahilkhan563/summer-dress/,,,,public,,sahilkhan,sahilkhan563,https://www.pinterest.com/sahilkhan563,,,2,,,,,,2025-03-28T06:45:42.000Z,2026-06-23T17:25:54.900Z
1.05729E+18,Creamy Mediterranean Protein Pasta Salad Everyone Is Saving for Easy Lunches,"Fresh vegetables, creamy lemon herb dressing, chickpea pasta, and bold Mediterranean flavor make this protein pasta salad unbelievably satisfying. It’s the kind of easy high-protein recipe Pinterest users save fast for meal prep and quick lunches. The complete recipe guide is at the link.



#ProteinPastaSalad
#PastaSaladRecipes
#MediterraneanSalad
#HighProteinRecipes
#ChickpeaPasta
#HealthyLunch
#Recipes
#VeganPasta",https://plant-power-glow.lovable.app/,https://www.pinterest.com/pin/1057290450037052555,https://i.pinimg.com/originals/e8/b6/c7/e8b6c74ca218984c73edb17043f0edd9.png,"60x60: https://i.pinimg.com/60x60/e8/b6/c7/e8b6c74ca218984c73edb17043f0edd9.jpg
136x136: https://i.pinimg.com/136x136/e8/b6/c7/e8b6c74ca218984c73edb17043f0edd9.jpg
170x: https://i.pinimg.com/236x/e8/b6/c7/e8b6c74ca218984c73edb17043f0edd9.jpg
236x: https://i.pinimg.com/236x/e8/b6/c7/e8b6c74ca218984c73edb17043f0edd9.jpg
474x: https://i.pinimg.com/474x/e8/b6/c7/e8b6c74ca218984c73edb17043f0edd9.jpg
564x: https://i.pinimg.com/564x/e8/b6/c7/e8b6c74ca218984c73edb17043f0edd9.jpg
736x: https://i.pinimg.com/736x/e8/b6/c7/e8b6c74ca218984c73edb17043f0edd9.jpg
600x315: https://i.pinimg.com/600x315/e8/b6/c7/e8b6c74ca218984c73edb17043f0edd9.jpg
orig: https://i.pinimg.com/originals/e8/b6/c7/e8b6c74ca218984c73edb17043f0edd9.png",,,,75,0,1,54,0,0,0,Recipes,https://www.pinterest.com/plantbasedrecipesideas/recipes/,,,,public,food_drink,Andreana | Vegan Weight Loss Recipes | Plant-Based Recipes,plantbasedrecipesideas,https://www.pinterest.com/plantbasedrecipesideas,,,170,,,,,,2026-05-20T19:12:23.000Z,2026-06-23T16:39:12.999Z
1.0575E+18,Preppy Summer Fit  and where to buy!,,,https://www.pinterest.com/pin/1057501556225561654,https://i.pinimg.com/originals/35/a4/d3/35a4d36c7b6c7cc25367c6343c321162.jpg,"60x60: https://i.pinimg.com/60x60/35/a4/d3/35a4d36c7b6c7cc25367c6343c321162.jpg
136x136: https://i.pinimg.com/136x136/35/a4/d3/35a4d36c7b6c7cc25367c6343c321162.jpg
170x: https://i.pinimg.com/236x/35/a4/d3/35a4d36c7b6c7cc25367c6343c321162.jpg
236x: https://i.pinimg.com/236x/35/a4/d3/35a4d36c7b6c7cc25367c6343c321162.jpg
474x: https://i.pinimg.com/474x/35/a4/d3/35a4d36c7b6c7cc25367c6343c321162.jpg
564x: https://i.pinimg.com/564x/35/a4/d3/35a4d36c7b6c7cc25367c6343c321162.jpg
736x: https://i.pinimg.com/736x/35/a4/d3/35a4d36c7b6c7cc25367c6343c321162.jpg
600x315: https://i.pinimg.com/600x315/35/a4/d3/35a4d36c7b6c7cc25367c6343c321162.jpg
orig: https://i.pinimg.com/originals/35/a4/d3/35a4d36c7b6c7cc25367c6343c321162.jpg",,,,164,0,229,160,27,0,3,Preppy ⚡️,https://www.pinterest.com/preppypeepss/preppy/,,,,public,,The Preppy Peeps,preppypeepss,https://www.pinterest.com/preppypeepss,,,1114,,,,,,2022-06-06T20:01:24.000Z,2026-06-23T17:28:38.352Z
1.05771E+18,Perfect 20 Dreamy Boho Summer Outfit Ideas to Elevate Your Style,"🎋 Bring boho charm to your wardrobe with these stunning summer outfit ideas. From vibrant prints to soft neutrals, we've got you covered! #StylishBoho #BohoChicLook #SummerWardrobeStaples",https://willtiptop.com/boho-summer-outfit-ideas/,https://www.pinterest.com/pin/1057712662505433509,https://i.pinimg.com/originals/0e/80/d7/0e80d755cd14c3be1e25871cac43d22a.jpg,"60x60: https://i.pinimg.com/60x60/0e/80/d7/0e80d755cd14c3be1e25871cac43d22a.jpg
136x136: https://i.pinimg.com/136x136/0e/80/d7/0e80d755cd14c3be1e25871cac43d22a.jpg
170x: https://i.pinimg.com/236x/0e/80/d7/0e80d755cd14c3be1e25871cac43d22a.jpg
236x: https://i.pinimg.com/236x/0e/80/d7/0e80d755cd14c3be1e25871cac43d22a.jpg
474x: https://i.pinimg.com/474x/0e/80/d7/0e80d755cd14c3be1e25871cac43d22a.jpg
564x: https://i.pinimg.com/564x/0e/80/d7/0e80d755cd14c3be1e25871cac43d22a.jpg
736x: https://i.pinimg.com/736x/0e/80/d7/0e80d755cd14c3be1e25871cac43d22a.jpg
600x315: https://i.pinimg.com/600x315/0e/80/d7/0e80d755cd14c3be1e25871cac43d22a.jpg
orig: https://i.pinimg.com/originals/0e/80/d7/0e80d755cd14c3be1e25871cac43d22a.jpg",,,,1,0,0,0,0,0,0,Summer Outfits,https://www.pinterest.com/avachic2311/summer-outfits/,,,,public,,AvaChic 🔥 🔥 🔥  | Fashion Daily | Trending Outfits,avachic2311,https://www.pinterest.com/avachic2311,,,123,,,,,,2026-04-21T10:31:22.000Z,2026-06-23T17:22:31.059Z
1.05771E+18,Top 20 Dreamy Boho Summer Outfit Ideas to Elevate Your Style,🦋 Add a touch of whimsy to your summer outfits with these breezy boho looks. Perfect for staying cool and looking chic all season long! #BohoFashion #SummerStyle #DreamyWardrobe,https://willtiptop.com/boho-summer-outfit-ideas/,https://www.pinterest.com/pin/1057712662506503302,https://i.pinimg.com/originals/32/87/28/328728ebdfd547a7476b624877318e29.jpg,"60x60: https://i.pinimg.com/60x60/32/87/28/328728ebdfd547a7476b624877318e29.jpg
136x136: https://i.pinimg.com/136x136/32/87/28/328728ebdfd547a7476b624877318e29.jpg
170x: https://i.pinimg.com/236x/32/87/28/328728ebdfd547a7476b624877318e29.jpg
236x: https://i.pinimg.com/236x/32/87/28/328728ebdfd547a7476b624877318e29.jpg
474x: https://i.pinimg.com/474x/32/87/28/328728ebdfd547a7476b624877318e29.jpg
564x: https://i.pinimg.com/564x/32/87/28/328728ebdfd547a7476b624877318e29.jpg
736x: https://i.pinimg.com/736x/32/87/28/328728ebdfd547a7476b624877318e29.jpg
600x315: https://i.pinimg.com/600x315/32/87/28/328728ebdfd547a7476b624877318e29.jpg
orig: https://i.pinimg.com/originals/32/87/28/328728ebdfd547a7476b624877318e29.jpg",,,,12,0,0,8,0,0,0,Summer Outfits,https://www.pinterest.com/avachic2311/summer-outfits/,,,,public,,AvaChic 🔥 🔥 🔥  | Fashion Daily | Trending Outfits,avachic2311,https://www.pinterest.com/avachic2311,,,123,,,,,,2026-05-23T20:55:18.000Z,2026-06-23T17:25:02.118Z
1.05771E+18,Amazing 33 Chic Summer Beach Outfit Ideas to Elevate Your Vacation Style,🌊 Pack your bags with these fashionable beach outfits and vacation in style. Discover chic ideas for every sun-soaked adventure. #BeachDayStyle #TravelWardrobe #SunnyFashion,https://willtiptop.com/summer-beach-outfits-ideas/,https://www.pinterest.com/pin/1057712662506841548,https://i.pinimg.com/originals/b3/77/92/b37792fdfe824fe16a741a588d589eb5.jpg,"60x60: https://i.pinimg.com/60x60/b3/77/92/b37792fdfe824fe16a741a588d589eb5.jpg
136x136: https://i.pinimg.com/136x136/b3/77/92/b37792fdfe824fe16a741a588d589eb5.jpg
170x: https://i.pinimg.com/236x/b3/77/92/b37792fdfe824fe16a741a588d589eb5.jpg
236x: https://i.pinimg.com/236x/b3/77/92/b37792fdfe824fe16a741a588d589eb5.jpg
474x: https://i.pinimg.com/474x/b3/77/92/b37792fdfe824fe16a741a588d589eb5.jpg
564x: https://i.pinimg.com/564x/b3/77/92/b37792fdfe824fe16a741a588d589eb5.jpg
736x: https://i.pinimg.com/736x/b3/77/92/b37792fdfe824fe16a741a588d589eb5.jpg
600x315: https://i.pinimg.com/600x315/b3/77/92/b37792fdfe824fe16a741a588d589eb5.jpg
orig: https://i.pinimg.com/originals/b3/77/92/b37792fdfe824fe16a741a588d589eb5.jpg",,,,1,0,0,0,0,0,0,Chic Tropical Vacation Outfit Ideas,https://www.pinterest.com/avachic2311/chic-tropical-vacation-outfit-ideas/,,,,public,,AvaChic 🔥 🔥 🔥  | Fashion Daily | Trending Outfits,avachic2311,https://www.pinterest.com/avachic2311,,,123,,,,,,2026-06-02T21:13:53.000Z,2026-06-23T17:12:54.339Z
1.05813E+18,,,,https://www.pinterest.com/pin/1058134874960281524,https://i.pinimg.com/originals/fb/6d/8e/fb6d8eccca1d38837e20cb937c55b8d9.jpg,"60x60: https://i.pinimg.com/60x60/fb/6d/8e/fb6d8eccca1d38837e20cb937c55b8d9.jpg
136x136: https://i.pinimg.com/136x136/fb/6d/8e/fb6d8eccca1d38837e20cb937c55b8d9.jpg
170x: https://i.pinimg.com/236x/fb/6d/8e/fb6d8eccca1d38837e20cb937c55b8d9.jpg
236x: https://i.pinimg.com/236x/fb/6d/8e/fb6d8eccca1d38837e20cb937c55b8d9.jpg
474x: https://i.pinimg.com/474x/fb/6d/8e/fb6d8eccca1d38837e20cb937c55b8d9.jpg
564x: https://i.pinimg.com/564x/fb/6d/8e/fb6d8eccca1d38837e20cb937c55b8d9.jpg
736x: https://i.pinimg.com/736x/fb/6d/8e/fb6d8eccca1d38837e20cb937c55b8d9.jpg
600x315: https://i.pinimg.com/600x315/fb/6d/8e/fb6d8eccca1d38837e20cb937c55b8d9.jpg
orig: https://i.pinimg.com/originals/fb/6d/8e/fb6d8eccca1d38837e20cb937c55b8d9.jpg",,,,4,0,0,3,0,0,0,Pins by you,https://www.pinterest.com/razirazo883/_quick_creates/,,,,public,,Manina_mazo,razirazo883,https://www.pinterest.com/razirazo883,,,328,,,,,,2025-07-16T05:44:06.000Z,2026-06-23T17:24:05.485Z
1.05821E+18,Vacation Outfit Ideas You’ll Love (Amazon Beach Outfit),"Vacation outfit ideas you’ll love 🌿 This effortless beach outfit is perfect for summer trips, Florida vacations, and everyday warm weather style. Featuring a flowy dress, sandals, and simple accessories — all easy Amazon finds for a chic, minimal look.",https://www.amazon.com/shop/influencer-4fe7cecf/photo/amzn1.shoppablemedia.v1.4073f4a4-89a8-4b92-a615-656ae8b99351?ref_=aip_sf_photo_spv_ons_mixed_d,https://www.pinterest.com/pin/1058205243715382565,https://i.pinimg.com/originals/91/bb/33/91bb33f282b82947fcca46d176004f69.jpg,"60x60: https://i.pinimg.com/60x60/91/bb/33/91bb33f282b82947fcca46d176004f69.jpg
136x136: https://i.pinimg.com/136x136/91/bb/33/91bb33f282b82947fcca46d176004f69.jpg
170x: https://i.pinimg.com/236x/91/bb/33/91bb33f282b82947fcca46d176004f69.jpg
236x: https://i.pinimg.com/236x/91/bb/33/91bb33f282b82947fcca46d176004f69.jpg
474x: https://i.pinimg.com/474x/91/bb/33/91bb33f282b82947fcca46d176004f69.jpg
564x: https://i.pinimg.com/564x/91/bb/33/91bb33f282b82947fcca46d176004f69.jpg
736x: https://i.pinimg.com/736x/91/bb/33/91bb33f282b82947fcca46d176004f69.jpg
600x315: https://i.pinimg.com/600x315/91/bb/33/91bb33f282b82947fcca46d176004f69.jpg
orig: https://i.pinimg.com/originals/91/bb/33/91bb33f282b82947fcca46d176004f69.jpg",,,,2,0,0,1,0,0,0,Beach Vacation Outfits & Packing Essentials,https://www.pinterest.com/brianakkinner/beach-vacation-outfits-packing-essentials/,,,,public,,The Curated Edit | Travel Finds,brianakkinner,https://www.pinterest.com/brianakkinner,,,0,,,,,,2026-04-13T00:01:07.000Z,2026-06-23T17:14:32.647Z
1.05842E+18,Boho Beach Outfit. Bohemian Fashion,"Immerse yourself in the vibrant and free-spirited world of Boho chic. This picture captures the essence of Boho girls, showcasing their unique Boho outfits that perfectly blend fashion and comfort. The Bohemian style clothing, with its rich patterns and flowing designs, is a testament to the Hippie style. The Gypsy style elements add an exotic touch, making each outfit a piece of art. Experience the allure of Boho style fashion, where every outfit tells a story of freedom, individuality, and creativity.",,https://www.pinterest.com/pin/1058416349916374404,https://i.pinimg.com/originals/70/ee/a4/70eea431f8ef84db8a11412d7f714b6e.jpg,"60x60: https://i.pinimg.com/60x60/70/ee/a4/70eea431f8ef84db8a11412d7f714b6e.jpg
136x136: https://i.pinimg.com/136x136/70/ee/a4/70eea431f8ef84db8a11412d7f714b6e.jpg
170x: https://i.pinimg.com/236x/70/ee/a4/70eea431f8ef84db8a11412d7f714b6e.jpg
236x: https://i.pinimg.com/236x/70/ee/a4/70eea431f8ef84db8a11412d7f714b6e.jpg
474x: https://i.pinimg.com/474x/70/ee/a4/70eea431f8ef84db8a11412d7f714b6e.jpg
564x: https://i.pinimg.com/564x/70/ee/a4/70eea431f8ef84db8a11412d7f714b6e.jpg
736x: https://i.pinimg.com/736x/70/ee/a4/70eea431f8ef84db8a11412d7f714b6e.jpg
600x315: https://i.pinimg.com/600x315/70/ee/a4/70eea431f8ef84db8a11412d7f714b6e.jpg
orig: https://i.pinimg.com/originals/70/ee/a4/70eea431f8ef84db8a11412d7f714b6e.jpg",,,,1063,0,63,17,2,0,8,Zapisane na szybko,https://www.pinterest.com/zofiakapusta86/_quick_saves/,,,,public,,Zofia,zofiakapusta86,https://www.pinterest.com/zofiakapusta86,,,3,,,,,,2024-04-19T10:03:26.000Z,2026-06-23T17:21:46.129Z
1.05849E+18,Tied Openework Halter Neck Cover-Up,"Features: Openwork, Tied Sheer: Semi-sheer Stretch: Slightly stretchy Material composition: 100% acrylic Care instructions: Machine wash cold. Tumble dry low. Imported Size Us Size Top Length Bust S 4 24.4 29.9 M 6/8 24.8 31.5 L 10/12 25.4 33.9 XL 14 26 36.2",https://charmingcharlie.com/products/tied-openework-halter-neck-cover-up?variant=41558306127971,https://www.pinterest.com/pin/1058486718660645592,https://i.pinimg.com/originals/8f/04/74/8f0474e1b25264aa834f6ff51885b365.jpg,"60x60: https://i.pinimg.com/60x60/8f/04/74/8f0474e1b25264aa834f6ff51885b365.jpg
136x136: https://i.pinimg.com/136x136/8f/04/74/8f0474e1b25264aa834f6ff51885b365.jpg
170x: https://i.pinimg.com/236x/8f/04/74/8f0474e1b25264aa834f6ff51885b365.jpg
236x: https://i.pinimg.com/236x/8f/04/74/8f0474e1b25264aa834f6ff51885b365.jpg
474x: https://i.pinimg.com/474x/8f/04/74/8f0474e1b25264aa834f6ff51885b365.jpg
564x: https://i.pinimg.com/564x/8f/04/74/8f0474e1b25264aa834f6ff51885b365.jpg
736x: https://i.pinimg.com/736x/8f/04/74/8f0474e1b25264aa834f6ff51885b365.jpg
600x315: https://i.pinimg.com/600x315/8f/04/74/8f0474e1b25264aa834f6ff51885b365.jpg
orig: https://i.pinimg.com/originals/8f/04/74/8f0474e1b25264aa834f6ff51885b365.jpg",,,,6,0,0,2,0,0,0,Products,https://www.pinterest.com/preview_charmingcharlie_com/_products/,,,,protected,products,Pinterest Preview charmingcharlie,preview_charmingcharlie_com,https://www.pinterest.com/preview_charmingcharlie_com,,,114,,,,,,2024-04-15T19:10:28.000Z,2026-06-23T17:13:32.859Z
1.05849E+18,V-Neck Spaghetti Strap Top and Skirt Swim Set,Features: Basic style Number of pieces: Two-piece Chest pad: Removable padding Underwire: No underwire Stretch: Stretchy Material composition: 100% polyester Care instructions: Machine wash cold. Tumble dry low. Imported Size Bust Waist Top Length Length HIP XS 29.1 24 17.7 14.6 28.3 S 30.7 26 18.3 15 29.9 M 32.7 28 18.9 15.4 31.9 L 34.6 29.9 19.5 15.7 33.9 XL 37 32.3 20.1 16.1 36.2 2XL 39.4 34.6 20.7 16.5 38.6,https://charmingcharlie.com/products/v-neck-spaghetti-strap-top-and-skirt-swim-set?variant=41558094643299,https://www.pinterest.com/pin/1058486718660645738,https://i.pinimg.com/originals/9d/ae/43/9dae4338e505a8be6eb263e67bef8947.jpg,"60x60: https://i.pinimg.com/60x60/9d/ae/43/9dae4338e505a8be6eb263e67bef8947.jpg
136x136: https://i.pinimg.com/136x136/9d/ae/43/9dae4338e505a8be6eb263e67bef8947.jpg
170x: https://i.pinimg.com/236x/9d/ae/43/9dae4338e505a8be6eb263e67bef8947.jpg
236x: https://i.pinimg.com/236x/9d/ae/43/9dae4338e505a8be6eb263e67bef8947.jpg
474x: https://i.pinimg.com/474x/9d/ae/43/9dae4338e505a8be6eb263e67bef8947.jpg
564x: https://i.pinimg.com/564x/9d/ae/43/9dae4338e505a8be6eb263e67bef8947.jpg
736x: https://i.pinimg.com/736x/9d/ae/43/9dae4338e505a8be6eb263e67bef8947.jpg
600x315: https://i.pinimg.com/600x315/9d/ae/43/9dae4338e505a8be6eb263e67bef8947.jpg
orig: https://i.pinimg.com/originals/9d/ae/43/9dae4338e505a8be6eb263e67bef8947.jpg",,,,2,0,0,0,0,0,0,Products,https://www.pinterest.com/preview_charmingcharlie_com/_products/,,,,protected,products,Pinterest Preview charmingcharlie,preview_charmingcharlie_com,https://www.pinterest.com/preview_charmingcharlie_com,,,114,,,,,,2024-04-15T19:13:05.000Z,2026-06-23T17:13:26.520Z
1.05863E+18,,#BohoTurquoise #Romantic #FreeSpirit #Natural #ColorfulLife #BohoStyle,,https://www.pinterest.com/pin/1058627456168522758,https://i.pinimg.com/originals/fc/dc/29/fcdc29ac8996be4bfc696ea0bcdd545b.jpg,"60x60: https://i.pinimg.com/60x60/fc/dc/29/fcdc29ac8996be4bfc696ea0bcdd545b.jpg
136x136: https://i.pinimg.com/136x136/fc/dc/29/fcdc29ac8996be4bfc696ea0bcdd545b.jpg
170x: https://i.pinimg.com/236x/fc/dc/29/fcdc29ac8996be4bfc696ea0bcdd545b.jpg
236x: https://i.pinimg.com/236x/fc/dc/29/fcdc29ac8996be4bfc696ea0bcdd545b.jpg
474x: https://i.pinimg.com/474x/fc/dc/29/fcdc29ac8996be4bfc696ea0bcdd545b.jpg
564x: https://i.pinimg.com/564x/fc/dc/29/fcdc29ac8996be4bfc696ea0bcdd545b.jpg
736x: https://i.pinimg.com/736x/fc/dc/29/fcdc29ac8996be4bfc696ea0bcdd545b.jpg
600x315: https://i.pinimg.com/600x315/fc/dc/29/fcdc29ac8996be4bfc696ea0bcdd545b.jpg
orig: https://i.pinimg.com/originals/fc/dc/29/fcdc29ac8996be4bfc696ea0bcdd545b.jpg",,,,10,0,0,0,0,0,0,Beach Outfit [F-Genz],https://www.pinterest.com/emergtrendsml/beach-outfit-f-genz/,,,,public,,Emergtrends+ml,emergtrendsml,https://www.pinterest.com/emergtrendsml,,,2,,,,,,2025-09-04T00:01:28.000Z,2026-06-23T17:21:26.859Z
1.05863E+18,Summer Swimwear for Women 2026: Soft resort layering with a feminine silhouette,"This one feels like golden hour bottled into an outfit. A soft neutral top paired with a flowing skirt and a light printed layer creates that effortless, slightly romantic silhouette that I always associate with vacations that feel a little slower, a little more intentional.",https://pyntera.com/summer-swimwear-for-women-2026-modest-styles/,https://www.pinterest.com/pin/1058627456178722366,https://i.pinimg.com/originals/79/6e/ab/796eab5d73586608e21f33774cd39f5d.jpg,"60x60: https://i.pinimg.com/60x60/79/6e/ab/796eab5d73586608e21f33774cd39f5d.jpg
136x136: https://i.pinimg.com/136x136/79/6e/ab/796eab5d73586608e21f33774cd39f5d.jpg
170x: https://i.pinimg.com/236x/79/6e/ab/796eab5d73586608e21f33774cd39f5d.jpg
236x: https://i.pinimg.com/236x/79/6e/ab/796eab5d73586608e21f33774cd39f5d.jpg
474x: https://i.pinimg.com/474x/79/6e/ab/796eab5d73586608e21f33774cd39f5d.jpg
564x: https://i.pinimg.com/564x/79/6e/ab/796eab5d73586608e21f33774cd39f5d.jpg
736x: https://i.pinimg.com/736x/79/6e/ab/796eab5d73586608e21f33774cd39f5d.jpg
600x315: https://i.pinimg.com/600x315/79/6e/ab/796eab5d73586608e21f33774cd39f5d.jpg
orig: https://i.pinimg.com/originals/79/6e/ab/796eab5d73586608e21f33774cd39f5d.jpg",,,,7,0,0,2,0,0,0,Beach Outfit [F-Genz],https://www.pinterest.com/emergtrendsml/beach-outfit-f-genz-v2/,,,,public,,Emergtrends+ml,emergtrendsml,https://www.pinterest.com/emergtrendsml,,,2,,,,,,2026-05-04T20:24:31.000Z,2026-06-23T17:13:33.801Z
1.05947E+18,,,,https://www.pinterest.com/pin/1059471881125833890,https://i.pinimg.com/originals/a3/64/8c/a3648c859b8857d7b7ac1bf8402be5b7.jpg,"60x60: https://i.pinimg.com/60x60/a3/64/8c/a3648c859b8857d7b7ac1bf8402be5b7.jpg
136x136: https://i.pinimg.com/136x136/a3/64/8c/a3648c859b8857d7b7ac1bf8402be5b7.jpg
170x: https://i.pinimg.com/236x/a3/64/8c/a3648c859b8857d7b7ac1bf8402be5b7.jpg
236x: https://i.pinimg.com/236x/a3/64/8c/a3648c859b8857d7b7ac1bf8402be5b7.jpg
474x: https://i.pinimg.com/474x/a3/64/8c/a3648c859b8857d7b7ac1bf8402be5b7.jpg
564x: https://i.pinimg.com/564x/a3/64/8c/a3648c859b8857d7b7ac1bf8402be5b7.jpg
736x: https://i.pinimg.com/736x/a3/64/8c/a3648c859b8857d7b7ac1bf8402be5b7.jpg
600x315: https://i.pinimg.com/600x315/a3/64/8c/a3648c859b8857d7b7ac1bf8402be5b7.jpg
orig: https://i.pinimg.com/originals/a3/64/8c/a3648c859b8857d7b7ac1bf8402be5b7.jpg",,,,46,0,9,36,2,0,1,Quick Saves,https://www.pinterest.com/pnhinton14/_quick_saves/,,,,public,,Paige Hinton,pnhinton14,https://www.pinterest.com/pnhinton14,,,5,,,,,,2026-04-07T13:40:36.000Z,2026-06-23T17:28:20.760Z
1.05961E+18,Flamingo Tie Dye Dress Beige,"🌴 Bali Vibes🌴 
100% Rayon
This beautiful dress is the perfect addition to any women’s wardrobe.
It can be worn day into night, as a stunning swimsuit cover-up at the beach, as well as a glamorous evening dress
All colors and designs are hand-dyed and vibrant.
Measurements: Best for US 4-14 / S-XL
Bust : up to 35.4"" / 90cm
Hips: up to 55"" / 140cm
Total length: 55"" / 140 cm",https://thaluta.com/collections/bali-vibes/products/tie-dyed-maxi-dress-beige,https://www.pinterest.com/pin/1059612618562428060,https://i.pinimg.com/originals/63/f9/5a/63f95a8993306de6d5d1f12bc954bb9b.jpg,"60x60: https://i.pinimg.com/60x60/63/f9/5a/63f95a8993306de6d5d1f12bc954bb9b.jpg
136x136: https://i.pinimg.com/136x136/63/f9/5a/63f95a8993306de6d5d1f12bc954bb9b.jpg
170x: https://i.pinimg.com/236x/63/f9/5a/63f95a8993306de6d5d1f12bc954bb9b.jpg
236x: https://i.pinimg.com/236x/63/f9/5a/63f95a8993306de6d5d1f12bc954bb9b.jpg
474x: https://i.pinimg.com/474x/63/f9/5a/63f95a8993306de6d5d1f12bc954bb9b.jpg
564x: https://i.pinimg.com/564x/63/f9/5a/63f95a8993306de6d5d1f12bc954bb9b.jpg
736x: https://i.pinimg.com/736x/63/f9/5a/63f95a8993306de6d5d1f12bc954bb9b.jpg
600x315: https://i.pinimg.com/600x315/63/f9/5a/63f95a8993306de6d5d1f12bc954bb9b.jpg
orig: https://i.pinimg.com/originals/63/f9/5a/63f95a8993306de6d5d1f12bc954bb9b.jpg",,,,1,0,0,0,0,0,0,d,https://www.pinterest.com/jonathandaguplo1982/d/,,,,public,,Jonathan Daguplo,jonathandaguplo1982,https://www.pinterest.com/jonathandaguplo1982,,,0,,,,,,2023-09-18T13:02:46.000Z,2026-06-23T17:22:48.563Z
1.05975E+18,,,,https://www.pinterest.com/pin/1059753356069653976,https://i.pinimg.com/originals/5e/b4/71/5eb471662595a5058129f71441c01a4a.jpg,"60x60: https://i.pinimg.com/60x60/5e/b4/71/5eb471662595a5058129f71441c01a4a.jpg
136x136: https://i.pinimg.com/136x136/5e/b4/71/5eb471662595a5058129f71441c01a4a.jpg
170x: https://i.pinimg.com/236x/5e/b4/71/5eb471662595a5058129f71441c01a4a.jpg
236x: https://i.pinimg.com/236x/5e/b4/71/5eb471662595a5058129f71441c01a4a.jpg
474x: https://i.pinimg.com/474x/5e/b4/71/5eb471662595a5058129f71441c01a4a.jpg
564x: https://i.pinimg.com/564x/5e/b4/71/5eb471662595a5058129f71441c01a4a.jpg
736x: https://i.pinimg.com/736x/5e/b4/71/5eb471662595a5058129f71441c01a4a.jpg
600x315: https://i.pinimg.com/600x315/5e/b4/71/5eb471662595a5058129f71441c01a4a.jpg
orig: https://i.pinimg.com/originals/5e/b4/71/5eb471662595a5058129f71441c01a4a.jpg",,,,11,0,2,2,0,0,0,הסטייל שלי😍🌼🌸🌺🪷🌞🌻,https://www.pinterest.com/sophia700711/%D7%94%D7%A1%D7%98%D7%99%D7%99%D7%9C-%D7%A9%D7%9C%D7%99/,,,,public,,Sophia,sophia700711,https://www.pinterest.com/sophia700711,,,0,,,,,,2025-03-13T21:02:07.000Z,2026-06-23T17:24:36.410Z
1.06165E+18,tranding outfit and so interesting !viral on 2026🔥,,,https://www.pinterest.com/pin/1061653312177361327,https://i.pinimg.com/originals/98/9e/a1/989ea1f2f1730d0c3f76bb4f76fa7c0c.jpg,"60x60: https://i.pinimg.com/60x60/98/9e/a1/989ea1f2f1730d0c3f76bb4f76fa7c0c.jpg
136x136: https://i.pinimg.com/136x136/98/9e/a1/989ea1f2f1730d0c3f76bb4f76fa7c0c.jpg
170x: https://i.pinimg.com/236x/98/9e/a1/989ea1f2f1730d0c3f76bb4f76fa7c0c.jpg
236x: https://i.pinimg.com/236x/98/9e/a1/989ea1f2f1730d0c3f76bb4f76fa7c0c.jpg
474x: https://i.pinimg.com/474x/98/9e/a1/989ea1f2f1730d0c3f76bb4f76fa7c0c.jpg
564x: https://i.pinimg.com/564x/98/9e/a1/989ea1f2f1730d0c3f76bb4f76fa7c0c.jpg
736x: https://i.pinimg.com/736x/98/9e/a1/989ea1f2f1730d0c3f76bb4f76fa7c0c.jpg
600x315: https://i.pinimg.com/600x315/98/9e/a1/989ea1f2f1730d0c3f76bb4f76fa7c0c.jpg
orig: https://i.pinimg.com/originals/98/9e/a1/989ea1f2f1730d0c3f76bb4f76fa7c0c.jpg",,,,1050,0,135,922,1,0,54,party wear dresses 💗🌷,https://www.pinterest.com/sanjanathakurmzp/party-wear-dresses/,,,,public,,sanjana🎀📌🔮,sanjanathakurmzp,https://www.pinterest.com/sanjanathakurmzp,,,32,,,,,,2026-05-13T15:24:05.000Z,2026-06-23T17:12:23.911Z
1.06193E+18,Tendenze Moda Estate 2023: Outfit Estivi Freschi e Colorati!,"Scopri le Tendenze Moda Estate 2023! Esplora outfit estivi freschi e colorati per un look impeccabile. Costumi da bagno trendy, accessori chic e stampe floreali ti faranno brillare sotto il sole. Abiti leggeri e fluidi per ogni occasione. Segui le tendenze moda e crea look sorprendenti. #ModaEstate2023 #OutfitEstivi #TendenzeModa #StileEstivo #FashionAddicted",,https://www.pinterest.com/pin/1061934787125984061,https://i.pinimg.com/originals/16/45/77/16457752e6b9948162b69a017f0029a1.jpg,"60x60: https://i.pinimg.com/60x60/16/45/77/16457752e6b9948162b69a017f0029a1.jpg
136x136: https://i.pinimg.com/136x136/16/45/77/16457752e6b9948162b69a017f0029a1.jpg
170x: https://i.pinimg.com/236x/16/45/77/16457752e6b9948162b69a017f0029a1.jpg
236x: https://i.pinimg.com/236x/16/45/77/16457752e6b9948162b69a017f0029a1.jpg
474x: https://i.pinimg.com/474x/16/45/77/16457752e6b9948162b69a017f0029a1.jpg
564x: https://i.pinimg.com/564x/16/45/77/16457752e6b9948162b69a017f0029a1.jpg
736x: https://i.pinimg.com/736x/16/45/77/16457752e6b9948162b69a017f0029a1.jpg
600x315: https://i.pinimg.com/600x315/16/45/77/16457752e6b9948162b69a017f0029a1.jpg
orig: https://i.pinimg.com/originals/16/45/77/16457752e6b9948162b69a017f0029a1.jpg",https://v1.pinimg.com/videos/iht/720p/a3/f4/1f/a3f41f1efdaa860f6c82fbe1633cd9ab.mp4,"V_720P: https://v1.pinimg.com/videos/iht/720p/a3/f4/1f/a3f41f1efdaa860f6c82fbe1633cd9ab.mp4
V_HLSV4: https://v1.pinimg.com/videos/iht/hls/a3/f4/1f/a3f41f1efdaa860f6c82fbe1633cd9ab.m3u8
V_HLSV3_MOBILE: https://v1.pinimg.com/videos/iht/hls/a3/f4/1f/a3f41f1efdaa860f6c82fbe1633cd9ab.m3u8",,1357,0,1057,4,52,0,3,Summer,https://www.pinterest.com/summerorwinter1324/summer/,,,,public,,Summerorwinter,summerorwinter1324,https://www.pinterest.com/summerorwinter1324,,,0,,,,,,2024-06-01T13:29:51.000Z,2026-06-23T17:27:45.411Z
1.06201E+18,Must have in your BOHO wardrobe!,,,https://www.pinterest.com/pin/1062005155849040010,https://i.pinimg.com/originals/83/d0/a5/83d0a5514525e2c303831b3dc4d16733.jpg,"60x60: https://i.pinimg.com/60x60/83/d0/a5/83d0a5514525e2c303831b3dc4d16733.jpg
136x136: https://i.pinimg.com/136x136/83/d0/a5/83d0a5514525e2c303831b3dc4d16733.jpg
170x: https://i.pinimg.com/236x/83/d0/a5/83d0a5514525e2c303831b3dc4d16733.jpg
236x: https://i.pinimg.com/236x/83/d0/a5/83d0a5514525e2c303831b3dc4d16733.jpg
474x: https://i.pinimg.com/474x/83/d0/a5/83d0a5514525e2c303831b3dc4d16733.jpg
564x: https://i.pinimg.com/564x/83/d0/a5/83d0a5514525e2c303831b3dc4d16733.jpg
736x: https://i.pinimg.com/736x/83/d0/a5/83d0a5514525e2c303831b3dc4d16733.jpg
600x315: https://i.pinimg.com/600x315/83/d0/a5/83d0a5514525e2c303831b3dc4d16733.jpg
orig: https://i.pinimg.com/originals/83/d0/a5/83d0a5514525e2c303831b3dc4d16733.jpg",,,,1539,0,862,1512,2,0,183,How to dress BOHO Style ?,https://www.pinterest.com/StyleByBOHO/how-to-dress-boho-style/,,,,public,,StylebyBoho.com | Bohemian Clothes & Fashion tips,StyleByBOHO,https://www.pinterest.com/StyleByBOHO,,,4122,,,,,,2021-04-30T16:19:53.000Z,2026-06-23T17:21:51.033Z
1.06201E+18,Must have BOHO dresses. Bohemian fashion for summer lovers.,,,https://www.pinterest.com/pin/1062005155849251149,https://i.pinimg.com/originals/68/e3/a3/68e3a3cb2a2fa24f14873312e511f8f6.jpg,"60x60: https://i.pinimg.com/60x60/68/e3/a3/68e3a3cb2a2fa24f14873312e511f8f6.jpg
136x136: https://i.pinimg.com/136x136/68/e3/a3/68e3a3cb2a2fa24f14873312e511f8f6.jpg
170x: https://i.pinimg.com/236x/68/e3/a3/68e3a3cb2a2fa24f14873312e511f8f6.jpg
236x: https://i.pinimg.com/236x/68/e3/a3/68e3a3cb2a2fa24f14873312e511f8f6.jpg
474x: https://i.pinimg.com/474x/68/e3/a3/68e3a3cb2a2fa24f14873312e511f8f6.jpg
564x: https://i.pinimg.com/564x/68/e3/a3/68e3a3cb2a2fa24f14873312e511f8f6.jpg
736x: https://i.pinimg.com/736x/68/e3/a3/68e3a3cb2a2fa24f14873312e511f8f6.jpg
600x315: https://i.pinimg.com/600x315/68/e3/a3/68e3a3cb2a2fa24f14873312e511f8f6.jpg
orig: https://i.pinimg.com/originals/68/e3/a3/68e3a3cb2a2fa24f14873312e511f8f6.jpg",,,,12,0,15,11,0,0,1,Boho style and Bohemian fashion,https://www.pinterest.com/StyleByBOHO/boho-style-and-bohemian-fashion/,,,,public,,StylebyBoho.com | Bohemian Clothes & Fashion tips,StyleByBOHO,https://www.pinterest.com/StyleByBOHO,,,4122,,,,,,2021-06-05T07:43:51.000Z,2026-06-23T17:21:27.193Z
1.06201E+18,10 White Boho Outfit Ideas You'll Want to Wear Everywhere,"Explore 10 gorgeous white boho outfit ideas featuring flowing maxi dresses, romantic lace styles, crochet details, festival fashion, and beach-ready looks. Perfect inspiration for vacations, summer wardrobes, and effortless bohemian style",https://www.diywitharsal.com/2026/06/10-white-boho-outfit-ideas-for.html,https://www.pinterest.com/pin/1062005155898272562,https://i.pinimg.com/originals/90/83/fb/9083fb3d4f0391a39f5c5e80073b15d6.png,"60x60: https://i.pinimg.com/60x60/90/83/fb/9083fb3d4f0391a39f5c5e80073b15d6.jpg
136x136: https://i.pinimg.com/136x136/90/83/fb/9083fb3d4f0391a39f5c5e80073b15d6.jpg
170x: https://i.pinimg.com/236x/90/83/fb/9083fb3d4f0391a39f5c5e80073b15d6.jpg
236x: https://i.pinimg.com/236x/90/83/fb/9083fb3d4f0391a39f5c5e80073b15d6.jpg
474x: https://i.pinimg.com/474x/90/83/fb/9083fb3d4f0391a39f5c5e80073b15d6.jpg
564x: https://i.pinimg.com/564x/90/83/fb/9083fb3d4f0391a39f5c5e80073b15d6.jpg
736x: https://i.pinimg.com/736x/90/83/fb/9083fb3d4f0391a39f5c5e80073b15d6.jpg
600x315: https://i.pinimg.com/600x315/90/83/fb/9083fb3d4f0391a39f5c5e80073b15d6.jpg
orig: https://i.pinimg.com/originals/90/83/fb/9083fb3d4f0391a39f5c5e80073b15d6.png",,,,1,0,0,0,0,0,0,white boho dress,https://www.pinterest.com/arsallateef637/white-boho-dress/,,,,public,,classy outfit,arsallateef637,https://www.pinterest.com/arsallateef637,,,1,,,,,,2026-06-04T06:11:24.000Z,2026-06-23T17:25:10.601Z
1.06215E+18,,,https://www.shffls.com/shuffles/5437311928124883515,https://www.pinterest.com/pin/1062145893378624083,https://i.pinimg.com/originals/18/00/f2/1800f28ea2bdfa9b99f0bad650c6fc73.jpg,"60x60: https://i.pinimg.com/60x60/18/00/f2/1800f28ea2bdfa9b99f0bad650c6fc73.jpg
136x136: https://i.pinimg.com/136x136/18/00/f2/1800f28ea2bdfa9b99f0bad650c6fc73.jpg
170x: https://i.pinimg.com/236x/18/00/f2/1800f28ea2bdfa9b99f0bad650c6fc73.jpg
236x: https://i.pinimg.com/236x/18/00/f2/1800f28ea2bdfa9b99f0bad650c6fc73.jpg
474x: https://i.pinimg.com/474x/18/00/f2/1800f28ea2bdfa9b99f0bad650c6fc73.jpg
564x: https://i.pinimg.com/564x/18/00/f2/1800f28ea2bdfa9b99f0bad650c6fc73.jpg
736x: https://i.pinimg.com/736x/18/00/f2/1800f28ea2bdfa9b99f0bad650c6fc73.jpg
600x315: https://i.pinimg.com/600x315/18/00/f2/1800f28ea2bdfa9b99f0bad650c6fc73.jpg
orig: https://i.pinimg.com/originals/18/00/f2/1800f28ea2bdfa9b99f0bad650c6fc73.jpg",,,,78,0,3,38,0,0,0,My Shuffles,https://www.pinterest.com/delunaflor0174/my-shuffles/,,,,public,,FlordelunaFashion,delunaflor0174,https://www.pinterest.com/delunaflor0174,,,184,,,,,,2025-06-23T14:05:18.000Z,2026-06-23T17:29:15.505Z
1.06257E+18,,,https://www.shffls.com/shuffles/5289698813972364021,https://www.pinterest.com/pin/1062568105818879728,https://i.pinimg.com/originals/ea/52/8f/ea528fc4075a2248a04955d992777ee3.jpg,"60x60: https://i.pinimg.com/60x60/ea/52/8f/ea528fc4075a2248a04955d992777ee3.jpg
136x136: https://i.pinimg.com/136x136/ea/52/8f/ea528fc4075a2248a04955d992777ee3.jpg
170x: https://i.pinimg.com/236x/ea/52/8f/ea528fc4075a2248a04955d992777ee3.jpg
236x: https://i.pinimg.com/236x/ea/52/8f/ea528fc4075a2248a04955d992777ee3.jpg
474x: https://i.pinimg.com/474x/ea/52/8f/ea528fc4075a2248a04955d992777ee3.jpg
564x: https://i.pinimg.com/564x/ea/52/8f/ea528fc4075a2248a04955d992777ee3.jpg
736x: https://i.pinimg.com/736x/ea/52/8f/ea528fc4075a2248a04955d992777ee3.jpg
600x315: https://i.pinimg.com/600x315/ea/52/8f/ea528fc4075a2248a04955d992777ee3.jpg
orig: https://i.pinimg.com/originals/ea/52/8f/ea528fc4075a2248a04955d992777ee3.jpg",,,,7027,1,166,17,21,0,0,clothes🤑,https://www.pinterest.com/emilyygrayy1123/clothes/,,,,public,,Emilyygrayy,emilyygrayy1123,https://www.pinterest.com/emilyygrayy1123,,,0,,,,,,2023-05-16T22:36:47.000Z,2026-06-23T17:26:55.754Z
1.06257E+18,Must-Have Boho Summer 2026 Outfit Ideas,Must-Have Boho Summer 2026 Outfit Ideas | by Fashinauva | Medium,https://fashinauva.medium.com/must-have-boho-summer-2026-outfit-ideas-accb76f4ad00,https://www.pinterest.com/pin/1062568105859389311,https://i.pinimg.com/originals/86/cd/20/86cd2072016014642ed9aa64debaa236.webp,"60x60: https://i.pinimg.com/60x60/86/cd/20/86cd2072016014642ed9aa64debaa236.jpg
136x136: https://i.pinimg.com/136x136/86/cd/20/86cd2072016014642ed9aa64debaa236.jpg
170x: https://i.pinimg.com/236x/86/cd/20/86cd2072016014642ed9aa64debaa236.jpg
236x: https://i.pinimg.com/236x/86/cd/20/86cd2072016014642ed9aa64debaa236.jpg
474x: https://i.pinimg.com/474x/86/cd/20/86cd2072016014642ed9aa64debaa236.jpg
564x: https://i.pinimg.com/564x/86/cd/20/86cd2072016014642ed9aa64debaa236.jpg
736x: https://i.pinimg.com/736x/86/cd/20/86cd2072016014642ed9aa64debaa236.jpg
600x315: https://i.pinimg.com/600x315/86/cd/20/86cd2072016014642ed9aa64debaa236.jpg
orig: https://i.pinimg.com/originals/86/cd/20/86cd2072016014642ed9aa64debaa236.webp",,,,3,0,0,2,0,0,0,Fashion,https://www.pinterest.com/debbiebhatfield/fashion/,,,,public,,Debbiebhatfield,debbiebhatfield,https://www.pinterest.com/debbiebhatfield,,,6,,,,,,2026-06-09T02:25:19.000Z,2026-06-23T17:24:54.250Z
1.06405E+18,,,,https://www.pinterest.com/pin/1064045849482001511,https://i.pinimg.com/originals/a1/18/60/a11860f6f1c460b0fc5f8404294e805f.jpg,"60x60: https://i.pinimg.com/60x60/a1/18/60/a11860f6f1c460b0fc5f8404294e805f.jpg
136x136: https://i.pinimg.com/136x136/a1/18/60/a11860f6f1c460b0fc5f8404294e805f.jpg
170x: https://i.pinimg.com/236x/a1/18/60/a11860f6f1c460b0fc5f8404294e805f.jpg
236x: https://i.pinimg.com/236x/a1/18/60/a11860f6f1c460b0fc5f8404294e805f.jpg
474x: https://i.pinimg.com/474x/a1/18/60/a11860f6f1c460b0fc5f8404294e805f.jpg
564x: https://i.pinimg.com/564x/a1/18/60/a11860f6f1c460b0fc5f8404294e805f.jpg
736x: https://i.pinimg.com/736x/a1/18/60/a11860f6f1c460b0fc5f8404294e805f.jpg
600x315: https://i.pinimg.com/600x315/a1/18/60/a11860f6f1c460b0fc5f8404294e805f.jpg
orig: https://i.pinimg.com/originals/a1/18/60/a11860f6f1c460b0fc5f8404294e805f.jpg",,,,1048,0,44,597,2,0,5,Salvamentos rápidos,https://www.pinterest.com/anneliseimcarrascal/_quick_saves/,,,,public,,Annelise,anneliseimcarrascal,https://www.pinterest.com/anneliseimcarrascal,,,1,,,,,,2026-02-27T23:46:21.000Z,2026-06-23T17:26:23.113Z
1.06475E+18,,,,https://www.pinterest.com/pin/1064749536872535481,https://i.pinimg.com/originals/06/91/b6/0691b60be7a6d6dd0cf5d2f4d897b418.jpg,"60x60: https://i.pinimg.com/60x60/06/91/b6/0691b60be7a6d6dd0cf5d2f4d897b418.jpg
136x136: https://i.pinimg.com/136x136/06/91/b6/0691b60be7a6d6dd0cf5d2f4d897b418.jpg
170x: https://i.pinimg.com/236x/06/91/b6/0691b60be7a6d6dd0cf5d2f4d897b418.jpg
236x: https://i.pinimg.com/236x/06/91/b6/0691b60be7a6d6dd0cf5d2f4d897b418.jpg
474x: https://i.pinimg.com/474x/06/91/b6/0691b60be7a6d6dd0cf5d2f4d897b418.jpg
564x: https://i.pinimg.com/564x/06/91/b6/0691b60be7a6d6dd0cf5d2f4d897b418.jpg
736x: https://i.pinimg.com/736x/06/91/b6/0691b60be7a6d6dd0cf5d2f4d897b418.jpg
600x315: https://i.pinimg.com/600x315/06/91/b6/0691b60be7a6d6dd0cf5d2f4d897b418.jpg
orig: https://i.pinimg.com/originals/06/91/b6/0691b60be7a6d6dd0cf5d2f4d897b418.jpg",,,,4613,0,22,31,1,0,0,📌’s,https://www.pinterest.com/zurruchetwo/s/,,,,public,art,𝔷𝔲𝔯𝔯𝔲𝔠𝔥𝔢²,zurruchetwo,https://www.pinterest.com/zurruchetwo,,,665,,,,,,2021-07-27T17:18:27.000Z,2026-06-23T17:27:17.643Z
1.0651E+18,Boho Dreams by the Ocean – 3 Chic Beach Looks,"Channel goddess energy in these curated beach boho outfits — barefoot in the sand, layered jewelry, and radiant sunset lighting make each look Pinterest-perfect.
#BohoBeachLook #GoddessStyle #PinterestFashion #BeachInspo #BohemianVibes #USStyle #BohoGlam",,https://www.pinterest.com/pin/1065101380643345685,https://i.pinimg.com/originals/f8/a5/05/f8a505fe0a536e011261a866beecc048.jpg,"60x60: https://i.pinimg.com/60x60/f8/a5/05/f8a505fe0a536e011261a866beecc048.jpg
136x136: https://i.pinimg.com/136x136/f8/a5/05/f8a505fe0a536e011261a866beecc048.jpg
170x: https://i.pinimg.com/236x/f8/a5/05/f8a505fe0a536e011261a866beecc048.jpg
236x: https://i.pinimg.com/236x/f8/a5/05/f8a505fe0a536e011261a866beecc048.jpg
474x: https://i.pinimg.com/474x/f8/a5/05/f8a505fe0a536e011261a866beecc048.jpg
564x: https://i.pinimg.com/564x/f8/a5/05/f8a505fe0a536e011261a866beecc048.jpg
736x: https://i.pinimg.com/736x/f8/a5/05/f8a505fe0a536e011261a866beecc048.jpg
600x315: https://i.pinimg.com/600x315/f8/a5/05/f8a505fe0a536e011261a866beecc048.jpg
orig: https://i.pinimg.com/originals/f8/a5/05/f8a505fe0a536e011261a866beecc048.jpg",,,,1,0,0,0,0,0,0,Beaches Goddess Looks,https://www.pinterest.com/ladiesoutfitchoice/beaches-goddess-looks/,,,,public,,Ladies Outfits,ladiesoutfitchoice,https://www.pinterest.com/ladiesoutfitchoice,,,93,,,,,,2025-07-11T15:54:55.000Z,2026-06-23T17:25:54.541Z
1.0651E+18,Coastal Boho Vibes – 3 Stunning Summer Looks,"Perfectly styled for golden hour, this fashion collage captures the essence of the beach boho goddess — with textures, tones, and US beachside elegance.
#BohoLookbook #BeachBohoGoddessLook #PinterestStyle #BohoInspo #USFashion #OceanVibes #LayeredBeachwear",,https://www.pinterest.com/pin/1065101380643511126,https://i.pinimg.com/originals/d0/b1/41/d0b1414e434115aac13abb2fb1468390.jpg,"60x60: https://i.pinimg.com/60x60/d0/b1/41/d0b1414e434115aac13abb2fb1468390.jpg
136x136: https://i.pinimg.com/136x136/d0/b1/41/d0b1414e434115aac13abb2fb1468390.jpg
170x: https://i.pinimg.com/236x/d0/b1/41/d0b1414e434115aac13abb2fb1468390.jpg
236x: https://i.pinimg.com/236x/d0/b1/41/d0b1414e434115aac13abb2fb1468390.jpg
474x: https://i.pinimg.com/474x/d0/b1/41/d0b1414e434115aac13abb2fb1468390.jpg
564x: https://i.pinimg.com/564x/d0/b1/41/d0b1414e434115aac13abb2fb1468390.jpg
736x: https://i.pinimg.com/736x/d0/b1/41/d0b1414e434115aac13abb2fb1468390.jpg
600x315: https://i.pinimg.com/600x315/d0/b1/41/d0b1414e434115aac13abb2fb1468390.jpg
orig: https://i.pinimg.com/originals/d0/b1/41/d0b1414e434115aac13abb2fb1468390.jpg",,,,3,0,0,2,0,0,0,Beaches Goddess Looks,https://www.pinterest.com/ladiesoutfitchoice/beaches-goddess-looks/,,,,public,,Ladies Outfits,ladiesoutfitchoice,https://www.pinterest.com/ladiesoutfitchoice,,,93,,,,,,2025-07-15T17:00:58.000Z,2026-06-23T17:25:54.983Z
1.0651E+18,Coastal Boho Vibes – 3 Stunning Summer Looks,"Perfectly styled for golden hour, this fashion collage captures the essence of the beach boho goddess — with textures, tones, and US beachside elegance.
#BohoLookbook #BeachBohoGoddessLook #PinterestStyle #BohoInspo #USFashion #OceanVibes #LayeredBeachwear",,https://www.pinterest.com/pin/1065101380645759746,https://i.pinimg.com/originals/29/bf/34/29bf34eacedb7991306469d735dfa0fc.jpg,"60x60: https://i.pinimg.com/60x60/29/bf/34/29bf34eacedb7991306469d735dfa0fc.jpg
136x136: https://i.pinimg.com/136x136/29/bf/34/29bf34eacedb7991306469d735dfa0fc.jpg
170x: https://i.pinimg.com/236x/29/bf/34/29bf34eacedb7991306469d735dfa0fc.jpg
236x: https://i.pinimg.com/236x/29/bf/34/29bf34eacedb7991306469d735dfa0fc.jpg
474x: https://i.pinimg.com/474x/29/bf/34/29bf34eacedb7991306469d735dfa0fc.jpg
564x: https://i.pinimg.com/564x/29/bf/34/29bf34eacedb7991306469d735dfa0fc.jpg
736x: https://i.pinimg.com/736x/29/bf/34/29bf34eacedb7991306469d735dfa0fc.jpg
600x315: https://i.pinimg.com/600x315/29/bf/34/29bf34eacedb7991306469d735dfa0fc.jpg
orig: https://i.pinimg.com/originals/29/bf/34/29bf34eacedb7991306469d735dfa0fc.jpg",,,,1,0,0,0,0,0,0,Beaches Goddess Looks,https://www.pinterest.com/ladiesoutfitchoice/beaches-goddess-looks/,,,,public,,Ladies Outfits,ladiesoutfitchoice,https://www.pinterest.com/ladiesoutfitchoice,,,93,,,,,,2025-09-10T11:58:48.000Z,2026-06-23T17:21:21.183Z
1.0651E+18,Beach Boho Goddess Look: Coastal Style Perfection,"Step into summer with this dreamy boho beachwear collage — featuring 3 effortless looks styled with crochet tops, flowy pants, and coastal charm. The golden hour glow brings it all together!
#BeachBoho #SummerStyle #BohoGoddess #CoastalFashion #PinterestInspo #GoldenHourLook #BeachwearVibes",,https://www.pinterest.com/pin/1065101380645804177,https://i.pinimg.com/originals/6a/cd/b5/6acdb5b30f2ee6993b38869b27987dd2.jpg,"60x60: https://i.pinimg.com/60x60/6a/cd/b5/6acdb5b30f2ee6993b38869b27987dd2.jpg
136x136: https://i.pinimg.com/136x136/6a/cd/b5/6acdb5b30f2ee6993b38869b27987dd2.jpg
170x: https://i.pinimg.com/236x/6a/cd/b5/6acdb5b30f2ee6993b38869b27987dd2.jpg
236x: https://i.pinimg.com/236x/6a/cd/b5/6acdb5b30f2ee6993b38869b27987dd2.jpg
474x: https://i.pinimg.com/474x/6a/cd/b5/6acdb5b30f2ee6993b38869b27987dd2.jpg
564x: https://i.pinimg.com/564x/6a/cd/b5/6acdb5b30f2ee6993b38869b27987dd2.jpg
736x: https://i.pinimg.com/736x/6a/cd/b5/6acdb5b30f2ee6993b38869b27987dd2.jpg
600x315: https://i.pinimg.com/600x315/6a/cd/b5/6acdb5b30f2ee6993b38869b27987dd2.jpg
orig: https://i.pinimg.com/originals/6a/cd/b5/6acdb5b30f2ee6993b38869b27987dd2.jpg",,,,2,0,0,1,0,0,0,Beaches Goddess Looks,https://www.pinterest.com/ladiesoutfitchoice/beaches-goddess-looks/,,,,public,,Ladies Outfits,ladiesoutfitchoice,https://www.pinterest.com/ladiesoutfitchoice,,,93,,,,,,2025-09-11T18:21:36.000Z,2026-06-23T17:26:17.958Z
1.0651E+18,Coastal Boho Vibes – 3 Stunning Summer Looks,"Perfectly styled for golden hour, this fashion collage captures the essence of the beach boho goddess — with textures, tones, and US beachside elegance.
#BohoLookbook #BeachBohoGoddessLook #PinterestStyle #BohoInspo #USFashion #OceanVibes #LayeredBeachwear",,https://www.pinterest.com/pin/1065101380645844272,https://i.pinimg.com/originals/c2/9f/72/c29f723b6db911f8d12067b8d30ea779.jpg,"60x60: https://i.pinimg.com/60x60/c2/9f/72/c29f723b6db911f8d12067b8d30ea779.jpg
136x136: https://i.pinimg.com/136x136/c2/9f/72/c29f723b6db911f8d12067b8d30ea779.jpg
170x: https://i.pinimg.com/236x/c2/9f/72/c29f723b6db911f8d12067b8d30ea779.jpg
236x: https://i.pinimg.com/236x/c2/9f/72/c29f723b6db911f8d12067b8d30ea779.jpg
474x: https://i.pinimg.com/474x/c2/9f/72/c29f723b6db911f8d12067b8d30ea779.jpg
564x: https://i.pinimg.com/564x/c2/9f/72/c29f723b6db911f8d12067b8d30ea779.jpg
736x: https://i.pinimg.com/736x/c2/9f/72/c29f723b6db911f8d12067b8d30ea779.jpg
600x315: https://i.pinimg.com/600x315/c2/9f/72/c29f723b6db911f8d12067b8d30ea779.jpg
orig: https://i.pinimg.com/originals/c2/9f/72/c29f723b6db911f8d12067b8d30ea779.jpg",,,,1,0,0,0,0,0,0,Beaches Goddess Looks,https://www.pinterest.com/ladiesoutfitchoice/beaches-goddess-looks/,,,,public,,Ladies Outfits,ladiesoutfitchoice,https://www.pinterest.com/ladiesoutfitchoice,,,93,,,,,,2025-09-12T21:02:06.000Z,2026-06-23T17:26:23.140Z
1.0651E+18,Boho by the Beach: Pinterest-Ready Outfit Collage,"A high-quality 3-in-1 collage showcasing beach boho style at its finest — warm tones, ocean breeze, and effortless elegance. Pin now for your summer wardrobe goals.
#SunsetVibes #BohoCollage #PinterestLookbook #BeachOutfits #BohoGoddess #USCoastStyle #BohemianFashion",,https://www.pinterest.com/pin/1065101380646053237,https://i.pinimg.com/originals/5e/04/c5/5e04c510c313ce7018483d413a366338.jpg,"60x60: https://i.pinimg.com/60x60/5e/04/c5/5e04c510c313ce7018483d413a366338.jpg
136x136: https://i.pinimg.com/136x136/5e/04/c5/5e04c510c313ce7018483d413a366338.jpg
170x: https://i.pinimg.com/236x/5e/04/c5/5e04c510c313ce7018483d413a366338.jpg
236x: https://i.pinimg.com/236x/5e/04/c5/5e04c510c313ce7018483d413a366338.jpg
474x: https://i.pinimg.com/474x/5e/04/c5/5e04c510c313ce7018483d413a366338.jpg
564x: https://i.pinimg.com/564x/5e/04/c5/5e04c510c313ce7018483d413a366338.jpg
736x: https://i.pinimg.com/736x/5e/04/c5/5e04c510c313ce7018483d413a366338.jpg
600x315: https://i.pinimg.com/600x315/5e/04/c5/5e04c510c313ce7018483d413a366338.jpg
orig: https://i.pinimg.com/originals/5e/04/c5/5e04c510c313ce7018483d413a366338.jpg",,,,1,0,0,0,0,0,0,Beaches Goddess Looks,https://www.pinterest.com/ladiesoutfitchoice/beaches-goddess-looks/,,,,public,,Ladies Outfits,ladiesoutfitchoice,https://www.pinterest.com/ladiesoutfitchoice,,,93,,,,,,2025-09-18T12:16:11.000Z,2026-06-23T17:23:57.887Z
1.06531E+18,Coastal Aesthetic Summer Beach Outfit | Turquoise Bikini & Sarong,"Capture the perfect ocean aesthetic with this stunning turquoise summer beach outfit. Featuring a classic blue triangle bikini top styled with a breezy blue tie-dye sarong, delicate body chains, and a colorful woven tote bag. Visit our website to see the full look and save this pin for your ultimate beach outfit checklist!",https://fashnails.com/summer-beach-outfits-2026/,https://www.pinterest.com/pin/1065312486877169265,https://i.pinimg.com/originals/ca/0b/c4/ca0bc492d692a6ad43dd802a9fd0d3ad.jpg,"60x60: https://i.pinimg.com/60x60/ca/0b/c4/ca0bc492d692a6ad43dd802a9fd0d3ad.jpg
136x136: https://i.pinimg.com/136x136/ca/0b/c4/ca0bc492d692a6ad43dd802a9fd0d3ad.jpg
170x: https://i.pinimg.com/236x/ca/0b/c4/ca0bc492d692a6ad43dd802a9fd0d3ad.jpg
236x: https://i.pinimg.com/236x/ca/0b/c4/ca0bc492d692a6ad43dd802a9fd0d3ad.jpg
474x: https://i.pinimg.com/474x/ca/0b/c4/ca0bc492d692a6ad43dd802a9fd0d3ad.jpg
564x: https://i.pinimg.com/564x/ca/0b/c4/ca0bc492d692a6ad43dd802a9fd0d3ad.jpg
736x: https://i.pinimg.com/736x/ca/0b/c4/ca0bc492d692a6ad43dd802a9fd0d3ad.jpg
600x315: https://i.pinimg.com/600x315/ca/0b/c4/ca0bc492d692a6ad43dd802a9fd0d3ad.jpg
orig: https://i.pinimg.com/originals/ca/0b/c4/ca0bc492d692a6ad43dd802a9fd0d3ad.jpg",,,,9,0,3,6,0,0,0,beach outfit,https://www.pinterest.com/ossviofashion/beach-outfit/,,,,public,,Modern Women Outfits,ossviofashion,https://www.pinterest.com/ossviofashion,,,30,,,,,,2026-06-01T19:32:59.000Z,2026-06-23T17:13:26.107Z
1.06637E+18,Ultimate 16 Gorgeous Modern Summer Boho Outfit Ideas to Elevate Your Style,🪴 Bring life to your summer closet with these incredible boho outfit ideas! Ideal for staying stylish and cool all summer long. #BohoFashionTips #StylishSummer #WardrobeGoals,https://willtiptop.com/modern-summer-boho-outfits-ideas-for-women/,https://www.pinterest.com/pin/1066368018036110875,https://i.pinimg.com/originals/26/bd/a8/26bda8a6d3de41a9b7a89dd1088c5889.jpg,"60x60: https://i.pinimg.com/60x60/26/bd/a8/26bda8a6d3de41a9b7a89dd1088c5889.jpg
136x136: https://i.pinimg.com/136x136/26/bd/a8/26bda8a6d3de41a9b7a89dd1088c5889.jpg
170x: https://i.pinimg.com/236x/26/bd/a8/26bda8a6d3de41a9b7a89dd1088c5889.jpg
236x: https://i.pinimg.com/236x/26/bd/a8/26bda8a6d3de41a9b7a89dd1088c5889.jpg
474x: https://i.pinimg.com/474x/26/bd/a8/26bda8a6d3de41a9b7a89dd1088c5889.jpg
564x: https://i.pinimg.com/564x/26/bd/a8/26bda8a6d3de41a9b7a89dd1088c5889.jpg
736x: https://i.pinimg.com/736x/26/bd/a8/26bda8a6d3de41a9b7a89dd1088c5889.jpg
600x315: https://i.pinimg.com/600x315/26/bd/a8/26bda8a6d3de41a9b7a89dd1088c5889.jpg
orig: https://i.pinimg.com/originals/26/bd/a8/26bda8a6d3de41a9b7a89dd1088c5889.jpg",,,,1,0,0,0,0,0,0,modern boho summer outfit ideas,https://www.pinterest.com/dovwuqajog_45/modern-boho-summer-outfit-ideas/,,,,public,,👗Trending Outfits with DO 👗 | Summer Collection's Ready,dovwuqajog_45,https://www.pinterest.com/dovwuqajog_45,,,10,,,,,,2026-05-30T02:33:35.000Z,2026-06-23T17:23:01.069Z
1.06637E+18,Quick 16 Modern Summer Boho Outfit Ideas for Women to Elevate Your Style,"🌻 Add a touch of boho charm to your summer wardrobe with these trendy styles! Perfect for creating dreamy, relaxed vibes. #ModernBohoStyle #SummerReady #ChicOutfits",https://willtiptop.com/modern-summer-boho-outfits-ideas-for-women/,https://www.pinterest.com/pin/1066368018036162911,https://i.pinimg.com/originals/63/cc/a6/63cca6287d9827a1686f82cb6df9a2bc.jpg,"60x60: https://i.pinimg.com/60x60/63/cc/a6/63cca6287d9827a1686f82cb6df9a2bc.jpg
136x136: https://i.pinimg.com/136x136/63/cc/a6/63cca6287d9827a1686f82cb6df9a2bc.jpg
170x: https://i.pinimg.com/236x/63/cc/a6/63cca6287d9827a1686f82cb6df9a2bc.jpg
236x: https://i.pinimg.com/236x/63/cc/a6/63cca6287d9827a1686f82cb6df9a2bc.jpg
474x: https://i.pinimg.com/474x/63/cc/a6/63cca6287d9827a1686f82cb6df9a2bc.jpg
564x: https://i.pinimg.com/564x/63/cc/a6/63cca6287d9827a1686f82cb6df9a2bc.jpg
736x: https://i.pinimg.com/736x/63/cc/a6/63cca6287d9827a1686f82cb6df9a2bc.jpg
600x315: https://i.pinimg.com/600x315/63/cc/a6/63cca6287d9827a1686f82cb6df9a2bc.jpg
orig: https://i.pinimg.com/originals/63/cc/a6/63cca6287d9827a1686f82cb6df9a2bc.jpg",,,,2,0,0,1,0,0,0,modern boho summer outfit ideas,https://www.pinterest.com/dovwuqajog_45/modern-boho-summer-outfit-ideas/,,,,public,,👗Trending Outfits with DO 👗 | Summer Collection's Ready,dovwuqajog_45,https://www.pinterest.com/dovwuqajog_45,,,10,,,,,,2026-05-31T15:51:47.000Z,2026-06-23T17:24:59.945Z
1.06679E+17,,,,https://www.pinterest.com/pin/106679084919941575,https://i.pinimg.com/originals/26/6e/d3/266ed343e610eb93de2ac84baf1a02b9.jpg,"60x60: https://i.pinimg.com/60x60/26/6e/d3/266ed343e610eb93de2ac84baf1a02b9.jpg
136x136: https://i.pinimg.com/136x136/26/6e/d3/266ed343e610eb93de2ac84baf1a02b9.jpg
170x: https://i.pinimg.com/236x/26/6e/d3/266ed343e610eb93de2ac84baf1a02b9.jpg
236x: https://i.pinimg.com/236x/26/6e/d3/266ed343e610eb93de2ac84baf1a02b9.jpg
474x: https://i.pinimg.com/474x/26/6e/d3/266ed343e610eb93de2ac84baf1a02b9.jpg
564x: https://i.pinimg.com/564x/26/6e/d3/266ed343e610eb93de2ac84baf1a02b9.jpg
736x: https://i.pinimg.com/736x/26/6e/d3/266ed343e610eb93de2ac84baf1a02b9.jpg
600x315: https://i.pinimg.com/600x315/26/6e/d3/266ed343e610eb93de2ac84baf1a02b9.jpg
orig: https://i.pinimg.com/originals/26/6e/d3/266ed343e610eb93de2ac84baf1a02b9.jpg",,,,258,0,25,58,0,0,0,Cancun spring break 26',https://www.pinterest.com/hilldesigner/cancun-spring-break-26/,,,,public,,Hill Design,hilldesigner,https://www.pinterest.com/hilldesigner,,,112,,,,,,2026-02-16T03:51:24.000Z,2026-06-23T17:28:54.777Z
1.06721E+18,,,,https://www.pinterest.com/pin/1067212442943649507,https://i.pinimg.com/originals/46/c1/f3/46c1f33582986aea596633c9deae40d5.jpg,"60x60: https://i.pinimg.com/60x60/46/c1/f3/46c1f33582986aea596633c9deae40d5.jpg
136x136: https://i.pinimg.com/136x136/46/c1/f3/46c1f33582986aea596633c9deae40d5.jpg
170x: https://i.pinimg.com/236x/46/c1/f3/46c1f33582986aea596633c9deae40d5.jpg
236x: https://i.pinimg.com/236x/46/c1/f3/46c1f33582986aea596633c9deae40d5.jpg
474x: https://i.pinimg.com/474x/46/c1/f3/46c1f33582986aea596633c9deae40d5.jpg
564x: https://i.pinimg.com/564x/46/c1/f3/46c1f33582986aea596633c9deae40d5.jpg
736x: https://i.pinimg.com/736x/46/c1/f3/46c1f33582986aea596633c9deae40d5.jpg
600x315: https://i.pinimg.com/600x315/46/c1/f3/46c1f33582986aea596633c9deae40d5.jpg
orig: https://i.pinimg.com/originals/46/c1/f3/46c1f33582986aea596633c9deae40d5.jpg",,,,1163,0,9,1045,0,0,11,Modern Kitchens,https://www.pinterest.com/madelynnjaskolski0673/modern-kitchens/,,,,public,,Madelynn Jaskolski,madelynnjaskolski0673,https://www.pinterest.com/madelynnjaskolski0673,,,2450,,,,,,2024-10-13T01:33:29.000Z,2026-06-23T16:42:50.104Z
1.06925E+18,Ruffled Long Sleeve Cover-Up Dress,Ruffled Long Sleeve Cover-Up Dress – Charming Charlie,https://charmingcharlie.com/products/ruffled-long-sleeve-cover-up-dress?variant=43343420588131&utm_source=Pinterest&utm_medium=organic,https://www.pinterest.com/pin/1069253136548388116,https://i.pinimg.com/originals/33/b0/ae/33b0ae0827fe2a109a3b6232c769d052.jpg,"60x60: https://i.pinimg.com/60x60/33/b0/ae/33b0ae0827fe2a109a3b6232c769d052.jpg
136x136: https://i.pinimg.com/136x136/33/b0/ae/33b0ae0827fe2a109a3b6232c769d052.jpg
170x: https://i.pinimg.com/236x/33/b0/ae/33b0ae0827fe2a109a3b6232c769d052.jpg
236x: https://i.pinimg.com/236x/33/b0/ae/33b0ae0827fe2a109a3b6232c769d052.jpg
474x: https://i.pinimg.com/474x/33/b0/ae/33b0ae0827fe2a109a3b6232c769d052.jpg
564x: https://i.pinimg.com/564x/33/b0/ae/33b0ae0827fe2a109a3b6232c769d052.jpg
736x: https://i.pinimg.com/736x/33/b0/ae/33b0ae0827fe2a109a3b6232c769d052.jpg
600x315: https://i.pinimg.com/600x315/33/b0/ae/33b0ae0827fe2a109a3b6232c769d052.jpg
orig: https://i.pinimg.com/originals/33/b0/ae/33b0ae0827fe2a109a3b6232c769d052.jpg",,,,5,0,0,4,0,0,0,Гаваі,https://www.pinterest.com/polisukt782/%D0%B3%D0%B0%D0%B2%D0%B0%D1%96/,,,,public,,Polisukt,polisukt782,https://www.pinterest.com/polisukt782,,,0,,,,,,2026-03-14T07:14:17.000Z,2026-06-23T17:13:26.644Z
1.06946E+18,Women Lace Kimono Blouse Coat Boho Casual Cardigan Beach Bikini Cover Up Tops - Walmart.com,Quality is the first with best service. customers all are our friends.,https://www.walmart.com/ip/Women-Lace-Kimono-Blouse-Coat-Boho-Casual-Cardigan-Beach-Bikini-Cover-Up-Tops/247714642,https://www.pinterest.com/pin/1069464242736697299,https://i.pinimg.com/originals/e1/d5/0d/e1d50d9221f5f3bdf9fbaf6ee1fcadf6.jpg,"60x60: https://i.pinimg.com/60x60/e1/d5/0d/e1d50d9221f5f3bdf9fbaf6ee1fcadf6.jpg
136x136: https://i.pinimg.com/136x136/e1/d5/0d/e1d50d9221f5f3bdf9fbaf6ee1fcadf6.jpg
170x: https://i.pinimg.com/236x/e1/d5/0d/e1d50d9221f5f3bdf9fbaf6ee1fcadf6.jpg
236x: https://i.pinimg.com/236x/e1/d5/0d/e1d50d9221f5f3bdf9fbaf6ee1fcadf6.jpg
474x: https://i.pinimg.com/474x/e1/d5/0d/e1d50d9221f5f3bdf9fbaf6ee1fcadf6.jpg
564x: https://i.pinimg.com/564x/e1/d5/0d/e1d50d9221f5f3bdf9fbaf6ee1fcadf6.jpg
736x: https://i.pinimg.com/736x/e1/d5/0d/e1d50d9221f5f3bdf9fbaf6ee1fcadf6.jpg
600x315: https://i.pinimg.com/600x315/e1/d5/0d/e1d50d9221f5f3bdf9fbaf6ee1fcadf6.jpg
orig: https://i.pinimg.com/originals/e1/d5/0d/e1d50d9221f5f3bdf9fbaf6ee1fcadf6.jpg",,,,17,0,0,7,0,0,0,Pikatallennukset,https://www.pinterest.com/stainio2020/_quick_saves/,,,,public,,S T,stainio2020,https://www.pinterest.com/stainio2020,,,0,,,,,,2022-07-15T14:27:58.000Z,2026-06-23T17:24:54.105Z
1.06961E+16,coastal granddaughter ⚓️ 🌊🐚🧂💍,life’s a beach 🏖️ #coastal #beach #coastalgranddaughter #shuffle #collage #blue #summer #aesthetic #sea #ocean #beachy #coast,,https://www.pinterest.com/pin/10696117859730659,https://i.pinimg.com/originals/40/5c/75/405c75b18dd4c3f88e11ac3de762bbc0.jpg,"60x60: https://i.pinimg.com/60x60/40/5c/75/405c75b18dd4c3f88e11ac3de762bbc0.jpg
136x136: https://i.pinimg.com/136x136/40/5c/75/405c75b18dd4c3f88e11ac3de762bbc0.jpg
170x: https://i.pinimg.com/236x/40/5c/75/405c75b18dd4c3f88e11ac3de762bbc0.jpg
236x: https://i.pinimg.com/236x/40/5c/75/405c75b18dd4c3f88e11ac3de762bbc0.jpg
474x: https://i.pinimg.com/474x/40/5c/75/405c75b18dd4c3f88e11ac3de762bbc0.jpg
564x: https://i.pinimg.com/564x/40/5c/75/405c75b18dd4c3f88e11ac3de762bbc0.jpg
736x: https://i.pinimg.com/736x/40/5c/75/405c75b18dd4c3f88e11ac3de762bbc0.jpg
600x315: https://i.pinimg.com/600x315/40/5c/75/405c75b18dd4c3f88e11ac3de762bbc0.jpg
orig: https://i.pinimg.com/originals/40/5c/75/405c75b18dd4c3f88e11ac3de762bbc0.jpg",,,,11396,0,544,1743,14,0,79,Kassidyyyy🤪,https://www.pinterest.com/theparker6/kassidyyyy/,,,,public,,Dana Parker,theparker6,https://www.pinterest.com/theparker6,,,158,,,,,,2025-03-11T22:51:15.000Z,2026-06-23T17:28:10.523Z
1.07024E+18,blue boho hippie summer outfit,"Royal blue, blue outfit, hippie, boho, boho hippie outfit, hippie energy, hippie necklace, hippie jewelry, shell necklace, beach outfit, outfit inspo, outfit tips, fashion styling, tube top, crop top, tie skirt, two piece, summer 2024 vision board, summer outfit, summer fashion, hippie clothes",,https://www.pinterest.com/pin/1070238298951438900,https://i.pinimg.com/originals/32/23/da/3223da6306a22864bf8155ba5e485ce6.jpg,"60x60: https://i.pinimg.com/60x60/32/23/da/3223da6306a22864bf8155ba5e485ce6.jpg
136x136: https://i.pinimg.com/136x136/32/23/da/3223da6306a22864bf8155ba5e485ce6.jpg
170x: https://i.pinimg.com/236x/32/23/da/3223da6306a22864bf8155ba5e485ce6.jpg
236x: https://i.pinimg.com/236x/32/23/da/3223da6306a22864bf8155ba5e485ce6.jpg
474x: https://i.pinimg.com/474x/32/23/da/3223da6306a22864bf8155ba5e485ce6.jpg
564x: https://i.pinimg.com/564x/32/23/da/3223da6306a22864bf8155ba5e485ce6.jpg
736x: https://i.pinimg.com/736x/32/23/da/3223da6306a22864bf8155ba5e485ce6.jpg
600x315: https://i.pinimg.com/600x315/32/23/da/3223da6306a22864bf8155ba5e485ce6.jpg
orig: https://i.pinimg.com/originals/32/23/da/3223da6306a22864bf8155ba5e485ce6.jpg",,,,1227,0,84,86,0,0,0,Pins by you,https://www.pinterest.com/jujuthatcoco/_quick_creates/,,,,public,,coco,jujuthatcoco,https://www.pinterest.com/jujuthatcoco,,,38,,,,,,2024-04-28T13:17:22.000Z,2026-06-23T17:26:39.122Z
1.07242E+17,Cute Boho Summer Outfits for Dreamy Beach Days,"Need beach day outfit inspo that’s equal parts breezy and beautiful? These boho summer styles are perfect for warm weather, long walks on the sand, and those golden-hour selfies. Think flowy skirts, crochet tops, layered jewelry, and effortlessly chill vibes. Save this look for your next beach escape!",https://declutterprozone.com/cute-summer-outfits/,https://www.pinterest.com/pin/107242034873487013,https://i.pinimg.com/originals/b1/cb/35/b1cb350faa18029e9581bd23c27699bf.png,"60x60: https://i.pinimg.com/60x60/b1/cb/35/b1cb350faa18029e9581bd23c27699bf.jpg
136x136: https://i.pinimg.com/136x136/b1/cb/35/b1cb350faa18029e9581bd23c27699bf.jpg
170x: https://i.pinimg.com/236x/b1/cb/35/b1cb350faa18029e9581bd23c27699bf.jpg
236x: https://i.pinimg.com/236x/b1/cb/35/b1cb350faa18029e9581bd23c27699bf.jpg
474x: https://i.pinimg.com/474x/b1/cb/35/b1cb350faa18029e9581bd23c27699bf.jpg
564x: https://i.pinimg.com/564x/b1/cb/35/b1cb350faa18029e9581bd23c27699bf.jpg
736x: https://i.pinimg.com/736x/b1/cb/35/b1cb350faa18029e9581bd23c27699bf.jpg
600x315: https://i.pinimg.com/600x315/b1/cb/35/b1cb350faa18029e9581bd23c27699bf.jpg
orig: https://i.pinimg.com/originals/b1/cb/35/b1cb350faa18029e9581bd23c27699bf.png",,,,14,0,2,3,0,0,1,Visual identity,https://www.pinterest.com/samanthaott1/visual-identity/,,,,public,,Samantha Brianne,samanthaott1,https://www.pinterest.com/samanthaott1,,,739,,,,,,2026-02-18T03:11:28.000Z,2026-06-23T17:13:22.982Z
1.07348E+18,Air Fryer Cheesy Egg Toast,"Start your morning with this quick and irresistible air fryer cheesy egg toast. Crispy bread, gooey cheese, and a perfectly cooked egg come together for a breakfast that’s both satisfying and easy to make. Perfect for busy mornings or weekend brunch, this recipe delivers comfort and flavor in every bite, proving that a delicious start to the day can be effortless.",https://reciperella.com/air-fryer-cheesy-egg-toast,https://www.pinterest.com/pin/1073475261427176947,https://i.pinimg.com/originals/6d/e8/a5/6de8a5d28d41330c9e54553d8460e938.jpg,"60x60: https://i.pinimg.com/60x60/6d/e8/a5/6de8a5d28d41330c9e54553d8460e938.jpg
136x136: https://i.pinimg.com/136x136/6d/e8/a5/6de8a5d28d41330c9e54553d8460e938.jpg
170x: https://i.pinimg.com/236x/6d/e8/a5/6de8a5d28d41330c9e54553d8460e938.jpg
236x: https://i.pinimg.com/236x/6d/e8/a5/6de8a5d28d41330c9e54553d8460e938.jpg
474x: https://i.pinimg.com/474x/6d/e8/a5/6de8a5d28d41330c9e54553d8460e938.jpg
564x: https://i.pinimg.com/564x/6d/e8/a5/6de8a5d28d41330c9e54553d8460e938.jpg
736x: https://i.pinimg.com/736x/6d/e8/a5/6de8a5d28d41330c9e54553d8460e938.jpg
600x315: https://i.pinimg.com/600x315/6d/e8/a5/6de8a5d28d41330c9e54553d8460e938.jpg
orig: https://i.pinimg.com/originals/6d/e8/a5/6de8a5d28d41330c9e54553d8460e938.jpg",,,,1022,0,16,797,0,0,68,Easy Breakfast Recipes,https://www.pinterest.com/RecipeRella1/easy-breakfast-recipes/,,,,public,,Easy & Tasty Recipes for Every Home Cook,RecipeRella1,https://www.pinterest.com/RecipeRella1,,,331,,,,,,2025-09-27T01:01:12.000Z,2026-06-23T16:43:15.318Z
1.07383E+18,vsco preppy pink summer dress mirror pic outfit inspo,"i got this for $20 on shein, and its gotten so many compliments lol",,https://www.pinterest.com/pin/1073827104881017937,https://i.pinimg.com/originals/fd/3c/13/fd3c13329778d4a2ed337e89358ac1e4.jpg,"60x60: https://i.pinimg.com/60x60/fd/3c/13/fd3c13329778d4a2ed337e89358ac1e4.jpg
136x136: https://i.pinimg.com/136x136/fd/3c/13/fd3c13329778d4a2ed337e89358ac1e4.jpg
170x: https://i.pinimg.com/236x/fd/3c/13/fd3c13329778d4a2ed337e89358ac1e4.jpg
236x: https://i.pinimg.com/236x/fd/3c/13/fd3c13329778d4a2ed337e89358ac1e4.jpg
474x: https://i.pinimg.com/474x/fd/3c/13/fd3c13329778d4a2ed337e89358ac1e4.jpg
564x: https://i.pinimg.com/564x/fd/3c/13/fd3c13329778d4a2ed337e89358ac1e4.jpg
736x: https://i.pinimg.com/736x/fd/3c/13/fd3c13329778d4a2ed337e89358ac1e4.jpg
600x315: https://i.pinimg.com/600x315/fd/3c/13/fd3c13329778d4a2ed337e89358ac1e4.jpg
orig: https://i.pinimg.com/originals/fd/3c/13/fd3c13329778d4a2ed337e89358ac1e4.jpg",,,,939,0,47,79,16,0,1,outfit inspo,https://www.pinterest.com/julielovespinkk/outfit-inspo/,,,,public,,julie,julielovespinkk,https://www.pinterest.com/julielovespinkk,,,5925,,,,,,2023-01-31T02:23:36.000Z,2026-06-23T17:28:15.152Z
1.07453E+17,19 Dreamy Spring Hippie Outfits Boho Lovers Will Adore,"Spring is the perfect season to embrace the free-spirited vibes of boho fashion. With its earthy tones, flowing fabrics, and effortlessly chic designs, the",https://willtiptop.com/spring-hippie-outfits-boho/?utm_source=Pinterest&utm_medium=organic,https://www.pinterest.com/pin/107453141106634825,https://i.pinimg.com/originals/4f/85/ed/4f85edcbb16d7fe07affbfa4c61656a9.jpg,"60x60: https://i.pinimg.com/60x60/4f/85/ed/4f85edcbb16d7fe07affbfa4c61656a9.jpg
136x136: https://i.pinimg.com/136x136/4f/85/ed/4f85edcbb16d7fe07affbfa4c61656a9.jpg
170x: https://i.pinimg.com/236x/4f/85/ed/4f85edcbb16d7fe07affbfa4c61656a9.jpg
236x: https://i.pinimg.com/236x/4f/85/ed/4f85edcbb16d7fe07affbfa4c61656a9.jpg
474x: https://i.pinimg.com/474x/4f/85/ed/4f85edcbb16d7fe07affbfa4c61656a9.jpg
564x: https://i.pinimg.com/564x/4f/85/ed/4f85edcbb16d7fe07affbfa4c61656a9.jpg
736x: https://i.pinimg.com/736x/4f/85/ed/4f85edcbb16d7fe07affbfa4c61656a9.jpg
600x315: https://i.pinimg.com/600x315/4f/85/ed/4f85edcbb16d7fe07affbfa4c61656a9.jpg
orig: https://i.pinimg.com/originals/4f/85/ed/4f85edcbb16d7fe07affbfa4c61656a9.jpg",,,,150,0,8,143,0,0,2,Helena,https://www.pinterest.com/belpacheco3103/helena/,,,,public,,Isabelle Pacheco,belpacheco3103,https://www.pinterest.com/belpacheco3103,,,1,,,,,,2026-05-17T16:03:49.000Z,2026-06-23T17:24:36.442Z
1.07467E+18,BEACH DAY,,,https://www.pinterest.com/pin/1074671529846463342,https://i.pinimg.com/originals/93/cc/58/93cc58b81863c8c8503dabe0aab34cb6.jpg,"60x60: https://i.pinimg.com/60x60/93/cc/58/93cc58b81863c8c8503dabe0aab34cb6.jpg
136x136: https://i.pinimg.com/136x136/93/cc/58/93cc58b81863c8c8503dabe0aab34cb6.jpg
170x: https://i.pinimg.com/236x/93/cc/58/93cc58b81863c8c8503dabe0aab34cb6.jpg
236x: https://i.pinimg.com/236x/93/cc/58/93cc58b81863c8c8503dabe0aab34cb6.jpg
474x: https://i.pinimg.com/474x/93/cc/58/93cc58b81863c8c8503dabe0aab34cb6.jpg
564x: https://i.pinimg.com/564x/93/cc/58/93cc58b81863c8c8503dabe0aab34cb6.jpg
736x: https://i.pinimg.com/736x/93/cc/58/93cc58b81863c8c8503dabe0aab34cb6.jpg
600x315: https://i.pinimg.com/600x315/93/cc/58/93cc58b81863c8c8503dabe0aab34cb6.jpg
orig: https://i.pinimg.com/originals/93/cc/58/93cc58b81863c8c8503dabe0aab34cb6.jpg",,,,2,0,1,1,0,0,0,RANDOM COLLAGES,https://www.pinterest.com/Kajenkins404/random-collages/,,,,public,,• K A T E •,Kajenkins404,https://www.pinterest.com/Kajenkins404,,,11,,,,,,2026-01-13T04:14:57.000Z,2026-06-23T17:29:21.297Z
1.07474E+18,outfit 2024,,,https://www.pinterest.com/pin/1074741898567739915,https://i.pinimg.com/originals/8e/4b/c2/8e4bc222bcae2de6122bb1d1c30855be.jpg,"60x60: https://i.pinimg.com/60x60/8e/4b/c2/8e4bc222bcae2de6122bb1d1c30855be.jpg
136x136: https://i.pinimg.com/136x136/8e/4b/c2/8e4bc222bcae2de6122bb1d1c30855be.jpg
170x: https://i.pinimg.com/236x/8e/4b/c2/8e4bc222bcae2de6122bb1d1c30855be.jpg
236x: https://i.pinimg.com/236x/8e/4b/c2/8e4bc222bcae2de6122bb1d1c30855be.jpg
474x: https://i.pinimg.com/474x/8e/4b/c2/8e4bc222bcae2de6122bb1d1c30855be.jpg
564x: https://i.pinimg.com/564x/8e/4b/c2/8e4bc222bcae2de6122bb1d1c30855be.jpg
736x: https://i.pinimg.com/736x/8e/4b/c2/8e4bc222bcae2de6122bb1d1c30855be.jpg
600x315: https://i.pinimg.com/600x315/8e/4b/c2/8e4bc222bcae2de6122bb1d1c30855be.jpg
orig: https://i.pinimg.com/originals/8e/4b/c2/8e4bc222bcae2de6122bb1d1c30855be.jpg",,,,1596,0,77,23,0,0,0,summer outfit 2024,https://www.pinterest.com/234rosaia/summer-outfit-2024/,,,,public,,kiran,234rosaia,https://www.pinterest.com/234rosaia,,,32,,,,,,2024-06-06T05:48:25.000Z,2026-06-23T17:26:46.087Z
1.07524E+17,This item is unavailable - Etsy,"This Womens Dresses item by CovenWardrobe has 144 favorites from Etsy shoppers. Ships from France. Listed on May 16, 2026",https://www.etsy.com/listing/4486218999/linen-cotton-midi-dress-beige-boho,https://www.pinterest.com/pin/107523509848893245,https://i.pinimg.com/originals/6f/74/4c/6f744c5a30c7bca94b217a9f12fd28b1.jpg,"60x60: https://i.pinimg.com/60x60/6f/74/4c/6f744c5a30c7bca94b217a9f12fd28b1.jpg
136x136: https://i.pinimg.com/136x136/6f/74/4c/6f744c5a30c7bca94b217a9f12fd28b1.jpg
170x: https://i.pinimg.com/236x/6f/74/4c/6f744c5a30c7bca94b217a9f12fd28b1.jpg
236x: https://i.pinimg.com/236x/6f/74/4c/6f744c5a30c7bca94b217a9f12fd28b1.jpg
474x: https://i.pinimg.com/474x/6f/74/4c/6f744c5a30c7bca94b217a9f12fd28b1.jpg
564x: https://i.pinimg.com/564x/6f/74/4c/6f744c5a30c7bca94b217a9f12fd28b1.jpg
736x: https://i.pinimg.com/736x/6f/74/4c/6f744c5a30c7bca94b217a9f12fd28b1.jpg
600x315: https://i.pinimg.com/600x315/6f/74/4c/6f744c5a30c7bca94b217a9f12fd28b1.jpg
orig: https://i.pinimg.com/originals/6f/74/4c/6f744c5a30c7bca94b217a9f12fd28b1.jpg",,,,28,0,0,27,0,0,0,love ,https://www.pinterest.com/cassiee623/love/,,,,public,,Cassandra Denise,cassiee623,https://www.pinterest.com/cassiee623,,,205,,,,,,2026-05-16T13:54:03.000Z,2026-06-23T17:22:56.572Z
1.07538E+18,Boho Summer Outfits Ideas 2026 | Effortless Chic & Bohemian Vibes,"Discover the best Boho summer outfits 2026 for effortless style! From flowy maxi dresses to breezy tops, playful skirts, and bohemian accessories, these looks are perfect for warm-weather days. Embrace the boho chic trend, layer with necklaces, and complete your outfit with sandals or ankle boots. Perfect for festivals, beach trips, or casual hangouts. Stay stylish with these bohemian summer fashion ideas!
#BohoSummerOutfits #BohoChic2026 #BohemianStyle #SummerFashion #BohoVibes #FlowyDresses #BohoAccessories",https://outfitstrends.com/neutral-boho-summer-outfits-for-women-over-40/,https://www.pinterest.com/pin/1075375217300991017,https://i.pinimg.com/originals/c6/fe/f9/c6fef907c019c2dc07b059976c12e522.webp,"60x60: https://i.pinimg.com/60x60/c6/fe/f9/c6fef907c019c2dc07b059976c12e522.jpg
136x136: https://i.pinimg.com/136x136/c6/fe/f9/c6fef907c019c2dc07b059976c12e522.jpg
170x: https://i.pinimg.com/236x/c6/fe/f9/c6fef907c019c2dc07b059976c12e522.jpg
236x: https://i.pinimg.com/236x/c6/fe/f9/c6fef907c019c2dc07b059976c12e522.jpg
474x: https://i.pinimg.com/474x/c6/fe/f9/c6fef907c019c2dc07b059976c12e522.jpg
564x: https://i.pinimg.com/564x/c6/fe/f9/c6fef907c019c2dc07b059976c12e522.jpg
736x: https://i.pinimg.com/736x/c6/fe/f9/c6fef907c019c2dc07b059976c12e522.jpg
600x315: https://i.pinimg.com/600x315/c6/fe/f9/c6fef907c019c2dc07b059976c12e522.jpg
orig: https://i.pinimg.com/originals/c6/fe/f9/c6fef907c019c2dc07b059976c12e522.webp",,,,15,0,4,4,0,0,1,Boho Outfit Trends 2026,https://www.pinterest.com/trendsoutfit19/boho-outfit-trends-2026/,,,,public,,Women Outfits | Hair styles | Nail designs | Fashion for everyone,trendsoutfit19,https://www.pinterest.com/trendsoutfit19,,,66,,,,,,2026-04-05T11:37:24.000Z,2026-06-23T17:25:08.002Z
1.07601E+18,The Best 19 Barbados Outfits You NEED to Try,"Discover the ultimate guide to Barbados outfits that perfectly capture the island's vibrant spirit. Explore Casual Beach Outfit Aesthetic ideas that blend comfort and style, along with stunning Vacation Boho Outfits. Find inspiration for Boho Beach Outfits Women that are both chic and effortless. Don't miss our tips for a stylish Sundress Dinner Outfit that transitions seamlessly from day to night. Read Now!",https://streetstylis.com/barbados-outfits/#338,https://www.pinterest.com/pin/1076008535987824872,https://i.pinimg.com/originals/c4/da/37/c4da3775ed742f128b7973e4fb53865e.jpg,"60x60: https://i.pinimg.com/60x60/c4/da/37/c4da3775ed742f128b7973e4fb53865e.jpg
136x136: https://i.pinimg.com/136x136/c4/da/37/c4da3775ed742f128b7973e4fb53865e.jpg
170x: https://i.pinimg.com/236x/c4/da/37/c4da3775ed742f128b7973e4fb53865e.jpg
236x: https://i.pinimg.com/236x/c4/da/37/c4da3775ed742f128b7973e4fb53865e.jpg
474x: https://i.pinimg.com/474x/c4/da/37/c4da3775ed742f128b7973e4fb53865e.jpg
564x: https://i.pinimg.com/564x/c4/da/37/c4da3775ed742f128b7973e4fb53865e.jpg
736x: https://i.pinimg.com/736x/c4/da/37/c4da3775ed742f128b7973e4fb53865e.jpg
600x315: https://i.pinimg.com/600x315/c4/da/37/c4da3775ed742f128b7973e4fb53865e.jpg
orig: https://i.pinimg.com/originals/c4/da/37/c4da3775ed742f128b7973e4fb53865e.jpg",,,,2,0,0,1,0,0,0,barbados outfits,https://www.pinterest.com/elandra_off/barbados-outfits/,,,,public,,Elandra | Classy Nails & Korean Makeup Tips,elandra_off,https://www.pinterest.com/elandra_off,,,1189,,,,,,2026-04-29T10:01:22.000Z,2026-06-23T17:14:00.668Z
1.07608E+18,salt air 🤍,,,https://www.pinterest.com/pin/1076078904699300326,https://i.pinimg.com/originals/bf/cc/66/bfcc66e71d72c8d2dc04a5bfbd67f35f.jpg,"60x60: https://i.pinimg.com/60x60/bf/cc/66/bfcc66e71d72c8d2dc04a5bfbd67f35f.jpg
136x136: https://i.pinimg.com/136x136/bf/cc/66/bfcc66e71d72c8d2dc04a5bfbd67f35f.jpg
170x: https://i.pinimg.com/236x/bf/cc/66/bfcc66e71d72c8d2dc04a5bfbd67f35f.jpg
236x: https://i.pinimg.com/236x/bf/cc/66/bfcc66e71d72c8d2dc04a5bfbd67f35f.jpg
474x: https://i.pinimg.com/474x/bf/cc/66/bfcc66e71d72c8d2dc04a5bfbd67f35f.jpg
564x: https://i.pinimg.com/564x/bf/cc/66/bfcc66e71d72c8d2dc04a5bfbd67f35f.jpg
736x: https://i.pinimg.com/736x/bf/cc/66/bfcc66e71d72c8d2dc04a5bfbd67f35f.jpg
600x315: https://i.pinimg.com/600x315/bf/cc/66/bfcc66e71d72c8d2dc04a5bfbd67f35f.jpg
orig: https://i.pinimg.com/originals/bf/cc/66/bfcc66e71d72c8d2dc04a5bfbd67f35f.jpg",,,,98,0,19,4,3,0,0,summa!,https://www.pinterest.com/gracielovessunsets/summa/,,,,public,,gracie 🤍,gracielovessunsets,https://www.pinterest.com/gracielovessunsets,,,60,,,,,,2023-08-26T17:59:50.000Z,2026-06-23T17:29:06.079Z
1.07615E+18,Spicy Vodka Pasta,"This easy Spicy Vodka Pasta is creamy, rich, delicious- and ready in under 30 minutes! My take on the viral Gigi Hadid vodka pasta recipe, this spicy and flavorful sauce is sure to be on heavy dinner rotation!",https://jawnsicooked.com/dinner/spicy-vodka-pasta/,https://www.pinterest.com/pin/1076149273439001640,https://i.pinimg.com/originals/0f/59/59/0f59595456c954f33281f8a3dfe0209e.png,"60x60: https://i.pinimg.com/60x60/0f/59/59/0f59595456c954f33281f8a3dfe0209e.jpg
136x136: https://i.pinimg.com/136x136/0f/59/59/0f59595456c954f33281f8a3dfe0209e.jpg
170x: https://i.pinimg.com/236x/0f/59/59/0f59595456c954f33281f8a3dfe0209e.jpg
236x: https://i.pinimg.com/236x/0f/59/59/0f59595456c954f33281f8a3dfe0209e.jpg
474x: https://i.pinimg.com/474x/0f/59/59/0f59595456c954f33281f8a3dfe0209e.jpg
564x: https://i.pinimg.com/564x/0f/59/59/0f59595456c954f33281f8a3dfe0209e.jpg
736x: https://i.pinimg.com/736x/0f/59/59/0f59595456c954f33281f8a3dfe0209e.jpg
600x315: https://i.pinimg.com/600x315/0f/59/59/0f59595456c954f33281f8a3dfe0209e.jpg
orig: https://i.pinimg.com/originals/0f/59/59/0f59595456c954f33281f8a3dfe0209e.png",,,,2850,2,22,580,10,0,28,Recipes,https://www.pinterest.com/anthonykapos/recipes/,,,,public,food_drink,AKapos,anthonykapos,https://www.pinterest.com/anthonykapos,,,0,,,,,,2023-03-08T19:58:09.000Z,2026-06-23T16:36:53.575Z
1.07665E+16,,,,https://www.pinterest.com/pin/10766486607427048,https://i.pinimg.com/originals/a1/fb/fc/a1fbfc493bc47ad166d936d1fb6f32b9.jpg,"60x60: https://i.pinimg.com/60x60/a1/fb/fc/a1fbfc493bc47ad166d936d1fb6f32b9.jpg
136x136: https://i.pinimg.com/136x136/a1/fb/fc/a1fbfc493bc47ad166d936d1fb6f32b9.jpg
170x: https://i.pinimg.com/236x/a1/fb/fc/a1fbfc493bc47ad166d936d1fb6f32b9.jpg
236x: https://i.pinimg.com/236x/a1/fb/fc/a1fbfc493bc47ad166d936d1fb6f32b9.jpg
474x: https://i.pinimg.com/474x/a1/fb/fc/a1fbfc493bc47ad166d936d1fb6f32b9.jpg
564x: https://i.pinimg.com/564x/a1/fb/fc/a1fbfc493bc47ad166d936d1fb6f32b9.jpg
736x: https://i.pinimg.com/736x/a1/fb/fc/a1fbfc493bc47ad166d936d1fb6f32b9.jpg
600x315: https://i.pinimg.com/600x315/a1/fb/fc/a1fbfc493bc47ad166d936d1fb6f32b9.jpg
orig: https://i.pinimg.com/originals/a1/fb/fc/a1fbfc493bc47ad166d936d1fb6f32b9.jpg",,,,834,0,175,320,0,0,7,Summer fits 26',https://www.pinterest.com/blanquitaaaaaa_/summer-fits-26/,,,,public,,Blanqui 🧡,blanquitaaaaaa_,https://www.pinterest.com/blanquitaaaaaa_,,,4,,,,,,2026-05-13T05:11:04.000Z,2026-06-23T17:01:45.734Z
1.07713E+18,20 Summer Clothes for Plus Sizes,"Summer is here, and it’s time to refresh your wardrobe! Check out these 20 fabulous summer clothes for plus sizes that are stylish, comfy, and perfect for the warm weather. From breezy dresses to cute shorts, there's something for every occasion. Embrace your curves and feel confident this season with these trendy picks. Don’t miss out on the perfect outfits! Save this pin for later and get inspired for your summer style!",https://livefullie.com/2026/05/24/stylish-plus-size-summer-looks-embrace-body-positivity/,https://www.pinterest.com/pin/1077134435908707419,https://i.pinimg.com/originals/81/cf/c9/81cfc9647b2920bdffc293694e345b40.webp,"60x60: https://i.pinimg.com/60x60/81/cf/c9/81cfc9647b2920bdffc293694e345b40.jpg
136x136: https://i.pinimg.com/136x136/81/cf/c9/81cfc9647b2920bdffc293694e345b40.jpg
170x: https://i.pinimg.com/236x/81/cf/c9/81cfc9647b2920bdffc293694e345b40.jpg
236x: https://i.pinimg.com/236x/81/cf/c9/81cfc9647b2920bdffc293694e345b40.jpg
474x: https://i.pinimg.com/474x/81/cf/c9/81cfc9647b2920bdffc293694e345b40.jpg
564x: https://i.pinimg.com/564x/81/cf/c9/81cfc9647b2920bdffc293694e345b40.jpg
736x: https://i.pinimg.com/736x/81/cf/c9/81cfc9647b2920bdffc293694e345b40.jpg
600x315: https://i.pinimg.com/600x315/81/cf/c9/81cfc9647b2920bdffc293694e345b40.jpg
orig: https://i.pinimg.com/originals/81/cf/c9/81cfc9647b2920bdffc293694e345b40.webp",,,,1,0,0,0,0,0,0,Summer Outfit Ideas,https://www.pinterest.com/prowseandhargood/summer-outfit-ideas/,,,,public,,Live Fully | Fashion | Food | Lifestyle | Décor,prowseandhargood,https://www.pinterest.com/prowseandhargood,,,1255,,,,,,2026-06-08T06:37:18.000Z,2026-06-23T17:15:14.427Z
1.07826E+18,,Jamaica Outfits | What To Pack For Jamaica — findingfiona,https://www.findingfiona.com/destinations/jamaica-outfits,https://www.pinterest.com/pin/1078260335820946012,https://i.pinimg.com/originals/a7/f9/48/a7f9481a0594cc61995788fa4bf6273b.jpg,"60x60: https://i.pinimg.com/60x60/a7/f9/48/a7f9481a0594cc61995788fa4bf6273b.jpg
136x136: https://i.pinimg.com/136x136/a7/f9/48/a7f9481a0594cc61995788fa4bf6273b.jpg
170x: https://i.pinimg.com/236x/a7/f9/48/a7f9481a0594cc61995788fa4bf6273b.jpg
236x: https://i.pinimg.com/236x/a7/f9/48/a7f9481a0594cc61995788fa4bf6273b.jpg
474x: https://i.pinimg.com/474x/a7/f9/48/a7f9481a0594cc61995788fa4bf6273b.jpg
564x: https://i.pinimg.com/564x/a7/f9/48/a7f9481a0594cc61995788fa4bf6273b.jpg
736x: https://i.pinimg.com/736x/a7/f9/48/a7f9481a0594cc61995788fa4bf6273b.jpg
600x315: https://i.pinimg.com/600x315/a7/f9/48/a7f9481a0594cc61995788fa4bf6273b.jpg
orig: https://i.pinimg.com/originals/a7/f9/48/a7f9481a0594cc61995788fa4bf6273b.jpg",,,,2,0,0,0,0,0,0,Afro dance,https://www.pinterest.com/a7vw7/afro-dance/,,,,public,,User_wav,a7vw7,https://www.pinterest.com/a7vw7,,,0,,,,,,2025-03-14T19:53:44.000Z,2026-06-23T17:14:29.470Z
1.07918E+18,Summer of 1963💗☀️🌊,,,https://www.pinterest.com/pin/1079175129440367218,https://i.pinimg.com/originals/4c/96/35/4c963584ce46a21202249828160effc1.jpg,"60x60: https://i.pinimg.com/60x60/4c/96/35/4c963584ce46a21202249828160effc1.jpg
136x136: https://i.pinimg.com/136x136/4c/96/35/4c963584ce46a21202249828160effc1.jpg
170x: https://i.pinimg.com/236x/4c/96/35/4c963584ce46a21202249828160effc1.jpg
236x: https://i.pinimg.com/236x/4c/96/35/4c963584ce46a21202249828160effc1.jpg
474x: https://i.pinimg.com/474x/4c/96/35/4c963584ce46a21202249828160effc1.jpg
564x: https://i.pinimg.com/564x/4c/96/35/4c963584ce46a21202249828160effc1.jpg
736x: https://i.pinimg.com/736x/4c/96/35/4c963584ce46a21202249828160effc1.jpg
600x315: https://i.pinimg.com/600x315/4c/96/35/4c963584ce46a21202249828160effc1.jpg
orig: https://i.pinimg.com/originals/4c/96/35/4c963584ce46a21202249828160effc1.jpg",,,V_HLSV3_MOBILE: https://v1.pinimg.com/videos/iht/hls/fa/d6/22/fad62202c2d35fca02ecd275f3454e8b.m3u8,841,0,164,821,39,0,37,Pins by you,https://www.pinterest.com/graceluvspinkk/_quick_creates/,,,,public,,gracie💕,graceluvspinkk,https://www.pinterest.com/graceluvspinkk,,,2098,,,,,,2023-06-27T12:05:03.000Z,2026-06-23T17:28:10.118Z
1.07981E+18,"Roasted Red Pepper, Spinach, And Mozzarella Stuffed Chicken Recipe for a Flavorful Dinner","Discover the deliciousness of roasted red pepper, spinach, and mozzarella stuffed chicken, perfect for a weeknight dinner. This easy recipe combines tender chicken breasts with a savory filling that bursts with flavor. The vibrant red peppers and fresh spinach pair beautifully with creamy mozzarella, creating a satisfying meal that's both healthy and indulgent. Serve this dish with a side salad or garlic bread for an irresistible dinner option that your family will love.",,https://www.pinterest.com/pin/1079808448166949350,https://i.pinimg.com/originals/49/1c/ce/491cce74239e3f227ab6d45dc0e3a740.jpg,"60x60: https://i.pinimg.com/60x60/49/1c/ce/491cce74239e3f227ab6d45dc0e3a740.jpg
136x136: https://i.pinimg.com/136x136/49/1c/ce/491cce74239e3f227ab6d45dc0e3a740.jpg
170x: https://i.pinimg.com/236x/49/1c/ce/491cce74239e3f227ab6d45dc0e3a740.jpg
236x: https://i.pinimg.com/236x/49/1c/ce/491cce74239e3f227ab6d45dc0e3a740.jpg
474x: https://i.pinimg.com/474x/49/1c/ce/491cce74239e3f227ab6d45dc0e3a740.jpg
564x: https://i.pinimg.com/564x/49/1c/ce/491cce74239e3f227ab6d45dc0e3a740.jpg
736x: https://i.pinimg.com/736x/49/1c/ce/491cce74239e3f227ab6d45dc0e3a740.jpg
600x315: https://i.pinimg.com/600x315/49/1c/ce/491cce74239e3f227ab6d45dc0e3a740.jpg
orig: https://i.pinimg.com/originals/49/1c/ce/491cce74239e3f227ab6d45dc0e3a740.jpg",,,,13684,2,201,7295,5,0,258,recipes,https://www.pinterest.com/raesidelamarch/recipes/,,,,public,food_drink,Paisley Cooper,raesidelamarch,https://www.pinterest.com/raesidelamarch,,,78,,,,,,2025-10-11T19:31:05.000Z,2026-06-23T16:39:26.433Z
1.07981E+18,,,,https://www.pinterest.com/pin/1079808448173299820,https://i.pinimg.com/originals/a5/33/98/a53398686fc05f1e81e6702bbf755d56.jpg,"60x60: https://i.pinimg.com/60x60/a5/33/98/a53398686fc05f1e81e6702bbf755d56.jpg
136x136: https://i.pinimg.com/136x136/a5/33/98/a53398686fc05f1e81e6702bbf755d56.jpg
170x: https://i.pinimg.com/236x/a5/33/98/a53398686fc05f1e81e6702bbf755d56.jpg
236x: https://i.pinimg.com/236x/a5/33/98/a53398686fc05f1e81e6702bbf755d56.jpg
474x: https://i.pinimg.com/474x/a5/33/98/a53398686fc05f1e81e6702bbf755d56.jpg
564x: https://i.pinimg.com/564x/a5/33/98/a53398686fc05f1e81e6702bbf755d56.jpg
736x: https://i.pinimg.com/736x/a5/33/98/a53398686fc05f1e81e6702bbf755d56.jpg
600x315: https://i.pinimg.com/600x315/a5/33/98/a53398686fc05f1e81e6702bbf755d56.jpg
orig: https://i.pinimg.com/originals/a5/33/98/a53398686fc05f1e81e6702bbf755d56.jpg",,,,716,0,42,351,0,0,1,Pins by you,https://www.pinterest.com/use1738/_quick_creates/,,,,public,,User,use1738,https://www.pinterest.com/use1738,,,3,,,,,,2026-03-17T22:31:16.000Z,2026-06-23T17:12:38.324Z
1.08199E+18,Check out what I found on Amazon! #ShopByInterest,,https://www.amazon.com/finds/post/photo/amzn1.shoppablemedia.v1.c0c4de39-400a-4a64-bb8a-becad4d760cf?topicId=travel&tag=pnacapmanu-us-20&ref_=ppn_travel_1_9_amzn1-shoppablemedia-v1-c0c4de39-400a-4a64-bb8a-becad4d760cf-1_onamzlonnismi-20&ascsubtag=ppn-travel-1-9-amzn1-shoppablemedia-v1-c0c4de39-400a-4a64-bb8a-becad4d760cf-1_onamzlonnismi-20&linkCode=sai&pp=0,https://www.pinterest.com/pin/1081989879216362432,https://i.pinimg.com/originals/35/4d/24/354d24addf7a80dc6b563756a3e75675.jpg,"60x60: https://i.pinimg.com/60x60/35/4d/24/354d24addf7a80dc6b563756a3e75675.jpg
136x136: https://i.pinimg.com/136x136/35/4d/24/354d24addf7a80dc6b563756a3e75675.jpg
170x: https://i.pinimg.com/236x/35/4d/24/354d24addf7a80dc6b563756a3e75675.jpg
236x: https://i.pinimg.com/236x/35/4d/24/354d24addf7a80dc6b563756a3e75675.jpg
474x: https://i.pinimg.com/474x/35/4d/24/354d24addf7a80dc6b563756a3e75675.jpg
564x: https://i.pinimg.com/564x/35/4d/24/354d24addf7a80dc6b563756a3e75675.jpg
736x: https://i.pinimg.com/736x/35/4d/24/354d24addf7a80dc6b563756a3e75675.jpg
600x315: https://i.pinimg.com/600x315/35/4d/24/354d24addf7a80dc6b563756a3e75675.jpg
orig: https://i.pinimg.com/originals/35/4d/24/354d24addf7a80dc6b563756a3e75675.jpg",,,,417,0,2,0,1,0,0,Dresses,https://www.pinterest.com/1nicolekk/dresses/,,,,public,womens_fashion,Nicole,1nicolekk,https://www.pinterest.com/1nicolekk,,,12,,,,,,2024-03-31T12:46:32.000Z,2026-06-23T17:13:48.955Z
1.08298E+18,Tween Piper - Pink Reversible Tankini,Tween Piper - Pink Reversible Tankini – Rad Swim,https://radswim.com/products/tween-pink-piper-reversible-tankini-coming-soon,https://www.pinterest.com/pin/1082975041714740364,https://i.pinimg.com/originals/1f/3f/77/1f3f771e90bc528cf45f9c83cce3f69a.jpg,"60x60: https://i.pinimg.com/60x60/1f/3f/77/1f3f771e90bc528cf45f9c83cce3f69a.jpg
136x136: https://i.pinimg.com/136x136/1f/3f/77/1f3f771e90bc528cf45f9c83cce3f69a.jpg
170x: https://i.pinimg.com/236x/1f/3f/77/1f3f771e90bc528cf45f9c83cce3f69a.jpg
236x: https://i.pinimg.com/236x/1f/3f/77/1f3f771e90bc528cf45f9c83cce3f69a.jpg
474x: https://i.pinimg.com/474x/1f/3f/77/1f3f771e90bc528cf45f9c83cce3f69a.jpg
564x: https://i.pinimg.com/564x/1f/3f/77/1f3f771e90bc528cf45f9c83cce3f69a.jpg
736x: https://i.pinimg.com/736x/1f/3f/77/1f3f771e90bc528cf45f9c83cce3f69a.jpg
600x315: https://i.pinimg.com/600x315/1f/3f/77/1f3f771e90bc528cf45f9c83cce3f69a.jpg
orig: https://i.pinimg.com/originals/1f/3f/77/1f3f771e90bc528cf45f9c83cce3f69a.jpg",,,,2200,0,287,1,5,0,0,Quick Saves,https://www.pinterest.com/trinlot615/_quick_saves/,,,,public,,Trin,trinlot615,https://www.pinterest.com/trinlot615,,,0,,,,,,2026-06-12T22:51:32.000Z,2026-06-23T17:12:25.237Z
1.08305E+18,Macrame Beach Dress Free Patterns You’ll Love,"Looking for the perfect beach outfit? 🌊✨ These macrame beach dress free patterns are trendy, boho, and perfect for summer vacations! Create stylish handmade dresses using simple knot techniques. Perfect for layering over swimwear. Save now for your next DIY fashion project!",https://www.hellolidy.com/macrame-beach-dress-free-patterns/,https://www.pinterest.com/pin/1083045410411993030,https://i.pinimg.com/originals/b5/b2/26/b5b226ed7fabd23a67a1f37d8a366584.jpg,"60x60: https://i.pinimg.com/60x60/b5/b2/26/b5b226ed7fabd23a67a1f37d8a366584.jpg
136x136: https://i.pinimg.com/136x136/b5/b2/26/b5b226ed7fabd23a67a1f37d8a366584.jpg
170x: https://i.pinimg.com/236x/b5/b2/26/b5b226ed7fabd23a67a1f37d8a366584.jpg
236x: https://i.pinimg.com/236x/b5/b2/26/b5b226ed7fabd23a67a1f37d8a366584.jpg
474x: https://i.pinimg.com/474x/b5/b2/26/b5b226ed7fabd23a67a1f37d8a366584.jpg
564x: https://i.pinimg.com/564x/b5/b2/26/b5b226ed7fabd23a67a1f37d8a366584.jpg
736x: https://i.pinimg.com/736x/b5/b2/26/b5b226ed7fabd23a67a1f37d8a366584.jpg
600x315: https://i.pinimg.com/600x315/b5/b2/26/b5b226ed7fabd23a67a1f37d8a366584.jpg
orig: https://i.pinimg.com/originals/b5/b2/26/b5b226ed7fabd23a67a1f37d8a366584.jpg",,,,1,0,0,0,0,0,0,Boho Macrame & Beach Outfit Ideas,https://www.pinterest.com/williamjames2026/boho-macrame-beach-outfit-ideas/,,,,public,,williamjames,williamjames2026,https://www.pinterest.com/williamjames2026,,,67,,,,,,2026-04-07T11:56:03.000Z,2026-06-23T17:13:32.768Z
1.08333E+18,Tides & Tassels,"Boho soul meets beach bliss — where the ocean is your backdrop and freedom is your style.
Barefoot on a sun-warmed shore, this look is pure wanderlust magic. A stunning tapestry halter top steals every glance with its intricate paisley and medallion embroidery in soft teal, blush, and gold tones, finished with fringe tassel trim along the hem and neckline — a true statement piece. Paired with high-waisted teal denim shorts that echo the color of the sea, the combination feels both artful and effortless. Stacked gold bangles, layered delicate necklaces, a beaded anklet, and a woven straw tote complete the free-spirited aesthetic. With palm trees swaying and waves rolling in at dusk, this outfit is made for sunset beach walks, seaside markets, and every beautiful moment in between.",,https://www.pinterest.com/pin/1083326885395877755,https://i.pinimg.com/originals/9d/d1/1c/9dd11c2192d1d45df42a6cdcb14cdf41.jpg,"60x60: https://i.pinimg.com/60x60/9d/d1/1c/9dd11c2192d1d45df42a6cdcb14cdf41.jpg
136x136: https://i.pinimg.com/136x136/9d/d1/1c/9dd11c2192d1d45df42a6cdcb14cdf41.jpg
170x: https://i.pinimg.com/236x/9d/d1/1c/9dd11c2192d1d45df42a6cdcb14cdf41.jpg
236x: https://i.pinimg.com/236x/9d/d1/1c/9dd11c2192d1d45df42a6cdcb14cdf41.jpg
474x: https://i.pinimg.com/474x/9d/d1/1c/9dd11c2192d1d45df42a6cdcb14cdf41.jpg
564x: https://i.pinimg.com/564x/9d/d1/1c/9dd11c2192d1d45df42a6cdcb14cdf41.jpg
736x: https://i.pinimg.com/736x/9d/d1/1c/9dd11c2192d1d45df42a6cdcb14cdf41.jpg
600x315: https://i.pinimg.com/600x315/9d/d1/1c/9dd11c2192d1d45df42a6cdcb14cdf41.jpg
orig: https://i.pinimg.com/originals/9d/d1/1c/9dd11c2192d1d45df42a6cdcb14cdf41.jpg",,,,1,0,0,0,0,0,1,Pins by you,https://www.pinterest.com/Kusumlata62016/_quick_creates/,,,,public,,Glow up closet,Kusumlata62016,https://www.pinterest.com/Kusumlata62016,,,19,,,,,,2026-05-23T05:27:05.000Z,2026-06-23T17:21:46.519Z
1.08333E+18,Chicken Marinade - Pollo Asado (Chipotle Copycat),Pollo Asado (Chipotle Copycat Recipe) is one of the most flavorful grilled chicken dishes. Tender chicken packed with flavor from a chipotle based marinade with lime and orange juice!,https://payhip.com/b/XpdC1,https://www.pinterest.com/pin/1083326885397237178,https://i.pinimg.com/originals/e7/c5/3a/e7c53a5c4755b332fcf3e0144712465c.png,"60x60: https://i.pinimg.com/60x60/e7/c5/3a/e7c53a5c4755b332fcf3e0144712465c.jpg
136x136: https://i.pinimg.com/136x136/e7/c5/3a/e7c53a5c4755b332fcf3e0144712465c.jpg
170x: https://i.pinimg.com/236x/e7/c5/3a/e7c53a5c4755b332fcf3e0144712465c.jpg
236x: https://i.pinimg.com/236x/e7/c5/3a/e7c53a5c4755b332fcf3e0144712465c.jpg
474x: https://i.pinimg.com/474x/e7/c5/3a/e7c53a5c4755b332fcf3e0144712465c.jpg
564x: https://i.pinimg.com/564x/e7/c5/3a/e7c53a5c4755b332fcf3e0144712465c.jpg
736x: https://i.pinimg.com/736x/e7/c5/3a/e7c53a5c4755b332fcf3e0144712465c.jpg
600x315: https://i.pinimg.com/600x315/e7/c5/3a/e7c53a5c4755b332fcf3e0144712465c.jpg
orig: https://i.pinimg.com/originals/e7/c5/3a/e7c53a5c4755b332fcf3e0144712465c.png",,,,270,0,0,269,0,0,2,Grilled Meat Recipes,https://www.pinterest.com/charandcoall/grilled-meat-recipes/,,,,public,,Char & Coal | Grilled Meat Recipes,charandcoall,https://www.pinterest.com/charandcoall,,,14,,,,,,2026-06-11T19:49:37.000Z,2026-06-23T16:42:39.576Z
1.08369E+16,Ocean🌊🇯🇲,#explore #ocean #summer #style #pinterest #outfit #fashion #summervibes #clothing #model #blackgirl #vacation #jamaica #modeling,https://www.instagram.com/p/C8FZ0aHREXV/?img_index=9,https://www.pinterest.com/pin/10836855346329235,https://i.pinimg.com/originals/30/bb/46/30bb46b88da7bf0c70c0ada958176967.jpg,"60x60: https://i.pinimg.com/60x60/30/bb/46/30bb46b88da7bf0c70c0ada958176967.jpg
136x136: https://i.pinimg.com/136x136/30/bb/46/30bb46b88da7bf0c70c0ada958176967.jpg
170x: https://i.pinimg.com/236x/30/bb/46/30bb46b88da7bf0c70c0ada958176967.jpg
236x: https://i.pinimg.com/236x/30/bb/46/30bb46b88da7bf0c70c0ada958176967.jpg
474x: https://i.pinimg.com/474x/30/bb/46/30bb46b88da7bf0c70c0ada958176967.jpg
564x: https://i.pinimg.com/564x/30/bb/46/30bb46b88da7bf0c70c0ada958176967.jpg
736x: https://i.pinimg.com/736x/30/bb/46/30bb46b88da7bf0c70c0ada958176967.jpg
600x315: https://i.pinimg.com/600x315/30/bb/46/30bb46b88da7bf0c70c0ada958176967.jpg
orig: https://i.pinimg.com/originals/30/bb/46/30bb46b88da7bf0c70c0ada958176967.jpg",,,,13342,0,1419,778,45,0,11,cruise,https://www.pinterest.com/sydneetaylormosby/cruise/,,,,public,,Sydnee Taylor Mosby,sydneetaylormosby,https://www.pinterest.com/sydneetaylormosby,,,5,,,,,,2025-01-03T00:39:15.000Z,2026-06-23T17:12:03.337Z
1.08369E+16,How To Spend: 48 Hours in Mykonos | What Olivia Did,How To Spend: 48 Hours in Mykonos | What Olivia Did,https://whatoliviadid.com/2018/08/how-to-spend-48-hours-in-mykonos/,https://www.pinterest.com/pin/10836855347749395,https://i.pinimg.com/originals/ea/45/ca/ea45ca1ac37e948dff896788c9f37daa.jpg,"60x60: https://i.pinimg.com/60x60/ea/45/ca/ea45ca1ac37e948dff896788c9f37daa.jpg
136x136: https://i.pinimg.com/136x136/ea/45/ca/ea45ca1ac37e948dff896788c9f37daa.jpg
170x: https://i.pinimg.com/236x/ea/45/ca/ea45ca1ac37e948dff896788c9f37daa.jpg
236x: https://i.pinimg.com/236x/ea/45/ca/ea45ca1ac37e948dff896788c9f37daa.jpg
474x: https://i.pinimg.com/474x/ea/45/ca/ea45ca1ac37e948dff896788c9f37daa.jpg
564x: https://i.pinimg.com/564x/ea/45/ca/ea45ca1ac37e948dff896788c9f37daa.jpg
736x: https://i.pinimg.com/736x/ea/45/ca/ea45ca1ac37e948dff896788c9f37daa.jpg
600x315: https://i.pinimg.com/600x315/ea/45/ca/ea45ca1ac37e948dff896788c9f37daa.jpg
orig: https://i.pinimg.com/originals/ea/45/ca/ea45ca1ac37e948dff896788c9f37daa.jpg",,,,1379,0,246,10,1,0,0,Swimwear,https://www.pinterest.com/sianhu/swimwear/,,,,public,,Rina ✨🌟,sianhu,https://www.pinterest.com/sianhu,,,183,,,,,,2026-05-31T16:38:09.000Z,2026-06-23T17:13:57.135Z
1.08369E+16,,,,https://www.pinterest.com/pin/10836855347780461,https://i.pinimg.com/originals/6a/60/06/6a6006fdc0ce9a26abcacfbc0244ac1d.jpg,"60x60: https://i.pinimg.com/60x60/6a/60/06/6a6006fdc0ce9a26abcacfbc0244ac1d.jpg
136x136: https://i.pinimg.com/136x136/6a/60/06/6a6006fdc0ce9a26abcacfbc0244ac1d.jpg
170x: https://i.pinimg.com/236x/6a/60/06/6a6006fdc0ce9a26abcacfbc0244ac1d.jpg
236x: https://i.pinimg.com/236x/6a/60/06/6a6006fdc0ce9a26abcacfbc0244ac1d.jpg
474x: https://i.pinimg.com/474x/6a/60/06/6a6006fdc0ce9a26abcacfbc0244ac1d.jpg
564x: https://i.pinimg.com/564x/6a/60/06/6a6006fdc0ce9a26abcacfbc0244ac1d.jpg
736x: https://i.pinimg.com/736x/6a/60/06/6a6006fdc0ce9a26abcacfbc0244ac1d.jpg
600x315: https://i.pinimg.com/600x315/6a/60/06/6a6006fdc0ce9a26abcacfbc0244ac1d.jpg
orig: https://i.pinimg.com/originals/6a/60/06/6a6006fdc0ce9a26abcacfbc0244ac1d.jpg",,,,397,0,29,41,0,0,1,Looks,https://www.pinterest.com/msradish/looks/,,,,public,,Katerina Medvedeva,msradish,https://www.pinterest.com/msradish,,,78,,,,,,2026-06-12T07:12:02.000Z,2026-06-23T17:15:03.066Z
1.08389E+18,15 Stylish Beach Outfits Right Now,"Searching for trendy Beach Outfits Women are wearing right now? These fashionable Modest Beach Wear ideas are perfect for beach vacations, resort stays, and tropical adventures. Featuring chic Modest Beach Fits, Hawaii Outfits, and stylish Bali Outfit Ideas, these Modest Hot Weather Outfits are ideal for creating effortless Modest Summer Style.",https://cruiseshipmania.com/15-modest-beach-outfit-ideas/,https://www.pinterest.com/pin/1083889835353567532,https://i.pinimg.com/originals/af/e6/3e/afe63e8676beb56e73aecd7eca6e5811.png,"60x60: https://i.pinimg.com/60x60/af/e6/3e/afe63e8676beb56e73aecd7eca6e5811.jpg
136x136: https://i.pinimg.com/136x136/af/e6/3e/afe63e8676beb56e73aecd7eca6e5811.jpg
170x: https://i.pinimg.com/236x/af/e6/3e/afe63e8676beb56e73aecd7eca6e5811.jpg
236x: https://i.pinimg.com/236x/af/e6/3e/afe63e8676beb56e73aecd7eca6e5811.jpg
474x: https://i.pinimg.com/474x/af/e6/3e/afe63e8676beb56e73aecd7eca6e5811.jpg
564x: https://i.pinimg.com/564x/af/e6/3e/afe63e8676beb56e73aecd7eca6e5811.jpg
736x: https://i.pinimg.com/736x/af/e6/3e/afe63e8676beb56e73aecd7eca6e5811.jpg
600x315: https://i.pinimg.com/600x315/af/e6/3e/afe63e8676beb56e73aecd7eca6e5811.jpg
orig: https://i.pinimg.com/originals/af/e6/3e/afe63e8676beb56e73aecd7eca6e5811.png",,,,1,0,0,0,0,0,0,Beach Outfits,https://www.pinterest.com/cruiseshipmania/beach-outfits/,,,,public,,Cruise Tips | Travel Outfits | Women Fashion,cruiseshipmania,https://www.pinterest.com/cruiseshipmania,,,1679,,,,,,2026-05-11T16:31:45.000Z,2026-06-23T17:13:32.803Z
1.08389E+18,15 Chic Night Out Beach Outfits,"Upgrade your summer vacation wardrobe with these chic Beach Going Out Outfits perfect for warm tropical nights. From elegant Vacation Evening Outfits to stylish Beach Club Outfit Night ideas, these trendy looks are ideal for beach clubs, seaside dinners, and nightlife. Save these glamorous Pool Party Night Outfit ideas for your next getaway.",https://cruiseshipmania.com/15-night-out-beach-outfits/,https://www.pinterest.com/pin/1083889835353573045,https://i.pinimg.com/originals/6e/b4/d1/6eb4d19e974d4434df7ae31a69dbbfff.png,"60x60: https://i.pinimg.com/60x60/6e/b4/d1/6eb4d19e974d4434df7ae31a69dbbfff.jpg
136x136: https://i.pinimg.com/136x136/6e/b4/d1/6eb4d19e974d4434df7ae31a69dbbfff.jpg
170x: https://i.pinimg.com/236x/6e/b4/d1/6eb4d19e974d4434df7ae31a69dbbfff.jpg
236x: https://i.pinimg.com/236x/6e/b4/d1/6eb4d19e974d4434df7ae31a69dbbfff.jpg
474x: https://i.pinimg.com/474x/6e/b4/d1/6eb4d19e974d4434df7ae31a69dbbfff.jpg
564x: https://i.pinimg.com/564x/6e/b4/d1/6eb4d19e974d4434df7ae31a69dbbfff.jpg
736x: https://i.pinimg.com/736x/6e/b4/d1/6eb4d19e974d4434df7ae31a69dbbfff.jpg
600x315: https://i.pinimg.com/600x315/6e/b4/d1/6eb4d19e974d4434df7ae31a69dbbfff.jpg
orig: https://i.pinimg.com/originals/6e/b4/d1/6eb4d19e974d4434df7ae31a69dbbfff.png",,,,2,0,0,1,0,0,0,Beach Outfits,https://www.pinterest.com/cruiseshipmania/beach-outfits/,,,,public,,Cruise Tips | Travel Outfits | Women Fashion,cruiseshipmania,https://www.pinterest.com/cruiseshipmania,,,1679,,,,,,2026-05-11T18:04:52.000Z,2026-06-23T17:13:38.116Z
1.08389E+18,15 Cute Bali Summer Outfits for Tropical Vacations,"Plan your dream getaway with these 15 cute Bali summer outfits! Featuring breezy tropical vacation styles, beach-ready looks, and chic island fashion, these Bali outfit ideas are perfect for summer vacations, tropical adventures, beach clubs, and stylish travel outfit inspiration.",https://cruiseshipmania.com/15-dreamy-bali-outfit-ideas-every-woman-needs-for-vacation/,https://www.pinterest.com/pin/1083889835353863001,https://i.pinimg.com/originals/c3/ba/54/c3ba548c1c103919d0040e507c942ba8.png,"60x60: https://i.pinimg.com/60x60/c3/ba/54/c3ba548c1c103919d0040e507c942ba8.jpg
136x136: https://i.pinimg.com/136x136/c3/ba/54/c3ba548c1c103919d0040e507c942ba8.jpg
170x: https://i.pinimg.com/236x/c3/ba/54/c3ba548c1c103919d0040e507c942ba8.jpg
236x: https://i.pinimg.com/236x/c3/ba/54/c3ba548c1c103919d0040e507c942ba8.jpg
474x: https://i.pinimg.com/474x/c3/ba/54/c3ba548c1c103919d0040e507c942ba8.jpg
564x: https://i.pinimg.com/564x/c3/ba/54/c3ba548c1c103919d0040e507c942ba8.jpg
736x: https://i.pinimg.com/736x/c3/ba/54/c3ba548c1c103919d0040e507c942ba8.jpg
600x315: https://i.pinimg.com/600x315/c3/ba/54/c3ba548c1c103919d0040e507c942ba8.jpg
orig: https://i.pinimg.com/originals/c3/ba/54/c3ba548c1c103919d0040e507c942ba8.png",,,,4,0,0,3,0,0,0,Tropical Vacation Outfits,https://www.pinterest.com/cruiseshipmania/tropical-vacation-outfits/,,,,public,,Cruise Tips | Travel Outfits | Women Fashion,cruiseshipmania,https://www.pinterest.com/cruiseshipmania,,,1679,,,,,,2026-05-16T05:03:30.000Z,2026-06-23T17:13:48.817Z
1.08389E+18,15 Trendy Beach Looks for Women Perfect for Summer Vacations,"Discover 15 trendy beach looks for women that are stylish, comfy, and perfect for warm-weather vacations! From casual beachwear to chic tropical outfits and effortless summer fashion, these looks are ideal for beach days, resort stays, cruises, and sunset walks.",https://cruiseshipmania.com/15-easy-beach-day-outfit/,https://www.pinterest.com/pin/1083889835354192521,https://i.pinimg.com/originals/13/3b/4c/133b4c5d0725880efff685784f170926.png,"60x60: https://i.pinimg.com/60x60/13/3b/4c/133b4c5d0725880efff685784f170926.jpg
136x136: https://i.pinimg.com/136x136/13/3b/4c/133b4c5d0725880efff685784f170926.jpg
170x: https://i.pinimg.com/236x/13/3b/4c/133b4c5d0725880efff685784f170926.jpg
236x: https://i.pinimg.com/236x/13/3b/4c/133b4c5d0725880efff685784f170926.jpg
474x: https://i.pinimg.com/474x/13/3b/4c/133b4c5d0725880efff685784f170926.jpg
564x: https://i.pinimg.com/564x/13/3b/4c/133b4c5d0725880efff685784f170926.jpg
736x: https://i.pinimg.com/736x/13/3b/4c/133b4c5d0725880efff685784f170926.jpg
600x315: https://i.pinimg.com/600x315/13/3b/4c/133b4c5d0725880efff685784f170926.jpg
orig: https://i.pinimg.com/originals/13/3b/4c/133b4c5d0725880efff685784f170926.png",,,,2,0,0,1,0,0,0,Beach Outfits,https://www.pinterest.com/cruiseshipmania/beach-outfits/,,,,public,,Cruise Tips | Travel Outfits | Women Fashion,cruiseshipmania,https://www.pinterest.com/cruiseshipmania,,,1679,,,,,,2026-05-21T05:02:07.000Z,2026-06-23T17:13:05.997Z
1.08389E+18,"Crochet Beach Outfits: 15 Boho, Breezy & Effortlessly Chic Looks for the Ultimate Summer Beach Day","Nothing says summer at the beach quite like a gorgeous crochet beach outfit — and these boho, breezy, and completely stunning looks prove that crochet is the ultimate beach fashion obsession for a reason! Discover the most beautiful crochet beach outfit ideas for women featuring handmade crochet cover-ups, crocheted beach co-ord sets, and delicate crochet maxi skirts that photograph like a dream against turquoise water and golden sand. Find the chicest crochet beach cover up outfit ideas that layer over bikinis and swimsuits for an effortlessly boho beach-to-bar look, cute crochet beach outfit ideas for summer holidays in the Caribbean, Mediterranean, and tropical island destinations.",https://cruiseshipmania.com/15-stylish-crochet-beach-outfits-that-look-effortlessly-expensive/,https://www.pinterest.com/pin/1083889835354970856,https://i.pinimg.com/originals/23/24/83/2324834bf6252803991a4ab12452ce31.png,"60x60: https://i.pinimg.com/60x60/23/24/83/2324834bf6252803991a4ab12452ce31.jpg
136x136: https://i.pinimg.com/136x136/23/24/83/2324834bf6252803991a4ab12452ce31.jpg
170x: https://i.pinimg.com/236x/23/24/83/2324834bf6252803991a4ab12452ce31.jpg
236x: https://i.pinimg.com/236x/23/24/83/2324834bf6252803991a4ab12452ce31.jpg
474x: https://i.pinimg.com/474x/23/24/83/2324834bf6252803991a4ab12452ce31.jpg
564x: https://i.pinimg.com/564x/23/24/83/2324834bf6252803991a4ab12452ce31.jpg
736x: https://i.pinimg.com/736x/23/24/83/2324834bf6252803991a4ab12452ce31.jpg
600x315: https://i.pinimg.com/600x315/23/24/83/2324834bf6252803991a4ab12452ce31.jpg
orig: https://i.pinimg.com/originals/23/24/83/2324834bf6252803991a4ab12452ce31.png",,,,1,0,0,0,0,0,0,Beach Outfits,https://www.pinterest.com/cruiseshipmania/beach-outfits/,,,,public,,Cruise Tips | Travel Outfits | Women Fashion,cruiseshipmania,https://www.pinterest.com/cruiseshipmania,,,1679,,,,,,2026-06-01T07:03:04.000Z,2026-06-23T17:13:57.171Z
1.08389E+18,15 Cutest Beach Day Outfits That Make Every Single Photo Look Like a Magazine Shoot,"A great beach day outfit does something specific: it makes you look amazing in every photo from every angle without making you feel like you tried too hard. These cute beach day outfits nail that balance perfectly — fresh, fun, and completely effortless in a way that only the best beach looks ever manage. Think striped terry cloth sets that are cozy enough for early morning beach walks and stylish enough for waterfront brunch, cute floral swim cover-ups that work over a one-piece or a bikini equally well, and matching beach bag and hat combinations that pull the whole look together in about thirty seconds.",https://cruiseshipmania.com/15-easy-beach-day-outfit/,https://www.pinterest.com/pin/1083889835355176002,https://i.pinimg.com/originals/22/39/36/223936867e013fd171a0655e2430f1a2.png,"60x60: https://i.pinimg.com/60x60/22/39/36/223936867e013fd171a0655e2430f1a2.jpg
136x136: https://i.pinimg.com/136x136/22/39/36/223936867e013fd171a0655e2430f1a2.jpg
170x: https://i.pinimg.com/236x/22/39/36/223936867e013fd171a0655e2430f1a2.jpg
236x: https://i.pinimg.com/236x/22/39/36/223936867e013fd171a0655e2430f1a2.jpg
474x: https://i.pinimg.com/474x/22/39/36/223936867e013fd171a0655e2430f1a2.jpg
564x: https://i.pinimg.com/564x/22/39/36/223936867e013fd171a0655e2430f1a2.jpg
736x: https://i.pinimg.com/736x/22/39/36/223936867e013fd171a0655e2430f1a2.jpg
600x315: https://i.pinimg.com/600x315/22/39/36/223936867e013fd171a0655e2430f1a2.jpg
orig: https://i.pinimg.com/originals/22/39/36/223936867e013fd171a0655e2430f1a2.png",,,,3,0,1,2,0,0,0,Beach Outfits,https://www.pinterest.com/cruiseshipmania/beach-outfits/,,,,public,,Cruise Tips | Travel Outfits | Women Fashion,cruiseshipmania,https://www.pinterest.com/cruiseshipmania,,,1679,,,,,,2026-06-04T06:07:56.000Z,2026-06-23T17:29:36.399Z
1.08389E+18,15 Effortless Casual Beach Outfits That Look Incredible Without a Single Moment of Effort,"The best casual beach outfit is the one that looks like you thought about it without actually thinking about it at all — that perfect combination of comfortable, stylish, and completely effortless that only a certain kind of beach dressing ever achieves. These casual beach outfits are exactly that. Soft linen shorts with a knotted button-down that looks chic from the first minute of the beach walk to the last bite of lunch, easy breezy sundresses that pair with flat sandals and immediately qualify as a complete outfit with zero accessories required, and casual beach sets in soft cotton that feel like wearing nothing but look like you planned everything.",https://cruiseshipmania.com/15-chic-casual-beach-outfit-ideas/,https://www.pinterest.com/pin/1083889835355176081,https://i.pinimg.com/originals/d3/e5/c5/d3e5c5d7217e289f40667f224075fb66.png,"60x60: https://i.pinimg.com/60x60/d3/e5/c5/d3e5c5d7217e289f40667f224075fb66.jpg
136x136: https://i.pinimg.com/136x136/d3/e5/c5/d3e5c5d7217e289f40667f224075fb66.jpg
170x: https://i.pinimg.com/236x/d3/e5/c5/d3e5c5d7217e289f40667f224075fb66.jpg
236x: https://i.pinimg.com/236x/d3/e5/c5/d3e5c5d7217e289f40667f224075fb66.jpg
474x: https://i.pinimg.com/474x/d3/e5/c5/d3e5c5d7217e289f40667f224075fb66.jpg
564x: https://i.pinimg.com/564x/d3/e5/c5/d3e5c5d7217e289f40667f224075fb66.jpg
736x: https://i.pinimg.com/736x/d3/e5/c5/d3e5c5d7217e289f40667f224075fb66.jpg
600x315: https://i.pinimg.com/600x315/d3/e5/c5/d3e5c5d7217e289f40667f224075fb66.jpg
orig: https://i.pinimg.com/originals/d3/e5/c5/d3e5c5d7217e289f40667f224075fb66.png",,,,4,0,0,3,0,0,0,Beach Outfits,https://www.pinterest.com/cruiseshipmania/beach-outfits/,,,,public,,Cruise Tips | Travel Outfits | Women Fashion,cruiseshipmania,https://www.pinterest.com/cruiseshipmania,,,1679,,,,,,2026-06-04T06:10:41.000Z,2026-06-23T17:12:54.463Z
1.08389E+18,15 Effortlessly Cool Boho Travel Outfits That Look Incredible in Every Country You Visit,"Boho travel style has a specific quality that makes it perfect for exploring the world — it photographs beautifully against every backdrop from Moroccan riads and Balinese temples to Tuscan vineyards and Greek island cliffs, it layers naturally for temperature changes, and it carries an effortless confidence that feels genuinely at home everywhere. These effortlessly cool boho travel outfits capture all of that with fifteen looks that pack light, travel well, and look like you dressed with intention whether you spent two minutes or twenty. Flowy tiered maxi skirts with simple fitted tops and sandals that work equally well wandering a spice market in Marrakech or a morning coffee in a Parisian courtyard.",https://cruiseshipmania.com/15-boho-airport-outfit-ideas/,https://www.pinterest.com/pin/1083889835355389576,https://i.pinimg.com/originals/08/4d/d1/084dd146e335ac43ddb55db5f48ea24e.png,"60x60: https://i.pinimg.com/60x60/08/4d/d1/084dd146e335ac43ddb55db5f48ea24e.jpg
136x136: https://i.pinimg.com/136x136/08/4d/d1/084dd146e335ac43ddb55db5f48ea24e.jpg
170x: https://i.pinimg.com/236x/08/4d/d1/084dd146e335ac43ddb55db5f48ea24e.jpg
236x: https://i.pinimg.com/236x/08/4d/d1/084dd146e335ac43ddb55db5f48ea24e.jpg
474x: https://i.pinimg.com/474x/08/4d/d1/084dd146e335ac43ddb55db5f48ea24e.jpg
564x: https://i.pinimg.com/564x/08/4d/d1/084dd146e335ac43ddb55db5f48ea24e.jpg
736x: https://i.pinimg.com/736x/08/4d/d1/084dd146e335ac43ddb55db5f48ea24e.jpg
600x315: https://i.pinimg.com/600x315/08/4d/d1/084dd146e335ac43ddb55db5f48ea24e.jpg
orig: https://i.pinimg.com/originals/08/4d/d1/084dd146e335ac43ddb55db5f48ea24e.png",,,,1,0,0,0,0,0,0,Airport Outfits,https://www.pinterest.com/cruiseshipmania/airport-outfits/,,,,public,,Cruise Tips | Travel Outfits | Women Fashion,cruiseshipmania,https://www.pinterest.com/cruiseshipmania,,,1679,,,,,,2026-06-07T06:55:35.000Z,2026-06-23T17:23:57.165Z
1.08389E+18,15 Chic Plus Size Cruise Outfits for Beach Days | Flattering & Fabulous,"Stylish plus size cruise outfits for beach days that are comfortable, flattering, and vacation-ready! From breezy cover-ups to bold swimsuit styles, these looks are perfect for shore excursions, pool days, and tropical ports. Save this pin for plus size summer outfit ideas and cruise fashion inspiration you'll actually love.",https://cruiseshipmania.com/15-plus-size-beach-cruise-outfits/,https://www.pinterest.com/pin/1083889835355658283,https://i.pinimg.com/originals/74/01/b3/7401b3db04d836b02c518172bab7b566.png,"60x60: https://i.pinimg.com/60x60/74/01/b3/7401b3db04d836b02c518172bab7b566.jpg
136x136: https://i.pinimg.com/136x136/74/01/b3/7401b3db04d836b02c518172bab7b566.jpg
170x: https://i.pinimg.com/236x/74/01/b3/7401b3db04d836b02c518172bab7b566.jpg
236x: https://i.pinimg.com/236x/74/01/b3/7401b3db04d836b02c518172bab7b566.jpg
474x: https://i.pinimg.com/474x/74/01/b3/7401b3db04d836b02c518172bab7b566.jpg
564x: https://i.pinimg.com/564x/74/01/b3/7401b3db04d836b02c518172bab7b566.jpg
736x: https://i.pinimg.com/736x/74/01/b3/7401b3db04d836b02c518172bab7b566.jpg
600x315: https://i.pinimg.com/600x315/74/01/b3/7401b3db04d836b02c518172bab7b566.jpg
orig: https://i.pinimg.com/originals/74/01/b3/7401b3db04d836b02c518172bab7b566.png",,,,2,0,0,1,0,0,0,Beach Outfits,https://www.pinterest.com/cruiseshipmania/beach-outfits/,,,,public,,Cruise Tips | Travel Outfits | Women Fashion,cruiseshipmania,https://www.pinterest.com/cruiseshipmania,,,1679,,,,,,2026-06-11T04:01:55.000Z,2026-06-23T17:12:12.004Z
1.08389E+18,15 Stylish Hawaii Beach Outfits for Women | Tropical Vacation Style,"Hawaii is paradise — and your outfit should match! These 15 stylish Hawaii beach looks for women are perfect for Maui, Oahu, Kauai, and the Big Island. From flowy floral resort dresses and chic swimsuit cover-ups to island-inspired prints and breezy linen outfits, find your ultimate Hawaii vacation wardrobe here. Save this pin for Hawaii outfit ideas, tropical beach fashion, and island vacation style!",https://cruiseshipmania.com/15-hawaii-beach-outfits/,https://www.pinterest.com/pin/1083889835355800344,https://i.pinimg.com/originals/88/95/48/889548275deeb7ad07b1956a1d11eea4.png,"60x60: https://i.pinimg.com/60x60/88/95/48/889548275deeb7ad07b1956a1d11eea4.jpg
136x136: https://i.pinimg.com/136x136/88/95/48/889548275deeb7ad07b1956a1d11eea4.jpg
170x: https://i.pinimg.com/236x/88/95/48/889548275deeb7ad07b1956a1d11eea4.jpg
236x: https://i.pinimg.com/236x/88/95/48/889548275deeb7ad07b1956a1d11eea4.jpg
474x: https://i.pinimg.com/474x/88/95/48/889548275deeb7ad07b1956a1d11eea4.jpg
564x: https://i.pinimg.com/564x/88/95/48/889548275deeb7ad07b1956a1d11eea4.jpg
736x: https://i.pinimg.com/736x/88/95/48/889548275deeb7ad07b1956a1d11eea4.jpg
600x315: https://i.pinimg.com/600x315/88/95/48/889548275deeb7ad07b1956a1d11eea4.jpg
orig: https://i.pinimg.com/originals/88/95/48/889548275deeb7ad07b1956a1d11eea4.png",,,,1,0,0,0,0,0,0,Hawaii Outfit Ideas,https://www.pinterest.com/cruiseshipmania/hawaii-outfit-ideas/,,,,public,,Cruise Tips | Travel Outfits | Women Fashion,cruiseshipmania,https://www.pinterest.com/cruiseshipmania,,,1679,,,,,,2026-06-13T05:47:56.000Z,2026-06-23T17:12:53.442Z
1.0841E+18,coconut girl inspo,"summer, beach, bikini, swim, pic inspo, IG story inspo, colorful, pastels, color blocking, trendy, coconut girl, coconut aesthetic, hot girl summer, europe, aesthetic",,https://www.pinterest.com/pin/1084100941531041003,https://i.pinimg.com/originals/4f/39/6c/4f396cd423002e3d0e4d5f33b6ccd089.jpg,"60x60: https://i.pinimg.com/60x60/4f/39/6c/4f396cd423002e3d0e4d5f33b6ccd089.jpg
136x136: https://i.pinimg.com/136x136/4f/39/6c/4f396cd423002e3d0e4d5f33b6ccd089.jpg
170x: https://i.pinimg.com/236x/4f/39/6c/4f396cd423002e3d0e4d5f33b6ccd089.jpg
236x: https://i.pinimg.com/236x/4f/39/6c/4f396cd423002e3d0e4d5f33b6ccd089.jpg
474x: https://i.pinimg.com/474x/4f/39/6c/4f396cd423002e3d0e4d5f33b6ccd089.jpg
564x: https://i.pinimg.com/564x/4f/39/6c/4f396cd423002e3d0e4d5f33b6ccd089.jpg
736x: https://i.pinimg.com/736x/4f/39/6c/4f396cd423002e3d0e4d5f33b6ccd089.jpg
600x315: https://i.pinimg.com/600x315/4f/39/6c/4f396cd423002e3d0e4d5f33b6ccd089.jpg
orig: https://i.pinimg.com/originals/4f/39/6c/4f396cd423002e3d0e4d5f33b6ccd089.jpg",https://v1.pinimg.com/videos/mc/720p/e9/1f/85/e91f85c5cc0feed081383ddcdca31919.mp4,"V_720P: https://v1.pinimg.com/videos/mc/720p/e9/1f/85/e91f85c5cc0feed081383ddcdca31919.mp4
V_HLSV4: https://v1.pinimg.com/videos/mc/hls/e9/1f/85/e91f85c5cc0feed081383ddcdca31919.m3u8
V_HLSV3_MOBILE: https://v1.pinimg.com/videos/mc/hls/e9/1f/85/e91f85c5cc0feed081383ddcdca31919.m3u8",,324,0,136,1,8,0,0,Quick saves,https://www.pinterest.com/rommelsarsonas3/_quick_saves/,,,,public,,Rommel Sarsonas,rommelsarsonas3,https://www.pinterest.com/rommelsarsonas3,,,0,,,,,,2023-04-06T03:39:11.000Z,2026-06-23T17:28:21.305Z
1.0841E+18,summer outfit inspo 🖤🌞🐚,#fashion #outfitsinpo #summer,,https://www.pinterest.com/pin/1084100941589082353,https://i.pinimg.com/originals/0b/1a/56/0b1a567501f8e1bd1aac97af052f5e36.png,"60x60: https://i.pinimg.com/60x60/0b/1a/56/0b1a567501f8e1bd1aac97af052f5e36.jpg
136x136: https://i.pinimg.com/136x136/0b/1a/56/0b1a567501f8e1bd1aac97af052f5e36.jpg
170x: https://i.pinimg.com/236x/0b/1a/56/0b1a567501f8e1bd1aac97af052f5e36.jpg
236x: https://i.pinimg.com/236x/0b/1a/56/0b1a567501f8e1bd1aac97af052f5e36.jpg
474x: https://i.pinimg.com/474x/0b/1a/56/0b1a567501f8e1bd1aac97af052f5e36.jpg
564x: https://i.pinimg.com/564x/0b/1a/56/0b1a567501f8e1bd1aac97af052f5e36.jpg
736x: https://i.pinimg.com/736x/0b/1a/56/0b1a567501f8e1bd1aac97af052f5e36.jpg
600x315: https://i.pinimg.com/600x315/0b/1a/56/0b1a567501f8e1bd1aac97af052f5e36.jpg
orig: https://i.pinimg.com/originals/0b/1a/56/0b1a567501f8e1bd1aac97af052f5e36.png",,,,4,0,4,3,0,0,0,fashion,https://www.pinterest.com/tessia_mh/fashion/,,,,public,,𓇼 Tessia 𓇼,tessia_mh,https://www.pinterest.com/tessia_mh,,,102,,,,,,2026-05-18T01:50:34.000Z,2026-06-23T17:14:12.233Z
1.08452E+18,90s/Y2K Soft Summer Fashion Amazon Finds,90s/Y2K Soft Summer Outfit Must Haves,,https://www.pinterest.com/pin/1084523154035324416,https://i.pinimg.com/originals/9c/68/e4/9c68e48d188cde6c5dca058e991c5b0d.png,"60x60: https://i.pinimg.com/60x60/9c/68/e4/9c68e48d188cde6c5dca058e991c5b0d.jpg
136x136: https://i.pinimg.com/136x136/9c/68/e4/9c68e48d188cde6c5dca058e991c5b0d.jpg
170x: https://i.pinimg.com/236x/9c/68/e4/9c68e48d188cde6c5dca058e991c5b0d.jpg
236x: https://i.pinimg.com/236x/9c/68/e4/9c68e48d188cde6c5dca058e991c5b0d.jpg
474x: https://i.pinimg.com/474x/9c/68/e4/9c68e48d188cde6c5dca058e991c5b0d.jpg
564x: https://i.pinimg.com/564x/9c/68/e4/9c68e48d188cde6c5dca058e991c5b0d.jpg
736x: https://i.pinimg.com/736x/9c/68/e4/9c68e48d188cde6c5dca058e991c5b0d.jpg
600x315: https://i.pinimg.com/600x315/9c/68/e4/9c68e48d188cde6c5dca058e991c5b0d.jpg
orig: https://i.pinimg.com/originals/9c/68/e4/9c68e48d188cde6c5dca058e991c5b0d.png",,,,2,0,0,1,0,0,0,Pins by you,https://www.pinterest.com/velvetosworld/_quick_creates/,,,,public,,VELVET OS™,velvetosworld,https://www.pinterest.com/velvetosworld,,,0,,,,,,2026-03-29T21:09:50.000Z,2026-06-23T17:29:04.733Z
1.08452E+18,11 Beach Outfits You'll Want to Copy in 2026,"Looking for cute beach outfits? Discover stylish beach vacation outfits, resort wear, summer dresses, sandals, and chic coastal fashion ideas perfect for your next tropical getaway.
#BeachOutfits
#BeachVacationOutfits
#SummerOutfits
#ResortWear
#VacationStyle
#BeachFashion
#TravelOutfits
#SummerFashion
#CoastalStyle
#TropicalVacation",https://thefindstudios.com/2026/04/2-best-beach-vacation-outfits-for-women.html,https://www.pinterest.com/pin/1084523154040622128,https://i.pinimg.com/originals/31/e2/78/31e2780a6d01ac7d9a23321b8ba5a4b3.jpg,"60x60: https://i.pinimg.com/60x60/31/e2/78/31e2780a6d01ac7d9a23321b8ba5a4b3.jpg
136x136: https://i.pinimg.com/136x136/31/e2/78/31e2780a6d01ac7d9a23321b8ba5a4b3.jpg
170x: https://i.pinimg.com/236x/31/e2/78/31e2780a6d01ac7d9a23321b8ba5a4b3.jpg
236x: https://i.pinimg.com/236x/31/e2/78/31e2780a6d01ac7d9a23321b8ba5a4b3.jpg
474x: https://i.pinimg.com/474x/31/e2/78/31e2780a6d01ac7d9a23321b8ba5a4b3.jpg
564x: https://i.pinimg.com/564x/31/e2/78/31e2780a6d01ac7d9a23321b8ba5a4b3.jpg
736x: https://i.pinimg.com/736x/31/e2/78/31e2780a6d01ac7d9a23321b8ba5a4b3.jpg
600x315: https://i.pinimg.com/600x315/31/e2/78/31e2780a6d01ac7d9a23321b8ba5a4b3.jpg
orig: https://i.pinimg.com/originals/31/e2/78/31e2780a6d01ac7d9a23321b8ba5a4b3.jpg",,,,1,0,0,0,0,0,0,Summer Outfits 2026,https://www.pinterest.com/thefindstudiobyRavina/summer-outfits-2026/,,,,public,,The Find Studio by Ravina,thefindstudiobyRavina,https://www.pinterest.com/thefindstudiobyRavina,,,49,,,,,,2026-06-15T14:49:23.000Z,2026-06-23T17:12:52.920Z
1.08459E+18,,,,https://www.pinterest.com/pin/1084593522779704081,https://i.pinimg.com/originals/88/4e/f3/884ef36c64d93c7289166479db4c52d1.jpg,"60x60: https://i.pinimg.com/60x60/88/4e/f3/884ef36c64d93c7289166479db4c52d1.jpg
136x136: https://i.pinimg.com/136x136/88/4e/f3/884ef36c64d93c7289166479db4c52d1.jpg
170x: https://i.pinimg.com/236x/88/4e/f3/884ef36c64d93c7289166479db4c52d1.jpg
236x: https://i.pinimg.com/236x/88/4e/f3/884ef36c64d93c7289166479db4c52d1.jpg
474x: https://i.pinimg.com/474x/88/4e/f3/884ef36c64d93c7289166479db4c52d1.jpg
564x: https://i.pinimg.com/564x/88/4e/f3/884ef36c64d93c7289166479db4c52d1.jpg
736x: https://i.pinimg.com/736x/88/4e/f3/884ef36c64d93c7289166479db4c52d1.jpg
600x315: https://i.pinimg.com/600x315/88/4e/f3/884ef36c64d93c7289166479db4c52d1.jpg
orig: https://i.pinimg.com/originals/88/4e/f3/884ef36c64d93c7289166479db4c52d1.jpg",,,,8474,0,1949,3468,6,0,22,Pins by you,https://www.pinterest.com/meliaaaa2/_quick_creates/,,,,public,,M E L I A .,meliaaaa2,https://www.pinterest.com/meliaaaa2,,,35,,,,,,2026-03-10T12:14:32.000Z,2026-06-23T17:12:04.977Z
1.08502E+18,Beach Glamour | Luxury | Wear | Fashion Photography | Golden | Summer Outfit | Beach Outfit,"A captivating beach fashion editorial showcasing modern luxury and effortless sophistication. Featuring a graceful model in an elegant flowing maxi dress, accessorized with designer sunglasses, gold jewelry, and a woven beach tote, this image celebrates the beauty of summer fashion. The warm golden sunlight, turquoise ocean waves, and serene tropical scenery create a dreamy atmosphere perfect for luxury travel, resort fashion, and lifestyle branding.

Beach Dress, Summer Dress, Maxi Dress, Beach Fashion, Summer Fashion, Vacation Style, Resort Wear, Beach wear, Tropical Style, Coastal Chic, Vacation Outfit, Boho Style, Travel Fashion, Luxury Fashion, Summer Style, Seaside Style, Golden Hour, Fashion Editorial, Resort Fashion, Beach Vacation",,https://www.pinterest.com/pin/1085015735249424156,https://i.pinimg.com/originals/5e/c3/25/5ec325d7bce7d09f594cf6d894598b6f.png,"60x60: https://i.pinimg.com/60x60/5e/c3/25/5ec325d7bce7d09f594cf6d894598b6f.jpg
136x136: https://i.pinimg.com/136x136/5e/c3/25/5ec325d7bce7d09f594cf6d894598b6f.jpg
170x: https://i.pinimg.com/236x/5e/c3/25/5ec325d7bce7d09f594cf6d894598b6f.jpg
236x: https://i.pinimg.com/236x/5e/c3/25/5ec325d7bce7d09f594cf6d894598b6f.jpg
474x: https://i.pinimg.com/474x/5e/c3/25/5ec325d7bce7d09f594cf6d894598b6f.jpg
564x: https://i.pinimg.com/564x/5e/c3/25/5ec325d7bce7d09f594cf6d894598b6f.jpg
736x: https://i.pinimg.com/736x/5e/c3/25/5ec325d7bce7d09f594cf6d894598b6f.jpg
600x315: https://i.pinimg.com/600x315/5e/c3/25/5ec325d7bce7d09f594cf6d894598b6f.jpg
orig: https://i.pinimg.com/originals/5e/c3/25/5ec325d7bce7d09f594cf6d894598b6f.png",,,,4,0,1,3,0,0,1,Summer Dress | Summer Outfit | Casual Summer Dress,https://www.pinterest.com/trendfusion753/summer-dress-summer-outfit-casual-summer-dress/,,,,public,,"TrendFusion | Women's Fashion, Beauty & Skincare Ideas",trendfusion753,https://www.pinterest.com/trendfusion753,,,12,,,,,,2026-06-04T18:32:07.000Z,2026-06-23T17:21:47.301Z
1.08516E+18,👯‍♀️,@uriconicemmy,,https://www.pinterest.com/pin/1085156472684412891,https://i.pinimg.com/originals/2d/29/ce/2d29ced65731e15294bed2ac52d3d70c.jpg,"60x60: https://i.pinimg.com/60x60/2d/29/ce/2d29ced65731e15294bed2ac52d3d70c.jpg
136x136: https://i.pinimg.com/136x136/2d/29/ce/2d29ced65731e15294bed2ac52d3d70c.jpg
170x: https://i.pinimg.com/236x/2d/29/ce/2d29ced65731e15294bed2ac52d3d70c.jpg
236x: https://i.pinimg.com/236x/2d/29/ce/2d29ced65731e15294bed2ac52d3d70c.jpg
474x: https://i.pinimg.com/474x/2d/29/ce/2d29ced65731e15294bed2ac52d3d70c.jpg
564x: https://i.pinimg.com/564x/2d/29/ce/2d29ced65731e15294bed2ac52d3d70c.jpg
736x: https://i.pinimg.com/736x/2d/29/ce/2d29ced65731e15294bed2ac52d3d70c.jpg
600x315: https://i.pinimg.com/600x315/2d/29/ce/2d29ced65731e15294bed2ac52d3d70c.jpg
orig: https://i.pinimg.com/originals/2d/29/ce/2d29ced65731e15294bed2ac52d3d70c.jpg",,,,10,0,0,1,0,0,0,b e s t a y s ☻,https://www.pinterest.com/preppyemmy/b-e-s-t-a-y-s/,,,,public,,☻ 𝐄𝐌𝐌𝐘 ☻,preppyemmy,https://www.pinterest.com/preppyemmy,,,160,,,,,,2021-10-01T04:11:44.000Z,2026-06-23T17:28:10.201Z
1.08537E+18,Beach Wear Ideas | Summer Outfits You Need to Try in 2026,,https://fascinatenames.com/beach-wear-ideas-summer-outfits?utm_campaign=beach-wear-ideas_romio&utm_medium=link&utm_source=link_romio_z6180s,https://www.pinterest.com/pin/1085367578970155165,https://i.pinimg.com/originals/f1/4e/92/f14e92faec76d8e980d06b3ceb0438ff.jpg,"60x60: https://i.pinimg.com/60x60/f1/4e/92/f14e92faec76d8e980d06b3ceb0438ff.jpg
136x136: https://i.pinimg.com/136x136/f1/4e/92/f14e92faec76d8e980d06b3ceb0438ff.jpg
170x: https://i.pinimg.com/236x/f1/4e/92/f14e92faec76d8e980d06b3ceb0438ff.jpg
236x: https://i.pinimg.com/236x/f1/4e/92/f14e92faec76d8e980d06b3ceb0438ff.jpg
474x: https://i.pinimg.com/474x/f1/4e/92/f14e92faec76d8e980d06b3ceb0438ff.jpg
564x: https://i.pinimg.com/564x/f1/4e/92/f14e92faec76d8e980d06b3ceb0438ff.jpg
736x: https://i.pinimg.com/736x/f1/4e/92/f14e92faec76d8e980d06b3ceb0438ff.jpg
600x315: https://i.pinimg.com/600x315/f1/4e/92/f14e92faec76d8e980d06b3ceb0438ff.jpg
orig: https://i.pinimg.com/originals/f1/4e/92/f14e92faec76d8e980d06b3ceb0438ff.jpg",,,,1,0,0,0,0,0,0,Top 10 Outfit Ideas,https://www.pinterest.com/salmafarouk7/top-10-outfit-ideas/,,,,public,,salma,salmafarouk7,https://www.pinterest.com/salmafarouk7,,,3,,,,,,2026-05-15T20:27:55.000Z,2026-06-23T17:13:43.637Z
1.08565E+18,Delicious Mango Slaw That Looks Gorgeous and Tastes Even Better and Healthy Meal Prep,"This salad idea delivers major comfort, fresh flavor, and the kind of homemade result people save fast. Layer crisp greens with fresh vegetables, herbs, protein, and a bright dressing for a bowl that feels light, colorful, and satisfying. It is also great for healthy and vegetarian cooking, and packed with vegetarian flavor. Great for making again. Easy to save and repeat. #DeliciousMangoSlaw #SaladRecipe #HealthyIdeas",https://payhip.com/b/ZeyQA,https://www.pinterest.com/pin/1085649053953748303,https://i.pinimg.com/originals/eb/fb/72/ebfb726a70403fb871daaf980d5b6740.png,"60x60: https://i.pinimg.com/60x60/eb/fb/72/ebfb726a70403fb871daaf980d5b6740.jpg
136x136: https://i.pinimg.com/136x136/eb/fb/72/ebfb726a70403fb871daaf980d5b6740.jpg
170x: https://i.pinimg.com/236x/eb/fb/72/ebfb726a70403fb871daaf980d5b6740.jpg
236x: https://i.pinimg.com/236x/eb/fb/72/ebfb726a70403fb871daaf980d5b6740.jpg
474x: https://i.pinimg.com/474x/eb/fb/72/ebfb726a70403fb871daaf980d5b6740.jpg
564x: https://i.pinimg.com/564x/eb/fb/72/ebfb726a70403fb871daaf980d5b6740.jpg
736x: https://i.pinimg.com/736x/eb/fb/72/ebfb726a70403fb871daaf980d5b6740.jpg
600x315: https://i.pinimg.com/600x315/eb/fb/72/ebfb726a70403fb871daaf980d5b6740.jpg
orig: https://i.pinimg.com/originals/eb/fb/72/ebfb726a70403fb871daaf980d5b6740.png",,,,116,0,3,114,1,0,2,"Easy Meals, Quick Recipes & Family Dinner Ideas",https://www.pinterest.com/asimonarisac/easy-meals-quick-recipes-family-dinner-ideas/,,,,public,,"Meals, Easy Recipes & Everyday Home Cooking Ideas",asimonarisac,https://www.pinterest.com/asimonarisac,,,12,,,,,,2026-06-10T16:12:23.000Z,2026-06-23T16:42:39.914Z
1.086E+18,Crock Pot Birria Tacos The Ultimate Easy Mexican Tacos Comfort Food,Birra Taco Recipe ideas start with making this simple version in your slow cooker. You get incredibly rich and flavorful meat perfect for your next meal prep. Making Easy Mexican Tacos at home has never felt so rewarding when you see how much your family loves this dish. This specific Aldis Birria Tacos style minimizes work while maximizing taste quality you want to serve. Get ready for a seriously comforting experience when you take your first bite of these amazing tacos. Tap to learn more,https://dinacooks.com/crock-pot-birria-tacos/,https://www.pinterest.com/pin/1086000897661616181,https://i.pinimg.com/originals/5a/70/e3/5a70e382bb1cdbc8c5804cadd6cbe852.png,"60x60: https://i.pinimg.com/60x60/5a/70/e3/5a70e382bb1cdbc8c5804cadd6cbe852.jpg
136x136: https://i.pinimg.com/136x136/5a/70/e3/5a70e382bb1cdbc8c5804cadd6cbe852.jpg
170x: https://i.pinimg.com/236x/5a/70/e3/5a70e382bb1cdbc8c5804cadd6cbe852.jpg
236x: https://i.pinimg.com/236x/5a/70/e3/5a70e382bb1cdbc8c5804cadd6cbe852.jpg
474x: https://i.pinimg.com/474x/5a/70/e3/5a70e382bb1cdbc8c5804cadd6cbe852.jpg
564x: https://i.pinimg.com/564x/5a/70/e3/5a70e382bb1cdbc8c5804cadd6cbe852.jpg
736x: https://i.pinimg.com/736x/5a/70/e3/5a70e382bb1cdbc8c5804cadd6cbe852.jpg
600x315: https://i.pinimg.com/600x315/5a/70/e3/5a70e382bb1cdbc8c5804cadd6cbe852.jpg
orig: https://i.pinimg.com/originals/5a/70/e3/5a70e382bb1cdbc8c5804cadd6cbe852.png",,,,1759,0,17,656,3,0,64,Dinner Ideas,https://www.pinterest.com/DinaCooksBlog/dinner-ideas/,,,,public,food_drink,"Dina Cooks | Easy Dinner Ideas: Healthy Soup, Casserole & More",DinaCooksBlog,https://www.pinterest.com/DinaCooksBlog,,,274,,,,,,2026-01-30T20:36:27.000Z,2026-06-23T16:42:50.170Z
1.08628E+18,One Pot Creamy Garlic Pasta (20-Minutes),"This One Pot Creamy Garlic Pasta is the ultimate 20-minute comfort food dinner. Made in a single pan with garlic, milk, and Parmesan cheese, it’s rich, creamy, and incredibly easy.

Whether you're cooking for your family or need a quick solo dinner, this pasta hits the spot with minimal effort and cleanup.",https://betterhomebase.com/one-pot-creamy-garlic-pasta,https://www.pinterest.com/pin/1086282372627362808,https://i.pinimg.com/originals/41/9c/46/419c464b479dfc9356513ca03baa17e5.png,"60x60: https://i.pinimg.com/60x60/41/9c/46/419c464b479dfc9356513ca03baa17e5.jpg
136x136: https://i.pinimg.com/136x136/41/9c/46/419c464b479dfc9356513ca03baa17e5.jpg
170x: https://i.pinimg.com/236x/41/9c/46/419c464b479dfc9356513ca03baa17e5.jpg
236x: https://i.pinimg.com/236x/41/9c/46/419c464b479dfc9356513ca03baa17e5.jpg
474x: https://i.pinimg.com/474x/41/9c/46/419c464b479dfc9356513ca03baa17e5.jpg
564x: https://i.pinimg.com/564x/41/9c/46/419c464b479dfc9356513ca03baa17e5.jpg
736x: https://i.pinimg.com/736x/41/9c/46/419c464b479dfc9356513ca03baa17e5.jpg
600x315: https://i.pinimg.com/600x315/41/9c/46/419c464b479dfc9356513ca03baa17e5.jpg
orig: https://i.pinimg.com/originals/41/9c/46/419c464b479dfc9356513ca03baa17e5.png",,,,2397,2,50,260,3,0,31,Pasta Recipes,https://www.pinterest.com/betterhomebase/pasta-recipes/,,,,public,,BetterHomebase | Food Recipes,betterhomebase,https://www.pinterest.com/betterhomebase,,,10449,,,,,,2025-06-14T00:01:00.000Z,2026-06-23T16:39:27.215Z
1.08635E+18,Summer Beach Vacation Clothes,,,https://www.pinterest.com/pin/1086352741402228573,https://i.pinimg.com/originals/03/ab/26/03ab265058792fe3ad1ef124f77fc1ee.jpg,"60x60: https://i.pinimg.com/60x60/03/ab/26/03ab265058792fe3ad1ef124f77fc1ee.jpg
136x136: https://i.pinimg.com/136x136/03/ab/26/03ab265058792fe3ad1ef124f77fc1ee.jpg
170x: https://i.pinimg.com/236x/03/ab/26/03ab265058792fe3ad1ef124f77fc1ee.jpg
236x: https://i.pinimg.com/236x/03/ab/26/03ab265058792fe3ad1ef124f77fc1ee.jpg
474x: https://i.pinimg.com/474x/03/ab/26/03ab265058792fe3ad1ef124f77fc1ee.jpg
564x: https://i.pinimg.com/564x/03/ab/26/03ab265058792fe3ad1ef124f77fc1ee.jpg
736x: https://i.pinimg.com/736x/03/ab/26/03ab265058792fe3ad1ef124f77fc1ee.jpg
600x315: https://i.pinimg.com/600x315/03/ab/26/03ab265058792fe3ad1ef124f77fc1ee.jpg
orig: https://i.pinimg.com/originals/03/ab/26/03ab265058792fe3ad1ef124f77fc1ee.jpg",,,,1,0,0,0,0,0,0,Summer Outfit Ideas for Women,https://www.pinterest.com/fareehafashionshop/summer-outfit-ideas-for-women/,,,,public,,Fareeha Fashion Shop | Women Outfit Ideas,fareehafashionshop,https://www.pinterest.com/fareehafashionshop,,,1,,,,,,2026-05-29T10:54:37.000Z,2026-06-23T17:24:14.957Z
1.08635E+18,25 Ultimate Guide to Beach Clothes Vacation Outfit Ideas Black Women Need,"Discover 25 stunning beach vacation looks designed to inspire confidence, comfort, and style. From tropical getaways to seaside escapes, explore beach clothes vacation outfit ideas black women, beach clothes vacation outfit ideas for women, beach clothes vacation outfit ideas tropical, beach clothes vacation outfit ideas trendy, and beach clothes vacation outfit ideas casual. Find flattering ensembles, vacation-ready essentials, and chic combinations perfect for creating unforgettable warm-weather memories.",https://wavoclick.com/25-ultimate-guide-to-beach-clothes-vacation-outfit-ideas-black-women-need/,https://www.pinterest.com/pin/1086352741402606462,https://i.pinimg.com/originals/06/23/83/062383df761bd9fde04ff5647c626b64.png,"60x60: https://i.pinimg.com/60x60/06/23/83/062383df761bd9fde04ff5647c626b64.jpg
136x136: https://i.pinimg.com/136x136/06/23/83/062383df761bd9fde04ff5647c626b64.jpg
170x: https://i.pinimg.com/236x/06/23/83/062383df761bd9fde04ff5647c626b64.jpg
236x: https://i.pinimg.com/236x/06/23/83/062383df761bd9fde04ff5647c626b64.jpg
474x: https://i.pinimg.com/474x/06/23/83/062383df761bd9fde04ff5647c626b64.jpg
564x: https://i.pinimg.com/564x/06/23/83/062383df761bd9fde04ff5647c626b64.jpg
736x: https://i.pinimg.com/736x/06/23/83/062383df761bd9fde04ff5647c626b64.jpg
600x315: https://i.pinimg.com/600x315/06/23/83/062383df761bd9fde04ff5647c626b64.jpg
orig: https://i.pinimg.com/originals/06/23/83/062383df761bd9fde04ff5647c626b64.png",,,,2,0,0,1,0,0,0,Beach Clothes Vacation Outfit Ideas,https://www.pinterest.com/WavoClick/beach-clothes-vacation-outfit-ideas/,,,,public,,WavoClick | Fashion Outfit Ideas | Seasonal Outfits | Style Guide,WavoClick,https://www.pinterest.com/WavoClick,,,2549,,,,,,2026-06-03T17:04:03.000Z,2026-06-23T17:13:10.704Z
1.08635E+18,22 Beach Clothes Vacation Outfit Ideas for Coastal Style,"Planning a sunny escape? Explore 22 stylish outfit inspirations perfect for beach days, tropical getaways, and seaside adventures. This guide features beach clothes vacation outfit ideas for women, chic beach clothes vacation outfit ideas trendy looks, practical beach clothes vacation outfit ideas tropical styles, elegant beach clothes vacation outfit ideas modest options, and helpful beach clothes vacation outfit ideas what to wear tips for effortless vacation fashion.",,https://www.pinterest.com/pin/1086352741403191688,https://i.pinimg.com/originals/f2/2b/87/f22b8774c483814e1a5ee2158bbef695.png,"60x60: https://i.pinimg.com/60x60/f2/2b/87/f22b8774c483814e1a5ee2158bbef695.jpg
136x136: https://i.pinimg.com/136x136/f2/2b/87/f22b8774c483814e1a5ee2158bbef695.jpg
170x: https://i.pinimg.com/236x/f2/2b/87/f22b8774c483814e1a5ee2158bbef695.jpg
236x: https://i.pinimg.com/236x/f2/2b/87/f22b8774c483814e1a5ee2158bbef695.jpg
474x: https://i.pinimg.com/474x/f2/2b/87/f22b8774c483814e1a5ee2158bbef695.jpg
564x: https://i.pinimg.com/564x/f2/2b/87/f22b8774c483814e1a5ee2158bbef695.jpg
736x: https://i.pinimg.com/736x/f2/2b/87/f22b8774c483814e1a5ee2158bbef695.jpg
600x315: https://i.pinimg.com/600x315/f2/2b/87/f22b8774c483814e1a5ee2158bbef695.jpg
orig: https://i.pinimg.com/originals/f2/2b/87/f22b8774c483814e1a5ee2158bbef695.png",,,,3,0,0,2,0,0,0,Beach Clothes Vacation Outfit Ideas,https://www.pinterest.com/WavoClick/beach-clothes-vacation-outfit-ideas/,,,,public,,WavoClick | Fashion Outfit Ideas | Seasonal Outfits | Style Guide,WavoClick,https://www.pinterest.com/WavoClick,,,2549,,,,,,2026-06-11T18:01:55.000Z,2026-06-23T17:12:03.224Z
1.08727E+18,🍃 39 Vibrant Boho Summer Outfits That Show Off Your Unique Sense of Style,"Step into your most expressive season yet with 39 boho summer outfits that turn simple looks into chic, soulful moments. From relaxed daytime ease to evening allure, every style tells a story. Whether you favor flowing shapes or grounded silhouettes, these looks radiate warmth and effortless grace.",https://iconopisanie.ru/39-chic-boho-summer-outfits-to-elevate-your-style-in-2026/,https://www.pinterest.com/pin/1087267535069278245,https://i.pinimg.com/originals/b7/ea/20/b7ea203e9082f531fe1cf9b1a9f36e2e.png,"60x60: https://i.pinimg.com/60x60/b7/ea/20/b7ea203e9082f531fe1cf9b1a9f36e2e.jpg
136x136: https://i.pinimg.com/136x136/b7/ea/20/b7ea203e9082f531fe1cf9b1a9f36e2e.jpg
170x: https://i.pinimg.com/236x/b7/ea/20/b7ea203e9082f531fe1cf9b1a9f36e2e.jpg
236x: https://i.pinimg.com/236x/b7/ea/20/b7ea203e9082f531fe1cf9b1a9f36e2e.jpg
474x: https://i.pinimg.com/474x/b7/ea/20/b7ea203e9082f531fe1cf9b1a9f36e2e.jpg
564x: https://i.pinimg.com/564x/b7/ea/20/b7ea203e9082f531fe1cf9b1a9f36e2e.jpg
736x: https://i.pinimg.com/736x/b7/ea/20/b7ea203e9082f531fe1cf9b1a9f36e2e.jpg
600x315: https://i.pinimg.com/600x315/b7/ea/20/b7ea203e9082f531fe1cf9b1a9f36e2e.jpg
orig: https://i.pinimg.com/originals/b7/ea/20/b7ea203e9082f531fe1cf9b1a9f36e2e.png",,,,1,0,0,0,0,0,0,Boho Summer Outfits,https://www.pinterest.com/icegepu196/boho-summer-outfits/,,,,public,,"Bloom Beauty Loft | 🌼 Trendy Hair, Manicure & Wardrobe Ideas",icegepu196,https://www.pinterest.com/icegepu196,,,9,,,,,,2026-06-12T13:25:26.000Z,2026-06-23T17:25:02.093Z
1.08727E+18,🌺 39 Trendiest Boho Summer Outfits That Turn Heads Wherever You Go,"Awaken your inner wanderer with 39 boho summer outfits that feel as free as the open horizon. From laid-back afternoon vibes to breezy sunset moments, each look carries its own gentle magic. Whether you lean toward soft romance or easy coolness, these styles bring timeless beauty to your everyday wardrobe.",https://iconopisanie.ru/39-chic-boho-summer-outfits-to-elevate-your-style-in-2026/,https://www.pinterest.com/pin/1087267535069291223,https://i.pinimg.com/originals/f1/50/7f/f1507f64e1332f14db9fc06a72325764.png,"60x60: https://i.pinimg.com/60x60/f1/50/7f/f1507f64e1332f14db9fc06a72325764.jpg
136x136: https://i.pinimg.com/136x136/f1/50/7f/f1507f64e1332f14db9fc06a72325764.jpg
170x: https://i.pinimg.com/236x/f1/50/7f/f1507f64e1332f14db9fc06a72325764.jpg
236x: https://i.pinimg.com/236x/f1/50/7f/f1507f64e1332f14db9fc06a72325764.jpg
474x: https://i.pinimg.com/474x/f1/50/7f/f1507f64e1332f14db9fc06a72325764.jpg
564x: https://i.pinimg.com/564x/f1/50/7f/f1507f64e1332f14db9fc06a72325764.jpg
736x: https://i.pinimg.com/736x/f1/50/7f/f1507f64e1332f14db9fc06a72325764.jpg
600x315: https://i.pinimg.com/600x315/f1/50/7f/f1507f64e1332f14db9fc06a72325764.jpg
orig: https://i.pinimg.com/originals/f1/50/7f/f1507f64e1332f14db9fc06a72325764.png",,,,1,0,0,0,0,0,0,Boho Summer Outfits,https://www.pinterest.com/icegepu196/boho-summer-outfits/,,,,public,,"Bloom Beauty Loft | 🌼 Trendy Hair, Manicure & Wardrobe Ideas",icegepu196,https://www.pinterest.com/icegepu196,,,9,,,,,,2026-06-12T16:47:34.000Z,2026-06-23T17:22:56.591Z
1.08734E+18,Beach day outfit,,,https://www.pinterest.com/pin/1087337903781120691,https://i.pinimg.com/originals/d7/8c/5d/d78c5d80109b1d24a5fda4b10be5cf0d.jpg,"60x60: https://i.pinimg.com/60x60/d7/8c/5d/d78c5d80109b1d24a5fda4b10be5cf0d.jpg
136x136: https://i.pinimg.com/136x136/d7/8c/5d/d78c5d80109b1d24a5fda4b10be5cf0d.jpg
170x: https://i.pinimg.com/236x/d7/8c/5d/d78c5d80109b1d24a5fda4b10be5cf0d.jpg
236x: https://i.pinimg.com/236x/d7/8c/5d/d78c5d80109b1d24a5fda4b10be5cf0d.jpg
474x: https://i.pinimg.com/474x/d7/8c/5d/d78c5d80109b1d24a5fda4b10be5cf0d.jpg
564x: https://i.pinimg.com/564x/d7/8c/5d/d78c5d80109b1d24a5fda4b10be5cf0d.jpg
736x: https://i.pinimg.com/736x/d7/8c/5d/d78c5d80109b1d24a5fda4b10be5cf0d.jpg
600x315: https://i.pinimg.com/600x315/d7/8c/5d/d78c5d80109b1d24a5fda4b10be5cf0d.jpg
orig: https://i.pinimg.com/originals/d7/8c/5d/d78c5d80109b1d24a5fda4b10be5cf0d.jpg",,,,5,0,0,2,0,0,0,Clothes🤍,https://www.pinterest.com/elisepalmhagstany/clothes/,,,,public,,Elise👩‍❤️‍💋‍👩,elisepalmhagstany,https://www.pinterest.com/elisepalmhagstany,,,0,,,,,,2024-11-08T14:46:01.000Z,2026-06-23T17:28:43.327Z
1.08734E+18,10 Refreshing Summer Desserts to Beat the Heat in 2026,"Discover the best summer desserts including ice cream treats, fruity parfaits, chilled cakes, and no-bake recipes perfect for hot days and family gatherings.
#SummerDesserts #DessertRecipes #NoBakeDesserts #ColdDesserts #SweetTreats #SummerRecipes #EasyDesserts #IceCreamLovers #FruitDesserts #DessertIdeas",https://gum.co/u/ckmw2i59,https://www.pinterest.com/pin/1087337903809664530,https://i.pinimg.com/originals/1a/6d/ba/1a6dbab0e98835791284d192e1b2bfdf.jpg,"60x60: https://i.pinimg.com/60x60/1a/6d/ba/1a6dbab0e98835791284d192e1b2bfdf.jpg
136x136: https://i.pinimg.com/136x136/1a/6d/ba/1a6dbab0e98835791284d192e1b2bfdf.jpg
170x: https://i.pinimg.com/236x/1a/6d/ba/1a6dbab0e98835791284d192e1b2bfdf.jpg
236x: https://i.pinimg.com/236x/1a/6d/ba/1a6dbab0e98835791284d192e1b2bfdf.jpg
474x: https://i.pinimg.com/474x/1a/6d/ba/1a6dbab0e98835791284d192e1b2bfdf.jpg
564x: https://i.pinimg.com/564x/1a/6d/ba/1a6dbab0e98835791284d192e1b2bfdf.jpg
736x: https://i.pinimg.com/736x/1a/6d/ba/1a6dbab0e98835791284d192e1b2bfdf.jpg
600x315: https://i.pinimg.com/600x315/1a/6d/ba/1a6dbab0e98835791284d192e1b2bfdf.jpg
orig: https://i.pinimg.com/originals/1a/6d/ba/1a6dbab0e98835791284d192e1b2bfdf.jpg",,,,418,0,3,418,0,0,11,Chocolate ice cream recipe,https://www.pinterest.com/fixoli_rogu21/chocolate-ice-cream-recipe/,,,,public,,fixoli,fixoli_rogu21,https://www.pinterest.com/fixoli_rogu21,,,1,,,,,,2026-05-25T06:02:41.000Z,2026-06-23T16:38:17.771Z
1.0879E+17,,,,https://www.pinterest.com/pin/108790147244728338,https://i.pinimg.com/originals/9b/be/b4/9bbeb4f951d5c74d0dfdb48bc52cbfca.jpg,"60x60: https://i.pinimg.com/60x60/9b/be/b4/9bbeb4f951d5c74d0dfdb48bc52cbfca.jpg
136x136: https://i.pinimg.com/136x136/9b/be/b4/9bbeb4f951d5c74d0dfdb48bc52cbfca.jpg
170x: https://i.pinimg.com/236x/9b/be/b4/9bbeb4f951d5c74d0dfdb48bc52cbfca.jpg
236x: https://i.pinimg.com/236x/9b/be/b4/9bbeb4f951d5c74d0dfdb48bc52cbfca.jpg
474x: https://i.pinimg.com/474x/9b/be/b4/9bbeb4f951d5c74d0dfdb48bc52cbfca.jpg
564x: https://i.pinimg.com/564x/9b/be/b4/9bbeb4f951d5c74d0dfdb48bc52cbfca.jpg
736x: https://i.pinimg.com/736x/9b/be/b4/9bbeb4f951d5c74d0dfdb48bc52cbfca.jpg
600x315: https://i.pinimg.com/600x315/9b/be/b4/9bbeb4f951d5c74d0dfdb48bc52cbfca.jpg
orig: https://i.pinimg.com/originals/9b/be/b4/9bbeb4f951d5c74d0dfdb48bc52cbfca.jpg",,,,105,0,11,31,0,0,1,Casual clothes,https://www.pinterest.com/bellemh39/casual-clothes/,,,,public,,Michele Howard,bellemh39,https://www.pinterest.com/bellemh39,,,1082,,,,,,2026-03-17T03:19:39.000Z,2026-06-23T17:21:21.381Z
1.08797E+18,,,,https://www.pinterest.com/pin/1087971222491093886,https://i.pinimg.com/originals/88/a4/3e/88a43e498c5b12b7d6f705c999613701.jpg,"60x60: https://i.pinimg.com/60x60/88/a4/3e/88a43e498c5b12b7d6f705c999613701.jpg
136x136: https://i.pinimg.com/136x136/88/a4/3e/88a43e498c5b12b7d6f705c999613701.jpg
170x: https://i.pinimg.com/236x/88/a4/3e/88a43e498c5b12b7d6f705c999613701.jpg
236x: https://i.pinimg.com/236x/88/a4/3e/88a43e498c5b12b7d6f705c999613701.jpg
474x: https://i.pinimg.com/474x/88/a4/3e/88a43e498c5b12b7d6f705c999613701.jpg
564x: https://i.pinimg.com/564x/88/a4/3e/88a43e498c5b12b7d6f705c999613701.jpg
736x: https://i.pinimg.com/736x/88/a4/3e/88a43e498c5b12b7d6f705c999613701.jpg
600x315: https://i.pinimg.com/600x315/88/a4/3e/88a43e498c5b12b7d6f705c999613701.jpg
orig: https://i.pinimg.com/originals/88/a4/3e/88a43e498c5b12b7d6f705c999613701.jpg",,,,348,0,26,57,1,0,4,Beach outfits,https://www.pinterest.com/quinn09030445/beach-outfits/,,,,public,,Quinn09,quinn09030445,https://www.pinterest.com/quinn09030445,,,3,,,,,,2025-05-13T19:14:52.000Z,2026-06-23T17:23:40.622Z
1.08797E+18,Summer Beach Outfit Inspo You Need to Save Now,"Summer beach outfit inspo in 2026 is all about mixing relaxed coastal pieces with intentional styling for a look that feels effortless and fashion forward at the same time. Crochet tops over high waisted shorts, colorful sarongs tied as skirts over simple bikinis, oversized linen shirts worn open over swimsuits, and matching terry cloth sets in bright summer shades are the summer beach outfit ideas worth saving and recreating this season. Save this and make every beach day your most stylish one yet.",https://herbeautyhacks.com/summer-outfits-for-women,https://www.pinterest.com/pin/1087971222511409782,https://i.pinimg.com/originals/a8/28/b8/a828b82bc53f7580147d5e73cf185adb.jpg,"60x60: https://i.pinimg.com/60x60/a8/28/b8/a828b82bc53f7580147d5e73cf185adb.jpg
136x136: https://i.pinimg.com/136x136/a8/28/b8/a828b82bc53f7580147d5e73cf185adb.jpg
170x: https://i.pinimg.com/236x/a8/28/b8/a828b82bc53f7580147d5e73cf185adb.jpg
236x: https://i.pinimg.com/236x/a8/28/b8/a828b82bc53f7580147d5e73cf185adb.jpg
474x: https://i.pinimg.com/474x/a8/28/b8/a828b82bc53f7580147d5e73cf185adb.jpg
564x: https://i.pinimg.com/564x/a8/28/b8/a828b82bc53f7580147d5e73cf185adb.jpg
736x: https://i.pinimg.com/736x/a8/28/b8/a828b82bc53f7580147d5e73cf185adb.jpg
600x315: https://i.pinimg.com/600x315/a8/28/b8/a828b82bc53f7580147d5e73cf185adb.jpg
orig: https://i.pinimg.com/originals/a8/28/b8/a828b82bc53f7580147d5e73cf185adb.jpg",,,,1,0,0,0,0,0,0,Trendy Summer Outfits 2026,https://www.pinterest.com/Herbeauty_hacks/trendy-summer-outfits-2026/,,,,public,,HerBeautyHacks | Skincare & Fashion Ideas,Herbeauty_hacks,https://www.pinterest.com/Herbeauty_hacks,,,27,,,,,,2026-06-12T17:10:34.000Z,2026-06-23T17:13:00.317Z
1.08818E+18,"Plus Size Beach Outfits That Are Stylish, Breezy, and Totally Wearable","Finding a beach outfit that feels confident and cute shouldn't be a struggle — and it doesn't have to be.
Discover flattering plus size looks from swimsuit cover-ups to resort-ready sets that actually work for real summer bodies.

See the full lookbook
#PlusSizeBeachOutfits
#CurvyFashion
#PlusSizeStyle
#BeachOOTD
#VacationOutfits
#BodyPositiveFashion",https://www.glossandstyles.com/plus-size-beach-outfits/,https://www.pinterest.com/pin/1088182328737317325,https://i.pinimg.com/originals/77/d3/0d/77d30d8fe509e343f3c7e77b2e6df259.jpg,"60x60: https://i.pinimg.com/60x60/77/d3/0d/77d30d8fe509e343f3c7e77b2e6df259.jpg
136x136: https://i.pinimg.com/136x136/77/d3/0d/77d30d8fe509e343f3c7e77b2e6df259.jpg
170x: https://i.pinimg.com/236x/77/d3/0d/77d30d8fe509e343f3c7e77b2e6df259.jpg
236x: https://i.pinimg.com/236x/77/d3/0d/77d30d8fe509e343f3c7e77b2e6df259.jpg
474x: https://i.pinimg.com/474x/77/d3/0d/77d30d8fe509e343f3c7e77b2e6df259.jpg
564x: https://i.pinimg.com/564x/77/d3/0d/77d30d8fe509e343f3c7e77b2e6df259.jpg
736x: https://i.pinimg.com/736x/77/d3/0d/77d30d8fe509e343f3c7e77b2e6df259.jpg
600x315: https://i.pinimg.com/600x315/77/d3/0d/77d30d8fe509e343f3c7e77b2e6df259.jpg
orig: https://i.pinimg.com/originals/77/d3/0d/77d30d8fe509e343f3c7e77b2e6df259.jpg",,,,1,0,0,0,0,0,0,Seasonal Outfits,https://www.pinterest.com/glossandstyles/seasonal-outfits/,,,,public,,Gloss & Styles,glossandstyles,https://www.pinterest.com/glossandstyles,,,2,,,,,,2026-05-29T15:02:52.000Z,2026-06-23T17:13:38.999Z
1.08952E+18,preppy east coast aesthetic,,,https://www.pinterest.com/pin/1089519334829478678,https://i.pinimg.com/originals/cd/c1/25/cdc1250b20e90d43d57213dc83efc715.jpg,"60x60: https://i.pinimg.com/60x60/cd/c1/25/cdc1250b20e90d43d57213dc83efc715.jpg
136x136: https://i.pinimg.com/136x136/cd/c1/25/cdc1250b20e90d43d57213dc83efc715.jpg
170x: https://i.pinimg.com/236x/cd/c1/25/cdc1250b20e90d43d57213dc83efc715.jpg
236x: https://i.pinimg.com/236x/cd/c1/25/cdc1250b20e90d43d57213dc83efc715.jpg
474x: https://i.pinimg.com/474x/cd/c1/25/cdc1250b20e90d43d57213dc83efc715.jpg
564x: https://i.pinimg.com/564x/cd/c1/25/cdc1250b20e90d43d57213dc83efc715.jpg
736x: https://i.pinimg.com/736x/cd/c1/25/cdc1250b20e90d43d57213dc83efc715.jpg
600x315: https://i.pinimg.com/600x315/cd/c1/25/cdc1250b20e90d43d57213dc83efc715.jpg
orig: https://i.pinimg.com/originals/cd/c1/25/cdc1250b20e90d43d57213dc83efc715.jpg",,,,530,0,4,1,0,0,0,east coast vibes,https://www.pinterest.com/addisonwhite456/east-coast-vibes/,,,,public,,Addisonwhite,addisonwhite456,https://www.pinterest.com/addisonwhite456,,,9,,,,,,2022-11-02T15:46:24.000Z,2026-06-23T17:28:26.142Z
1.0898E+18,,,,https://www.pinterest.com/pin/1089800809850133841,https://i.pinimg.com/originals/c6/61/0f/c6610f1fc92a4061d7d28c4854f3ac96.jpg,"60x60: https://i.pinimg.com/60x60/c6/61/0f/c6610f1fc92a4061d7d28c4854f3ac96.jpg
136x136: https://i.pinimg.com/136x136/c6/61/0f/c6610f1fc92a4061d7d28c4854f3ac96.jpg
170x: https://i.pinimg.com/236x/c6/61/0f/c6610f1fc92a4061d7d28c4854f3ac96.jpg
236x: https://i.pinimg.com/236x/c6/61/0f/c6610f1fc92a4061d7d28c4854f3ac96.jpg
474x: https://i.pinimg.com/474x/c6/61/0f/c6610f1fc92a4061d7d28c4854f3ac96.jpg
564x: https://i.pinimg.com/564x/c6/61/0f/c6610f1fc92a4061d7d28c4854f3ac96.jpg
736x: https://i.pinimg.com/736x/c6/61/0f/c6610f1fc92a4061d7d28c4854f3ac96.jpg
600x315: https://i.pinimg.com/600x315/c6/61/0f/c6610f1fc92a4061d7d28c4854f3ac96.jpg
orig: https://i.pinimg.com/originals/c6/61/0f/c6610f1fc92a4061d7d28c4854f3ac96.jpg",,,,24,0,0,12,0,0,0,Quick Saves,https://www.pinterest.com/tgyi88181/_quick_saves/,,,,public,,Tar,tgyi88181,https://www.pinterest.com/tgyi88181,,,0,,,,,,2026-03-18T04:26:53.000Z,2026-06-23T17:28:20.780Z
1.09015E+18,,,,https://www.pinterest.com/pin/1090152653571263363,https://i.pinimg.com/originals/84/18/da/8418dab0d6567a21cc88fc77bc69bbdb.jpg,"60x60: https://i.pinimg.com/60x60/84/18/da/8418dab0d6567a21cc88fc77bc69bbdb.jpg
136x136: https://i.pinimg.com/136x136/84/18/da/8418dab0d6567a21cc88fc77bc69bbdb.jpg
170x: https://i.pinimg.com/236x/84/18/da/8418dab0d6567a21cc88fc77bc69bbdb.jpg
236x: https://i.pinimg.com/236x/84/18/da/8418dab0d6567a21cc88fc77bc69bbdb.jpg
474x: https://i.pinimg.com/474x/84/18/da/8418dab0d6567a21cc88fc77bc69bbdb.jpg
564x: https://i.pinimg.com/564x/84/18/da/8418dab0d6567a21cc88fc77bc69bbdb.jpg
736x: https://i.pinimg.com/736x/84/18/da/8418dab0d6567a21cc88fc77bc69bbdb.jpg
600x315: https://i.pinimg.com/600x315/84/18/da/8418dab0d6567a21cc88fc77bc69bbdb.jpg
orig: https://i.pinimg.com/originals/84/18/da/8418dab0d6567a21cc88fc77bc69bbdb.jpg",,,,3,0,2,2,2,0,2,Guardado rápido,https://www.pinterest.com/giiinaaaa1234/_quick_saves/,,,,public,,Ginaaa,giiinaaaa1234,https://www.pinterest.com/giiinaaaa1234,,,56,,,,,,2026-04-06T20:24:54.000Z,2026-06-23T17:29:21.078Z
1.09029E+18,"Handloom Muslin Cotton Maxi Dress, Bohemian V Neck Summer Sundress Sku48 - Etsy","✨ Handmade
✨ Breathable muslin cotton
✨ Perfect for vacation & everyday wear

Shop now and elevate your summer wardrobe 🌿",https://www.etsy.com/listing/4473914875/handloom-muslin-cotton-maxi-dress,https://www.pinterest.com/pin/1090293391074242919,https://i.pinimg.com/originals/2e/ec/be/2eecbea16d1867a9c15b67bbc2e8d9d5.webp,"60x60: https://i.pinimg.com/60x60/2e/ec/be/2eecbea16d1867a9c15b67bbc2e8d9d5.jpg
136x136: https://i.pinimg.com/136x136/2e/ec/be/2eecbea16d1867a9c15b67bbc2e8d9d5.jpg
170x: https://i.pinimg.com/236x/2e/ec/be/2eecbea16d1867a9c15b67bbc2e8d9d5.jpg
236x: https://i.pinimg.com/236x/2e/ec/be/2eecbea16d1867a9c15b67bbc2e8d9d5.jpg
474x: https://i.pinimg.com/474x/2e/ec/be/2eecbea16d1867a9c15b67bbc2e8d9d5.jpg
564x: https://i.pinimg.com/564x/2e/ec/be/2eecbea16d1867a9c15b67bbc2e8d9d5.jpg
736x: https://i.pinimg.com/736x/2e/ec/be/2eecbea16d1867a9c15b67bbc2e8d9d5.jpg
600x315: https://i.pinimg.com/600x315/2e/ec/be/2eecbea16d1867a9c15b67bbc2e8d9d5.jpg
orig: https://i.pinimg.com/originals/2e/ec/be/2eecbea16d1867a9c15b67bbc2e8d9d5.webp",,,,6,0,0,4,0,0,1,default,https://www.pinterest.com/loomilewear/default/,,,,public,,loomile,loomilewear,https://www.pinterest.com/loomilewear,,,209,,,,,,2026-03-22T18:00:47.000Z,2026-06-23T17:23:13.902Z
1.09029E+18,Tropical Vacation Outfit Ideas for Summer 🌺,"This tropical outfit is fun, relaxed, and perfect for beach vacations or sunny travel days. Easy summer styling that still looks stylish in photos.

Outfit Breakdown:
• White Crop Top
• Denim Shorts
• Tropical Shirt
• Sun Hat
• Tote Bag

📌Vacation ready ✨ Save this now ✨ Tropical vibes

#vacationoutfit #tropicalstyle #summerfashion #beachoutfit #travelstyle #casualsummer",,https://www.pinterest.com/pin/1090293391077785767,https://i.pinimg.com/originals/5b/81/1b/5b811bcb01ebe2f86b925349947887a2.png,"60x60: https://i.pinimg.com/60x60/5b/81/1b/5b811bcb01ebe2f86b925349947887a2.jpg
136x136: https://i.pinimg.com/136x136/5b/81/1b/5b811bcb01ebe2f86b925349947887a2.jpg
170x: https://i.pinimg.com/236x/5b/81/1b/5b811bcb01ebe2f86b925349947887a2.jpg
236x: https://i.pinimg.com/236x/5b/81/1b/5b811bcb01ebe2f86b925349947887a2.jpg
474x: https://i.pinimg.com/474x/5b/81/1b/5b811bcb01ebe2f86b925349947887a2.jpg
564x: https://i.pinimg.com/564x/5b/81/1b/5b811bcb01ebe2f86b925349947887a2.jpg
736x: https://i.pinimg.com/736x/5b/81/1b/5b811bcb01ebe2f86b925349947887a2.jpg
600x315: https://i.pinimg.com/600x315/5b/81/1b/5b811bcb01ebe2f86b925349947887a2.jpg
orig: https://i.pinimg.com/originals/5b/81/1b/5b811bcb01ebe2f86b925349947887a2.png",,,,49,0,4,43,0,0,3,Pins by you,https://www.pinterest.com/emma_styledit/_quick_creates/,,,,public,,The Emma Edit,emma_styledit,https://www.pinterest.com/emma_styledit,,,49,,,,,,2026-05-16T03:03:49.000Z,2026-06-23T17:12:41.651Z
1.09065E+18,,,,https://www.pinterest.com/pin/1090645234809114587,https://i.pinimg.com/originals/e0/1c/8d/e01c8dcf9d5513ee05b02663243e45af.png,"60x60: https://i.pinimg.com/60x60/e0/1c/8d/e01c8dcf9d5513ee05b02663243e45af.jpg
136x136: https://i.pinimg.com/136x136/e0/1c/8d/e01c8dcf9d5513ee05b02663243e45af.jpg
170x: https://i.pinimg.com/236x/e0/1c/8d/e01c8dcf9d5513ee05b02663243e45af.jpg
236x: https://i.pinimg.com/236x/e0/1c/8d/e01c8dcf9d5513ee05b02663243e45af.jpg
474x: https://i.pinimg.com/474x/e0/1c/8d/e01c8dcf9d5513ee05b02663243e45af.jpg
564x: https://i.pinimg.com/564x/e0/1c/8d/e01c8dcf9d5513ee05b02663243e45af.jpg
736x: https://i.pinimg.com/736x/e0/1c/8d/e01c8dcf9d5513ee05b02663243e45af.jpg
600x315: https://i.pinimg.com/600x315/e0/1c/8d/e01c8dcf9d5513ee05b02663243e45af.jpg
orig: https://i.pinimg.com/originals/e0/1c/8d/e01c8dcf9d5513ee05b02663243e45af.png",,,,3,0,1,1,0,0,0,Fashion Mistake,https://www.pinterest.com/guide600254/fashion-mistake/,,,,public,,Style Guide,guide600254,https://www.pinterest.com/guide600254,,,456,,,,,,2025-08-12T05:25:05.000Z,2026-06-23T17:22:03.093Z
1.09072E+16,,"Add a pop of color to your vacation wardrobe with our Blue & Pink Floral Sleeveless Square Neck Maxi Dress. Featuring a flattering neckline and high elasticity, it's perfect for resort evenings. Shop the timeless look.",https://www.cupshe.com/products/blue-pink-floral-sleeveless-square-neck-maxi-dress-CAA05A4D102DS,https://www.pinterest.com/pin/10907224093825362,https://i.pinimg.com/originals/71/0b/7d/710b7df699951d7786b30c89905a9139.jpg,"60x60: https://i.pinimg.com/60x60/71/0b/7d/710b7df699951d7786b30c89905a9139.jpg
136x136: https://i.pinimg.com/136x136/71/0b/7d/710b7df699951d7786b30c89905a9139.jpg
170x: https://i.pinimg.com/236x/71/0b/7d/710b7df699951d7786b30c89905a9139.jpg
236x: https://i.pinimg.com/236x/71/0b/7d/710b7df699951d7786b30c89905a9139.jpg
474x: https://i.pinimg.com/474x/71/0b/7d/710b7df699951d7786b30c89905a9139.jpg
564x: https://i.pinimg.com/564x/71/0b/7d/710b7df699951d7786b30c89905a9139.jpg
736x: https://i.pinimg.com/736x/71/0b/7d/710b7df699951d7786b30c89905a9139.jpg
600x315: https://i.pinimg.com/600x315/71/0b/7d/710b7df699951d7786b30c89905a9139.jpg
orig: https://i.pinimg.com/originals/71/0b/7d/710b7df699951d7786b30c89905a9139.jpg",,,,1,0,0,0,0,0,0,My Style,https://www.pinterest.com/lrsamford/my-style/,,,,public,womens_fashion,Lillian Samford,lrsamford,https://www.pinterest.com/lrsamford,,,141,,,,,,2026-04-19T18:57:57.000Z,2026-06-23T17:24:54.169Z
1.09121E+18,@𝐬𝐭𝐚𝐫𝐥𝐢𝐠𝐡𝐭𝐩𝐫𝐞𝐩𝐩𝐲 ✿,,,https://www.pinterest.com/pin/1091208184687198500,https://i.pinimg.com/originals/67/ff/5c/67ff5cda5d6071ad4eee7fa4d6e5847d.jpg,"60x60: https://i.pinimg.com/60x60/67/ff/5c/67ff5cda5d6071ad4eee7fa4d6e5847d.jpg
136x136: https://i.pinimg.com/136x136/67/ff/5c/67ff5cda5d6071ad4eee7fa4d6e5847d.jpg
170x: https://i.pinimg.com/236x/67/ff/5c/67ff5cda5d6071ad4eee7fa4d6e5847d.jpg
236x: https://i.pinimg.com/236x/67/ff/5c/67ff5cda5d6071ad4eee7fa4d6e5847d.jpg
474x: https://i.pinimg.com/474x/67/ff/5c/67ff5cda5d6071ad4eee7fa4d6e5847d.jpg
564x: https://i.pinimg.com/564x/67/ff/5c/67ff5cda5d6071ad4eee7fa4d6e5847d.jpg
736x: https://i.pinimg.com/736x/67/ff/5c/67ff5cda5d6071ad4eee7fa4d6e5847d.jpg
600x315: https://i.pinimg.com/600x315/67/ff/5c/67ff5cda5d6071ad4eee7fa4d6e5847d.jpg
orig: https://i.pinimg.com/originals/67/ff/5c/67ff5cda5d6071ad4eee7fa4d6e5847d.jpg",,,,2,0,0,1,0,0,0,cute clothes !,https://www.pinterest.com/rebeccachristineen/cute-clothes/,,,,public,,becca,rebeccachristineen,https://www.pinterest.com/rebeccachristineen,,,453,,,,,,2022-05-17T17:24:30.000Z,2026-06-23T17:29:20.834Z
1.09135E+18,Beach Vacation Looks: Stylish Outfit Ideas for Your Perfect Seaside Getaway,"Ready to elevate your beach style? Discover the most stunning Beach Vacation Looks that combine comfort, elegance, and effortless summer vibes. From flowy dresses to chic swimwear cover-ups, find inspiration for your perfect seaside getaway and make every beach moment picture-perfect. 🌴☀️👒

#BeachVacationLooks #BeachStyle #SummerFashion #VacationOutfits #ResortWear #TravelStyle #BeachVibes #SummerOutfitIdeas #SeasideFashion #VacationInspiration",https://blog.couponupto.com/articles/beach-vacation-looks-stylish-outfit-ideas-for-your-perfect-seaside-getaway?gads=6a228592e38686ab110c42ba&utm_source=Pinterest&utm_medium=glowwitholiviaEAS&utm_campaign=josemanuel,https://www.pinterest.com/pin/1091348922233527388,https://i.pinimg.com/originals/cb/05/4a/cb054a19ea839477138f5ca740246af6.png,"60x60: https://i.pinimg.com/60x60/cb/05/4a/cb054a19ea839477138f5ca740246af6.jpg
136x136: https://i.pinimg.com/136x136/cb/05/4a/cb054a19ea839477138f5ca740246af6.jpg
170x: https://i.pinimg.com/236x/cb/05/4a/cb054a19ea839477138f5ca740246af6.jpg
236x: https://i.pinimg.com/236x/cb/05/4a/cb054a19ea839477138f5ca740246af6.jpg
474x: https://i.pinimg.com/474x/cb/05/4a/cb054a19ea839477138f5ca740246af6.jpg
564x: https://i.pinimg.com/564x/cb/05/4a/cb054a19ea839477138f5ca740246af6.jpg
736x: https://i.pinimg.com/736x/cb/05/4a/cb054a19ea839477138f5ca740246af6.jpg
600x315: https://i.pinimg.com/600x315/cb/05/4a/cb054a19ea839477138f5ca740246af6.jpg
orig: https://i.pinimg.com/originals/cb/05/4a/cb054a19ea839477138f5ca740246af6.png",,,,1,0,0,0,0,0,0,Trendy Fashion Ideas,https://www.pinterest.com/glowwitholiviaEAS/trendy-fashion-ideas/,,,,public,,Velvet Mind • Learning • Lifestyle | Personal Growth,glowwitholiviaEAS,https://www.pinterest.com/glowwitholiviaEAS,,,20,,,,,,2026-06-13T21:04:34.000Z,2026-06-23T17:12:53.278Z
1.0917E+18,Hippie/Boho Outfits || Gypsy Outfit || Summer 2022 Trends,,,https://www.pinterest.com/pin/1091700765903315004,https://i.pinimg.com/originals/8f/99/8d/8f998d94d5997669f4b3e70000afc650.jpg,"60x60: https://i.pinimg.com/60x60/8f/99/8d/8f998d94d5997669f4b3e70000afc650.jpg
136x136: https://i.pinimg.com/136x136/8f/99/8d/8f998d94d5997669f4b3e70000afc650.jpg
170x: https://i.pinimg.com/236x/8f/99/8d/8f998d94d5997669f4b3e70000afc650.jpg
236x: https://i.pinimg.com/236x/8f/99/8d/8f998d94d5997669f4b3e70000afc650.jpg
474x: https://i.pinimg.com/474x/8f/99/8d/8f998d94d5997669f4b3e70000afc650.jpg
564x: https://i.pinimg.com/564x/8f/99/8d/8f998d94d5997669f4b3e70000afc650.jpg
736x: https://i.pinimg.com/736x/8f/99/8d/8f998d94d5997669f4b3e70000afc650.jpg
600x315: https://i.pinimg.com/600x315/8f/99/8d/8f998d94d5997669f4b3e70000afc650.jpg
orig: https://i.pinimg.com/originals/8f/99/8d/8f998d94d5997669f4b3e70000afc650.jpg",,,"V_EXP4: https://v1.pinimg.com/videos/mc/expMp4/7b/6f/f7/7b6ff74e08f2117e39ac29af18e72705_t2.mp4
V_EXP3: https://v1.pinimg.com/videos/mc/expMp4/7b/6f/f7/7b6ff74e08f2117e39ac29af18e72705_t1.mp4
V_EXP5: https://v1.pinimg.com/videos/mc/expMp4/7b/6f/f7/7b6ff74e08f2117e39ac29af18e72705_t3.mp4
V_EXP7: https://v1.pinimg.com/videos/mc/720p/7b/6f/f7/7b6ff74e08f2117e39ac29af18e72705.mp4
V_HLSV3_MOBILE: https://v1.pinimg.com/videos/mc/hls/7b/6f/f7/7b6ff74e08f2117e39ac29af18e72705.m3u8
V_EXP6: https://v1.pinimg.com/videos/mc/expMp4/7b/6f/f7/7b6ff74e08f2117e39ac29af18e72705_t4.mp4",630,0,775,628,7,0,7,Boho Outfit Inspo,https://www.pinterest.com/cameliazeleee/boho-outfit-inspo/,,,,public,,Camelia,cameliazeleee,https://www.pinterest.com/cameliazeleee,,,1045,,,,,,2022-05-25T14:45:49.000Z,2026-06-23T17:27:06.001Z
1.09198E+18,The countdown is on! ⏳    The biggest-ever FIFAWorldCup kicks off in just one month!,Poster design Fifa 2026,https://www.instagram.com/p/DYeaHJSSKy0/?igsh=a2x3bHc5ZjBtdXBj,https://www.pinterest.com/pin/1091982240920928264,https://i.pinimg.com/originals/a6/4f/e7/a64fe7c26d7a69935464a70c4c656f86.jpg,"60x60: https://i.pinimg.com/60x60/a6/4f/e7/a64fe7c26d7a69935464a70c4c656f86.jpg
136x136: https://i.pinimg.com/136x136/a6/4f/e7/a64fe7c26d7a69935464a70c4c656f86.jpg
170x: https://i.pinimg.com/236x/a6/4f/e7/a64fe7c26d7a69935464a70c4c656f86.jpg
236x: https://i.pinimg.com/236x/a6/4f/e7/a64fe7c26d7a69935464a70c4c656f86.jpg
474x: https://i.pinimg.com/474x/a6/4f/e7/a64fe7c26d7a69935464a70c4c656f86.jpg
564x: https://i.pinimg.com/564x/a6/4f/e7/a64fe7c26d7a69935464a70c4c656f86.jpg
736x: https://i.pinimg.com/736x/a6/4f/e7/a64fe7c26d7a69935464a70c4c656f86.jpg
600x315: https://i.pinimg.com/600x315/a6/4f/e7/a64fe7c26d7a69935464a70c4c656f86.jpg
orig: https://i.pinimg.com/originals/a6/4f/e7/a64fe7c26d7a69935464a70c4c656f86.jpg",,,,806,0,91,607,1,0,151,poster design,https://www.pinterest.com/schadendagama/poster-design/,,,,public,,schaden Da Gama,schadendagama,https://www.pinterest.com/schadendagama,,,2,,,,,,2026-05-22T13:20:04.000Z,2026-06-23T16:42:50.149Z
1.09212E+18,,,,https://www.pinterest.com/pin/1092122978524783397,https://i.pinimg.com/originals/2a/0d/9c/2a0d9c0b48bde999533864455116d079.jpg,"60x60: https://i.pinimg.com/60x60/2a/0d/9c/2a0d9c0b48bde999533864455116d079.jpg
136x136: https://i.pinimg.com/136x136/2a/0d/9c/2a0d9c0b48bde999533864455116d079.jpg
170x: https://i.pinimg.com/236x/2a/0d/9c/2a0d9c0b48bde999533864455116d079.jpg
236x: https://i.pinimg.com/236x/2a/0d/9c/2a0d9c0b48bde999533864455116d079.jpg
474x: https://i.pinimg.com/474x/2a/0d/9c/2a0d9c0b48bde999533864455116d079.jpg
564x: https://i.pinimg.com/564x/2a/0d/9c/2a0d9c0b48bde999533864455116d079.jpg
736x: https://i.pinimg.com/736x/2a/0d/9c/2a0d9c0b48bde999533864455116d079.jpg
600x315: https://i.pinimg.com/600x315/2a/0d/9c/2a0d9c0b48bde999533864455116d079.jpg
orig: https://i.pinimg.com/originals/2a/0d/9c/2a0d9c0b48bde999533864455116d079.jpg",,,,279,0,10,58,0,0,1,Salvamentos rápidos,https://www.pinterest.com/valdir92teodosiobass120315/_quick_saves/,,,,public,,𝒱ɑׁׅ֮ᥣׁׅ֪ꫀׁׅܻꪀׁ‧₊˚ ‧₊˚🖇️✩ ₊˚🎧⊹♡,valdir92teodosiobass120315,https://www.pinterest.com/valdir92teodosiobass120315,,,4,,,,,,2025-09-26T17:46:47.000Z,2026-06-23T17:27:51.469Z
1.09212E+17,vacation outfit ideas for women - Fascinate Names,,https://fascinatenames.com/vacation-outfit-ideas-for-women?utm_campaign=vacation-outfit-ideas_areejansar&utm_medium=link&utm_source=link_areejansar,https://www.pinterest.com/pin/109212359711925327,https://i.pinimg.com/originals/83/8c/93/838c938b9663c47d152ac852627e54cb.jpg,"60x60: https://i.pinimg.com/60x60/83/8c/93/838c938b9663c47d152ac852627e54cb.jpg
136x136: https://i.pinimg.com/136x136/83/8c/93/838c938b9663c47d152ac852627e54cb.jpg
170x: https://i.pinimg.com/236x/83/8c/93/838c938b9663c47d152ac852627e54cb.jpg
236x: https://i.pinimg.com/236x/83/8c/93/838c938b9663c47d152ac852627e54cb.jpg
474x: https://i.pinimg.com/474x/83/8c/93/838c938b9663c47d152ac852627e54cb.jpg
564x: https://i.pinimg.com/564x/83/8c/93/838c938b9663c47d152ac852627e54cb.jpg
736x: https://i.pinimg.com/736x/83/8c/93/838c938b9663c47d152ac852627e54cb.jpg
600x315: https://i.pinimg.com/600x315/83/8c/93/838c938b9663c47d152ac852627e54cb.jpg
orig: https://i.pinimg.com/originals/83/8c/93/838c938b9663c47d152ac852627e54cb.jpg",,,,14,0,2,1,0,0,0,My wardrobe,https://www.pinterest.com/csmath72/my-wardrobe/,,,,public,,Carline Mathews,csmath72,https://www.pinterest.com/csmath72,,,92,,,,,,2026-04-08T02:45:23.000Z,2026-06-23T17:13:50.621Z
1.09226E+18,,,,https://www.pinterest.com/pin/1092263715863784108,https://i.pinimg.com/originals/c4/88/46/c4884697ac58850f1cd82c820fcc57fc.jpg,"60x60: https://i.pinimg.com/60x60/c4/88/46/c4884697ac58850f1cd82c820fcc57fc.jpg
136x136: https://i.pinimg.com/136x136/c4/88/46/c4884697ac58850f1cd82c820fcc57fc.jpg
170x: https://i.pinimg.com/236x/c4/88/46/c4884697ac58850f1cd82c820fcc57fc.jpg
236x: https://i.pinimg.com/236x/c4/88/46/c4884697ac58850f1cd82c820fcc57fc.jpg
474x: https://i.pinimg.com/474x/c4/88/46/c4884697ac58850f1cd82c820fcc57fc.jpg
564x: https://i.pinimg.com/564x/c4/88/46/c4884697ac58850f1cd82c820fcc57fc.jpg
736x: https://i.pinimg.com/736x/c4/88/46/c4884697ac58850f1cd82c820fcc57fc.jpg
600x315: https://i.pinimg.com/600x315/c4/88/46/c4884697ac58850f1cd82c820fcc57fc.jpg
orig: https://i.pinimg.com/originals/c4/88/46/c4884697ac58850f1cd82c820fcc57fc.jpg",,,,3691,0,151,1,0,0,0,Delicious fits,https://www.pinterest.com/marinaki0710/delicious-fits/,,,,public,,Marina,marinaki0710,https://www.pinterest.com/marinaki0710,,,6,,,,,,2024-01-28T02:25:34.000Z,2026-06-23T17:12:13.632Z
1.09276E+18,,,,https://www.pinterest.com/pin/1092756297100627448,https://i.pinimg.com/originals/65/79/1f/65791f416e8138cead59406ce5314e86.jpg,"60x60: https://i.pinimg.com/60x60/65/79/1f/65791f416e8138cead59406ce5314e86.jpg
136x136: https://i.pinimg.com/136x136/65/79/1f/65791f416e8138cead59406ce5314e86.jpg
170x: https://i.pinimg.com/236x/65/79/1f/65791f416e8138cead59406ce5314e86.jpg
236x: https://i.pinimg.com/236x/65/79/1f/65791f416e8138cead59406ce5314e86.jpg
474x: https://i.pinimg.com/474x/65/79/1f/65791f416e8138cead59406ce5314e86.jpg
564x: https://i.pinimg.com/564x/65/79/1f/65791f416e8138cead59406ce5314e86.jpg
736x: https://i.pinimg.com/736x/65/79/1f/65791f416e8138cead59406ce5314e86.jpg
600x315: https://i.pinimg.com/600x315/65/79/1f/65791f416e8138cead59406ce5314e86.jpg
orig: https://i.pinimg.com/originals/65/79/1f/65791f416e8138cead59406ce5314e86.jpg",,,,978,0,28,267,0,0,0,Pins by you,https://www.pinterest.com/t15554943/_quick_creates/,,,,public,,Tharindu Trendy,t15554943,https://www.pinterest.com/t15554943,,,15,,,,,,2026-01-01T02:32:36.000Z,2026-06-23T17:23:57.920Z
1.09311E+18,Boho Summer Outfit Trends 2026 | Chic Neutral Aesthetic Fashion Inspo,"Dreamy boho summer outfit ideas inspired by the latest American fashion trends. From flowy maxi skirts and crochet tops to relaxed linen pants and beachy layered looks, these outfits bring the perfect mix of earthy tones, coastal vibes, and effortless style. Perfect for summer vacations, beach walks, festivals, Pinterest outfit inspiration, and aesthetic fashion lovers. Neutral color palette, dry desert backgrounds, and soft bohemian styling create the ultimate trendy summer moodboard.

#bohofashion #summeroutfits #bohostyle #outfitinspo #summerfashion #bohoaesthetic #fashiontrends #neutralstyle #beachoutfit #bohochic #summerstyle #aestheticoutfits #vacationoutfits #festivalfashion #pinterestfashion",,https://www.pinterest.com/pin/1093108140832398396,https://i.pinimg.com/originals/20/1c/9a/201c9a1e763a69869265d9dae0c77756.png,"60x60: https://i.pinimg.com/60x60/20/1c/9a/201c9a1e763a69869265d9dae0c77756.jpg
136x136: https://i.pinimg.com/136x136/20/1c/9a/201c9a1e763a69869265d9dae0c77756.jpg
170x: https://i.pinimg.com/236x/20/1c/9a/201c9a1e763a69869265d9dae0c77756.jpg
236x: https://i.pinimg.com/236x/20/1c/9a/201c9a1e763a69869265d9dae0c77756.jpg
474x: https://i.pinimg.com/474x/20/1c/9a/201c9a1e763a69869265d9dae0c77756.jpg
564x: https://i.pinimg.com/564x/20/1c/9a/201c9a1e763a69869265d9dae0c77756.jpg
736x: https://i.pinimg.com/736x/20/1c/9a/201c9a1e763a69869265d9dae0c77756.jpg
600x315: https://i.pinimg.com/600x315/20/1c/9a/201c9a1e763a69869265d9dae0c77756.jpg
orig: https://i.pinimg.com/originals/20/1c/9a/201c9a1e763a69869265d9dae0c77756.png",,,,7,0,3,6,0,0,0,Boho_fashion,https://www.pinterest.com/lucyfashionera/boho_fashion/,,,,public,,LucyFashionEra,lucyfashionera,https://www.pinterest.com/lucyfashionera,,,4,,,,,,2026-05-20T10:09:38.000Z,2026-06-23T17:21:21.224Z
1.09339E+18,Boho Summer Vibes You’ll Adore ☀️🌿,"Channel your inner free spirit with this boho-inspired summer look. A crochet top and flowy maxi skirt bring comfort and style, while earthy accessories complete the vibe. Perfect for festivals, beach walks, or just living your barefoot dream 🪷🌞 Save it now and embrace the boho magic!                                              #BohoStyle #BohoSummer #BohemianFashion #FestivalLook #PinterestOutfit #CrochetTop #MaxiSkirt #VintageVibes #FreeSpiritStyle #BohoChic #SummerLook #OutfitInspo",,https://www.pinterest.com/pin/1093389615787893643,https://i.pinimg.com/originals/83/5d/43/835d43fd72680cf3fb3dad3e433539c6.jpg,"60x60: https://i.pinimg.com/60x60/83/5d/43/835d43fd72680cf3fb3dad3e433539c6.jpg
136x136: https://i.pinimg.com/136x136/83/5d/43/835d43fd72680cf3fb3dad3e433539c6.jpg
170x: https://i.pinimg.com/236x/83/5d/43/835d43fd72680cf3fb3dad3e433539c6.jpg
236x: https://i.pinimg.com/236x/83/5d/43/835d43fd72680cf3fb3dad3e433539c6.jpg
474x: https://i.pinimg.com/474x/83/5d/43/835d43fd72680cf3fb3dad3e433539c6.jpg
564x: https://i.pinimg.com/564x/83/5d/43/835d43fd72680cf3fb3dad3e433539c6.jpg
736x: https://i.pinimg.com/736x/83/5d/43/835d43fd72680cf3fb3dad3e433539c6.jpg
600x315: https://i.pinimg.com/600x315/83/5d/43/835d43fd72680cf3fb3dad3e433539c6.jpg
orig: https://i.pinimg.com/originals/83/5d/43/835d43fd72680cf3fb3dad3e433539c6.jpg",,,,415,0,18,92,1,0,2,outfit ideas,https://www.pinterest.com/glowstique/outfit-ideas/,,,,public,,GlowStique,glowstique,https://www.pinterest.com/glowstique,,,205,,,,,,2025-05-28T18:27:41.000Z,2026-06-23T17:21:37.922Z
1.09339E+18,Scottie White Star Singlet,Shop the whole look! BB x @demetra.dias 🌊🩵⭐️⁠ While stocks last!,https://go.skimresources.com/?id=291659X1778746&url=https://www.beginningboutique.com/products/scottie-white-star-singlet%3Futm_source%3DredirectIP&xcust=scale,https://www.pinterest.com/pin/1093389615806763291,https://i.pinimg.com/originals/c4/42/23/c4422354200eb2dcfdc0cf322ee353f4.jpg,"60x60: https://i.pinimg.com/60x60/c4/42/23/c4422354200eb2dcfdc0cf322ee353f4.jpg
136x136: https://i.pinimg.com/136x136/c4/42/23/c4422354200eb2dcfdc0cf322ee353f4.jpg
170x: https://i.pinimg.com/236x/c4/42/23/c4422354200eb2dcfdc0cf322ee353f4.jpg
236x: https://i.pinimg.com/236x/c4/42/23/c4422354200eb2dcfdc0cf322ee353f4.jpg
474x: https://i.pinimg.com/474x/c4/42/23/c4422354200eb2dcfdc0cf322ee353f4.jpg
564x: https://i.pinimg.com/564x/c4/42/23/c4422354200eb2dcfdc0cf322ee353f4.jpg
736x: https://i.pinimg.com/736x/c4/42/23/c4422354200eb2dcfdc0cf322ee353f4.jpg
600x315: https://i.pinimg.com/600x315/c4/42/23/c4422354200eb2dcfdc0cf322ee353f4.jpg
orig: https://i.pinimg.com/originals/c4/42/23/c4422354200eb2dcfdc0cf322ee353f4.jpg",https://v1.pinimg.com/videos/iht/720p/d8/3e/2e/d83e2e251e330eaa0e61730289f596c1.mp4,"V_720P: https://v1.pinimg.com/videos/iht/720p/d8/3e/2e/d83e2e251e330eaa0e61730289f596c1.mp4
V_HLSV4: https://v1.pinimg.com/videos/iht/hls/d8/3e/2e/d83e2e251e330eaa0e61730289f596c1.m3u8
V_HLSV3_MOBILE: https://v1.pinimg.com/videos/iht/hls/d8/3e/2e/d83e2e251e330eaa0e61730289f596c1.m3u8",,1798,1,1382,0,130,0,0,Summer fits,https://www.pinterest.com/Isweezo/summer-fits/,,,,public,,Isla,Isweezo,https://www.pinterest.com/Isweezo,,,4,,,,,,2026-06-10T15:04:53.000Z,2026-06-23T17:29:38.124Z
1.09395E+18,Neutral summer vacation outfit with linen pants | capsule wardrobe,"Effortless summer vacation outfit with a fitted white tank top paired with flowy striped linen wide-leg pants for a chic neutral outfit. This minimalist look blends quiet luxury, old money aesthetic, and European summer fashion vibes perfect for vacations, brunch, city walks, or a capsule wardrobe. Save this classy warm-weather outfit inspiration for your next elegant casual look.

#SummerOutfit #LinenPants #EuropeanSummer #OldMoneyAesthetic #CapsuleWardrobe",,https://www.pinterest.com/pin/1093952565764954516,https://i.pinimg.com/originals/2c/92/c3/2c92c3d17b1739e61fb1f2b510fd6ba5.jpg,"60x60: https://i.pinimg.com/60x60/2c/92/c3/2c92c3d17b1739e61fb1f2b510fd6ba5.jpg
136x136: https://i.pinimg.com/136x136/2c/92/c3/2c92c3d17b1739e61fb1f2b510fd6ba5.jpg
170x: https://i.pinimg.com/236x/2c/92/c3/2c92c3d17b1739e61fb1f2b510fd6ba5.jpg
236x: https://i.pinimg.com/236x/2c/92/c3/2c92c3d17b1739e61fb1f2b510fd6ba5.jpg
474x: https://i.pinimg.com/474x/2c/92/c3/2c92c3d17b1739e61fb1f2b510fd6ba5.jpg
564x: https://i.pinimg.com/564x/2c/92/c3/2c92c3d17b1739e61fb1f2b510fd6ba5.jpg
736x: https://i.pinimg.com/736x/2c/92/c3/2c92c3d17b1739e61fb1f2b510fd6ba5.jpg
600x315: https://i.pinimg.com/600x315/2c/92/c3/2c92c3d17b1739e61fb1f2b510fd6ba5.jpg
orig: https://i.pinimg.com/originals/2c/92/c3/2c92c3d17b1739e61fb1f2b510fd6ba5.jpg",,,,9,0,0,8,0,0,0,Pins by you,https://www.pinterest.com/yunawardrobe/_quick_creates/,,,,public,,Yuna Wardrobe,yunawardrobe,https://www.pinterest.com/yunawardrobe,,,42,,,,,,2026-05-25T18:50:17.000Z,2026-06-23T17:24:26.389Z
1.09402E+18,Cute Beach Outfits for Women 🌊✨ Summer Vacation Looks You’ll Love,"Looking for cute beach outfits that are stylish and effortless? 🌴☀️ From flowy dresses to chic co-ord sets and breezy cover-ups, these summer beach outfit ideas are perfect for vacations, tropical getaways, and seaside photoshoots. Stay comfortable while looking Instagram-ready with these trendy, feminine looks. Save this pin for your next beach day outfit inspiration!  #CuteBeachOutfits #BeachStyle #SummerOutfits #VacationOutfits #BeachFashion #OutfitInspo #SummerVibes #TropicalStyle #ResortWear #OOTD #BeachLook #WomenFashion #StyleInspo #VacationStyle #CoastalVibes #PinterestFashion #HolidayOutfits #Beachwear #SummerFashion #FashionInspo",,https://www.pinterest.com/pin/1094022934503038263,https://i.pinimg.com/originals/cf/0b/b9/cf0bb9c3c01f9018248a49afb971b36d.png,"60x60: https://i.pinimg.com/60x60/cf/0b/b9/cf0bb9c3c01f9018248a49afb971b36d.jpg
136x136: https://i.pinimg.com/136x136/cf/0b/b9/cf0bb9c3c01f9018248a49afb971b36d.jpg
170x: https://i.pinimg.com/236x/cf/0b/b9/cf0bb9c3c01f9018248a49afb971b36d.jpg
236x: https://i.pinimg.com/236x/cf/0b/b9/cf0bb9c3c01f9018248a49afb971b36d.jpg
474x: https://i.pinimg.com/474x/cf/0b/b9/cf0bb9c3c01f9018248a49afb971b36d.jpg
564x: https://i.pinimg.com/564x/cf/0b/b9/cf0bb9c3c01f9018248a49afb971b36d.jpg
736x: https://i.pinimg.com/736x/cf/0b/b9/cf0bb9c3c01f9018248a49afb971b36d.jpg
600x315: https://i.pinimg.com/600x315/cf/0b/b9/cf0bb9c3c01f9018248a49afb971b36d.jpg
orig: https://i.pinimg.com/originals/cf/0b/b9/cf0bb9c3c01f9018248a49afb971b36d.png",,,,1,0,0,0,0,0,0,Summer outfits,https://www.pinterest.com/randomflyhigh2022/summer-outfits/,,,,public,,trending Ideas,randomflyhigh2022,https://www.pinterest.com/randomflyhigh2022,,,49,,,,,,2026-04-27T14:32:24.000Z,2026-06-23T17:22:02.924Z
1.09445E+18,summer outfit inspo beach trending,find details by clicking link!,https://go.shopmy.us/p-61743578,https://www.pinterest.com/pin/1094445146969895923,https://i.pinimg.com/originals/fc/59/66/fc59665678e28bc0a7a53da12223a658.jpg,"60x60: https://i.pinimg.com/60x60/fc/59/66/fc59665678e28bc0a7a53da12223a658.jpg
136x136: https://i.pinimg.com/136x136/fc/59/66/fc59665678e28bc0a7a53da12223a658.jpg
170x: https://i.pinimg.com/236x/fc/59/66/fc59665678e28bc0a7a53da12223a658.jpg
236x: https://i.pinimg.com/236x/fc/59/66/fc59665678e28bc0a7a53da12223a658.jpg
474x: https://i.pinimg.com/474x/fc/59/66/fc59665678e28bc0a7a53da12223a658.jpg
564x: https://i.pinimg.com/564x/fc/59/66/fc59665678e28bc0a7a53da12223a658.jpg
736x: https://i.pinimg.com/736x/fc/59/66/fc59665678e28bc0a7a53da12223a658.jpg
600x315: https://i.pinimg.com/600x315/fc/59/66/fc59665678e28bc0a7a53da12223a658.jpg
orig: https://i.pinimg.com/originals/fc/59/66/fc59665678e28bc0a7a53da12223a658.jpg",,,,1,0,0,0,0,0,0,Pins by you,https://www.pinterest.com/emilyanne3x/_quick_creates/,,,,public,,𝑒𝓂𝒾𝓁𝓎,emilyanne3x,https://www.pinterest.com/emilyanne3x,,,631,,,,,,2026-05-31T22:04:56.000Z,2026-06-23T17:29:36.372Z
1.09508E+18,10 White Boho Outfits for Your Dream Summer Vacation,"Plan your dream summer vacation with these 10 white boho outfit ideas. Find your perfect white summer dress outfit today🌅

As an Amazon Associate I earn from qualifying purchases.

#WhiteBohoOutfit #WhiteSummerDressOutfit #WhiteBohoDresses #SummerVacationStyle #BohoChic",https://theluxeatlas.blogspot.com/2026/05/10-white-boho-dresses-ultimate-summer.html,https://www.pinterest.com/pin/1095078465793193449,https://i.pinimg.com/originals/e5/4c/ed/e54ced197d1acd7e889abb240d4c06a6.png,"60x60: https://i.pinimg.com/60x60/e5/4c/ed/e54ced197d1acd7e889abb240d4c06a6.jpg
136x136: https://i.pinimg.com/136x136/e5/4c/ed/e54ced197d1acd7e889abb240d4c06a6.jpg
170x: https://i.pinimg.com/236x/e5/4c/ed/e54ced197d1acd7e889abb240d4c06a6.jpg
236x: https://i.pinimg.com/236x/e5/4c/ed/e54ced197d1acd7e889abb240d4c06a6.jpg
474x: https://i.pinimg.com/474x/e5/4c/ed/e54ced197d1acd7e889abb240d4c06a6.jpg
564x: https://i.pinimg.com/564x/e5/4c/ed/e54ced197d1acd7e889abb240d4c06a6.jpg
736x: https://i.pinimg.com/736x/e5/4c/ed/e54ced197d1acd7e889abb240d4c06a6.jpg
600x315: https://i.pinimg.com/600x315/e5/4c/ed/e54ced197d1acd7e889abb240d4c06a6.jpg
orig: https://i.pinimg.com/originals/e5/4c/ed/e54ced197d1acd7e889abb240d4c06a6.png",,,,5,0,0,4,0,0,0,Summer Dresses 2026,https://www.pinterest.com/The_luxe_atlas/summer-dresses-2026/,,,,public,,The Luxe Atlas,The_luxe_atlas,https://www.pinterest.com/The_luxe_atlas,,,4,,,,,,2026-05-30T22:33:37.000Z,2026-06-23T17:22:17.062Z
1.09578E+18,,,,https://www.pinterest.com/pin/1095782153075918313,https://i.pinimg.com/originals/e2/80/33/e280332bc003e95d0a320817b0796560.jpg,"60x60: https://i.pinimg.com/60x60/e2/80/33/e280332bc003e95d0a320817b0796560.jpg
136x136: https://i.pinimg.com/136x136/e2/80/33/e280332bc003e95d0a320817b0796560.jpg
170x: https://i.pinimg.com/236x/e2/80/33/e280332bc003e95d0a320817b0796560.jpg
236x: https://i.pinimg.com/236x/e2/80/33/e280332bc003e95d0a320817b0796560.jpg
474x: https://i.pinimg.com/474x/e2/80/33/e280332bc003e95d0a320817b0796560.jpg
564x: https://i.pinimg.com/564x/e2/80/33/e280332bc003e95d0a320817b0796560.jpg
736x: https://i.pinimg.com/736x/e2/80/33/e280332bc003e95d0a320817b0796560.jpg
600x315: https://i.pinimg.com/600x315/e2/80/33/e280332bc003e95d0a320817b0796560.jpg
orig: https://i.pinimg.com/originals/e2/80/33/e280332bc003e95d0a320817b0796560.jpg",,,,165,0,8,7,0,0,0,Pins by you,https://www.pinterest.com/ludinaprz/_quick_creates/,,,,public,,Ludina,ludinaprz,https://www.pinterest.com/ludinaprz,,,245,,,,,,2024-03-31T09:58:29.000Z,2026-06-23T17:21:37.989Z
1.09585E+18,Summer Beach Outfit 🏖️,"☀️ Looking for the perfect beach outfit this summer? These 6 stylish beach outfit ideas combine comfort, elegance, and effortless vacation vibes. From classic white swimwear and chic cover-ups to trendy boho looks and colorful tropical styles, these outfit inspirations are perfect for beach days, tropical vacations, pool parties, and summer getaways. Save this pin for your next beach trip! 🌊👙✨
#BeachOutfits #SummerOutfits #BeachStyle #VacationOutfits #ResortWear #SwimwearFashion #SummerFashion #BeachVacation #TravelStyle #BohoStyle #CoastalFashion #BeachLook #OutfitInspiration #PinterestFashion #Summer2026",,https://www.pinterest.com/pin/1095852521853334988,https://i.pinimg.com/originals/17/7d/67/177d676e9fc7fb922aea4c1c45b827ad.png,"60x60: https://i.pinimg.com/60x60/17/7d/67/177d676e9fc7fb922aea4c1c45b827ad.jpg
136x136: https://i.pinimg.com/136x136/17/7d/67/177d676e9fc7fb922aea4c1c45b827ad.jpg
170x: https://i.pinimg.com/236x/17/7d/67/177d676e9fc7fb922aea4c1c45b827ad.jpg
236x: https://i.pinimg.com/236x/17/7d/67/177d676e9fc7fb922aea4c1c45b827ad.jpg
474x: https://i.pinimg.com/474x/17/7d/67/177d676e9fc7fb922aea4c1c45b827ad.jpg
564x: https://i.pinimg.com/564x/17/7d/67/177d676e9fc7fb922aea4c1c45b827ad.jpg
736x: https://i.pinimg.com/736x/17/7d/67/177d676e9fc7fb922aea4c1c45b827ad.jpg
600x315: https://i.pinimg.com/600x315/17/7d/67/177d676e9fc7fb922aea4c1c45b827ad.jpg
orig: https://i.pinimg.com/originals/17/7d/67/177d676e9fc7fb922aea4c1c45b827ad.png",,,,7,0,1,6,0,0,1,Summer Outfit ⛱️🌈,https://www.pinterest.com/DexieFashionInspo/summer-outfit/,,,,public,,DAXVÉRO  Fashion | Velvet Vogue | Fashion Inspo,DexieFashionInspo,https://www.pinterest.com/DexieFashionInspo,,,10,,,,,,2026-06-04T14:11:46.000Z,2026-06-23T17:13:04.020Z
1.09592E+18,trendy preppy and casual by the #preppy pookie,,,https://www.pinterest.com/pin/1095922890564640512,https://i.pinimg.com/originals/f2/6a/d3/f26ad3b2bd3617b8e5d99f3d7e957199.jpg,"60x60: https://i.pinimg.com/60x60/f2/6a/d3/f26ad3b2bd3617b8e5d99f3d7e957199.jpg
136x136: https://i.pinimg.com/136x136/f2/6a/d3/f26ad3b2bd3617b8e5d99f3d7e957199.jpg
170x: https://i.pinimg.com/236x/f2/6a/d3/f26ad3b2bd3617b8e5d99f3d7e957199.jpg
236x: https://i.pinimg.com/236x/f2/6a/d3/f26ad3b2bd3617b8e5d99f3d7e957199.jpg
474x: https://i.pinimg.com/474x/f2/6a/d3/f26ad3b2bd3617b8e5d99f3d7e957199.jpg
564x: https://i.pinimg.com/564x/f2/6a/d3/f26ad3b2bd3617b8e5d99f3d7e957199.jpg
736x: https://i.pinimg.com/736x/f2/6a/d3/f26ad3b2bd3617b8e5d99f3d7e957199.jpg
600x315: https://i.pinimg.com/600x315/f2/6a/d3/f26ad3b2bd3617b8e5d99f3d7e957199.jpg
orig: https://i.pinimg.com/originals/f2/6a/d3/f26ad3b2bd3617b8e5d99f3d7e957199.jpg",,,,8,0,4,1,2,0,0,Pins by you,https://www.pinterest.com/RiversW0211/_quick_creates/,,,,public,,Rivers williams,RiversW0211,https://www.pinterest.com/RiversW0211,,,133,,,,,,2024-04-29T14:59:19.000Z,2026-06-23T17:27:59.390Z
1.09592E+18,everyone please follow me,,,https://www.pinterest.com/pin/1095922890568203901,https://i.pinimg.com/originals/fb/26/93/fb26938f0e7d47ba6b16f9ca793a5337.jpg,"60x60: https://i.pinimg.com/60x60/fb/26/93/fb26938f0e7d47ba6b16f9ca793a5337.jpg
136x136: https://i.pinimg.com/136x136/fb/26/93/fb26938f0e7d47ba6b16f9ca793a5337.jpg
170x: https://i.pinimg.com/236x/fb/26/93/fb26938f0e7d47ba6b16f9ca793a5337.jpg
236x: https://i.pinimg.com/236x/fb/26/93/fb26938f0e7d47ba6b16f9ca793a5337.jpg
474x: https://i.pinimg.com/474x/fb/26/93/fb26938f0e7d47ba6b16f9ca793a5337.jpg
564x: https://i.pinimg.com/564x/fb/26/93/fb26938f0e7d47ba6b16f9ca793a5337.jpg
736x: https://i.pinimg.com/736x/fb/26/93/fb26938f0e7d47ba6b16f9ca793a5337.jpg
600x315: https://i.pinimg.com/600x315/fb/26/93/fb26938f0e7d47ba6b16f9ca793a5337.jpg
orig: https://i.pinimg.com/originals/fb/26/93/fb26938f0e7d47ba6b16f9ca793a5337.jpg",,,,3,0,4,1,1,0,0,Pins by you,https://www.pinterest.com/RiversW0211/_quick_creates/,,,,public,,Rivers williams,RiversW0211,https://www.pinterest.com/RiversW0211,,,133,,,,,,2024-08-14T19:55:06.000Z,2026-06-23T17:28:42.699Z
1.09613E+18,,,,https://www.pinterest.com/pin/1096133996814593331,https://i.pinimg.com/originals/47/ad/e8/47ade83dbc50536723fed90670176396.jpg,"60x60: https://i.pinimg.com/60x60/47/ad/e8/47ade83dbc50536723fed90670176396.jpg
136x136: https://i.pinimg.com/136x136/47/ad/e8/47ade83dbc50536723fed90670176396.jpg
170x: https://i.pinimg.com/236x/47/ad/e8/47ade83dbc50536723fed90670176396.jpg
236x: https://i.pinimg.com/236x/47/ad/e8/47ade83dbc50536723fed90670176396.jpg
474x: https://i.pinimg.com/474x/47/ad/e8/47ade83dbc50536723fed90670176396.jpg
564x: https://i.pinimg.com/564x/47/ad/e8/47ade83dbc50536723fed90670176396.jpg
736x: https://i.pinimg.com/736x/47/ad/e8/47ade83dbc50536723fed90670176396.jpg
600x315: https://i.pinimg.com/600x315/47/ad/e8/47ade83dbc50536723fed90670176396.jpg
orig: https://i.pinimg.com/originals/47/ad/e8/47ade83dbc50536723fed90670176396.jpg",,,,602,0,27,299,0,0,0,Pins by you,https://www.pinterest.com/graceowens0269/_quick_creates/,,,,public,,grace michlle,spams_by_grace,https://www.pinterest.com/spams_by_grace,,,427,,,,,,2025-08-11T00:59:18.000Z,2026-06-23T17:27:48.473Z
1.09656E+18,casual chic vacation outfit ideas,"Chic beach outfit in 2020 Beach outfit, Chic summer outfits, Summer",http://cjqskfkgkvhkn.web.app/search?q=casual%20chic%20vacation%20outfit%20ideas,https://www.pinterest.com/pin/1096556209269653604,https://i.pinimg.com/originals/12/77/be/1277be716b5fcf994beb9d225c669869.jpg,"60x60: https://i.pinimg.com/60x60/12/77/be/1277be716b5fcf994beb9d225c669869.jpg
136x136: https://i.pinimg.com/136x136/12/77/be/1277be716b5fcf994beb9d225c669869.jpg
170x: https://i.pinimg.com/236x/12/77/be/1277be716b5fcf994beb9d225c669869.jpg
236x: https://i.pinimg.com/236x/12/77/be/1277be716b5fcf994beb9d225c669869.jpg
474x: https://i.pinimg.com/474x/12/77/be/1277be716b5fcf994beb9d225c669869.jpg
564x: https://i.pinimg.com/564x/12/77/be/1277be716b5fcf994beb9d225c669869.jpg
736x: https://i.pinimg.com/736x/12/77/be/1277be716b5fcf994beb9d225c669869.jpg
600x315: https://i.pinimg.com/600x315/12/77/be/1277be716b5fcf994beb9d225c669869.jpg
orig: https://i.pinimg.com/originals/12/77/be/1277be716b5fcf994beb9d225c669869.jpg",,,,6,0,0,5,0,0,0,Unbelievable Dress To Impress Outfit Combos Fall,https://www.pinterest.com/osvaldomeredith614i/unbelievable-dress-to-impress-outfit-combos-fall/,,,,public,,Osvaldo Meredith,osvaldomeredith614i,https://www.pinterest.com/osvaldomeredith614i,,,1,,,,,,2024-12-07T01:45:28.000Z,2026-06-23T17:12:24.739Z
1.09656E+18,Vegan Garlic Pasta,"Simple, sweet, salty, and incredibly garlicky, these Vegan Garlic Pasta may become your new favorite quick meal. With only 5 ingredients and no oil or dairy, this dish is fast and easy, coming together in just 15 minutes. Ideal for a hassle-free vegan dinner idea!",https://payhip.com/b/8glZN?utm_source=pinterest&utm_medium=pin&utm_campaign=pin542428726,https://www.pinterest.com/pin/1096556209303237802,https://i.pinimg.com/originals/b5/d4/07/b5d407f3407463e102799ecef404477e.jpg,"60x60: https://i.pinimg.com/60x60/b5/d4/07/b5d407f3407463e102799ecef404477e.jpg
136x136: https://i.pinimg.com/136x136/b5/d4/07/b5d407f3407463e102799ecef404477e.jpg
170x: https://i.pinimg.com/236x/b5/d4/07/b5d407f3407463e102799ecef404477e.jpg
236x: https://i.pinimg.com/236x/b5/d4/07/b5d407f3407463e102799ecef404477e.jpg
474x: https://i.pinimg.com/474x/b5/d4/07/b5d407f3407463e102799ecef404477e.jpg
564x: https://i.pinimg.com/564x/b5/d4/07/b5d407f3407463e102799ecef404477e.jpg
736x: https://i.pinimg.com/736x/b5/d4/07/b5d407f3407463e102799ecef404477e.jpg
600x315: https://i.pinimg.com/600x315/b5/d4/07/b5d407f3407463e102799ecef404477e.jpg
orig: https://i.pinimg.com/originals/b5/d4/07/b5d407f3407463e102799ecef404477e.jpg",,,,75,0,3,74,0,0,2,Vegan meals,https://www.pinterest.com/cicisafriajit/vegan-meals/,,,,public,,Summer Salad Recipes & Pasta Salads,cicisafriajit,https://www.pinterest.com/cicisafriajit,,,218,,,,,,2026-04-27T02:48:04.000Z,2026-06-23T16:39:12.775Z
1.09656E+18,Kale Caesar Pasta Salad,"This kale caesar pasta salad is a must-have at your next summer barbecue! It features crispy chickpeas, massaged kale, your preferred pasta, and a creamy caesar dressing that's richer in protein than most!",https://payhip.com/b/8glZN?utm_source=pinterest&utm_medium=pin&utm_campaign=pin812651578,https://www.pinterest.com/pin/1096556209304019351,https://i.pinimg.com/originals/04/40/0d/04400d51d0864996b12da7e2d25bb6d8.jpg,"60x60: https://i.pinimg.com/60x60/04/40/0d/04400d51d0864996b12da7e2d25bb6d8.jpg
136x136: https://i.pinimg.com/136x136/04/40/0d/04400d51d0864996b12da7e2d25bb6d8.jpg
170x: https://i.pinimg.com/236x/04/40/0d/04400d51d0864996b12da7e2d25bb6d8.jpg
236x: https://i.pinimg.com/236x/04/40/0d/04400d51d0864996b12da7e2d25bb6d8.jpg
474x: https://i.pinimg.com/474x/04/40/0d/04400d51d0864996b12da7e2d25bb6d8.jpg
564x: https://i.pinimg.com/564x/04/40/0d/04400d51d0864996b12da7e2d25bb6d8.jpg
736x: https://i.pinimg.com/736x/04/40/0d/04400d51d0864996b12da7e2d25bb6d8.jpg
600x315: https://i.pinimg.com/600x315/04/40/0d/04400d51d0864996b12da7e2d25bb6d8.jpg
orig: https://i.pinimg.com/originals/04/40/0d/04400d51d0864996b12da7e2d25bb6d8.jpg",,,,3693,0,14,3334,0,0,55,Summer pasta salad,https://www.pinterest.com/cicisafriajit/summer-pasta-salad/,,,,public,,Summer Salad Recipes & Pasta Salads,cicisafriajit,https://www.pinterest.com/cicisafriajit,,,218,,,,,,2026-05-08T20:56:22.000Z,2026-06-23T16:39:26.448Z
1.09663E+18,Spicy Bang Bang Chicken Mini Sandwiches Recipe,Explore the deliciousness of Bang Bang Chicken Sliders with this recipe from Cheff Recipes.,https://www.etsy.com/listing/1841529083/your-path-to-healthy-weight-loss-the?524579837=,https://www.pinterest.com/pin/1096626578029628644,https://i.pinimg.com/originals/61/a6/4f/61a64f6ec9f84020e357f9f00e723e1e.jpg,"60x60: https://i.pinimg.com/60x60/61/a6/4f/61a64f6ec9f84020e357f9f00e723e1e.jpg
136x136: https://i.pinimg.com/136x136/61/a6/4f/61a64f6ec9f84020e357f9f00e723e1e.jpg
170x: https://i.pinimg.com/236x/61/a6/4f/61a64f6ec9f84020e357f9f00e723e1e.jpg
236x: https://i.pinimg.com/236x/61/a6/4f/61a64f6ec9f84020e357f9f00e723e1e.jpg
474x: https://i.pinimg.com/474x/61/a6/4f/61a64f6ec9f84020e357f9f00e723e1e.jpg
564x: https://i.pinimg.com/564x/61/a6/4f/61a64f6ec9f84020e357f9f00e723e1e.jpg
736x: https://i.pinimg.com/736x/61/a6/4f/61a64f6ec9f84020e357f9f00e723e1e.jpg
600x315: https://i.pinimg.com/600x315/61/a6/4f/61a64f6ec9f84020e357f9f00e723e1e.jpg
orig: https://i.pinimg.com/originals/61/a6/4f/61a64f6ec9f84020e357f9f00e723e1e.jpg",,,,10188,0,124,1354,9,0,64,caked,https://www.pinterest.com/zoelmccary365/caked/,,,,public,,Zoe,zoelmccary365,https://www.pinterest.com/zoelmccary365,,,2,,,,,,2026-01-21T20:47:13.000Z,2026-06-23T16:43:18.757Z
1.09677E+18,Greek outfit inspo,,,https://www.pinterest.com/pin/1096767315514353613,https://i.pinimg.com/originals/8b/6c/a9/8b6ca97e9ba3eee2d0fa998f6e3627a1.jpg,"60x60: https://i.pinimg.com/60x60/8b/6c/a9/8b6ca97e9ba3eee2d0fa998f6e3627a1.jpg
136x136: https://i.pinimg.com/136x136/8b/6c/a9/8b6ca97e9ba3eee2d0fa998f6e3627a1.jpg
170x: https://i.pinimg.com/236x/8b/6c/a9/8b6ca97e9ba3eee2d0fa998f6e3627a1.jpg
236x: https://i.pinimg.com/236x/8b/6c/a9/8b6ca97e9ba3eee2d0fa998f6e3627a1.jpg
474x: https://i.pinimg.com/474x/8b/6c/a9/8b6ca97e9ba3eee2d0fa998f6e3627a1.jpg
564x: https://i.pinimg.com/564x/8b/6c/a9/8b6ca97e9ba3eee2d0fa998f6e3627a1.jpg
736x: https://i.pinimg.com/736x/8b/6c/a9/8b6ca97e9ba3eee2d0fa998f6e3627a1.jpg
600x315: https://i.pinimg.com/600x315/8b/6c/a9/8b6ca97e9ba3eee2d0fa998f6e3627a1.jpg
orig: https://i.pinimg.com/originals/8b/6c/a9/8b6ca97e9ba3eee2d0fa998f6e3627a1.jpg",,,,2614,1,99,554,2,0,8,Pins by you,https://www.pinterest.com/Clean_Girl_Xx/_quick_creates/,,,,public,,Clean_Girl,Clean_Girl_Xx,https://www.pinterest.com/Clean_Girl_Xx,,,3,,,,,,2025-06-25T20:02:11.000Z,2026-06-23T17:28:00.553Z
1.09719E+18,Cozy Up with Creamy French Garlic Soup: A Perfect Nighttime Delight!,"Discover the simple pleasure of homemade French Garlic Soup, a comforting dish perfect for any occasion. Bursting with the bold flavors of fresh garlic and creamy goodness, this soup is as satisfying as it is easy to prepare. Whether you're hosting a dinner party or enjoying a cozy night at home, this recipe is sure to impress. Pair it with crusty bread for the ultimate experience. Save this recipe and indulge in a warm bowl of happiness today!",,https://www.pinterest.com/pin/1097189527990002810,https://i.pinimg.com/originals/e4/00/4b/e4004b71f56bab3d9f6531cc6b5f334f.png,"60x60: https://i.pinimg.com/60x60/e4/00/4b/e4004b71f56bab3d9f6531cc6b5f334f.jpg
136x136: https://i.pinimg.com/136x136/e4/00/4b/e4004b71f56bab3d9f6531cc6b5f334f.jpg
170x: https://i.pinimg.com/236x/e4/00/4b/e4004b71f56bab3d9f6531cc6b5f334f.jpg
236x: https://i.pinimg.com/236x/e4/00/4b/e4004b71f56bab3d9f6531cc6b5f334f.jpg
474x: https://i.pinimg.com/474x/e4/00/4b/e4004b71f56bab3d9f6531cc6b5f334f.jpg
564x: https://i.pinimg.com/564x/e4/00/4b/e4004b71f56bab3d9f6531cc6b5f334f.jpg
736x: https://i.pinimg.com/736x/e4/00/4b/e4004b71f56bab3d9f6531cc6b5f334f.jpg
600x315: https://i.pinimg.com/600x315/e4/00/4b/e4004b71f56bab3d9f6531cc6b5f334f.jpg
orig: https://i.pinimg.com/originals/e4/00/4b/e4004b71f56bab3d9f6531cc6b5f334f.png",,,,116,0,2,106,0,0,1,Supper,https://www.pinterest.com/baytarfurkan81/supper/,,,,public,,Isabella Brooks | Easy Homemade Recipes & Sweet Kitchen Ideas,baytarfurkan81,https://www.pinterest.com/baytarfurkan81,,,104,,,,,,2026-03-18T23:04:46.000Z,2026-06-23T16:43:16.688Z
1.09719E+18,Italian Pasta Salad (Vegetarian),"Italian Pasta Salad with chickpeas, veggies, and a homemade zesty Italian dressing. Easy, make-ahead friendly, and super versatile, this pasta salad will be the hit at any summer gathering.",https://payhip.com/b/lAvbB,https://www.pinterest.com/pin/1097189527994906582,https://i.pinimg.com/originals/97/b0/d3/97b0d379df5593282a01af1ebf424bd2.jpg,"60x60: https://i.pinimg.com/60x60/97/b0/d3/97b0d379df5593282a01af1ebf424bd2.jpg
136x136: https://i.pinimg.com/136x136/97/b0/d3/97b0d379df5593282a01af1ebf424bd2.jpg
170x: https://i.pinimg.com/236x/97/b0/d3/97b0d379df5593282a01af1ebf424bd2.jpg
236x: https://i.pinimg.com/236x/97/b0/d3/97b0d379df5593282a01af1ebf424bd2.jpg
474x: https://i.pinimg.com/474x/97/b0/d3/97b0d379df5593282a01af1ebf424bd2.jpg
564x: https://i.pinimg.com/564x/97/b0/d3/97b0d379df5593282a01af1ebf424bd2.jpg
736x: https://i.pinimg.com/736x/97/b0/d3/97b0d379df5593282a01af1ebf424bd2.jpg
600x315: https://i.pinimg.com/600x315/97/b0/d3/97b0d379df5593282a01af1ebf424bd2.jpg
orig: https://i.pinimg.com/originals/97/b0/d3/97b0d379df5593282a01af1ebf424bd2.jpg",,,,725,0,8,628,0,0,18,Healthy Salad Bowls,https://www.pinterest.com/crispandgreenb/healthy-salad-bowls/,,,,public,,Crisp & Green | Easy Salad Recipes,crispandgreenb,https://www.pinterest.com/crispandgreenb,,,21,,,,,,2026-06-03T01:53:40.000Z,2026-06-23T16:39:28.689Z
1.09776E+16,Pack for a beach vacay,,,https://www.pinterest.com/pin/10977592836095692,https://i.pinimg.com/originals/6b/b0/83/6bb0836870833124b4c325cd4bc41be9.jpg,"60x60: https://i.pinimg.com/60x60/6b/b0/83/6bb0836870833124b4c325cd4bc41be9.jpg
136x136: https://i.pinimg.com/136x136/6b/b0/83/6bb0836870833124b4c325cd4bc41be9.jpg
170x: https://i.pinimg.com/236x/6b/b0/83/6bb0836870833124b4c325cd4bc41be9.jpg
236x: https://i.pinimg.com/236x/6b/b0/83/6bb0836870833124b4c325cd4bc41be9.jpg
474x: https://i.pinimg.com/474x/6b/b0/83/6bb0836870833124b4c325cd4bc41be9.jpg
564x: https://i.pinimg.com/564x/6b/b0/83/6bb0836870833124b4c325cd4bc41be9.jpg
736x: https://i.pinimg.com/736x/6b/b0/83/6bb0836870833124b4c325cd4bc41be9.jpg
600x315: https://i.pinimg.com/600x315/6b/b0/83/6bb0836870833124b4c325cd4bc41be9.jpg
orig: https://i.pinimg.com/originals/6b/b0/83/6bb0836870833124b4c325cd4bc41be9.jpg",,,,314,3,30,164,10,0,4,Brookelyn,https://www.pinterest.com/brandtrachel/brookelyn/,,,,public,,Rachel Brandt,brandtrachel,https://www.pinterest.com/brandtrachel,,,308,,,,,,2025-02-03T15:51:25.000Z,2026-06-23T17:28:20.837Z
1.09789E+18,"Hot Weather Beach Outfit Ideas 2026 For Women Over 40 That Are Sophisticated, Incredibly Stylish, Ag","Beach style over 40 in 2026 has absolutely nothing to apologize for and everything to celebrate — and Pinterest's most aspirational beach fashion boards increasingly feature women in their 40s, 50s, and beyond as the ultimate icons of effortless coastal elegance. The most beautiful beach looks for women over 40 in 2026 center on quality, confidence, and the kind of considered personal style that only deepens with time and experience. A beautiful one-piece swimsuit in a bold print or rich jewel tone — a cobalt blue architectural one-piece, a rich coral bandeau style, a sleek black with gold hardware details — is the ultimate beach foundation look that is both elegant and completely contemporary",https://herglowdiary.com/19-effortless-summer-beach-outfit-ideas-for-women-chic-comfortable-vacation-ready/,https://www.pinterest.com/pin/1097893215430631352,https://i.pinimg.com/originals/b6/9a/6e/b69a6e31da58ee71db25dcc2c99ce5a4.jpg,"60x60: https://i.pinimg.com/60x60/b6/9a/6e/b69a6e31da58ee71db25dcc2c99ce5a4.jpg
136x136: https://i.pinimg.com/136x136/b6/9a/6e/b69a6e31da58ee71db25dcc2c99ce5a4.jpg
170x: https://i.pinimg.com/236x/b6/9a/6e/b69a6e31da58ee71db25dcc2c99ce5a4.jpg
236x: https://i.pinimg.com/236x/b6/9a/6e/b69a6e31da58ee71db25dcc2c99ce5a4.jpg
474x: https://i.pinimg.com/474x/b6/9a/6e/b69a6e31da58ee71db25dcc2c99ce5a4.jpg
564x: https://i.pinimg.com/564x/b6/9a/6e/b69a6e31da58ee71db25dcc2c99ce5a4.jpg
736x: https://i.pinimg.com/736x/b6/9a/6e/b69a6e31da58ee71db25dcc2c99ce5a4.jpg
600x315: https://i.pinimg.com/600x315/b6/9a/6e/b69a6e31da58ee71db25dcc2c99ce5a4.jpg
orig: https://i.pinimg.com/originals/b6/9a/6e/b69a6e31da58ee71db25dcc2c99ce5a4.jpg",,,,1,0,0,0,0,0,0,Beach Outfits 2026,https://www.pinterest.com/herbeautyhabit/beach-outfits-2026/,,,,public,,"Her Beauty Habit | Fashion, Beauty, Hairstyles & Nails",herbeautyhabit,https://www.pinterest.com/herbeautyhabit,,,5,,,,,,2026-04-28T04:30:13.000Z,2026-06-23T17:14:14.443Z
1.09846E+18,,,,https://www.pinterest.com/pin/1098456165355271311,https://i.pinimg.com/originals/17/ec/f3/17ecf3aae3322aac12165c08b7edec6e.jpg,"60x60: https://i.pinimg.com/60x60/17/ec/f3/17ecf3aae3322aac12165c08b7edec6e.jpg
136x136: https://i.pinimg.com/136x136/17/ec/f3/17ecf3aae3322aac12165c08b7edec6e.jpg
170x: https://i.pinimg.com/236x/17/ec/f3/17ecf3aae3322aac12165c08b7edec6e.jpg
236x: https://i.pinimg.com/236x/17/ec/f3/17ecf3aae3322aac12165c08b7edec6e.jpg
474x: https://i.pinimg.com/474x/17/ec/f3/17ecf3aae3322aac12165c08b7edec6e.jpg
564x: https://i.pinimg.com/564x/17/ec/f3/17ecf3aae3322aac12165c08b7edec6e.jpg
736x: https://i.pinimg.com/736x/17/ec/f3/17ecf3aae3322aac12165c08b7edec6e.jpg
600x315: https://i.pinimg.com/600x315/17/ec/f3/17ecf3aae3322aac12165c08b7edec6e.jpg
orig: https://i.pinimg.com/originals/17/ec/f3/17ecf3aae3322aac12165c08b7edec6e.jpg",,,V_HLSV3_MOBILE: https://v1.pinimg.com/videos/iht/hls/85/84/70/85847079103a40898814dde8306c6d4c.m3u8,42844,0,4235,6210,36,0,521,Ваши пины,https://www.pinterest.com/x_anna_tk09/_quick_creates/,,,,public,,Amelia_dik,x_anna_tk09,https://www.pinterest.com/x_anna_tk09,,,4389,,,,,,2024-06-06T16:58:02.000Z,2026-06-23T17:14:58.041Z
1.0986E+18,,,,https://www.pinterest.com/pin/1098596902876147416,https://i.pinimg.com/originals/3b/ae/39/3bae39b19a3b6ee22e721138ecf96fd2.jpg,"60x60: https://i.pinimg.com/60x60/3b/ae/39/3bae39b19a3b6ee22e721138ecf96fd2.jpg
136x136: https://i.pinimg.com/136x136/3b/ae/39/3bae39b19a3b6ee22e721138ecf96fd2.jpg
170x: https://i.pinimg.com/236x/3b/ae/39/3bae39b19a3b6ee22e721138ecf96fd2.jpg
236x: https://i.pinimg.com/236x/3b/ae/39/3bae39b19a3b6ee22e721138ecf96fd2.jpg
474x: https://i.pinimg.com/474x/3b/ae/39/3bae39b19a3b6ee22e721138ecf96fd2.jpg
564x: https://i.pinimg.com/564x/3b/ae/39/3bae39b19a3b6ee22e721138ecf96fd2.jpg
736x: https://i.pinimg.com/736x/3b/ae/39/3bae39b19a3b6ee22e721138ecf96fd2.jpg
600x315: https://i.pinimg.com/600x315/3b/ae/39/3bae39b19a3b6ee22e721138ecf96fd2.jpg
orig: https://i.pinimg.com/originals/3b/ae/39/3bae39b19a3b6ee22e721138ecf96fd2.jpg",,,,1579,0,83,533,2,0,6,Quick Saves,https://www.pinterest.com/hannahebekeuser/_quick_saves/,,,,public,,Hbk l Tvd 🩸☝️,hannahebekeuser,https://www.pinterest.com/hannahebekeuser,,,1,,,,,,2026-05-03T17:35:24.000Z,2026-06-23T17:28:15.007Z
1.09888E+18,,All credits to the original creator,,https://www.pinterest.com/pin/1098878377815759672,https://i.pinimg.com/originals/d4/87/32/d487323600204ccdb9be960af6af6740.jpg,"60x60: https://i.pinimg.com/60x60/d4/87/32/d487323600204ccdb9be960af6af6740.jpg
136x136: https://i.pinimg.com/136x136/d4/87/32/d487323600204ccdb9be960af6af6740.jpg
170x: https://i.pinimg.com/236x/d4/87/32/d487323600204ccdb9be960af6af6740.jpg
236x: https://i.pinimg.com/236x/d4/87/32/d487323600204ccdb9be960af6af6740.jpg
474x: https://i.pinimg.com/474x/d4/87/32/d487323600204ccdb9be960af6af6740.jpg
564x: https://i.pinimg.com/564x/d4/87/32/d487323600204ccdb9be960af6af6740.jpg
736x: https://i.pinimg.com/736x/d4/87/32/d487323600204ccdb9be960af6af6740.jpg
600x315: https://i.pinimg.com/600x315/d4/87/32/d487323600204ccdb9be960af6af6740.jpg
orig: https://i.pinimg.com/originals/d4/87/32/d487323600204ccdb9be960af6af6740.jpg",https://v1.pinimg.com/videos/mc/720p/09/b2/57/09b257bd23d8e7ad6e28f9cd6e8055d2.mp4,"V_720P: https://v1.pinimg.com/videos/mc/720p/09/b2/57/09b257bd23d8e7ad6e28f9cd6e8055d2.mp4
V_HLSV4: https://v1.pinimg.com/videos/iht/hls/09/b2/57/09b257bd23d8e7ad6e28f9cd6e8055d2.m3u8
V_HLSV3_MOBILE: https://v1.pinimg.com/videos/iht/hls/09/b2/57/09b257bd23d8e7ad6e28f9cd6e8055d2.m3u8",,9527,3,2821,1,181,0,0,Quick Saves,https://www.pinterest.com/marinvermont/_quick_saves/,,,,public,,Marin,marinvermont,https://www.pinterest.com/marinvermont,,,1,,,,,,2023-12-25T18:01:32.000Z,2026-06-23T17:28:00.634Z
1.0993E+18,colorful summer outfit!,#summer #yellow #blue #pink,,https://www.pinterest.com/pin/1099300590329965103,https://i.pinimg.com/originals/6f/72/29/6f722921fabb54ead18f24f209fb27b8.png,"60x60: https://i.pinimg.com/60x60/6f/72/29/6f722921fabb54ead18f24f209fb27b8.jpg
136x136: https://i.pinimg.com/136x136/6f/72/29/6f722921fabb54ead18f24f209fb27b8.jpg
170x: https://i.pinimg.com/236x/6f/72/29/6f722921fabb54ead18f24f209fb27b8.jpg
236x: https://i.pinimg.com/236x/6f/72/29/6f722921fabb54ead18f24f209fb27b8.jpg
474x: https://i.pinimg.com/474x/6f/72/29/6f722921fabb54ead18f24f209fb27b8.jpg
564x: https://i.pinimg.com/564x/6f/72/29/6f722921fabb54ead18f24f209fb27b8.jpg
736x: https://i.pinimg.com/736x/6f/72/29/6f722921fabb54ead18f24f209fb27b8.jpg
600x315: https://i.pinimg.com/600x315/6f/72/29/6f722921fabb54ead18f24f209fb27b8.jpg
orig: https://i.pinimg.com/originals/6f/72/29/6f722921fabb54ead18f24f209fb27b8.png",,,,18,0,1,2,0,0,0,outfits,https://www.pinterest.com/Bente_Hoek/outfits/,,,,public,,Bente,Bente_Hoek,https://www.pinterest.com/Bente_Hoek,,,10,,,,,,2025-05-11T07:55:35.000Z,2026-06-23T17:28:48.067Z
1.09972E+18,Convertible 2-in-1 Boho Dress for Women | Stylish Beach Vacation Outfit,"Looking for the perfect Pinterest-worthy beach outfit? This KE KANHA EXPORTS convertible boho dress features a halter neckline, open back, and flowy silhouette for the ultimate vacation vibe. Easy fit for S-M-L sizes with a free matching scrunchie included.
#BeachVacationOutfit #BohoChic #WomenFashion #BacklessSummerDress #TravelStyle #PinterestOutfits #AestheticFashion",,https://www.pinterest.com/pin/1099722802783638810,https://i.pinimg.com/originals/2d/15/e9/2d15e9d36fc1fadd94013c9d5eae4739.jpg,"60x60: https://i.pinimg.com/60x60/2d/15/e9/2d15e9d36fc1fadd94013c9d5eae4739.jpg
136x136: https://i.pinimg.com/136x136/2d/15/e9/2d15e9d36fc1fadd94013c9d5eae4739.jpg
170x: https://i.pinimg.com/236x/2d/15/e9/2d15e9d36fc1fadd94013c9d5eae4739.jpg
236x: https://i.pinimg.com/236x/2d/15/e9/2d15e9d36fc1fadd94013c9d5eae4739.jpg
474x: https://i.pinimg.com/474x/2d/15/e9/2d15e9d36fc1fadd94013c9d5eae4739.jpg
564x: https://i.pinimg.com/564x/2d/15/e9/2d15e9d36fc1fadd94013c9d5eae4739.jpg
736x: https://i.pinimg.com/736x/2d/15/e9/2d15e9d36fc1fadd94013c9d5eae4739.jpg
600x315: https://i.pinimg.com/600x315/2d/15/e9/2d15e9d36fc1fadd94013c9d5eae4739.jpg
orig: https://i.pinimg.com/originals/2d/15/e9/2d15e9d36fc1fadd94013c9d5eae4739.jpg",,,,15,0,3,14,0,0,0,Summer Dresses for Women,https://www.pinterest.com/thehappycollection/summer-dresses-for-women/,,,,public,,The Happy Collection,thehappycollection,https://www.pinterest.com/thehappycollection,,,11,,,,,,2026-05-28T08:01:46.000Z,2026-06-23T17:23:25.674Z
1.10015E+18,5 Breezy Boho Beach Outfit Ideas for Effortless Coastal Style,"Dreaming of that sun-soaked, effortless look? These Boho Beach Outfit Ideas are made for relaxed coastal vacations, think flowy maxi dresses, crochet coverups, straw hats, woven sandals, and oversized totes you can carry all day. Tap through to see all 
the looks, and save this for your next coastal getaway.

#BohoBeachOutfitIdeas #BohoStyle #BeachOutfits #CoastalStyle #VacationOutfits #BohoOutfit #MaxiDressStyle #CrochetCoverup #StrawHatStyle #WovenSandals #BeachVacationStyle #ResortWear #SummerStyle #OutfitInspo",https://hypevineblog.com/breezy-boho-beach-outfit-ideas/,https://www.pinterest.com/pin/1100145015249135482,https://i.pinimg.com/originals/15/c2/4b/15c24b7c5695cff14a78e809e1f55c35.png,"60x60: https://i.pinimg.com/60x60/15/c2/4b/15c24b7c5695cff14a78e809e1f55c35.jpg
136x136: https://i.pinimg.com/136x136/15/c2/4b/15c24b7c5695cff14a78e809e1f55c35.jpg
170x: https://i.pinimg.com/236x/15/c2/4b/15c24b7c5695cff14a78e809e1f55c35.jpg
236x: https://i.pinimg.com/236x/15/c2/4b/15c24b7c5695cff14a78e809e1f55c35.jpg
474x: https://i.pinimg.com/474x/15/c2/4b/15c24b7c5695cff14a78e809e1f55c35.jpg
564x: https://i.pinimg.com/564x/15/c2/4b/15c24b7c5695cff14a78e809e1f55c35.jpg
736x: https://i.pinimg.com/736x/15/c2/4b/15c24b7c5695cff14a78e809e1f55c35.jpg
600x315: https://i.pinimg.com/600x315/15/c2/4b/15c24b7c5695cff14a78e809e1f55c35.jpg
orig: https://i.pinimg.com/originals/15/c2/4b/15c24b7c5695cff14a78e809e1f55c35.png",,,,3,0,1,2,0,0,0,"Outfit Ideas, Style & Wardrobe Inspiration",https://www.pinterest.com/HypeVine/outfit-ideas-style-wardrobe-inspiration/,,,,public,,HypeVine | Stylish Living & Curated Finds,HypeVine,https://www.pinterest.com/HypeVine,,,210,,,,,,2026-05-27T23:01:20.000Z,2026-06-23T17:24:40.069Z
1.10022E+18,Boho Beach Vacation Outfit Ideas 2026,"Dreamy boho beach vacation outfit featuring a white maxi dress, straw tote bag, shell sandals, layered jewelry, sunglasses, and a floppy hat. Perfect for summer vacations, tropical getaways, resort wear, and coastal aesthetic fashion inspiration.

#BohoStyle #BeachOutfit #SummerFashion #VacationOutfit #ResortWear #CoastalStyle #BohoChic #MaxiDress #BeachVacation #SummerOutfitIdeas #PinterestFashion #TravelStyle #VacationLook #BeachAesthetic #fashioninspiration #outfitoftheday",,https://www.pinterest.com/pin/1100215383993398337,https://i.pinimg.com/originals/84/63/00/846300f261b921f7c604d62f1b98b9f3.jpg,"60x60: https://i.pinimg.com/60x60/84/63/00/846300f261b921f7c604d62f1b98b9f3.jpg
136x136: https://i.pinimg.com/136x136/84/63/00/846300f261b921f7c604d62f1b98b9f3.jpg
170x: https://i.pinimg.com/236x/84/63/00/846300f261b921f7c604d62f1b98b9f3.jpg
236x: https://i.pinimg.com/236x/84/63/00/846300f261b921f7c604d62f1b98b9f3.jpg
474x: https://i.pinimg.com/474x/84/63/00/846300f261b921f7c604d62f1b98b9f3.jpg
564x: https://i.pinimg.com/564x/84/63/00/846300f261b921f7c604d62f1b98b9f3.jpg
736x: https://i.pinimg.com/736x/84/63/00/846300f261b921f7c604d62f1b98b9f3.jpg
600x315: https://i.pinimg.com/600x315/84/63/00/846300f261b921f7c604d62f1b98b9f3.jpg
orig: https://i.pinimg.com/originals/84/63/00/846300f261b921f7c604d62f1b98b9f3.jpg",,,,1,0,0,0,0,0,0,Pins by you,https://www.pinterest.com/womensoutfitideas123/_quick_creates/,,,,public,,hermoodboard,womensoutfitideas123,https://www.pinterest.com/womensoutfitideas123,,,0,,,,,,2026-05-31T09:38:40.000Z,2026-06-23T17:25:56.332Z
1.10029E+18,Ocean Bar Babe 🌺 | Tropical Pinterest Beach Aesthetic,"Golden hour, ocean breeze, tropical drinks, and the prettiest beach girl energy ✨ This colorful flowy dress styled with layered beach jewelry, anklets, glowing skin, and effortless vacation vibes creates the ultimate Pinterest summer aesthetic 🌊🍹 Perfect for beach bars, tropical vacations, sunset dinners, island trips, and dreamy summer nights by the ocean.

Shop this full beach aesthetic look on Amazon ↓

#beachaesthetic #tropicalvibes #summerfashion #pinterestfashion #beachgirl #vacationoutfit #oceanvibes #bohostyle #islandgirl #amazonfinds",,https://www.pinterest.com/pin/1100285752838734056,https://i.pinimg.com/originals/c4/76/24/c476247edea7e9dee6fd6eeeb1e829f1.png,"60x60: https://i.pinimg.com/60x60/c4/76/24/c476247edea7e9dee6fd6eeeb1e829f1.jpg
136x136: https://i.pinimg.com/136x136/c4/76/24/c476247edea7e9dee6fd6eeeb1e829f1.jpg
170x: https://i.pinimg.com/236x/c4/76/24/c476247edea7e9dee6fd6eeeb1e829f1.jpg
236x: https://i.pinimg.com/236x/c4/76/24/c476247edea7e9dee6fd6eeeb1e829f1.jpg
474x: https://i.pinimg.com/474x/c4/76/24/c476247edea7e9dee6fd6eeeb1e829f1.jpg
564x: https://i.pinimg.com/564x/c4/76/24/c476247edea7e9dee6fd6eeeb1e829f1.jpg
736x: https://i.pinimg.com/736x/c4/76/24/c476247edea7e9dee6fd6eeeb1e829f1.jpg
600x315: https://i.pinimg.com/600x315/c4/76/24/c476247edea7e9dee6fd6eeeb1e829f1.jpg
orig: https://i.pinimg.com/originals/c4/76/24/c476247edea7e9dee6fd6eeeb1e829f1.png",,,,1,0,0,0,0,0,0,Pinteresty Outfit Inspo,https://www.pinterest.com/FashionFlewCloset/pinteresty-outfit-inspo/,,,,public,,Fashion Flew Closet,FashionFlewCloset,https://www.pinterest.com/FashionFlewCloset,,,3,,,,,,2026-06-03T16:52:32.000Z,2026-06-23T17:23:40.585Z
1.10057E+18,Boho Sunset Glam: Striped Crochet Maxi Dress Beach Look,"Obsessed with the crochet dress trend? This stunning long sleeve crochet maxi in earthy tones is your must-have beach cover-up and vacation dress for 2025. The delicate knit and flattering vertical stripes create the perfect bohemian aesthetic. Accessorize with statement gold bangles and a straw bag for ultimate resort wear style.
#CrochetDress #MaxiDress #BeachCoverUp #BohoStyle #ResortWear #VacationOutfit #KnitDress #Summer2025Fashion #SunsetVibes",,https://www.pinterest.com/pin/1100567227705461916,https://i.pinimg.com/originals/32/85/73/3285731f72fb905267b5306243cf6fb7.png,"60x60: https://i.pinimg.com/60x60/32/85/73/3285731f72fb905267b5306243cf6fb7.jpg
136x136: https://i.pinimg.com/136x136/32/85/73/3285731f72fb905267b5306243cf6fb7.jpg
170x: https://i.pinimg.com/236x/32/85/73/3285731f72fb905267b5306243cf6fb7.jpg
236x: https://i.pinimg.com/236x/32/85/73/3285731f72fb905267b5306243cf6fb7.jpg
474x: https://i.pinimg.com/474x/32/85/73/3285731f72fb905267b5306243cf6fb7.jpg
564x: https://i.pinimg.com/564x/32/85/73/3285731f72fb905267b5306243cf6fb7.jpg
736x: https://i.pinimg.com/736x/32/85/73/3285731f72fb905267b5306243cf6fb7.jpg
600x315: https://i.pinimg.com/600x315/32/85/73/3285731f72fb905267b5306243cf6fb7.jpg
orig: https://i.pinimg.com/originals/32/85/73/3285731f72fb905267b5306243cf6fb7.png",,,,10,0,2,3,0,0,0,best 2025 outfit for women,https://www.pinterest.com/quietluxe1/best-2025-outfit-for-women/,,,,public,,Quiet Luxe,quietluxe1,https://www.pinterest.com/quietluxe1,,,40,,,,,,2025-10-11T13:31:52.000Z,2026-06-23T17:12:07.099Z
1.10092E+18,Golden Hour Coastal Glow | Boho Beach Style,"Capturing that perfect summer warmth. ☀️ This look features a textured beige bikini paired with high-waisted denim and a floral kimono for a relaxed, boho-chic vibe. Perfect for your next beach vacation or golden hour aesthetic. ✨",,https://www.pinterest.com/pin/1100919071888309445,https://i.pinimg.com/originals/3a/70/44/3a7044380e142c2451080ef6332829d7.png,"60x60: https://i.pinimg.com/60x60/3a/70/44/3a7044380e142c2451080ef6332829d7.jpg
136x136: https://i.pinimg.com/136x136/3a/70/44/3a7044380e142c2451080ef6332829d7.jpg
170x: https://i.pinimg.com/236x/3a/70/44/3a7044380e142c2451080ef6332829d7.jpg
236x: https://i.pinimg.com/236x/3a/70/44/3a7044380e142c2451080ef6332829d7.jpg
474x: https://i.pinimg.com/474x/3a/70/44/3a7044380e142c2451080ef6332829d7.jpg
564x: https://i.pinimg.com/564x/3a/70/44/3a7044380e142c2451080ef6332829d7.jpg
736x: https://i.pinimg.com/736x/3a/70/44/3a7044380e142c2451080ef6332829d7.jpg
600x315: https://i.pinimg.com/600x315/3a/70/44/3a7044380e142c2451080ef6332829d7.jpg
orig: https://i.pinimg.com/originals/3a/70/44/3a7044380e142c2451080ef6332829d7.png",,,,1,0,0,0,0,0,0,Summer Style | Women's Clothing Inspiration,https://www.pinterest.com/VellumVelvetStudio/summer-style-womens-clothing-inspiration/,,,,public,,Vellum Velvet Studio | Aesthetic Women's Fashion & Outfits,VellumVelvetStudio,https://www.pinterest.com/VellumVelvetStudio,,,3,,,,,,2026-05-14T05:54:36.000Z,2026-06-23T17:12:42.073Z
1.10092E+18,15 Effortless Boho Crochet Beach Outfits That Are Stunning,"Fall in love with these 15 effortless boho crochet beach outfits perfect for tropical getaways and coastal adventures. From gorgeous crochet Beach Honeymoon Outfits and breezy Honeymoon Travel Outfit styles to chic Maldives Outfit Ideas and vibrant Cabo Outfits, these stunning Honeymoon Fits also work beautifully as Hawaii Honeymoon Outfits and Mexico Vacation Outfits. Save now!",https://theoutfititinerary.com/15-must-try-crochet-beach-outfits/,https://www.pinterest.com/pin/1100919071889958072,https://i.pinimg.com/originals/c5/ea/b1/c5eab13ef650354d4a7dc764ae2de6e4.png,"60x60: https://i.pinimg.com/60x60/c5/ea/b1/c5eab13ef650354d4a7dc764ae2de6e4.jpg
136x136: https://i.pinimg.com/136x136/c5/ea/b1/c5eab13ef650354d4a7dc764ae2de6e4.jpg
170x: https://i.pinimg.com/236x/c5/ea/b1/c5eab13ef650354d4a7dc764ae2de6e4.jpg
236x: https://i.pinimg.com/236x/c5/ea/b1/c5eab13ef650354d4a7dc764ae2de6e4.jpg
474x: https://i.pinimg.com/474x/c5/ea/b1/c5eab13ef650354d4a7dc764ae2de6e4.jpg
564x: https://i.pinimg.com/564x/c5/ea/b1/c5eab13ef650354d4a7dc764ae2de6e4.jpg
736x: https://i.pinimg.com/736x/c5/ea/b1/c5eab13ef650354d4a7dc764ae2de6e4.jpg
600x315: https://i.pinimg.com/600x315/c5/ea/b1/c5eab13ef650354d4a7dc764ae2de6e4.jpg
orig: https://i.pinimg.com/originals/c5/ea/b1/c5eab13ef650354d4a7dc764ae2de6e4.png",,,,3,0,0,0,0,0,0,Summer Outfit,https://www.pinterest.com/sarahgrady0070/summer-outfit/,,,,public,,Sarahgrady,sarahgrady0070,https://www.pinterest.com/sarahgrady0070,,,62,,,,,,2026-06-07T17:19:05.000Z,2026-06-23T17:24:51.255Z
1.10106E+18,,,,https://www.pinterest.com/pin/1101059809011676836,https://i.pinimg.com/originals/53/cf/17/53cf1758e5ccd0127d0c9010c5f3d75c.jpg,"60x60: https://i.pinimg.com/60x60/53/cf/17/53cf1758e5ccd0127d0c9010c5f3d75c.jpg
136x136: https://i.pinimg.com/136x136/53/cf/17/53cf1758e5ccd0127d0c9010c5f3d75c.jpg
170x: https://i.pinimg.com/236x/53/cf/17/53cf1758e5ccd0127d0c9010c5f3d75c.jpg
236x: https://i.pinimg.com/236x/53/cf/17/53cf1758e5ccd0127d0c9010c5f3d75c.jpg
474x: https://i.pinimg.com/474x/53/cf/17/53cf1758e5ccd0127d0c9010c5f3d75c.jpg
564x: https://i.pinimg.com/564x/53/cf/17/53cf1758e5ccd0127d0c9010c5f3d75c.jpg
736x: https://i.pinimg.com/736x/53/cf/17/53cf1758e5ccd0127d0c9010c5f3d75c.jpg
600x315: https://i.pinimg.com/600x315/53/cf/17/53cf1758e5ccd0127d0c9010c5f3d75c.jpg
orig: https://i.pinimg.com/originals/53/cf/17/53cf1758e5ccd0127d0c9010c5f3d75c.jpg",,,,8,0,0,7,0,0,0,Quick Saves,https://www.pinterest.com/tarinsilk1219/_quick_saves/,,,,public,,Brooks,tarinsilk1219,https://www.pinterest.com/tarinsilk1219,,,85,,,,,,2026-06-08T16:18:56.000Z,2026-06-23T17:28:20.709Z
1.10198E+17,"""Boho Beach Vibes ✨🌊 | Free-Spirited Fashion""","""Effortless boho chic! 🌞👗 This free-spirited beauty rocks a flowy patterned maxi skirt, off-shoulder top, and layered jewelry—perfect for a dreamy beach sunset. Barefoot in the sand, with the ocean breeze in her hair, this look is all about carefree elegance. 🌿💕 Would you wear this bohemian-inspired outfit? #BohoChic #BeachAesthetic #FreeSpiritFashion""",,https://www.pinterest.com/pin/110197522126992322,https://i.pinimg.com/originals/70/f2/1d/70f21d45fbadb92746284056f8b3cf0e.png,"60x60: https://i.pinimg.com/60x60/70/f2/1d/70f21d45fbadb92746284056f8b3cf0e.jpg
136x136: https://i.pinimg.com/136x136/70/f2/1d/70f21d45fbadb92746284056f8b3cf0e.jpg
170x: https://i.pinimg.com/236x/70/f2/1d/70f21d45fbadb92746284056f8b3cf0e.jpg
236x: https://i.pinimg.com/236x/70/f2/1d/70f21d45fbadb92746284056f8b3cf0e.jpg
474x: https://i.pinimg.com/474x/70/f2/1d/70f21d45fbadb92746284056f8b3cf0e.jpg
564x: https://i.pinimg.com/564x/70/f2/1d/70f21d45fbadb92746284056f8b3cf0e.jpg
736x: https://i.pinimg.com/736x/70/f2/1d/70f21d45fbadb92746284056f8b3cf0e.jpg
600x315: https://i.pinimg.com/600x315/70/f2/1d/70f21d45fbadb92746284056f8b3cf0e.jpg
orig: https://i.pinimg.com/originals/70/f2/1d/70f21d45fbadb92746284056f8b3cf0e.png",,,,57,0,7,25,0,0,1,My Style,https://www.pinterest.com/illonke/my-style/,,,,public,,Illonke Du Plessis,illonke,https://www.pinterest.com/illonke,,,1100,,,,,,2025-07-07T14:36:10.000Z,2026-06-23T17:21:52.791Z
1.10204E+18,"Creamy Garlic Parmesan Chicken Recipe Printable PDF, Easy Chicken Recipe, Family Dinner Recipe Digital Download, Happy Meal, Recipe Book - Etsy",Discover the ultimate comfort food with this easy-to-follow recipe for creamy garlic parmesan chicken that will impress your family and friends!,https://www.etsy.com/listing/1892340115/creamy-garlic-parmesan-chicken-recipe,https://www.pinterest.com/pin/1102044971360009400,https://i.pinimg.com/originals/a1/47/c5/a147c57dacd048ba383310825aad8402.jpg,"60x60: https://i.pinimg.com/60x60/a1/47/c5/a147c57dacd048ba383310825aad8402.jpg
136x136: https://i.pinimg.com/136x136/a1/47/c5/a147c57dacd048ba383310825aad8402.jpg
170x: https://i.pinimg.com/236x/a1/47/c5/a147c57dacd048ba383310825aad8402.jpg
236x: https://i.pinimg.com/236x/a1/47/c5/a147c57dacd048ba383310825aad8402.jpg
474x: https://i.pinimg.com/474x/a1/47/c5/a147c57dacd048ba383310825aad8402.jpg
564x: https://i.pinimg.com/564x/a1/47/c5/a147c57dacd048ba383310825aad8402.jpg
736x: https://i.pinimg.com/736x/a1/47/c5/a147c57dacd048ba383310825aad8402.jpg
600x315: https://i.pinimg.com/600x315/a1/47/c5/a147c57dacd048ba383310825aad8402.jpg
orig: https://i.pinimg.com/originals/a1/47/c5/a147c57dacd048ba383310825aad8402.jpg",,,,124,0,0,122,0,0,8,Recipes To Make,https://www.pinterest.com/LeyladRecipes/recipes-to-make/,,,,public,,Leyla Recipes,LeyladRecipes,https://www.pinterest.com/LeyladRecipes,,,23,,,,,,2026-04-14T12:09:15.000Z,2026-06-23T16:43:17.289Z
1.10226E+18,Mediterranean Beach Outfit Inspiration | Flowy Skirt & Crop Top Summer Look,"Dreaming of effortless vacation style? This beach outfit inspiration features a breezy crop top with a flowy flared skirt, woven accessories, and coastal fashion vibes perfect for summer getaways, resort wear, and vacation outfit ideas. Save this chic aesthetic for your next beach day, holiday wardrobe, or summer style mood board.",,https://www.pinterest.com/pin/1102256077578357758,https://i.pinimg.com/originals/ad/94/94/ad94943f075f0f1e48dec5aca0ef9aaf.png,"60x60: https://i.pinimg.com/60x60/ad/94/94/ad94943f075f0f1e48dec5aca0ef9aaf.jpg
136x136: https://i.pinimg.com/136x136/ad/94/94/ad94943f075f0f1e48dec5aca0ef9aaf.jpg
170x: https://i.pinimg.com/236x/ad/94/94/ad94943f075f0f1e48dec5aca0ef9aaf.jpg
236x: https://i.pinimg.com/236x/ad/94/94/ad94943f075f0f1e48dec5aca0ef9aaf.jpg
474x: https://i.pinimg.com/474x/ad/94/94/ad94943f075f0f1e48dec5aca0ef9aaf.jpg
564x: https://i.pinimg.com/564x/ad/94/94/ad94943f075f0f1e48dec5aca0ef9aaf.jpg
736x: https://i.pinimg.com/736x/ad/94/94/ad94943f075f0f1e48dec5aca0ef9aaf.jpg
600x315: https://i.pinimg.com/600x315/ad/94/94/ad94943f075f0f1e48dec5aca0ef9aaf.jpg
orig: https://i.pinimg.com/originals/ad/94/94/ad94943f075f0f1e48dec5aca0ef9aaf.png",,,,2,0,0,1,0,0,0,Ultimate Fashion Look-book,https://www.pinterest.com/Fashionbyhiba/ultimate-fashion-look-book/,,,,public,,Hiba | Aesthetic US Fashion Finds,Fashionbyhiba,https://www.pinterest.com/Fashionbyhiba,,,75,,,,,,2026-06-08T19:26:30.000Z,2026-06-23T17:24:05.547Z
1.10261E+18,,,,https://www.pinterest.com/pin/1102607921250227603,https://i.pinimg.com/originals/73/11/e1/7311e1b34057fbc60bcd6db268ea0fa1.jpg,"60x60: https://i.pinimg.com/60x60/73/11/e1/7311e1b34057fbc60bcd6db268ea0fa1.jpg
136x136: https://i.pinimg.com/136x136/73/11/e1/7311e1b34057fbc60bcd6db268ea0fa1.jpg
170x: https://i.pinimg.com/236x/73/11/e1/7311e1b34057fbc60bcd6db268ea0fa1.jpg
236x: https://i.pinimg.com/236x/73/11/e1/7311e1b34057fbc60bcd6db268ea0fa1.jpg
474x: https://i.pinimg.com/474x/73/11/e1/7311e1b34057fbc60bcd6db268ea0fa1.jpg
564x: https://i.pinimg.com/564x/73/11/e1/7311e1b34057fbc60bcd6db268ea0fa1.jpg
736x: https://i.pinimg.com/736x/73/11/e1/7311e1b34057fbc60bcd6db268ea0fa1.jpg
600x315: https://i.pinimg.com/600x315/73/11/e1/7311e1b34057fbc60bcd6db268ea0fa1.jpg
orig: https://i.pinimg.com/originals/73/11/e1/7311e1b34057fbc60bcd6db268ea0fa1.jpg",,,,619,0,53,79,0,0,0,Ganhar dinheiro em casa.,https://www.pinterest.com/agdabianchi/ganhar-dinheiro-em-casa/,,,,public,,Agda,agdabianchi,https://www.pinterest.com/agdabianchi,,,362,,,,,,2023-04-22T12:46:04.000Z,2026-06-23T17:26:44.723Z
1.10289E+18,Creamy High Protein Chicken Street Corn Salad: A Deliciously Nutritious Dinner Delight!,"Discover the ultimate fusion of flavors with this Creamy High Protein Chicken Street Corn Salad. Packed with protein and vibrant ingredients, this salad is perfect for a quick dinner or meal prep. Juicy chicken, sweet corn, and a creamy dressing come together to create a dish that’s not only satisfying but also healthy. Whether you’re looking for a refreshing meal or a hearty side, this Creamy High Protein Chicken Street Corn Salad is sure to impress. Dive into a bowl of deliciousness today!",https://savoryvillage.com/2026/05/21/creamy-high-protein-chicken-street-corn-salad/,https://www.pinterest.com/pin/1102889396316058201,https://i.pinimg.com/originals/e5/34/78/e534782093f5b6a2f39087462eb5cb6d.png,"60x60: https://i.pinimg.com/60x60/e5/34/78/e534782093f5b6a2f39087462eb5cb6d.jpg
136x136: https://i.pinimg.com/136x136/e5/34/78/e534782093f5b6a2f39087462eb5cb6d.jpg
170x: https://i.pinimg.com/236x/e5/34/78/e534782093f5b6a2f39087462eb5cb6d.jpg
236x: https://i.pinimg.com/236x/e5/34/78/e534782093f5b6a2f39087462eb5cb6d.jpg
474x: https://i.pinimg.com/474x/e5/34/78/e534782093f5b6a2f39087462eb5cb6d.jpg
564x: https://i.pinimg.com/564x/e5/34/78/e534782093f5b6a2f39087462eb5cb6d.jpg
736x: https://i.pinimg.com/736x/e5/34/78/e534782093f5b6a2f39087462eb5cb6d.jpg
600x315: https://i.pinimg.com/600x315/e5/34/78/e534782093f5b6a2f39087462eb5cb6d.jpg
orig: https://i.pinimg.com/originals/e5/34/78/e534782093f5b6a2f39087462eb5cb6d.png",,,,61,0,1,16,0,0,3,Salad  Recipes,https://www.pinterest.com/Taraa_orson/salad-recipes/,,,,public,,Easy Healthy Recipes | Quick Meals & Dinner Ideas,Taraa_orson,https://www.pinterest.com/Taraa_orson,,,2,,,,,,2026-05-22T19:02:50.000Z,2026-06-23T16:42:39.771Z
1.10296E+18,Boho Chic Beach Vacation Outfit Inspo  🌴🥥,"Tulum-inspired bikini outfit with soft tropical prints, gold jewellery, beachy textures, and effortless vacation styling. Perfect for anyone searching for boho swimwear, beach club outfits, tropical vacation looks, resort wear inspiration, and feminine summer aesthetic ideas. This look mixes romantic resortwear with barefoot luxury for the ultimate beach day mood board 🌺☀️🥥",,https://www.pinterest.com/pin/1102959765014129559,https://i.pinimg.com/originals/7c/bd/d2/7cbdd2fe0205828ac6f14a4dbcc3c320.png,"60x60: https://i.pinimg.com/60x60/7c/bd/d2/7cbdd2fe0205828ac6f14a4dbcc3c320.jpg
136x136: https://i.pinimg.com/136x136/7c/bd/d2/7cbdd2fe0205828ac6f14a4dbcc3c320.jpg
170x: https://i.pinimg.com/236x/7c/bd/d2/7cbdd2fe0205828ac6f14a4dbcc3c320.jpg
236x: https://i.pinimg.com/236x/7c/bd/d2/7cbdd2fe0205828ac6f14a4dbcc3c320.jpg
474x: https://i.pinimg.com/474x/7c/bd/d2/7cbdd2fe0205828ac6f14a4dbcc3c320.jpg
564x: https://i.pinimg.com/564x/7c/bd/d2/7cbdd2fe0205828ac6f14a4dbcc3c320.jpg
736x: https://i.pinimg.com/736x/7c/bd/d2/7cbdd2fe0205828ac6f14a4dbcc3c320.jpg
600x315: https://i.pinimg.com/600x315/7c/bd/d2/7cbdd2fe0205828ac6f14a4dbcc3c320.jpg
orig: https://i.pinimg.com/originals/7c/bd/d2/7cbdd2fe0205828ac6f14a4dbcc3c320.png",,,,1,0,0,0,0,0,0,Beach Outfit Ideas,https://www.pinterest.com/dailybaddiefits/beach-outfit-ideas/,,,,public,,DailyBaddieFits | Women's Fashion & Outfit Inspiration,dailybaddiefits,https://www.pinterest.com/dailybaddiefits,,,1,,,,,,2026-05-29T04:03:16.000Z,2026-06-23T17:24:22.091Z
1.10373E+18,Hobo Casserole Ground Beef Recipe Easy,,https://www.etsy.com/listing/4517066593/hobo-casserole-recipe-pdf-ground-beef,https://www.pinterest.com/pin/1103733821216294956,https://i.pinimg.com/originals/ab/75/d4/ab75d4c1fee1ad15940fc1bf089480b3.jpg,"60x60: https://i.pinimg.com/60x60/ab/75/d4/ab75d4c1fee1ad15940fc1bf089480b3.jpg
136x136: https://i.pinimg.com/136x136/ab/75/d4/ab75d4c1fee1ad15940fc1bf089480b3.jpg
170x: https://i.pinimg.com/236x/ab/75/d4/ab75d4c1fee1ad15940fc1bf089480b3.jpg
236x: https://i.pinimg.com/236x/ab/75/d4/ab75d4c1fee1ad15940fc1bf089480b3.jpg
474x: https://i.pinimg.com/474x/ab/75/d4/ab75d4c1fee1ad15940fc1bf089480b3.jpg
564x: https://i.pinimg.com/564x/ab/75/d4/ab75d4c1fee1ad15940fc1bf089480b3.jpg
736x: https://i.pinimg.com/736x/ab/75/d4/ab75d4c1fee1ad15940fc1bf089480b3.jpg
600x315: https://i.pinimg.com/600x315/ab/75/d4/ab75d4c1fee1ad15940fc1bf089480b3.jpg
orig: https://i.pinimg.com/originals/ab/75/d4/ab75d4c1fee1ad15940fc1bf089480b3.jpg",,,,167,0,4,166,0,0,6,Recipes to cook,https://www.pinterest.com/0tvo3k7mvqjom6547tmpxnkjv2jg6f/recipes-to-cook/,,,,public,,Isla Daduid,0tvo3k7mvqjom6547tmpxnkjv2jg6f,https://www.pinterest.com/0tvo3k7mvqjom6547tmpxnkjv2jg6f,,,49,,,,,,2026-06-05T18:28:17.000Z,2026-06-23T16:42:57.907Z
1.10373E+18,Beef and Cheese Chimichangas,,https://www.etsy.com/listing/4508478498/cheesy-garlic-chicken-wraps-recipe-easy,https://www.pinterest.com/pin/1103733821216554320,https://i.pinimg.com/originals/c0/ce/6e/c0ce6e8f41931dc26f5e0ff3e87030c8.png,"60x60: https://i.pinimg.com/60x60/c0/ce/6e/c0ce6e8f41931dc26f5e0ff3e87030c8.jpg
136x136: https://i.pinimg.com/136x136/c0/ce/6e/c0ce6e8f41931dc26f5e0ff3e87030c8.jpg
170x: https://i.pinimg.com/236x/c0/ce/6e/c0ce6e8f41931dc26f5e0ff3e87030c8.jpg
236x: https://i.pinimg.com/236x/c0/ce/6e/c0ce6e8f41931dc26f5e0ff3e87030c8.jpg
474x: https://i.pinimg.com/474x/c0/ce/6e/c0ce6e8f41931dc26f5e0ff3e87030c8.jpg
564x: https://i.pinimg.com/564x/c0/ce/6e/c0ce6e8f41931dc26f5e0ff3e87030c8.jpg
736x: https://i.pinimg.com/736x/c0/ce/6e/c0ce6e8f41931dc26f5e0ff3e87030c8.jpg
600x315: https://i.pinimg.com/600x315/c0/ce/6e/c0ce6e8f41931dc26f5e0ff3e87030c8.jpg
orig: https://i.pinimg.com/originals/c0/ce/6e/c0ce6e8f41931dc26f5e0ff3e87030c8.png",,,,180,0,6,164,0,0,5,Recipes to cook,https://www.pinterest.com/0tvo3k7mvqjom6547tmpxnkjv2jg6f/recipes-to-cook/,,,,public,,Isla Daduid,0tvo3k7mvqjom6547tmpxnkjv2jg6f,https://www.pinterest.com/0tvo3k7mvqjom6547tmpxnkjv2jg6f,,,49,,,,,,2026-06-09T16:01:55.000Z,2026-06-23T16:38:18.229Z
1.10373E+18,Easy Coconut Chicken Rice Bowl Recipe for Dinner,,https://www.etsy.com/listing/4519694599/easy-coconut-chicken-rice-bowl-recipe,https://www.pinterest.com/pin/1103733821216633282,https://i.pinimg.com/originals/d9/2b/f9/d92bf93631eb11cbc22b757e429c51b0.jpg,"60x60: https://i.pinimg.com/60x60/d9/2b/f9/d92bf93631eb11cbc22b757e429c51b0.jpg
136x136: https://i.pinimg.com/136x136/d9/2b/f9/d92bf93631eb11cbc22b757e429c51b0.jpg
170x: https://i.pinimg.com/236x/d9/2b/f9/d92bf93631eb11cbc22b757e429c51b0.jpg
236x: https://i.pinimg.com/236x/d9/2b/f9/d92bf93631eb11cbc22b757e429c51b0.jpg
474x: https://i.pinimg.com/474x/d9/2b/f9/d92bf93631eb11cbc22b757e429c51b0.jpg
564x: https://i.pinimg.com/564x/d9/2b/f9/d92bf93631eb11cbc22b757e429c51b0.jpg
736x: https://i.pinimg.com/736x/d9/2b/f9/d92bf93631eb11cbc22b757e429c51b0.jpg
600x315: https://i.pinimg.com/600x315/d9/2b/f9/d92bf93631eb11cbc22b757e429c51b0.jpg
orig: https://i.pinimg.com/originals/d9/2b/f9/d92bf93631eb11cbc22b757e429c51b0.jpg",,,,3116,0,19,2899,0,0,107,Recipes to cook,https://www.pinterest.com/0tvo3k7mvqjom6547tmpxnkjv2jg6f/recipes-to-cook/,,,,public,,Isla Daduid,0tvo3k7mvqjom6547tmpxnkjv2jg6f,https://www.pinterest.com/0tvo3k7mvqjom6547tmpxnkjv2jg6f,,,49,,,,,,2026-06-10T18:19:39.000Z,2026-06-23T16:38:17.806Z
1.10409E+17,Can’t believe summer 24 is over 🌊☀️,Not mine,,https://www.pinterest.com/pin/110408628363308521,https://i.pinimg.com/originals/4d/fd/06/4dfd062699a4be18a2ac69a99244af1c.jpg,"60x60: https://i.pinimg.com/60x60/4d/fd/06/4dfd062699a4be18a2ac69a99244af1c.jpg
136x136: https://i.pinimg.com/136x136/4d/fd/06/4dfd062699a4be18a2ac69a99244af1c.jpg
170x: https://i.pinimg.com/236x/4d/fd/06/4dfd062699a4be18a2ac69a99244af1c.jpg
236x: https://i.pinimg.com/236x/4d/fd/06/4dfd062699a4be18a2ac69a99244af1c.jpg
474x: https://i.pinimg.com/474x/4d/fd/06/4dfd062699a4be18a2ac69a99244af1c.jpg
564x: https://i.pinimg.com/564x/4d/fd/06/4dfd062699a4be18a2ac69a99244af1c.jpg
736x: https://i.pinimg.com/736x/4d/fd/06/4dfd062699a4be18a2ac69a99244af1c.jpg
600x315: https://i.pinimg.com/600x315/4d/fd/06/4dfd062699a4be18a2ac69a99244af1c.jpg
orig: https://i.pinimg.com/originals/4d/fd/06/4dfd062699a4be18a2ac69a99244af1c.jpg",,,V_HLSV3_MOBILE: https://v1.pinimg.com/videos/iht/hls/1a/2b/f0/1a2bf034d172212da2511d0574a2af0f.m3u8,13,0,6,1,0,0,0,My Style,https://www.pinterest.com/hollyeunice/my-style/,,,,public,,Holly Eunice,hollyeunice,https://www.pinterest.com/hollyeunice,,,207,,,,,,2026-05-16T12:42:01.000Z,2026-06-23T17:28:32.784Z
1.10416E+18,Spicy Portuguese Peri Peri Chicken: A Flavor Explosion on Your Plate!,"Elevate your dinner game with this flavorful Peri Peri Chicken recipe inspired by Portuguese cuisine! Learn how to marinate, grill, and serve this delicious dish. Perfect for a family dinner or summer BBQ. #PeriPeriChicken #PortugueseCuisine #GrilledChicken #RecipeIdeas #DinnerInspiration",,https://www.pinterest.com/pin/1104156033664930527,https://i.pinimg.com/originals/32/dd/e3/32dde3124395420c31a3f4e0fb806a2c.png,"60x60: https://i.pinimg.com/60x60/32/dd/e3/32dde3124395420c31a3f4e0fb806a2c.jpg
136x136: https://i.pinimg.com/136x136/32/dd/e3/32dde3124395420c31a3f4e0fb806a2c.jpg
170x: https://i.pinimg.com/236x/32/dd/e3/32dde3124395420c31a3f4e0fb806a2c.jpg
236x: https://i.pinimg.com/236x/32/dd/e3/32dde3124395420c31a3f4e0fb806a2c.jpg
474x: https://i.pinimg.com/474x/32/dd/e3/32dde3124395420c31a3f4e0fb806a2c.jpg
564x: https://i.pinimg.com/564x/32/dd/e3/32dde3124395420c31a3f4e0fb806a2c.jpg
736x: https://i.pinimg.com/736x/32/dd/e3/32dde3124395420c31a3f4e0fb806a2c.jpg
600x315: https://i.pinimg.com/600x315/32/dd/e3/32dde3124395420c31a3f4e0fb806a2c.jpg
orig: https://i.pinimg.com/originals/32/dd/e3/32dde3124395420c31a3f4e0fb806a2c.png",,,,515,0,6,328,0,0,7,Ethnic Foods (not Mexican),https://www.pinterest.com/cuppingwithkaia/ethnic-foods-not-mexican/,,,,public,,Athletic Cupping by Dr. Kaia Storm | Recovery & Body Wellness,cuppingwithkaia,https://www.pinterest.com/cuppingwithkaia,,,293,,,,,,2026-02-08T14:46:58.000Z,2026-06-23T16:39:12.681Z
1.1043E+18,🌿Trendy Boho Maxi Dress | Off Shoulder Puff Sleeve Ruffle Dress for Beach & Vacation,"Dreamy boho style with charming off-shoulder and puffy ruffled sleeves. Elastic waist and flowy fabric ensure freedom of movement. Light and romantic, your go-to choice for beach days and vacation travels.",https://www.plustide.com/%F0%9F%8C%BFTrendy-Boho-Maxi-Dress-Off-Shoulder-Puff-Sleeve-Ruffle-Dress-for-Beach-Vacation-p29093429.html,https://www.pinterest.com/pin/1104296771662117247,https://i.pinimg.com/originals/f8/0e/2d/f80e2de237acce800c0f98d79ef41a51.jpg,"60x60: https://i.pinimg.com/60x60/f8/0e/2d/f80e2de237acce800c0f98d79ef41a51.jpg
136x136: https://i.pinimg.com/136x136/f8/0e/2d/f80e2de237acce800c0f98d79ef41a51.jpg
170x: https://i.pinimg.com/236x/f8/0e/2d/f80e2de237acce800c0f98d79ef41a51.jpg
236x: https://i.pinimg.com/236x/f8/0e/2d/f80e2de237acce800c0f98d79ef41a51.jpg
474x: https://i.pinimg.com/474x/f8/0e/2d/f80e2de237acce800c0f98d79ef41a51.jpg
564x: https://i.pinimg.com/564x/f8/0e/2d/f80e2de237acce800c0f98d79ef41a51.jpg
736x: https://i.pinimg.com/736x/f8/0e/2d/f80e2de237acce800c0f98d79ef41a51.jpg
600x315: https://i.pinimg.com/600x315/f8/0e/2d/f80e2de237acce800c0f98d79ef41a51.jpg
orig: https://i.pinimg.com/originals/f8/0e/2d/f80e2de237acce800c0f98d79ef41a51.jpg",https://v1.pinimg.com/videos/iht/expMp4/bb/b3/2d/bbb32d7dfff2388aa4c6a12cd843f0f2_720w.mp4,"V_720P: https://v1.pinimg.com/videos/iht/expMp4/bb/b3/2d/bbb32d7dfff2388aa4c6a12cd843f0f2_720w.mp4
V_HLSV4: https://v1.pinimg.com/videos/iht/hls/bb/b3/2d/bbb32d7dfff2388aa4c6a12cd843f0f2.m3u8
V_HLSV3_MOBILE: https://v1.pinimg.com/videos/iht/hls/bb/b3/2d/bbb32d7dfff2388aa4c6a12cd843f0f2.m3u8",,37,0,12,28,0,0,3,Женские летние платья,https://www.pinterest.com/kuzmiludmila1961/%D0%B6%D0%B5%D0%BD%D1%81%D0%BA%D0%B8%D0%B5-%D0%BB%D0%B5%D1%82%D0%BD%D0%B8%D0%B5-%D0%BF%D0%BB%D0%B0%D1%82%D1%8C%D1%8F/,,,,public,,Ludmila,kuzmiludmila1961,https://www.pinterest.com/kuzmiludmila1961,,,22,,,,,,2026-06-13T22:00:15.000Z,2026-06-23T17:23:13.863Z
1.10458E+18,Aerie Off-The-Shoulder Relaxed T-Shirt,A new fit in our classic soft & cozy feel!,https://www.ae.com/us/en/p/aerie/tops/t-shirts/aerie-off-the-shoulder-relaxed-tee/5494_4197_717,https://www.pinterest.com/pin/1104578246130763259,https://i.pinimg.com/originals/37/fd/d6/37fdd66cf8a17b0c486875251a351b25.jpg,"60x60: https://i.pinimg.com/60x60/37/fd/d6/37fdd66cf8a17b0c486875251a351b25.jpg
136x136: https://i.pinimg.com/136x136/37/fd/d6/37fdd66cf8a17b0c486875251a351b25.jpg
170x: https://i.pinimg.com/236x/37/fd/d6/37fdd66cf8a17b0c486875251a351b25.jpg
236x: https://i.pinimg.com/236x/37/fd/d6/37fdd66cf8a17b0c486875251a351b25.jpg
474x: https://i.pinimg.com/474x/37/fd/d6/37fdd66cf8a17b0c486875251a351b25.jpg
564x: https://i.pinimg.com/564x/37/fd/d6/37fdd66cf8a17b0c486875251a351b25.jpg
736x: https://i.pinimg.com/736x/37/fd/d6/37fdd66cf8a17b0c486875251a351b25.jpg
600x315: https://i.pinimg.com/600x315/37/fd/d6/37fdd66cf8a17b0c486875251a351b25.jpg
orig: https://i.pinimg.com/originals/37/fd/d6/37fdd66cf8a17b0c486875251a351b25.jpg",,,,3,0,0,2,0,0,0,Products you tagged,https://www.pinterest.com/cobriannanicole/_products_you_tagged/,,,,protected,,Brianna Nicole,cobriannanicole,https://www.pinterest.com/cobriannanicole,,,0,,,,,,2026-06-01T16:27:32.000Z,2026-06-23T17:21:28.566Z
1.10465E+18,,,,https://www.pinterest.com/pin/1104648614836803095,https://i.pinimg.com/originals/ee/2b/3c/ee2b3c3c3067724fdc67bd63c48d62e2.jpg,"60x60: https://i.pinimg.com/60x60/ee/2b/3c/ee2b3c3c3067724fdc67bd63c48d62e2.jpg
136x136: https://i.pinimg.com/136x136/ee/2b/3c/ee2b3c3c3067724fdc67bd63c48d62e2.jpg
170x: https://i.pinimg.com/236x/ee/2b/3c/ee2b3c3c3067724fdc67bd63c48d62e2.jpg
236x: https://i.pinimg.com/236x/ee/2b/3c/ee2b3c3c3067724fdc67bd63c48d62e2.jpg
474x: https://i.pinimg.com/474x/ee/2b/3c/ee2b3c3c3067724fdc67bd63c48d62e2.jpg
564x: https://i.pinimg.com/564x/ee/2b/3c/ee2b3c3c3067724fdc67bd63c48d62e2.jpg
736x: https://i.pinimg.com/736x/ee/2b/3c/ee2b3c3c3067724fdc67bd63c48d62e2.jpg
600x315: https://i.pinimg.com/600x315/ee/2b/3c/ee2b3c3c3067724fdc67bd63c48d62e2.jpg
orig: https://i.pinimg.com/originals/ee/2b/3c/ee2b3c3c3067724fdc67bd63c48d62e2.jpg",https://v1.pinimg.com/videos/mc/720p/08/56/0f/08560fd521b3e79896079ded3f840984.mp4,"V_720P: https://v1.pinimg.com/videos/mc/720p/08/56/0f/08560fd521b3e79896079ded3f840984.mp4
V_HLSV4: https://v1.pinimg.com/videos/mc/hls/08/56/0f/08560fd521b3e79896079ded3f840984.m3u8
V_HLSV3_MOBILE: https://v1.pinimg.com/videos/mc/hls/08/56/0f/08560fd521b3e79896079ded3f840984.m3u8",,431,1,73,4,5,0,0,FASHION!,https://www.pinterest.com/LUVXDARCY/fashion/,,,,public,,Darcy,LUVXDARCY,https://www.pinterest.com/LUVXDARCY,,,131,,,,,,2022-08-01T08:42:58.000Z,2026-06-23T17:28:04.665Z
1.10479E+18,Summer outfits,The best outfits for summer ☀️,,https://www.pinterest.com/pin/1104789352346063945,https://i.pinimg.com/originals/ad/9d/bb/ad9dbb3a36298bbfed6a583c08566ceb.jpg,"60x60: https://i.pinimg.com/60x60/ad/9d/bb/ad9dbb3a36298bbfed6a583c08566ceb.jpg
136x136: https://i.pinimg.com/136x136/ad/9d/bb/ad9dbb3a36298bbfed6a583c08566ceb.jpg
170x: https://i.pinimg.com/236x/ad/9d/bb/ad9dbb3a36298bbfed6a583c08566ceb.jpg
236x: https://i.pinimg.com/236x/ad/9d/bb/ad9dbb3a36298bbfed6a583c08566ceb.jpg
474x: https://i.pinimg.com/474x/ad/9d/bb/ad9dbb3a36298bbfed6a583c08566ceb.jpg
564x: https://i.pinimg.com/564x/ad/9d/bb/ad9dbb3a36298bbfed6a583c08566ceb.jpg
736x: https://i.pinimg.com/736x/ad/9d/bb/ad9dbb3a36298bbfed6a583c08566ceb.jpg
600x315: https://i.pinimg.com/600x315/ad/9d/bb/ad9dbb3a36298bbfed6a583c08566ceb.jpg
orig: https://i.pinimg.com/originals/ad/9d/bb/ad9dbb3a36298bbfed6a583c08566ceb.jpg",,,,3130,0,267,444,2,0,2,Outfit,https://www.pinterest.com/louvdebdx/outfit/,,,,public,,louise 🍸🐆🪩,louvdebdx,https://www.pinterest.com/louvdebdx,,,131,,,,,,2025-04-13T06:27:44.000Z,2026-06-23T17:28:37.131Z
1.1048E+16,,,,https://www.pinterest.com/pin/11047961580377216,https://i.pinimg.com/originals/9c/46/ba/9c46ba3d07c2b514a7fbdf02084dcb56.jpg,"60x60: https://i.pinimg.com/60x60/9c/46/ba/9c46ba3d07c2b514a7fbdf02084dcb56.jpg
136x136: https://i.pinimg.com/136x136/9c/46/ba/9c46ba3d07c2b514a7fbdf02084dcb56.jpg
170x: https://i.pinimg.com/236x/9c/46/ba/9c46ba3d07c2b514a7fbdf02084dcb56.jpg
236x: https://i.pinimg.com/236x/9c/46/ba/9c46ba3d07c2b514a7fbdf02084dcb56.jpg
474x: https://i.pinimg.com/474x/9c/46/ba/9c46ba3d07c2b514a7fbdf02084dcb56.jpg
564x: https://i.pinimg.com/564x/9c/46/ba/9c46ba3d07c2b514a7fbdf02084dcb56.jpg
736x: https://i.pinimg.com/736x/9c/46/ba/9c46ba3d07c2b514a7fbdf02084dcb56.jpg
600x315: https://i.pinimg.com/600x315/9c/46/ba/9c46ba3d07c2b514a7fbdf02084dcb56.jpg
orig: https://i.pinimg.com/originals/9c/46/ba/9c46ba3d07c2b514a7fbdf02084dcb56.jpg",,,,1160,0,41,723,5,0,4,My Style,https://www.pinterest.com/amandadianne67/my-style/,,,,public,womens_fashion,Amanda Bennett,amandadianne67,https://www.pinterest.com/amandadianne67,,,85,,,,,,2024-04-03T04:21:18.000Z,2026-06-23T17:28:41.969Z
1.1048E+16,50 Beach Outfit Ideas to Copy for Effortless Summer Style!,"Discover 50 chic and trendy beach outfit ideas to inspire your summer wardrobe! From breezy dresses to stylish swimwear combinations, find your perfect beach look here. Whether you prefer boho vibes or classic elegance, these outfit ideas will have you beach-ready in no time. beach outfits, casual beach outfits, beach vacation outfits, beach outfit inspiration, outfits to wear to the beach, outfits to wear to the beach at night, summer vacation outfits, beach outfits for women, beach outfits teenager, beach outfits black girl, beach outfits women plus size, beach outfits women dresses, cool beach outfits, beach style outfit, cute beach outfits, beach looks outfits, beach vibe outfits, chic beach outfit, beach clothes aesthetic",https://bestlovelybags.blogspot.com/2024/01/beach-outfits.html,https://www.pinterest.com/pin/11047961580527857,https://i.pinimg.com/originals/5c/41/0a/5c410ad36460397f25ebfa59bdb9fa3a.png,"60x60: https://i.pinimg.com/60x60/5c/41/0a/5c410ad36460397f25ebfa59bdb9fa3a.jpg
136x136: https://i.pinimg.com/136x136/5c/41/0a/5c410ad36460397f25ebfa59bdb9fa3a.jpg
170x: https://i.pinimg.com/236x/5c/41/0a/5c410ad36460397f25ebfa59bdb9fa3a.jpg
236x: https://i.pinimg.com/236x/5c/41/0a/5c410ad36460397f25ebfa59bdb9fa3a.jpg
474x: https://i.pinimg.com/474x/5c/41/0a/5c410ad36460397f25ebfa59bdb9fa3a.jpg
564x: https://i.pinimg.com/564x/5c/41/0a/5c410ad36460397f25ebfa59bdb9fa3a.jpg
736x: https://i.pinimg.com/736x/5c/41/0a/5c410ad36460397f25ebfa59bdb9fa3a.jpg
600x315: https://i.pinimg.com/600x315/5c/41/0a/5c410ad36460397f25ebfa59bdb9fa3a.jpg
orig: https://i.pinimg.com/originals/5c/41/0a/5c410ad36460397f25ebfa59bdb9fa3a.png",,,,22,0,0,1,0,0,0,Christmas Crusin'🌲✈🚢,https://www.pinterest.com/MrsRannells/christmas-crusin/,,,,public,,Laura Yost-Rannells,MrsRannells,https://www.pinterest.com/MrsRannells,,,1373,,,,,,2024-05-26T15:27:20.000Z,2026-06-23T17:15:08.839Z
1.1048E+16,Saída de praia: 30 inspirações para você testar - Guita Moda,Saída de praia: 30 inspirações para você testar - Guita Moda,https://guitamoda.com/2020/01/saida-de-praia-30-inspiracoes.html,https://www.pinterest.com/pin/11047961581993401,https://i.pinimg.com/originals/83/65/55/836555bb1c766796dea1d8f4d8710734.jpg,"60x60: https://i.pinimg.com/60x60/83/65/55/836555bb1c766796dea1d8f4d8710734.jpg
136x136: https://i.pinimg.com/136x136/83/65/55/836555bb1c766796dea1d8f4d8710734.jpg
170x: https://i.pinimg.com/236x/83/65/55/836555bb1c766796dea1d8f4d8710734.jpg
236x: https://i.pinimg.com/236x/83/65/55/836555bb1c766796dea1d8f4d8710734.jpg
474x: https://i.pinimg.com/474x/83/65/55/836555bb1c766796dea1d8f4d8710734.jpg
564x: https://i.pinimg.com/564x/83/65/55/836555bb1c766796dea1d8f4d8710734.jpg
736x: https://i.pinimg.com/736x/83/65/55/836555bb1c766796dea1d8f4d8710734.jpg
600x315: https://i.pinimg.com/600x315/83/65/55/836555bb1c766796dea1d8f4d8710734.jpg
orig: https://i.pinimg.com/originals/83/65/55/836555bb1c766796dea1d8f4d8710734.jpg",,,,1260,0,4,16,0,0,4,Pareo,https://www.pinterest.com/aasratashvili/pareo/,,,,public,,Ana Asratashvili,aasratashvili,https://www.pinterest.com/aasratashvili,,,8,,,,,,2025-06-25T08:51:57.000Z,2026-06-23T17:14:01.449Z
1.10493E+18,35 beach vacation outfits for women chic resort ready look,"35 beach vacation outfits for women feature chic resort-ready looks, stylish cover-ups, flowy maxi dresses, linen sets, swimsuits, tropical vacation wear, and effortless summer fashion. Discover coastal style inspiration, vacation outfit ideas, beachwear trends, travel wardrobe essentials, elegant resort outfits, and warm-weather fashion tips.",,https://www.pinterest.com/pin/1104930089872493159,https://i.pinimg.com/originals/f4/56/d6/f456d628542fa252c7a0e0d9b3324b99.jpg,"60x60: https://i.pinimg.com/60x60/f4/56/d6/f456d628542fa252c7a0e0d9b3324b99.jpg
136x136: https://i.pinimg.com/136x136/f4/56/d6/f456d628542fa252c7a0e0d9b3324b99.jpg
170x: https://i.pinimg.com/236x/f4/56/d6/f456d628542fa252c7a0e0d9b3324b99.jpg
236x: https://i.pinimg.com/236x/f4/56/d6/f456d628542fa252c7a0e0d9b3324b99.jpg
474x: https://i.pinimg.com/474x/f4/56/d6/f456d628542fa252c7a0e0d9b3324b99.jpg
564x: https://i.pinimg.com/564x/f4/56/d6/f456d628542fa252c7a0e0d9b3324b99.jpg
736x: https://i.pinimg.com/736x/f4/56/d6/f456d628542fa252c7a0e0d9b3324b99.jpg
600x315: https://i.pinimg.com/600x315/f4/56/d6/f456d628542fa252c7a0e0d9b3324b99.jpg
orig: https://i.pinimg.com/originals/f4/56/d6/f456d628542fa252c7a0e0d9b3324b99.jpg",,,,1,0,0,0,0,0,0,Resort Wear Outfit Ideas,https://www.pinterest.com/ndukweay/resort-wear-outfit-ideas/,,,,public,,Healthy Kitchen Meals,ndukweay,https://www.pinterest.com/ndukweay,,,19,,,,,,2026-06-15T06:08:57.000Z,2026-06-23T17:12:53.290Z
1.10507E+18,White Boho Dresses for Dreamy Summer Beach Vacation Outfits,"Discover the prettiest white boho dresses for summer beach vacations, coastal getaways, and effortless bohemian style. These flowy white dresses are perfect for vacation outfits, beach photos, brunch, and warm-weather styling inspiration. Save these dreamy summer outfit ideas for your next trip. **As an Amazon associate I earn commission on items purchased through my links, at no extra cost to you!**",https://amzlink.to/az01j6hsiC8HU,https://www.pinterest.com/pin/1105070827340217365,https://i.pinimg.com/originals/31/be/c5/31bec562f8120b4ea6fabcbadedc95b1.png,"60x60: https://i.pinimg.com/60x60/31/be/c5/31bec562f8120b4ea6fabcbadedc95b1.jpg
136x136: https://i.pinimg.com/136x136/31/be/c5/31bec562f8120b4ea6fabcbadedc95b1.jpg
170x: https://i.pinimg.com/236x/31/be/c5/31bec562f8120b4ea6fabcbadedc95b1.jpg
236x: https://i.pinimg.com/236x/31/be/c5/31bec562f8120b4ea6fabcbadedc95b1.jpg
474x: https://i.pinimg.com/474x/31/be/c5/31bec562f8120b4ea6fabcbadedc95b1.jpg
564x: https://i.pinimg.com/564x/31/be/c5/31bec562f8120b4ea6fabcbadedc95b1.jpg
736x: https://i.pinimg.com/736x/31/be/c5/31bec562f8120b4ea6fabcbadedc95b1.jpg
600x315: https://i.pinimg.com/600x315/31/be/c5/31bec562f8120b4ea6fabcbadedc95b1.jpg
orig: https://i.pinimg.com/originals/31/be/c5/31bec562f8120b4ea6fabcbadedc95b1.png",,,,1,0,0,0,0,0,0,Boho Summer Fashion & Beach Outfit Ideas,https://www.pinterest.com/TheFarmhouseIntrovert/boho-summer-fashion-beach-outfit-ideas/,,,,public,,TheFarmhouseIntrovert,TheFarmhouseIntrovert,https://www.pinterest.com/TheFarmhouseIntrovert,,,2,,,,,,2026-05-31T12:17:31.000Z,2026-06-23T17:22:13.399Z
1.10514E+18,Ocean Breeze Two-Piece Beach Set,"This effortlessly chic two-piece ensemble captures the serene beauty of the sea with its soft blue, watercolor-inspired print. The cropped top features a flattering sweetheart neckline with gentle ruching at the center, complemented by off-shoulder sheer sleeves that flow gracefully with every movement.
Paired with a matching high-slit wrap skirt, the design adds a touch of allure while maintaining an airy, relaxed vibe. The skirt is elegantly tied at the waist with a soft knot detail, allowing adjustable comfort and a flattering fit.
Lightweight and breezy, this outfit is perfect for beach getaways, tropical vacations, or sunset strolls by the shore. Styled with a wide-brim straw hat and delicate accessories, it creates a dreamy, coastal-inspired look that feels both feminine ,refreshing",https://payhip.com/b/uqd4j,https://www.pinterest.com/pin/1105141196091849812,https://i.pinimg.com/originals/63/a6/3e/63a63e12469a78efe489723048dc6e75.jpg,"60x60: https://i.pinimg.com/60x60/63/a6/3e/63a63e12469a78efe489723048dc6e75.jpg
136x136: https://i.pinimg.com/136x136/63/a6/3e/63a63e12469a78efe489723048dc6e75.jpg
170x: https://i.pinimg.com/236x/63/a6/3e/63a63e12469a78efe489723048dc6e75.jpg
236x: https://i.pinimg.com/236x/63/a6/3e/63a63e12469a78efe489723048dc6e75.jpg
474x: https://i.pinimg.com/474x/63/a6/3e/63a63e12469a78efe489723048dc6e75.jpg
564x: https://i.pinimg.com/564x/63/a6/3e/63a63e12469a78efe489723048dc6e75.jpg
736x: https://i.pinimg.com/736x/63/a6/3e/63a63e12469a78efe489723048dc6e75.jpg
600x315: https://i.pinimg.com/600x315/63/a6/3e/63a63e12469a78efe489723048dc6e75.jpg
orig: https://i.pinimg.com/originals/63/a6/3e/63a63e12469a78efe489723048dc6e75.jpg",,,,251,0,24,244,0,0,32,Pins by you,https://www.pinterest.com/hdfitdesigns/_quick_creates/,,,,public,,hdfitdesigns,hdfitdesigns,https://www.pinterest.com/hdfitdesigns,,,1,,,,,,2026-05-02T17:37:51.000Z,2026-06-23T17:13:38.122Z
1.10528E+18,Boho Beach Kimono for an Easy Summer Layer,"A flowy boho beach kimono idea for summer vacation, poolside days, beach outfits, or an easy lightweight layer over swimwear. Style it with a straw tote, sandals, and soft gold accessories for a relaxed resort-ready look. #amazonfashion #beachkimono #beachcoverup #bohostyle #summeroutfit #resortwear #vacationoutfit #beachstyle #amazonfinds #affiliatelink",https://www.amazon.com/dp/B07KZP7XZM?tag=hisasololivin-20,https://www.pinterest.com/pin/1105281933573600520,https://i.pinimg.com/originals/4d/1c/1e/4d1c1e281b80d38dfcbeacc2d50d8599.png,"60x60: https://i.pinimg.com/60x60/4d/1c/1e/4d1c1e281b80d38dfcbeacc2d50d8599.jpg
136x136: https://i.pinimg.com/136x136/4d/1c/1e/4d1c1e281b80d38dfcbeacc2d50d8599.jpg
170x: https://i.pinimg.com/236x/4d/1c/1e/4d1c1e281b80d38dfcbeacc2d50d8599.jpg
236x: https://i.pinimg.com/236x/4d/1c/1e/4d1c1e281b80d38dfcbeacc2d50d8599.jpg
474x: https://i.pinimg.com/474x/4d/1c/1e/4d1c1e281b80d38dfcbeacc2d50d8599.jpg
564x: https://i.pinimg.com/564x/4d/1c/1e/4d1c1e281b80d38dfcbeacc2d50d8599.jpg
736x: https://i.pinimg.com/736x/4d/1c/1e/4d1c1e281b80d38dfcbeacc2d50d8599.jpg
600x315: https://i.pinimg.com/600x315/4d/1c/1e/4d1c1e281b80d38dfcbeacc2d50d8599.jpg
orig: https://i.pinimg.com/originals/4d/1c/1e/4d1c1e281b80d38dfcbeacc2d50d8599.png",,,,1,0,0,0,0,0,0,Summer Outfit Ideas,https://www.pinterest.com/hisajapansololife/summer-outfit-ideas/,,,,public,,Hisa Aesthetic Finds,hisajapansololife,https://www.pinterest.com/hisajapansololife,,,27,,,,,,2026-06-11T02:33:02.000Z,2026-06-23T17:22:10.381Z
1.10563E+18,Volume Maxed Knit Top Cotton Candy Stripe,"Island attire perfected. The Volume Maxed Knit Top in otton Candy Stripe features thin adjustable shoulder straps, a flattering scoop neckline, and a fitted silhouette in soft knit with a bold stripe pattern. Pair with the matching Volume Maxed Knit Booty Shorts, sandals, and sunnies for a chic, sun-soaked look.",https://whitefoxboutique.com/products/volume-maxed-knit-top-cotton-candy-stripe,https://www.pinterest.com/pin/1105633777361967786,https://i.pinimg.com/originals/de/c3/10/dec310f51e5b3b2f19a5005e527bf08a.jpg,"60x60: https://i.pinimg.com/60x60/de/c3/10/dec310f51e5b3b2f19a5005e527bf08a.jpg
136x136: https://i.pinimg.com/136x136/de/c3/10/dec310f51e5b3b2f19a5005e527bf08a.jpg
170x: https://i.pinimg.com/236x/de/c3/10/dec310f51e5b3b2f19a5005e527bf08a.jpg
236x: https://i.pinimg.com/236x/de/c3/10/dec310f51e5b3b2f19a5005e527bf08a.jpg
474x: https://i.pinimg.com/474x/de/c3/10/dec310f51e5b3b2f19a5005e527bf08a.jpg
564x: https://i.pinimg.com/564x/de/c3/10/dec310f51e5b3b2f19a5005e527bf08a.jpg
736x: https://i.pinimg.com/736x/de/c3/10/dec310f51e5b3b2f19a5005e527bf08a.jpg
600x315: https://i.pinimg.com/600x315/de/c3/10/dec310f51e5b3b2f19a5005e527bf08a.jpg
orig: https://i.pinimg.com/originals/de/c3/10/dec310f51e5b3b2f19a5005e527bf08a.jpg",,,,37,0,0,37,0,0,0,Bahamas clothes,https://www.pinterest.com/arabellenachman18/bahamas-clothes/,,,,public,,Arabelle,arabellenachman18,https://www.pinterest.com/arabellenachman18,,,0,,,,,,2026-03-18T12:21:50.000Z,2026-06-23T17:29:36.275Z
1.1062E+18,"Summer Neutral Outfit — Rust Cami, Beige Shorts & Sandals","The perfect summer neutral outfit formula: rust satin cami + high-waisted pleated beige shorts + strappy brown sandals. Add a cream crossbody bag and gold necklace for an effortless summer vacation look that works for beach days, brunch, and everyday wear.",,https://www.pinterest.com/pin/1106196727249594171,https://i.pinimg.com/originals/d6/32/8d/d6328dd1d4753a4271deb85960fc75ff.png,"60x60: https://i.pinimg.com/60x60/d6/32/8d/d6328dd1d4753a4271deb85960fc75ff.jpg
136x136: https://i.pinimg.com/136x136/d6/32/8d/d6328dd1d4753a4271deb85960fc75ff.jpg
170x: https://i.pinimg.com/236x/d6/32/8d/d6328dd1d4753a4271deb85960fc75ff.jpg
236x: https://i.pinimg.com/236x/d6/32/8d/d6328dd1d4753a4271deb85960fc75ff.jpg
474x: https://i.pinimg.com/474x/d6/32/8d/d6328dd1d4753a4271deb85960fc75ff.jpg
564x: https://i.pinimg.com/564x/d6/32/8d/d6328dd1d4753a4271deb85960fc75ff.jpg
736x: https://i.pinimg.com/736x/d6/32/8d/d6328dd1d4753a4271deb85960fc75ff.jpg
600x315: https://i.pinimg.com/600x315/d6/32/8d/d6328dd1d4753a4271deb85960fc75ff.jpg
orig: https://i.pinimg.com/originals/d6/32/8d/d6328dd1d4753a4271deb85960fc75ff.png",,,,3,0,1,2,0,0,0,Summer Outfits 2026 - Outfit Ideas & Inspo,https://www.pinterest.com/VelvetNVibe/summer-outfits-2026-outfit-ideas-inspo/,,,,public,,Velvet & Vibe,VelvetNVibe,https://www.pinterest.com/VelvetNVibe,,,18,,,,,,2026-06-08T20:05:29.000Z,2026-06-23T17:12:23.982Z
1.1069E+18,,,,https://www.pinterest.com/pin/1106900414696380290,https://i.pinimg.com/originals/29/46/fb/2946fb31e1818ffd2a45c7fff8c35f28.jpg,"60x60: https://i.pinimg.com/60x60/29/46/fb/2946fb31e1818ffd2a45c7fff8c35f28.jpg
136x136: https://i.pinimg.com/136x136/29/46/fb/2946fb31e1818ffd2a45c7fff8c35f28.jpg
170x: https://i.pinimg.com/236x/29/46/fb/2946fb31e1818ffd2a45c7fff8c35f28.jpg
236x: https://i.pinimg.com/236x/29/46/fb/2946fb31e1818ffd2a45c7fff8c35f28.jpg
474x: https://i.pinimg.com/474x/29/46/fb/2946fb31e1818ffd2a45c7fff8c35f28.jpg
564x: https://i.pinimg.com/564x/29/46/fb/2946fb31e1818ffd2a45c7fff8c35f28.jpg
736x: https://i.pinimg.com/736x/29/46/fb/2946fb31e1818ffd2a45c7fff8c35f28.jpg
600x315: https://i.pinimg.com/600x315/29/46/fb/2946fb31e1818ffd2a45c7fff8c35f28.jpg
orig: https://i.pinimg.com/originals/29/46/fb/2946fb31e1818ffd2a45c7fff8c35f28.jpg",,,,16,0,1,13,0,0,2,. . Endless Summer . Color Collection . .,https://www.pinterest.com/archuenatorautumnnight/endless-summer-color-collection/,,,,public,,• Amber Night •,archuenatorautumnnight,https://www.pinterest.com/archuenatorautumnnight,,,278,,,,,,2026-05-09T17:12:08.000Z,2026-06-23T17:13:43.665Z
1.1076E+18,17 Beach Outfits You’ll Wear On Repeat All Summer,"Going on a beach vacation with your besties? These beach outfits will keep you looking stylish, chic and seriously flirty while you step out for cocktail hour at the beach our lounge around in the sun. Think beach , bikini, chic maxi dress, crochet coverup and trendy swimsuits.",https://truefemininediaries.com/17-beach-outfits-youll-wear-on-repeat-all-summer/,https://www.pinterest.com/pin/1107604102132291856,https://i.pinimg.com/originals/0f/a2/d6/0fa2d690d89041d058784653826b4490.png,"60x60: https://i.pinimg.com/60x60/0f/a2/d6/0fa2d690d89041d058784653826b4490.jpg
136x136: https://i.pinimg.com/136x136/0f/a2/d6/0fa2d690d89041d058784653826b4490.jpg
170x: https://i.pinimg.com/236x/0f/a2/d6/0fa2d690d89041d058784653826b4490.jpg
236x: https://i.pinimg.com/236x/0f/a2/d6/0fa2d690d89041d058784653826b4490.jpg
474x: https://i.pinimg.com/474x/0f/a2/d6/0fa2d690d89041d058784653826b4490.jpg
564x: https://i.pinimg.com/564x/0f/a2/d6/0fa2d690d89041d058784653826b4490.jpg
736x: https://i.pinimg.com/736x/0f/a2/d6/0fa2d690d89041d058784653826b4490.jpg
600x315: https://i.pinimg.com/600x315/0f/a2/d6/0fa2d690d89041d058784653826b4490.jpg
orig: https://i.pinimg.com/originals/0f/a2/d6/0fa2d690d89041d058784653826b4490.png",,,,3,0,0,0,0,0,0,Clothing Outfit Rotation Ideas,https://www.pinterest.com/seraphinacalista879/clothing-outfit-rotation-ideas/,,,,public,,Seraphina Calista,seraphinacalista879,https://www.pinterest.com/seraphinacalista879,,,10,,,,,,2026-05-18T16:13:53.000Z,2026-06-23T17:13:37.983Z
1.1076E+18,17 Ruffle Mesh Top Boho Romantic Outfits — Free Spirit Summer Style in 2026,White ruffle tiered mesh top with terracotta linen shorts is the most free spirited and breathtakingly romantic boho summer outfit of 2026! 🌾 Cascading mesh ruffles create pure golden hour magic for every outdoor summer occasion! Save now! ✨🧡👗,,https://www.pinterest.com/pin/1107604102133456153,https://i.pinimg.com/originals/b7/56/90/b7569021ab3dde0f7d0f708b00cf54cb.png,"60x60: https://i.pinimg.com/60x60/b7/56/90/b7569021ab3dde0f7d0f708b00cf54cb.jpg
136x136: https://i.pinimg.com/136x136/b7/56/90/b7569021ab3dde0f7d0f708b00cf54cb.jpg
170x: https://i.pinimg.com/236x/b7/56/90/b7569021ab3dde0f7d0f708b00cf54cb.jpg
236x: https://i.pinimg.com/236x/b7/56/90/b7569021ab3dde0f7d0f708b00cf54cb.jpg
474x: https://i.pinimg.com/474x/b7/56/90/b7569021ab3dde0f7d0f708b00cf54cb.jpg
564x: https://i.pinimg.com/564x/b7/56/90/b7569021ab3dde0f7d0f708b00cf54cb.jpg
736x: https://i.pinimg.com/736x/b7/56/90/b7569021ab3dde0f7d0f708b00cf54cb.jpg
600x315: https://i.pinimg.com/600x315/b7/56/90/b7569021ab3dde0f7d0f708b00cf54cb.jpg
orig: https://i.pinimg.com/originals/b7/56/90/b7569021ab3dde0f7d0f708b00cf54cb.png",,,,3,0,0,2,0,0,0,Outfit Obsessed Girl,https://www.pinterest.com/stylebyemma1/outfit-obsessed-girl/,,,,public,,Emma | Fashion & Style Lover,stylebyemma1,https://www.pinterest.com/stylebyemma1,,,146,,,,,,2026-06-04T17:06:17.000Z,2026-06-23T17:21:51.249Z
1.10803E+18,8 ║ Bohemian Style,8 ║ Bohemian Style,,https://www.pinterest.com/pin/1108026314552596432,https://i.pinimg.com/originals/05/ab/c0/05abc016c637b78d4746fcb4d2736cf3.jpg,"60x60: https://i.pinimg.com/60x60/05/ab/c0/05abc016c637b78d4746fcb4d2736cf3.jpg
136x136: https://i.pinimg.com/136x136/05/ab/c0/05abc016c637b78d4746fcb4d2736cf3.jpg
170x: https://i.pinimg.com/236x/05/ab/c0/05abc016c637b78d4746fcb4d2736cf3.jpg
236x: https://i.pinimg.com/236x/05/ab/c0/05abc016c637b78d4746fcb4d2736cf3.jpg
474x: https://i.pinimg.com/474x/05/ab/c0/05abc016c637b78d4746fcb4d2736cf3.jpg
564x: https://i.pinimg.com/564x/05/ab/c0/05abc016c637b78d4746fcb4d2736cf3.jpg
736x: https://i.pinimg.com/736x/05/ab/c0/05abc016c637b78d4746fcb4d2736cf3.jpg
600x315: https://i.pinimg.com/600x315/05/ab/c0/05abc016c637b78d4746fcb4d2736cf3.jpg
orig: https://i.pinimg.com/originals/05/ab/c0/05abc016c637b78d4746fcb4d2736cf3.jpg",https://v1.pinimg.com/videos/mc/720p/c8/04/e0/c804e076ca853c05007f759a37e88c07.mp4,"V_720P: https://v1.pinimg.com/videos/mc/720p/c8/04/e0/c804e076ca853c05007f759a37e88c07.mp4
V_HLSV4: https://v1.pinimg.com/videos/mc/hls/c8/04/e0/c804e076ca853c05007f759a37e88c07.m3u8
V_HLSV3_MOBILE: https://v1.pinimg.com/videos/mc/hls/c8/04/e0/c804e076ca853c05007f759a37e88c07.m3u8",,158,0,26,14,0,0,4,Glow-Up,https://www.pinterest.com/unofficialimg/glow-up/,,,,public,,IMG,unofficialimg,https://www.pinterest.com/unofficialimg,,,281,,,,,,2023-05-03T07:01:57.000Z,2026-06-23T17:26:17.787Z
1.10824E+18,Cover up set,beachy cover up,"https://www.amazon.com/Imily-Bela-Swimsuit-Crochet-Cardigan/dp/B0CZ8T9FZM?crid=1E6L0GPFARPME&dib=eyJ2IjoiMSJ9.iRS2q1F9PER5UElKoGXwfSq8EkTo37rTVbIbm4ey68pCmQRr6vVvEeczmop9uxvmX5lzfgKaPlGqx1xLyvWQW36BfOUSm6C8y4_49WQ9jXTyOsS_FcjXBfnNtg01gWc6IXxewJHPSZ1PYwJRbQamFuyNIY_1pTqa9Z5SI_dfFxG6qGbi6-yHdTO5Rc0MIzRhn2iAaS3Sn7IM8Hg9FkEcWZxbOWB8GlFujEPX7uzWoQUYZLTfldkIroKvAPlj8gQz_FGyCdlROF4exZqGRew6XxWZHsgn7ei2Y4pWo3oSvho.pofM7PP2y8oEQoUxR1qazeIEYOH5fOUqBWhfM99q_kI&dib_tag=se&keywords=beachy%2Bfit&qid=1767648367&s=sporting-goods&sprefix=beachy%2Bfit,sporting,158&sr=1-4&th=1&psc=1&linkCode=ll1&tag=madinicola-20&linkId=0443417674639365303524c379913287&language=en_US&ref_=as_li_ss_tl",https://www.pinterest.com/pin/1108237420821263099,https://i.pinimg.com/originals/ab/5b/92/ab5b92f790f0b3f84d73893761573582.jpg,"60x60: https://i.pinimg.com/60x60/ab/5b/92/ab5b92f790f0b3f84d73893761573582.jpg
136x136: https://i.pinimg.com/136x136/ab/5b/92/ab5b92f790f0b3f84d73893761573582.jpg
170x: https://i.pinimg.com/236x/ab/5b/92/ab5b92f790f0b3f84d73893761573582.jpg
236x: https://i.pinimg.com/236x/ab/5b/92/ab5b92f790f0b3f84d73893761573582.jpg
474x: https://i.pinimg.com/474x/ab/5b/92/ab5b92f790f0b3f84d73893761573582.jpg
564x: https://i.pinimg.com/564x/ab/5b/92/ab5b92f790f0b3f84d73893761573582.jpg
736x: https://i.pinimg.com/736x/ab/5b/92/ab5b92f790f0b3f84d73893761573582.jpg
600x315: https://i.pinimg.com/600x315/ab/5b/92/ab5b92f790f0b3f84d73893761573582.jpg
orig: https://i.pinimg.com/originals/ab/5b/92/ab5b92f790f0b3f84d73893761573582.jpg",,,,1,0,0,0,0,0,0,beach fits,https://www.pinterest.com/Madinicola/beach-fits/,,,,public,travel,"Essentials - travel, decor, outfits, beach",Madinicola,https://www.pinterest.com/Madinicola,,,5,,,,,,2026-01-05T21:27:50.000Z,2026-06-23T17:14:35.649Z
1.10831E+18,Street Corn Chicken Bowl Recipe Ebook - Digital Download - Meal Prep Recipes - Healthy Dinner PDF - Etsy,Street Corn Chicken Bowl,https://www.etsy.com/listing/4343902866/street-corn-chicken-bowl-recipe-ebook?pin_id=1780596443_84,https://www.pinterest.com/pin/1108307789619176167,https://i.pinimg.com/originals/99/0e/16/990e16188ef6cdb6e3e6f12940db11be.jpg,"60x60: https://i.pinimg.com/60x60/99/0e/16/990e16188ef6cdb6e3e6f12940db11be.jpg
136x136: https://i.pinimg.com/136x136/99/0e/16/990e16188ef6cdb6e3e6f12940db11be.jpg
170x: https://i.pinimg.com/236x/99/0e/16/990e16188ef6cdb6e3e6f12940db11be.jpg
236x: https://i.pinimg.com/236x/99/0e/16/990e16188ef6cdb6e3e6f12940db11be.jpg
474x: https://i.pinimg.com/474x/99/0e/16/990e16188ef6cdb6e3e6f12940db11be.jpg
564x: https://i.pinimg.com/564x/99/0e/16/990e16188ef6cdb6e3e6f12940db11be.jpg
736x: https://i.pinimg.com/736x/99/0e/16/990e16188ef6cdb6e3e6f12940db11be.jpg
600x315: https://i.pinimg.com/600x315/99/0e/16/990e16188ef6cdb6e3e6f12940db11be.jpg
orig: https://i.pinimg.com/originals/99/0e/16/990e16188ef6cdb6e3e6f12940db11be.jpg",,,,2,0,0,1,0,0,0,recipes,https://www.pinterest.com/gmymoon0754/recipes/,,,,public,food_drink,All Good Recipes,gmymoon0754,https://www.pinterest.com/gmymoon0754,,,37,,,,,,2026-06-04T18:37:21.000Z,2026-06-23T16:38:18.181Z
1.10887E+18,Quick and Flavorful Beef Black Pepper Udon,Craving something bold? This beef black pepper udon will satisfy your taste buds in no time.,https://eastculinary.com/beef-black-pepper-udon/,https://www.pinterest.com/pin/1108870739499873788,https://i.pinimg.com/originals/32/97/12/329712c34d67544334f716ba7eca073f.png,"60x60: https://i.pinimg.com/60x60/32/97/12/329712c34d67544334f716ba7eca073f.jpg
136x136: https://i.pinimg.com/136x136/32/97/12/329712c34d67544334f716ba7eca073f.jpg
170x: https://i.pinimg.com/236x/32/97/12/329712c34d67544334f716ba7eca073f.jpg
236x: https://i.pinimg.com/236x/32/97/12/329712c34d67544334f716ba7eca073f.jpg
474x: https://i.pinimg.com/474x/32/97/12/329712c34d67544334f716ba7eca073f.jpg
564x: https://i.pinimg.com/564x/32/97/12/329712c34d67544334f716ba7eca073f.jpg
736x: https://i.pinimg.com/736x/32/97/12/329712c34d67544334f716ba7eca073f.jpg
600x315: https://i.pinimg.com/600x315/32/97/12/329712c34d67544334f716ba7eca073f.jpg
orig: https://i.pinimg.com/originals/32/97/12/329712c34d67544334f716ba7eca073f.png",,,,21999,0,214,3057,12,0,117,Asian Recipes,https://www.pinterest.com/mayaeculinary/asian-recipes/,,,,public,,East Culinary | Asian Food Recipes,mayaeculinary,https://www.pinterest.com/mayaeculinary,,,100,,,,,,2024-12-21T09:21:26.000Z,2026-06-23T16:42:50.157Z
1.10915E+18,beach outfit ideas|what to peck for a perfect beach day. 🌊,FOLLOW ME FOR MORE...,https://www.instagram.com/emily_in_paris_nope?igsh=NXlxaGM3ZXU2dW5z&utm_source=qr,https://www.pinterest.com/pin/1109152214512382704,https://i.pinimg.com/originals/9d/4d/59/9d4d595abe4bbb02a90e62ecb1ad7da3.png,"60x60: https://i.pinimg.com/60x60/9d/4d/59/9d4d595abe4bbb02a90e62ecb1ad7da3.jpg
136x136: https://i.pinimg.com/136x136/9d/4d/59/9d4d595abe4bbb02a90e62ecb1ad7da3.jpg
170x: https://i.pinimg.com/236x/9d/4d/59/9d4d595abe4bbb02a90e62ecb1ad7da3.jpg
236x: https://i.pinimg.com/236x/9d/4d/59/9d4d595abe4bbb02a90e62ecb1ad7da3.jpg
474x: https://i.pinimg.com/474x/9d/4d/59/9d4d595abe4bbb02a90e62ecb1ad7da3.jpg
564x: https://i.pinimg.com/564x/9d/4d/59/9d4d595abe4bbb02a90e62ecb1ad7da3.jpg
736x: https://i.pinimg.com/736x/9d/4d/59/9d4d595abe4bbb02a90e62ecb1ad7da3.jpg
600x315: https://i.pinimg.com/600x315/9d/4d/59/9d4d595abe4bbb02a90e62ecb1ad7da3.jpg
orig: https://i.pinimg.com/originals/9d/4d/59/9d4d595abe4bbb02a90e62ecb1ad7da3.png",,,,15,0,0,14,0,0,1,Makeup Getup✨👩‍🦳,https://www.pinterest.com/tanzimarahman777/makeup-getup/,,,,public,,Tanzima The storyteller,tanzimarahman777,https://www.pinterest.com/tanzimarahman777,,,7,,,,,,2026-06-04T08:24:34.000Z,2026-06-23T17:13:03.976Z
1.10929E+18,"High Protein Honey BBQ Chicken Mac and Cheese – Creamy, Smoky & Guilt-Free","High Protein Honey BBQ Chicken Mac and Cheese – Creamy, Smoky & Guilt-Free
This High Protein Honey BBQ Chicken Mac and Cheese is the ultimate comfort food upgrade! Packed with tender chicken breast, smoky honey BBQ flavor, and creamy pasta, it’s perfect for healthy dinner, dinner recipes, and chicken recipes lovers who want something indulgent yet protein-packed.
Make this dish tonight – grab the recipe",https://savoringmoments.com/high-protein-honey-bbq-chicken-mac-and-cheese/,https://www.pinterest.com/pin/1109292951984099115,https://i.pinimg.com/originals/3b/65/c1/3b65c1cdaf0ac6f4c1adae31e679a53c.webp,"60x60: https://i.pinimg.com/60x60/3b/65/c1/3b65c1cdaf0ac6f4c1adae31e679a53c.jpg
136x136: https://i.pinimg.com/136x136/3b/65/c1/3b65c1cdaf0ac6f4c1adae31e679a53c.jpg
170x: https://i.pinimg.com/236x/3b/65/c1/3b65c1cdaf0ac6f4c1adae31e679a53c.jpg
236x: https://i.pinimg.com/236x/3b/65/c1/3b65c1cdaf0ac6f4c1adae31e679a53c.jpg
474x: https://i.pinimg.com/474x/3b/65/c1/3b65c1cdaf0ac6f4c1adae31e679a53c.jpg
564x: https://i.pinimg.com/564x/3b/65/c1/3b65c1cdaf0ac6f4c1adae31e679a53c.jpg
736x: https://i.pinimg.com/736x/3b/65/c1/3b65c1cdaf0ac6f4c1adae31e679a53c.jpg
600x315: https://i.pinimg.com/600x315/3b/65/c1/3b65c1cdaf0ac6f4c1adae31e679a53c.jpg
orig: https://i.pinimg.com/originals/3b/65/c1/3b65c1cdaf0ac6f4c1adae31e679a53c.webp",,,,185,0,0,93,0,0,16,Dinner Ideas Easy,https://www.pinterest.com/Savoringmoments/dinner-ideas-easy/,,,,public,,Savoring Moments | Dinner Ideas | Easy recipes | Food Ideas,Savoringmoments,https://www.pinterest.com/Savoringmoments,,,2806,,,,,,2026-02-28T08:52:48.000Z,2026-06-23T16:42:50.041Z
1.10936E+18,Summer fit,,,https://www.pinterest.com/pin/1109363320795058432,https://i.pinimg.com/originals/ea/03/60/ea036091ee0bc2949d2927f896f11929.jpg,"60x60: https://i.pinimg.com/60x60/ea/03/60/ea036091ee0bc2949d2927f896f11929.jpg
136x136: https://i.pinimg.com/136x136/ea/03/60/ea036091ee0bc2949d2927f896f11929.jpg
170x: https://i.pinimg.com/236x/ea/03/60/ea036091ee0bc2949d2927f896f11929.jpg
236x: https://i.pinimg.com/236x/ea/03/60/ea036091ee0bc2949d2927f896f11929.jpg
474x: https://i.pinimg.com/474x/ea/03/60/ea036091ee0bc2949d2927f896f11929.jpg
564x: https://i.pinimg.com/564x/ea/03/60/ea036091ee0bc2949d2927f896f11929.jpg
736x: https://i.pinimg.com/736x/ea/03/60/ea036091ee0bc2949d2927f896f11929.jpg
600x315: https://i.pinimg.com/600x315/ea/03/60/ea036091ee0bc2949d2927f896f11929.jpg
orig: https://i.pinimg.com/originals/ea/03/60/ea036091ee0bc2949d2927f896f11929.jpg",,,,3745,0,91,807,0,0,6,OOTD Inspo,https://www.pinterest.com/dwishaaa/ootd-inspo/,,,,public,,Dwisha Porwal,dwishaaa,https://www.pinterest.com/dwishaaa,,,20,,,,,,2025-08-22T18:45:39.000Z,2026-06-23T17:14:40.703Z
1.11063E+18,Crispy Sun-Dried Tomato Pesto Grilled Cheese for Busy Days,"When life gets hectic, a simple yet indulgent meal like this Sun-Dried Tomato Pesto Grilled Cheese can bring joy back to your kitchen. Buttery sourdough with crispy edges pairs beautifully with gooey mozzarella, aromatic pesto, and tangy tomato sweetness. Each layer blends Italian-inspired comfort with easy prep, making it perfect for busy moms or anyone craving a homemade, flavorful sandwich. Ready in minutes, it transforms quick lunches or late-night bites into warm, satisfying moments. Discover the melt-in-your-mouth texture and bold flavor that redefine cheesy happiness.",,https://www.pinterest.com/pin/1110629958126780662,https://i.pinimg.com/originals/5b/0c/c8/5b0cc87200264c4395be18cf5b226c1e.png,"60x60: https://i.pinimg.com/60x60/5b/0c/c8/5b0cc87200264c4395be18cf5b226c1e.jpg
136x136: https://i.pinimg.com/136x136/5b/0c/c8/5b0cc87200264c4395be18cf5b226c1e.jpg
170x: https://i.pinimg.com/236x/5b/0c/c8/5b0cc87200264c4395be18cf5b226c1e.jpg
236x: https://i.pinimg.com/236x/5b/0c/c8/5b0cc87200264c4395be18cf5b226c1e.jpg
474x: https://i.pinimg.com/474x/5b/0c/c8/5b0cc87200264c4395be18cf5b226c1e.jpg
564x: https://i.pinimg.com/564x/5b/0c/c8/5b0cc87200264c4395be18cf5b226c1e.jpg
736x: https://i.pinimg.com/736x/5b/0c/c8/5b0cc87200264c4395be18cf5b226c1e.jpg
600x315: https://i.pinimg.com/600x315/5b/0c/c8/5b0cc87200264c4395be18cf5b226c1e.jpg
orig: https://i.pinimg.com/originals/5b/0c/c8/5b0cc87200264c4395be18cf5b226c1e.png",,,,597,0,3,549,0,0,12,Easy Dinner Recipes,https://www.pinterest.com/Simple_Home_Recipes/easy-dinner-recipes/,,,,public,,Simple Home Recipes,Simple_Home_Recipes,https://www.pinterest.com/Simple_Home_Recipes,,,16,,,,,,2025-12-02T19:01:04.000Z,2026-06-23T16:43:16.675Z
1.11063E+18,Apples Fall Recipes: 15 Cozy and Delicious Ways to Celebrate Autumn - Fascinate Names,,https://fascinatenames.com/apples-fall-recipes-15-cozy-and-delicious-ways-to-celebrate-autumn?utm_campaign=apples-fall-recipes_adeell&utm_medium=link&utm_source=link_adeell_nevtnh,https://www.pinterest.com/pin/1110629958133493819,https://i.pinimg.com/originals/dd/bd/0a/ddbd0add8c79a791b92bb720cf8d317d.jpg,"60x60: https://i.pinimg.com/60x60/dd/bd/0a/ddbd0add8c79a791b92bb720cf8d317d.jpg
136x136: https://i.pinimg.com/136x136/dd/bd/0a/ddbd0add8c79a791b92bb720cf8d317d.jpg
170x: https://i.pinimg.com/236x/dd/bd/0a/ddbd0add8c79a791b92bb720cf8d317d.jpg
236x: https://i.pinimg.com/236x/dd/bd/0a/ddbd0add8c79a791b92bb720cf8d317d.jpg
474x: https://i.pinimg.com/474x/dd/bd/0a/ddbd0add8c79a791b92bb720cf8d317d.jpg
564x: https://i.pinimg.com/564x/dd/bd/0a/ddbd0add8c79a791b92bb720cf8d317d.jpg
736x: https://i.pinimg.com/736x/dd/bd/0a/ddbd0add8c79a791b92bb720cf8d317d.jpg
600x315: https://i.pinimg.com/600x315/dd/bd/0a/ddbd0add8c79a791b92bb720cf8d317d.jpg
orig: https://i.pinimg.com/originals/dd/bd/0a/ddbd0add8c79a791b92bb720cf8d317d.jpg",,,,99,0,1,91,0,0,2,Autumn apple recipes,https://www.pinterest.com/abigailhart230172/autumn-apple-recipes/,,,,public,,abigail.hart23,abigailhart230172,https://www.pinterest.com/abigailhart230172,,,9,,,,,,2026-04-04T14:06:38.000Z,2026-06-23T16:36:49.027Z
1.11098E+18,,,,https://www.pinterest.com/pin/1110981801805780511,https://i.pinimg.com/originals/57/8e/ef/578eefc37792d2346c08c609258f0919.jpg,"60x60: https://i.pinimg.com/60x60/57/8e/ef/578eefc37792d2346c08c609258f0919.jpg
136x136: https://i.pinimg.com/136x136/57/8e/ef/578eefc37792d2346c08c609258f0919.jpg
170x: https://i.pinimg.com/236x/57/8e/ef/578eefc37792d2346c08c609258f0919.jpg
236x: https://i.pinimg.com/236x/57/8e/ef/578eefc37792d2346c08c609258f0919.jpg
474x: https://i.pinimg.com/474x/57/8e/ef/578eefc37792d2346c08c609258f0919.jpg
564x: https://i.pinimg.com/564x/57/8e/ef/578eefc37792d2346c08c609258f0919.jpg
736x: https://i.pinimg.com/736x/57/8e/ef/578eefc37792d2346c08c609258f0919.jpg
600x315: https://i.pinimg.com/600x315/57/8e/ef/578eefc37792d2346c08c609258f0919.jpg
orig: https://i.pinimg.com/originals/57/8e/ef/578eefc37792d2346c08c609258f0919.jpg",https://v1.pinimg.com/videos/mc/720p/59/7c/4d/597c4dd2e1c9e538bea86bd946d9fccd.mp4,"V_720P: https://v1.pinimg.com/videos/mc/720p/59/7c/4d/597c4dd2e1c9e538bea86bd946d9fccd.mp4
V_HLSV4: https://v1.pinimg.com/videos/mc/hls/59/7c/4d/597c4dd2e1c9e538bea86bd946d9fccd.m3u8
V_HLSV3_MOBILE: https://v1.pinimg.com/videos/mc/hls/59/7c/4d/597c4dd2e1c9e538bea86bd946d9fccd.m3u8",,5396,0,628,24,13,0,6,Γυναικεία μόδα,https://www.pinterest.com/gjenagjomaj/%CE%B3%CF%85%CE%BD%CE%B1%CE%B9%CE%BA%CE%B5%CE%AF%CE%B1-%CE%BC%CF%8C%CE%B4%CE%B1/,,,,public,womens_fashion,Krisa Bela,gjenagjomaj,https://www.pinterest.com/gjenagjomaj,,,16,,,,,,2023-01-16T18:42:46.000Z,2026-06-23T17:26:39.043Z
1.11105E+18,Beach outfit for women's,Credit :@sonnyyyxo,,https://www.pinterest.com/pin/1111052170546903876,https://i.pinimg.com/originals/18/0b/86/180b86324dc63c7d85603ca315e48a9e.jpg,"60x60: https://i.pinimg.com/60x60/18/0b/86/180b86324dc63c7d85603ca315e48a9e.jpg
136x136: https://i.pinimg.com/136x136/18/0b/86/180b86324dc63c7d85603ca315e48a9e.jpg
170x: https://i.pinimg.com/236x/18/0b/86/180b86324dc63c7d85603ca315e48a9e.jpg
236x: https://i.pinimg.com/236x/18/0b/86/180b86324dc63c7d85603ca315e48a9e.jpg
474x: https://i.pinimg.com/474x/18/0b/86/180b86324dc63c7d85603ca315e48a9e.jpg
564x: https://i.pinimg.com/564x/18/0b/86/180b86324dc63c7d85603ca315e48a9e.jpg
736x: https://i.pinimg.com/736x/18/0b/86/180b86324dc63c7d85603ca315e48a9e.jpg
600x315: https://i.pinimg.com/600x315/18/0b/86/180b86324dc63c7d85603ca315e48a9e.jpg
orig: https://i.pinimg.com/originals/18/0b/86/180b86324dc63c7d85603ca315e48a9e.jpg",,,"V_HLSV3_MOBILE: https://v1.pinimg.com/videos/mc/hls/1e/57/f4/1e57f416bf284f9a80446b7603663879.m3u8
V_EXP4: https://v1.pinimg.com/videos/mc/expMp4/1e/57/f4/1e57f416bf284f9a80446b7603663879_t2.mp4
V_EXP5: https://v1.pinimg.com/videos/mc/expMp4/1e/57/f4/1e57f416bf284f9a80446b7603663879_t3.mp4
V_EXP6: https://v1.pinimg.com/videos/mc/expMp4/1e/57/f4/1e57f416bf284f9a80446b7603663879_t4.mp4
V_EXP7: https://v1.pinimg.com/videos/mc/720p/1e/57/f4/1e57f416bf284f9a80446b7603663879.mp4
V_EXP3: https://v1.pinimg.com/videos/mc/expMp4/1e/57/f4/1e57f416bf284f9a80446b7603663879_t1.mp4",497,0,971,487,4,0,14,beach outfits women,https://www.pinterest.com/Fashionis_place/beach-outfits-women/,,,,public,,Fashion Style,Fashionis_place,https://www.pinterest.com/Fashionis_place,,,2993,,,,,,2022-06-01T17:09:01.000Z,2026-06-23T17:12:36.915Z
1.1114E+18,,,,https://www.pinterest.com/pin/1111404014295161588,https://i.pinimg.com/originals/bc/5e/7b/bc5e7bcb22e9fcd7e38cbc1b34cb5720.jpg,"60x60: https://i.pinimg.com/60x60/bc/5e/7b/bc5e7bcb22e9fcd7e38cbc1b34cb5720.jpg
136x136: https://i.pinimg.com/136x136/bc/5e/7b/bc5e7bcb22e9fcd7e38cbc1b34cb5720.jpg
170x: https://i.pinimg.com/236x/bc/5e/7b/bc5e7bcb22e9fcd7e38cbc1b34cb5720.jpg
236x: https://i.pinimg.com/236x/bc/5e/7b/bc5e7bcb22e9fcd7e38cbc1b34cb5720.jpg
474x: https://i.pinimg.com/474x/bc/5e/7b/bc5e7bcb22e9fcd7e38cbc1b34cb5720.jpg
564x: https://i.pinimg.com/564x/bc/5e/7b/bc5e7bcb22e9fcd7e38cbc1b34cb5720.jpg
736x: https://i.pinimg.com/736x/bc/5e/7b/bc5e7bcb22e9fcd7e38cbc1b34cb5720.jpg
600x315: https://i.pinimg.com/600x315/bc/5e/7b/bc5e7bcb22e9fcd7e38cbc1b34cb5720.jpg
orig: https://i.pinimg.com/originals/bc/5e/7b/bc5e7bcb22e9fcd7e38cbc1b34cb5720.jpg",,,,3,0,1,2,0,0,0,Хочу здесь побывать,https://www.pinterest.com/luckyolga66/%D1%85%D0%BE%D1%87%D1%83-%D0%B7%D0%B4%D0%B5%D1%81%D1%8C-%D0%BF%D0%BE%D0%B1%D1%8B%D0%B2%D0%B0%D1%82%D1%8C/,,,,public,,Luckyolga,luckyolga66,https://www.pinterest.com/luckyolga66,,,0,,,,,,2025-04-26T07:48:57.000Z,2026-06-23T17:21:37.871Z
1.11169E+18,Luxury Beach Vacation Outfit Inspo for the Coastal Summer 🌴🤍,"Serving effortless resort wear energy by the beach 🐚☀️ This crochet knit sweater and breezy linen pants outfit is perfect for tropical vacations, luxury resorts, poolside walks, and chic sunset dinners ✨ Neutral tones + relaxed fits = the ultimate classy coastal grandmother aesthetic every Pinterest girl is obsessed with 💫 Save this dreamy beach vacation outfit before your next getaway 🌊
#BeachVacationOutfits #ResortWear #CoastalGrandmother #CrochetOutfit #LinenPantsStyle #TropicalVacation #NeutralAesthetic #VacationFashion #BeachStyle #SummerOutfitIdeas",,https://www.pinterest.com/pin/1111685489293176396,https://i.pinimg.com/originals/84/1e/0e/841e0e48b835838e06c7aaa38bcf9309.png,"60x60: https://i.pinimg.com/60x60/84/1e/0e/841e0e48b835838e06c7aaa38bcf9309.jpg
136x136: https://i.pinimg.com/136x136/84/1e/0e/841e0e48b835838e06c7aaa38bcf9309.jpg
170x: https://i.pinimg.com/236x/84/1e/0e/841e0e48b835838e06c7aaa38bcf9309.jpg
236x: https://i.pinimg.com/236x/84/1e/0e/841e0e48b835838e06c7aaa38bcf9309.jpg
474x: https://i.pinimg.com/474x/84/1e/0e/841e0e48b835838e06c7aaa38bcf9309.jpg
564x: https://i.pinimg.com/564x/84/1e/0e/841e0e48b835838e06c7aaa38bcf9309.jpg
736x: https://i.pinimg.com/736x/84/1e/0e/841e0e48b835838e06c7aaa38bcf9309.jpg
600x315: https://i.pinimg.com/600x315/84/1e/0e/841e0e48b835838e06c7aaa38bcf9309.jpg
orig: https://i.pinimg.com/originals/84/1e/0e/841e0e48b835838e06c7aaa38bcf9309.png",,,,207,0,3,132,0,0,0,Summer Outfit Ideas You’ll Want to Copy ASAP ☀️✨,https://www.pinterest.com/AvaMitchellVibes/summer-outfit-ideas-youll-want-to-copy-asap/,,,,public,,Ava Mitchell | Fashion | Beauty Tips,AvaMitchellVibes,https://www.pinterest.com/AvaMitchellVibes,,,0,,,,,,2026-05-09T09:00:43.000Z,2026-06-23T17:12:36.411Z
1.11183E+16,Boho Gypsy Style Clothing. Bohemian Fashion. Boho Outfit,"Immerse yourself in the vibrant and free-spirited world of Boho chic. This picture captures the essence of Boho girls, showcasing their unique Boho outfits that perfectly blend fashion and comfort. The Bohemian style clothing, with its rich patterns and flowing designs, is a testament to the Hippie style. The Gypsy style elements add an exotic touch, making each outfit a piece of art. Experience the allure of Boho style fashion, where every outfit tells a story of freedom, individuality, and creativity.",,https://www.pinterest.com/pin/11118330326836433,https://i.pinimg.com/originals/a5/7d/50/a57d5054c8406ffc4de3146d63cee47d.jpg,"60x60: https://i.pinimg.com/60x60/a5/7d/50/a57d5054c8406ffc4de3146d63cee47d.jpg
136x136: https://i.pinimg.com/136x136/a5/7d/50/a57d5054c8406ffc4de3146d63cee47d.jpg
170x: https://i.pinimg.com/236x/a5/7d/50/a57d5054c8406ffc4de3146d63cee47d.jpg
236x: https://i.pinimg.com/236x/a5/7d/50/a57d5054c8406ffc4de3146d63cee47d.jpg
474x: https://i.pinimg.com/474x/a5/7d/50/a57d5054c8406ffc4de3146d63cee47d.jpg
564x: https://i.pinimg.com/564x/a5/7d/50/a57d5054c8406ffc4de3146d63cee47d.jpg
736x: https://i.pinimg.com/736x/a5/7d/50/a57d5054c8406ffc4de3146d63cee47d.jpg
600x315: https://i.pinimg.com/600x315/a5/7d/50/a57d5054c8406ffc4de3146d63cee47d.jpg
orig: https://i.pinimg.com/originals/a5/7d/50/a57d5054c8406ffc4de3146d63cee47d.jpg",,,,760,0,34,437,0,0,10,Boho,https://www.pinterest.com/ampogue01/boho/,,,,public,,Dream a lil Dream,ampogue01,https://www.pinterest.com/ampogue01,,,1473,,,,,,2024-03-04T04:28:14.000Z,2026-06-23T17:21:37.879Z
1.11183E+16,🏝️ BEACH 💖,#beach #picture #preppy #pink,,https://www.pinterest.com/pin/11118330328037879,https://i.pinimg.com/originals/70/01/f5/7001f52748fe607427a4c201ed692760.jpg,"60x60: https://i.pinimg.com/60x60/70/01/f5/7001f52748fe607427a4c201ed692760.jpg
136x136: https://i.pinimg.com/136x136/70/01/f5/7001f52748fe607427a4c201ed692760.jpg
170x: https://i.pinimg.com/236x/70/01/f5/7001f52748fe607427a4c201ed692760.jpg
236x: https://i.pinimg.com/236x/70/01/f5/7001f52748fe607427a4c201ed692760.jpg
474x: https://i.pinimg.com/474x/70/01/f5/7001f52748fe607427a4c201ed692760.jpg
564x: https://i.pinimg.com/564x/70/01/f5/7001f52748fe607427a4c201ed692760.jpg
736x: https://i.pinimg.com/736x/70/01/f5/7001f52748fe607427a4c201ed692760.jpg
600x315: https://i.pinimg.com/600x315/70/01/f5/7001f52748fe607427a4c201ed692760.jpg
orig: https://i.pinimg.com/originals/70/01/f5/7001f52748fe607427a4c201ed692760.jpg",,,,517,1,94,400,3,0,20,summer.time.,https://www.pinterest.com/chelseajxo/summertime/,,,,public,,Chelsea Pinson,chelseajxo,https://www.pinterest.com/chelseajxo,,,3007,,,,,,2025-01-14T03:06:43.000Z,2026-06-23T17:28:10.482Z
1.11183E+16,26 Beach Outfit Ideas for Women Who Want to Look Good Without Trying,"Want beach outfit ideas that actually work in real life? I’ve rounded up my favorite beach outfits women can move, swim, and relax in. Think beach outfit inspiration that balances cute with practical. You’ll find beach outfits casual, beach outfits women vacation-ready, and even beach outfit aesthetic looks that double as day-to-night outfits. Whether you like beach summer outfits or need beach outfit ideas women classy, these will make packing so much easier.",https://eleganceechoes.com/beach-outfit-ideas/,https://www.pinterest.com/pin/11118330333291173,https://i.pinimg.com/originals/0d/7d/bc/0d7dbce06453c83e04bff79484beb7ec.jpg,"60x60: https://i.pinimg.com/60x60/0d/7d/bc/0d7dbce06453c83e04bff79484beb7ec.jpg
136x136: https://i.pinimg.com/136x136/0d/7d/bc/0d7dbce06453c83e04bff79484beb7ec.jpg
170x: https://i.pinimg.com/236x/0d/7d/bc/0d7dbce06453c83e04bff79484beb7ec.jpg
236x: https://i.pinimg.com/236x/0d/7d/bc/0d7dbce06453c83e04bff79484beb7ec.jpg
474x: https://i.pinimg.com/474x/0d/7d/bc/0d7dbce06453c83e04bff79484beb7ec.jpg
564x: https://i.pinimg.com/564x/0d/7d/bc/0d7dbce06453c83e04bff79484beb7ec.jpg
736x: https://i.pinimg.com/736x/0d/7d/bc/0d7dbce06453c83e04bff79484beb7ec.jpg
600x315: https://i.pinimg.com/600x315/0d/7d/bc/0d7dbce06453c83e04bff79484beb7ec.jpg
orig: https://i.pinimg.com/originals/0d/7d/bc/0d7dbce06453c83e04bff79484beb7ec.jpg",,,,32,0,2,5,0,0,1,clothes/shoes,https://www.pinterest.com/kelleyfaulk/clothesshoes/,,,,public,,Kelley Faulk,kelleyfaulk,https://www.pinterest.com/kelleyfaulk,,,162,,,,,,2025-07-17T11:04:43.000Z,2026-06-23T17:13:09.684Z
1.11183E+16,Monkey smile,Copy,,https://www.pinterest.com/pin/11118330334234456,https://i.pinimg.com/originals/b9/1e/61/b91e61b95d8c4e22cea67366833e7ea3.jpg,"60x60: https://i.pinimg.com/60x60/b9/1e/61/b91e61b95d8c4e22cea67366833e7ea3.jpg
136x136: https://i.pinimg.com/136x136/b9/1e/61/b91e61b95d8c4e22cea67366833e7ea3.jpg
170x: https://i.pinimg.com/236x/b9/1e/61/b91e61b95d8c4e22cea67366833e7ea3.jpg
236x: https://i.pinimg.com/236x/b9/1e/61/b91e61b95d8c4e22cea67366833e7ea3.jpg
474x: https://i.pinimg.com/474x/b9/1e/61/b91e61b95d8c4e22cea67366833e7ea3.jpg
564x: https://i.pinimg.com/564x/b9/1e/61/b91e61b95d8c4e22cea67366833e7ea3.jpg
736x: https://i.pinimg.com/736x/b9/1e/61/b91e61b95d8c4e22cea67366833e7ea3.jpg
600x315: https://i.pinimg.com/600x315/b9/1e/61/b91e61b95d8c4e22cea67366833e7ea3.jpg
orig: https://i.pinimg.com/originals/b9/1e/61/b91e61b95d8c4e22cea67366833e7ea3.jpg",,,,15360,3,1685,16,17,0,9,Memes,https://www.pinterest.com/BatPanda69/memes/,,,,public,,Batpanda,BatPanda69,https://www.pinterest.com/BatPanda69,,,2,,,,,,2026-05-16T05:02:54.000Z,2026-06-23T16:46:30.316Z
1.11211E+18,Simple and cute tropical y2k summer outfits for vacations,"Getting ready for a trip is easier with these tropical y2k summer outfits. This style is all about having fun with your clothes while keeping things light for the heat. You can find inspiration for skirts and tops that feature palm trees and bright flowers. These outfits are perfect for pictures or just hanging out by the pool. We explain how to pick the right fabrics so you stay cool while looking trendy. These fashion choices are easy to pack and wear for any summer plan you have this year.
#TropicalStyle #Y2KFashion #SummerOutfits #VacationLooks #CuteOutfits #SimpleFashion #Y2KSummer #TropicalVibes #BeachFashion #SummerVacation #TropicalOutfits #Y2KStyle #SummerStyle #VacationStyle #TropicalY2K #CuteSummer #SimpleOutfits #Y2KVacation #SummerTrends #TropicalFashion",,https://www.pinterest.com/pin/1112107701755510039,https://i.pinimg.com/originals/8c/ae/b4/8caeb4bb5b51d0ffff2e9061dba09fea.jpg,"60x60: https://i.pinimg.com/60x60/8c/ae/b4/8caeb4bb5b51d0ffff2e9061dba09fea.jpg
136x136: https://i.pinimg.com/136x136/8c/ae/b4/8caeb4bb5b51d0ffff2e9061dba09fea.jpg
170x: https://i.pinimg.com/236x/8c/ae/b4/8caeb4bb5b51d0ffff2e9061dba09fea.jpg
236x: https://i.pinimg.com/236x/8c/ae/b4/8caeb4bb5b51d0ffff2e9061dba09fea.jpg
474x: https://i.pinimg.com/474x/8c/ae/b4/8caeb4bb5b51d0ffff2e9061dba09fea.jpg
564x: https://i.pinimg.com/564x/8c/ae/b4/8caeb4bb5b51d0ffff2e9061dba09fea.jpg
736x: https://i.pinimg.com/736x/8c/ae/b4/8caeb4bb5b51d0ffff2e9061dba09fea.jpg
600x315: https://i.pinimg.com/600x315/8c/ae/b4/8caeb4bb5b51d0ffff2e9061dba09fea.jpg
orig: https://i.pinimg.com/originals/8c/ae/b4/8caeb4bb5b51d0ffff2e9061dba09fea.jpg",,,,1,0,0,0,0,0,0,Fashion and Lifestyle,https://www.pinterest.com/sparvin7678/fashion-and-lifestyle/,,,,public,,Design with Salma,sparvin7678,https://www.pinterest.com/sparvin7678,,,108,,,,,,2026-04-19T18:28:31.000Z,2026-06-23T17:28:06.043Z
1.11239E+18,Savory French Onion Gnocchi Bake with Golden Caramelized Onions,"What makes this French onion Soup Pasta with caramelized onions so incredibly cozy, rich, and irresistible when the weather cools down? This creamy and bubbly skillet bake delivers all the deep, savory flavors of classic French onion soup in a comforting pasta-style dish that is perfect for fall dinners, winter gatherings, or holiday hosting. The tender gnocchi, golden onions, and melty cheese come together in a way that feels both simple and indulgent for any weeknight. Save this if you love...",,https://www.pinterest.com/pin/1112389176728242583,https://i.pinimg.com/originals/a1/2e/e1/a12ee11efc1dd49a1844072c3476a4ce.jpg,"60x60: https://i.pinimg.com/60x60/a1/2e/e1/a12ee11efc1dd49a1844072c3476a4ce.jpg
136x136: https://i.pinimg.com/136x136/a1/2e/e1/a12ee11efc1dd49a1844072c3476a4ce.jpg
170x: https://i.pinimg.com/236x/a1/2e/e1/a12ee11efc1dd49a1844072c3476a4ce.jpg
236x: https://i.pinimg.com/236x/a1/2e/e1/a12ee11efc1dd49a1844072c3476a4ce.jpg
474x: https://i.pinimg.com/474x/a1/2e/e1/a12ee11efc1dd49a1844072c3476a4ce.jpg
564x: https://i.pinimg.com/564x/a1/2e/e1/a12ee11efc1dd49a1844072c3476a4ce.jpg
736x: https://i.pinimg.com/736x/a1/2e/e1/a12ee11efc1dd49a1844072c3476a4ce.jpg
600x315: https://i.pinimg.com/600x315/a1/2e/e1/a12ee11efc1dd49a1844072c3476a4ce.jpg
orig: https://i.pinimg.com/originals/a1/2e/e1/a12ee11efc1dd49a1844072c3476a4ce.jpg",,,,3212,0,16,2067,2,0,50,Good Food,https://www.pinterest.com/norawynncooks/good-food/,,,,public,food_drink,SLS Recipes by Nora Wynn | Easy Comfort Food & Family Meals,norawynncooks,https://www.pinterest.com/norawynncooks,,,321,,,,,,2026-02-09T12:59:53.000Z,2026-06-23T16:43:18.572Z
1.11239E+18,Boho Beach Bandana Outfit for Summer 2026 — Hippie Chic Vacation Look Girls,"Channel full boho beach goddess energy with a triangle bandana worn as a bikini top or layered over a strappy swimsuit, paired with crochet cover-up shorts, beaded anklets, and leather thong sandals. A flowy oversized bandana shoulder wrap keeps the vibe effortless for sunset strolls. This hippie chic beach look is perfect for Tulum, Bali, Mykonos, or your local shore this summer. Stack those shell necklaces and own the sand. 🌊🌴
#BohoBandanaBeach #BeachBandanaOutfit #HippieChicSummer #BohoBeachLook #BandanoBikiniTop #BeachBohoStyle #TulumOutfitIdeas #CrochetCoverUp #BeachBandanaVibes #SummerBeachGirlOutfit",https://amzn.to/4f3IyYH,https://www.pinterest.com/pin/1112389176735078231,https://i.pinimg.com/originals/40/7a/ca/407aca0ba8325c7206046dcd00b4a3f4.png,"60x60: https://i.pinimg.com/60x60/40/7a/ca/407aca0ba8325c7206046dcd00b4a3f4.jpg
136x136: https://i.pinimg.com/136x136/40/7a/ca/407aca0ba8325c7206046dcd00b4a3f4.jpg
170x: https://i.pinimg.com/236x/40/7a/ca/407aca0ba8325c7206046dcd00b4a3f4.jpg
236x: https://i.pinimg.com/236x/40/7a/ca/407aca0ba8325c7206046dcd00b4a3f4.jpg
474x: https://i.pinimg.com/474x/40/7a/ca/407aca0ba8325c7206046dcd00b4a3f4.jpg
564x: https://i.pinimg.com/564x/40/7a/ca/407aca0ba8325c7206046dcd00b4a3f4.jpg
736x: https://i.pinimg.com/736x/40/7a/ca/407aca0ba8325c7206046dcd00b4a3f4.jpg
600x315: https://i.pinimg.com/600x315/40/7a/ca/407aca0ba8325c7206046dcd00b4a3f4.jpg
orig: https://i.pinimg.com/originals/40/7a/ca/407aca0ba8325c7206046dcd00b4a3f4.png",,,,2,0,0,1,0,0,0,Soft Girl Fashion Outfits & Aesthetic Style Guide,https://www.pinterest.com/softgirlfashiondiary/soft-girl-fashion-outfits-aesthetic-style-guide/,,,,public,,Soft Girl Fashion Outfit Diary,softgirlfashiondiary,https://www.pinterest.com/softgirlfashiondiary,,,1,,,,,,2026-05-26T10:40:25.000Z,2026-06-23T17:22:37.185Z
1.11302E+18,Boho Beach Outfit Inspo 🌊✨ Crochet Halter + Flowy Skirt Aesthetic,"Dreamy boho beach vibes with a crochet halter top, lace maxi skirt, layered jewelry, and strappy sandals 🤍 Perfect for summer vacations, beach photoshoots, sunset walks, and Pinterest-worthy coastal outfits. Neutral tones + effortless styling for the ultimate seaside aesthetic.",,https://www.pinterest.com/pin/1113022495441498814,https://i.pinimg.com/originals/19/c8/d4/19c8d41f86d215ea3ea0367e5c0872c2.png,"60x60: https://i.pinimg.com/60x60/19/c8/d4/19c8d41f86d215ea3ea0367e5c0872c2.jpg
136x136: https://i.pinimg.com/136x136/19/c8/d4/19c8d41f86d215ea3ea0367e5c0872c2.jpg
170x: https://i.pinimg.com/236x/19/c8/d4/19c8d41f86d215ea3ea0367e5c0872c2.jpg
236x: https://i.pinimg.com/236x/19/c8/d4/19c8d41f86d215ea3ea0367e5c0872c2.jpg
474x: https://i.pinimg.com/474x/19/c8/d4/19c8d41f86d215ea3ea0367e5c0872c2.jpg
564x: https://i.pinimg.com/564x/19/c8/d4/19c8d41f86d215ea3ea0367e5c0872c2.jpg
736x: https://i.pinimg.com/736x/19/c8/d4/19c8d41f86d215ea3ea0367e5c0872c2.jpg
600x315: https://i.pinimg.com/600x315/19/c8/d4/19c8d41f86d215ea3ea0367e5c0872c2.jpg
orig: https://i.pinimg.com/originals/19/c8/d4/19c8d41f86d215ea3ea0367e5c0872c2.png",,,,4,0,2,2,0,0,0,Summer Outfit Inspo,https://www.pinterest.com/CloudCloset12/summer-outfit-inspo/,,,,public,,Cloud Closet,CloudCloset12,https://www.pinterest.com/CloudCloset12,,,1,,,,,,2026-05-26T20:07:12.000Z,2026-06-23T17:21:46.113Z
1.1133E+18,Boho Backless Halter Maxi Dress for Women – Perfect Beach Vacation Outfit,"Turn heads this season with the Brillora Beige Summer Boho Backless Halter Dress. Featuring a stunning cashew flower print, elegant halter neckline, and flattering backless design, this flowy maxi sundress is perfect for beach vacations, tropical getaways, cruises, Easter celebrations, summer parties, and casual holiday styling. Lightweight and breathable fabric keeps you comfortable while the bohemian silhouette creates an effortlessly chic look. Whether you're strolling along the beach or capturing vacation photos, this fashionable long sundress adds timeless elegance to your summer wardrobe.


Elegant backless halter neck design
Beautiful cashew flower print
Lightweight, breathable summer fabric
Flowy maxi-length silhouette
Perfect for beach vacations, cruises & festivals
Comfortable an",https://onelink.shein.com/37/5rwih8r6zdbv,https://www.pinterest.com/pin/1113303971659260593,https://i.pinimg.com/originals/cd/a4/49/cda449ee3b59523f58d87b2eb7ca7821.jpg,"60x60: https://i.pinimg.com/60x60/cd/a4/49/cda449ee3b59523f58d87b2eb7ca7821.jpg
136x136: https://i.pinimg.com/136x136/cd/a4/49/cda449ee3b59523f58d87b2eb7ca7821.jpg
170x: https://i.pinimg.com/236x/cd/a4/49/cda449ee3b59523f58d87b2eb7ca7821.jpg
236x: https://i.pinimg.com/236x/cd/a4/49/cda449ee3b59523f58d87b2eb7ca7821.jpg
474x: https://i.pinimg.com/474x/cd/a4/49/cda449ee3b59523f58d87b2eb7ca7821.jpg
564x: https://i.pinimg.com/564x/cd/a4/49/cda449ee3b59523f58d87b2eb7ca7821.jpg
736x: https://i.pinimg.com/736x/cd/a4/49/cda449ee3b59523f58d87b2eb7ca7821.jpg
600x315: https://i.pinimg.com/600x315/cd/a4/49/cda449ee3b59523f58d87b2eb7ca7821.jpg
orig: https://i.pinimg.com/originals/cd/a4/49/cda449ee3b59523f58d87b2eb7ca7821.jpg",,,,1,0,0,0,0,0,0,Stuff to buy,https://www.pinterest.com/trendyfashion7909/stuff-to-buy/,,,,public,,Trendy Fashion,trendyfashion7909,https://www.pinterest.com/trendyfashion7909,,,0,,,,,,2026-06-07T01:21:41.000Z,2026-06-23T17:21:58.280Z
1.11394E+17,Outfits veraniegos y chic por si te quedaste con ganas de playa,¡Aún puedes!,https://eslamoda.com/outfits-veraniegos-y-chic-por-si-te-quedaste-con-ganas-de-playa,https://www.pinterest.com/pin/111393790781091269,https://i.pinimg.com/originals/61/b2/ea/61b2ead2f5fa5ce536b22142ebf3a3a8.jpg,"60x60: https://i.pinimg.com/60x60/61/b2/ea/61b2ead2f5fa5ce536b22142ebf3a3a8.jpg
136x136: https://i.pinimg.com/136x136/61/b2/ea/61b2ead2f5fa5ce536b22142ebf3a3a8.jpg
170x: https://i.pinimg.com/236x/61/b2/ea/61b2ead2f5fa5ce536b22142ebf3a3a8.jpg
236x: https://i.pinimg.com/236x/61/b2/ea/61b2ead2f5fa5ce536b22142ebf3a3a8.jpg
474x: https://i.pinimg.com/474x/61/b2/ea/61b2ead2f5fa5ce536b22142ebf3a3a8.jpg
564x: https://i.pinimg.com/564x/61/b2/ea/61b2ead2f5fa5ce536b22142ebf3a3a8.jpg
736x: https://i.pinimg.com/736x/61/b2/ea/61b2ead2f5fa5ce536b22142ebf3a3a8.jpg
600x315: https://i.pinimg.com/600x315/61/b2/ea/61b2ead2f5fa5ce536b22142ebf3a3a8.jpg
orig: https://i.pinimg.com/originals/61/b2/ea/61b2ead2f5fa5ce536b22142ebf3a3a8.jpg",,,,1381,0,50,17,0,0,4,Beach birthday,https://www.pinterest.com/dipaleekhandave/beach-birthday/,,,,public,,Dipalee khandave,dipaleekhandave,https://www.pinterest.com/dipaleekhandave,,,56,,,,,,2026-05-15T07:57:10.000Z,2026-06-23T17:12:25.431Z
1.11415E+18,Creamy Chicken all'Arrabbiata,20 minutes. Penne arrabbiata. Creamy Chicken all'Arrabbiata. How to prepare penne all arrabbiata recipe. Penne arrabbiata recipe video.,https://payhip.com/b/JNtRY,https://www.pinterest.com/pin/1114148395338415109,https://i.pinimg.com/originals/00/50/1e/00501eeaee50c6d7e78bfe2b89f576a9.jpg,"60x60: https://i.pinimg.com/60x60/00/50/1e/00501eeaee50c6d7e78bfe2b89f576a9.jpg
136x136: https://i.pinimg.com/136x136/00/50/1e/00501eeaee50c6d7e78bfe2b89f576a9.jpg
170x: https://i.pinimg.com/236x/00/50/1e/00501eeaee50c6d7e78bfe2b89f576a9.jpg
236x: https://i.pinimg.com/236x/00/50/1e/00501eeaee50c6d7e78bfe2b89f576a9.jpg
474x: https://i.pinimg.com/474x/00/50/1e/00501eeaee50c6d7e78bfe2b89f576a9.jpg
564x: https://i.pinimg.com/564x/00/50/1e/00501eeaee50c6d7e78bfe2b89f576a9.jpg
736x: https://i.pinimg.com/736x/00/50/1e/00501eeaee50c6d7e78bfe2b89f576a9.jpg
600x315: https://i.pinimg.com/600x315/00/50/1e/00501eeaee50c6d7e78bfe2b89f576a9.jpg
orig: https://i.pinimg.com/originals/00/50/1e/00501eeaee50c6d7e78bfe2b89f576a9.jpg",,,,527,0,3,516,0,0,10,Pasta recipes,https://www.pinterest.com/cicidulurajis/pasta-recipes/,,,,public,,"Pasta Recipes, Spaghetti & Tortellini",cicidulurajis,https://www.pinterest.com/cicidulurajis,,,215,,,,,,2026-04-05T15:31:41.000Z,2026-06-23T16:43:18.073Z
1.11422E+18,Green Goddess Beach Fit 🌿✨ Maldives Aesthetic Skirt Look 🌊,"Fresh, flowy & full of tropical vibes 🌴 This fitted green top with a breezy leaf-print skirt gives the ultimate Maldives glow 🌿 Perfect for beach walks, sunset pics & that soft island aesthetic ✨ Save this dreamy outfit for your next vacation mood 💚🌊",,https://www.pinterest.com/pin/1114218764085931063,https://i.pinimg.com/originals/69/ee/ea/69eeea92581c3cdbf2e10ea0d9a3ff34.jpg,"60x60: https://i.pinimg.com/60x60/69/ee/ea/69eeea92581c3cdbf2e10ea0d9a3ff34.jpg
136x136: https://i.pinimg.com/136x136/69/ee/ea/69eeea92581c3cdbf2e10ea0d9a3ff34.jpg
170x: https://i.pinimg.com/236x/69/ee/ea/69eeea92581c3cdbf2e10ea0d9a3ff34.jpg
236x: https://i.pinimg.com/236x/69/ee/ea/69eeea92581c3cdbf2e10ea0d9a3ff34.jpg
474x: https://i.pinimg.com/474x/69/ee/ea/69eeea92581c3cdbf2e10ea0d9a3ff34.jpg
564x: https://i.pinimg.com/564x/69/ee/ea/69eeea92581c3cdbf2e10ea0d9a3ff34.jpg
736x: https://i.pinimg.com/736x/69/ee/ea/69eeea92581c3cdbf2e10ea0d9a3ff34.jpg
600x315: https://i.pinimg.com/600x315/69/ee/ea/69eeea92581c3cdbf2e10ea0d9a3ff34.jpg
orig: https://i.pinimg.com/originals/69/ee/ea/69eeea92581c3cdbf2e10ea0d9a3ff34.jpg",,,,147,0,14,142,0,0,4,Pins by you,https://www.pinterest.com/c43921147/_quick_creates/,,,,public,,glowithtanu,c43921147,https://www.pinterest.com/c43921147,,,9,,,,,,2026-05-16T16:36:37.000Z,2026-06-23T17:23:36.608Z
1.11436E+18,Cute Beachy Summer Outfit for Teens! ☀️ Yellow Oversized Tee & Pink Striped Skort 🌸,"Looking for adorable cute summer outfits for teens in 2026? This vibrant look features a comfy oversized yellow graphic tee with coral seashell designs and a playful pink and white striped skort. Perfect for a sunny day by the water, this casual beachy OOTD is stylish, comfortable, and totally on-trend. Get inspired for your next relaxed summer vibe with this aesthetic! ✨",,https://www.pinterest.com/pin/1114359501566487353,https://i.pinimg.com/originals/29/09/d3/2909d3278150f463fac02bf07c705956.webp,"60x60: https://i.pinimg.com/60x60/29/09/d3/2909d3278150f463fac02bf07c705956.jpg
136x136: https://i.pinimg.com/136x136/29/09/d3/2909d3278150f463fac02bf07c705956.jpg
170x: https://i.pinimg.com/236x/29/09/d3/2909d3278150f463fac02bf07c705956.jpg
236x: https://i.pinimg.com/236x/29/09/d3/2909d3278150f463fac02bf07c705956.jpg
474x: https://i.pinimg.com/474x/29/09/d3/2909d3278150f463fac02bf07c705956.jpg
564x: https://i.pinimg.com/564x/29/09/d3/2909d3278150f463fac02bf07c705956.jpg
736x: https://i.pinimg.com/736x/29/09/d3/2909d3278150f463fac02bf07c705956.jpg
600x315: https://i.pinimg.com/600x315/29/09/d3/2909d3278150f463fac02bf07c705956.jpg
orig: https://i.pinimg.com/originals/29/09/d3/2909d3278150f463fac02bf07c705956.webp",,,,81,0,6,69,0,0,1,Cute Summer Outfits for Teens 2026,https://www.pinterest.com/alesiatokareva/cute-summer-outfits-for-teens-2026/,,,,public,,"The Fashion Ideas - Beauty, Fashion and Self-Care Inspiration",alesiatokareva,https://www.pinterest.com/alesiatokareva,,,24,,,,,,2026-03-25T21:24:39.000Z,2026-06-23T17:27:43.457Z
1.11485E+18,Stop Eating Low Protein — This Changes Everything | For Busy Women,"Struggling to lose weight? These high protein meals are designed to help burn fat and keep you full longer. 👉 Get the full high protein meal plan here: https://payhip.com/FitFeastDigital Save this pin and start your transformation today. Perfect for busy women who want simple and effective results without complicated diets. Easy recipes, powerful results, and no guesswork. #weightloss #healthyrecipes #highprotein #fatloss #cleaneating #fitnessfood #healthylifestyle",https://payhip.com/b/AgC4L,https://www.pinterest.com/pin/1114852082778056365,https://i.pinimg.com/originals/d4/95/96/d49596c1a87afc74f2339568bb0d01c6.jpg,"60x60: https://i.pinimg.com/60x60/d4/95/96/d49596c1a87afc74f2339568bb0d01c6.jpg
136x136: https://i.pinimg.com/136x136/d4/95/96/d49596c1a87afc74f2339568bb0d01c6.jpg
170x: https://i.pinimg.com/236x/d4/95/96/d49596c1a87afc74f2339568bb0d01c6.jpg
236x: https://i.pinimg.com/236x/d4/95/96/d49596c1a87afc74f2339568bb0d01c6.jpg
474x: https://i.pinimg.com/474x/d4/95/96/d49596c1a87afc74f2339568bb0d01c6.jpg
564x: https://i.pinimg.com/564x/d4/95/96/d49596c1a87afc74f2339568bb0d01c6.jpg
736x: https://i.pinimg.com/736x/d4/95/96/d49596c1a87afc74f2339568bb0d01c6.jpg
600x315: https://i.pinimg.com/600x315/d4/95/96/d49596c1a87afc74f2339568bb0d01c6.jpg
orig: https://i.pinimg.com/originals/d4/95/96/d49596c1a87afc74f2339568bb0d01c6.jpg",,,,573,0,2,570,0,0,5,Meal planning and structured eating systems,https://www.pinterest.com/KalawMasnat/meal-planning-and-structured-eating-systems/,,,,public,,Healthy Eating for Weight Loss,KalawMasnat,https://www.pinterest.com/KalawMasnat,,,73,,,,,,2026-04-22T06:56:40.000Z,2026-06-23T16:43:16.857Z
1.11535E+17,Sunset Beach Pant,Sunset Beach Pant – Sea Level US,https://sealevelaustralia.com/products/sl9094ss-white-sunset-beach-pant,https://www.pinterest.com/pin/111534528268274047,https://i.pinimg.com/originals/4a/b6/d7/4ab6d7dc6aef20af7dd0edb6e4556b8c.jpg,"60x60: https://i.pinimg.com/60x60/4a/b6/d7/4ab6d7dc6aef20af7dd0edb6e4556b8c.jpg
136x136: https://i.pinimg.com/136x136/4a/b6/d7/4ab6d7dc6aef20af7dd0edb6e4556b8c.jpg
170x: https://i.pinimg.com/236x/4a/b6/d7/4ab6d7dc6aef20af7dd0edb6e4556b8c.jpg
236x: https://i.pinimg.com/236x/4a/b6/d7/4ab6d7dc6aef20af7dd0edb6e4556b8c.jpg
474x: https://i.pinimg.com/474x/4a/b6/d7/4ab6d7dc6aef20af7dd0edb6e4556b8c.jpg
564x: https://i.pinimg.com/564x/4a/b6/d7/4ab6d7dc6aef20af7dd0edb6e4556b8c.jpg
736x: https://i.pinimg.com/736x/4a/b6/d7/4ab6d7dc6aef20af7dd0edb6e4556b8c.jpg
600x315: https://i.pinimg.com/600x315/4a/b6/d7/4ab6d7dc6aef20af7dd0edb6e4556b8c.jpg
orig: https://i.pinimg.com/originals/4a/b6/d7/4ab6d7dc6aef20af7dd0edb6e4556b8c.jpg",,,,2,0,0,0,0,0,0,My Style,https://www.pinterest.com/pbfmott/my-style/,,,,public,womens_fashion,Blair Mott,pbfmott,https://www.pinterest.com/pbfmott,,,1534,,,,,,2025-03-16T19:56:29.000Z,2026-06-23T17:13:04.004Z
1.11591E+18,🌸Summer outfit inspo🌸,,,https://www.pinterest.com/pin/1115907613929786278,https://i.pinimg.com/originals/13/dd/df/13dddf8eac334949903f9a673a686f6f.png,"60x60: https://i.pinimg.com/60x60/13/dd/df/13dddf8eac334949903f9a673a686f6f.jpg
136x136: https://i.pinimg.com/136x136/13/dd/df/13dddf8eac334949903f9a673a686f6f.jpg
170x: https://i.pinimg.com/236x/13/dd/df/13dddf8eac334949903f9a673a686f6f.jpg
236x: https://i.pinimg.com/236x/13/dd/df/13dddf8eac334949903f9a673a686f6f.jpg
474x: https://i.pinimg.com/474x/13/dd/df/13dddf8eac334949903f9a673a686f6f.jpg
564x: https://i.pinimg.com/564x/13/dd/df/13dddf8eac334949903f9a673a686f6f.jpg
736x: https://i.pinimg.com/736x/13/dd/df/13dddf8eac334949903f9a673a686f6f.jpg
600x315: https://i.pinimg.com/600x315/13/dd/df/13dddf8eac334949903f9a673a686f6f.jpg
orig: https://i.pinimg.com/originals/13/dd/df/13dddf8eac334949903f9a673a686f6f.png",,,,4193,0,111,773,0,0,16,Quick Saves,https://www.pinterest.com/teenage_dirtbag03/_quick_saves/,,,,public,,saanvi,teenage_dirtbag03,https://www.pinterest.com/teenage_dirtbag03,,,4,,,,,,2025-09-02T08:53:20.000Z,2026-06-23T17:24:17.092Z
1.11605E+17,Outfit 🏝️☀️,,,https://www.pinterest.com/pin/111604897012808449,https://i.pinimg.com/originals/65/23/f7/6523f7d80d8c57c16ff4ad0e84040357.png,"60x60: https://i.pinimg.com/60x60/65/23/f7/6523f7d80d8c57c16ff4ad0e84040357.jpg
136x136: https://i.pinimg.com/136x136/65/23/f7/6523f7d80d8c57c16ff4ad0e84040357.jpg
170x: https://i.pinimg.com/236x/65/23/f7/6523f7d80d8c57c16ff4ad0e84040357.jpg
236x: https://i.pinimg.com/236x/65/23/f7/6523f7d80d8c57c16ff4ad0e84040357.jpg
474x: https://i.pinimg.com/474x/65/23/f7/6523f7d80d8c57c16ff4ad0e84040357.jpg
564x: https://i.pinimg.com/564x/65/23/f7/6523f7d80d8c57c16ff4ad0e84040357.jpg
736x: https://i.pinimg.com/736x/65/23/f7/6523f7d80d8c57c16ff4ad0e84040357.jpg
600x315: https://i.pinimg.com/600x315/65/23/f7/6523f7d80d8c57c16ff4ad0e84040357.jpg
orig: https://i.pinimg.com/originals/65/23/f7/6523f7d80d8c57c16ff4ad0e84040357.png",,,,1778,0,132,428,5,0,22,Disney outfit inspo,https://www.pinterest.com/am_321/disney-outfit-inspo/,,,,public,,AM,am_321,https://www.pinterest.com/am_321,,,6,,,,,,2026-05-24T04:39:13.000Z,2026-06-23T17:21:12.137Z
1.11661E+18,Black boho beach queen,"Step into effortless island style with the vibrant Verdusa Women’s Tropical Maxi Dress. Designed with a breezy cold-shoulder cut, flowy silhouette, and bold Hawaiian-inspired print, this sundress is perfect for sunny escapes and relaxed summer vibes.#Verdusa #MaxiDress #BeachDress #VacationStyle #TropicalDress #CruiseOutfit #SummerDress #WomenFashion #BohoStyle #ResortWear #HolidayLook #FlowyDress #TravelFashion #SummerOutfit #OutfitInspo",https://amzn.to/4dHZ4fI,https://www.pinterest.com/pin/1116611302511499006,https://i.pinimg.com/originals/2a/cd/01/2acd0193e66660f7b26b6fd5b247eac8.jpg,"60x60: https://i.pinimg.com/60x60/2a/cd/01/2acd0193e66660f7b26b6fd5b247eac8.jpg
136x136: https://i.pinimg.com/136x136/2a/cd/01/2acd0193e66660f7b26b6fd5b247eac8.jpg
170x: https://i.pinimg.com/236x/2a/cd/01/2acd0193e66660f7b26b6fd5b247eac8.jpg
236x: https://i.pinimg.com/236x/2a/cd/01/2acd0193e66660f7b26b6fd5b247eac8.jpg
474x: https://i.pinimg.com/474x/2a/cd/01/2acd0193e66660f7b26b6fd5b247eac8.jpg
564x: https://i.pinimg.com/564x/2a/cd/01/2acd0193e66660f7b26b6fd5b247eac8.jpg
736x: https://i.pinimg.com/736x/2a/cd/01/2acd0193e66660f7b26b6fd5b247eac8.jpg
600x315: https://i.pinimg.com/600x315/2a/cd/01/2acd0193e66660f7b26b6fd5b247eac8.jpg
orig: https://i.pinimg.com/originals/2a/cd/01/2acd0193e66660f7b26b6fd5b247eac8.jpg",,,,1,0,0,0,0,0,0,"Curvy Fashion Dresses – Floral, Maxi,bodycon Looks",https://www.pinterest.com/haafi7063/curvy-fashion-dresses-floral-maxibodycon-looks/,,,,public,,Rose70,haafi7063,https://www.pinterest.com/haafi7063,,,11,,,,,,2026-05-15T04:22:21.000Z,2026-06-23T17:24:48.748Z
1.11675E+18,,,,https://www.pinterest.com/pin/1116752038862258446,https://i.pinimg.com/originals/c8/34/bc/c834bce02e5d5aa30ad99d26b213fada.jpg,"60x60: https://i.pinimg.com/60x60/c8/34/bc/c834bce02e5d5aa30ad99d26b213fada.jpg
136x136: https://i.pinimg.com/136x136/c8/34/bc/c834bce02e5d5aa30ad99d26b213fada.jpg
170x: https://i.pinimg.com/236x/c8/34/bc/c834bce02e5d5aa30ad99d26b213fada.jpg
236x: https://i.pinimg.com/236x/c8/34/bc/c834bce02e5d5aa30ad99d26b213fada.jpg
474x: https://i.pinimg.com/474x/c8/34/bc/c834bce02e5d5aa30ad99d26b213fada.jpg
564x: https://i.pinimg.com/564x/c8/34/bc/c834bce02e5d5aa30ad99d26b213fada.jpg
736x: https://i.pinimg.com/736x/c8/34/bc/c834bce02e5d5aa30ad99d26b213fada.jpg
600x315: https://i.pinimg.com/600x315/c8/34/bc/c834bce02e5d5aa30ad99d26b213fada.jpg
orig: https://i.pinimg.com/originals/c8/34/bc/c834bce02e5d5aa30ad99d26b213fada.jpg",,,,619,0,13,97,0,0,0,PARE DE USAR EM 2025,https://www.pinterest.com/feirinhadale/pare-de-usar-em-2025/,,,,public,,Feirinha Da Lê - O Canal da Meia-Idade,feirinhadale,https://www.pinterest.com/feirinhadale,,,737,,,,,,2025-06-02T17:22:27.000Z,2026-06-23T17:27:12.903Z
1.11795E+18,Easy Summer Looks for 2026 That Always Look Put Together,,https://homeneatliving.com/fresh-and-fashionable-casual-summer-outfit-ideas-for-2026/,https://www.pinterest.com/pin/1117948307526180425,https://i.pinimg.com/originals/19/8a/2e/198a2e4b5635758c0f465eff9dca355c.jpg,"60x60: https://i.pinimg.com/60x60/19/8a/2e/198a2e4b5635758c0f465eff9dca355c.jpg
136x136: https://i.pinimg.com/136x136/19/8a/2e/198a2e4b5635758c0f465eff9dca355c.jpg
170x: https://i.pinimg.com/236x/19/8a/2e/198a2e4b5635758c0f465eff9dca355c.jpg
236x: https://i.pinimg.com/236x/19/8a/2e/198a2e4b5635758c0f465eff9dca355c.jpg
474x: https://i.pinimg.com/474x/19/8a/2e/198a2e4b5635758c0f465eff9dca355c.jpg
564x: https://i.pinimg.com/564x/19/8a/2e/198a2e4b5635758c0f465eff9dca355c.jpg
736x: https://i.pinimg.com/736x/19/8a/2e/198a2e4b5635758c0f465eff9dca355c.jpg
600x315: https://i.pinimg.com/600x315/19/8a/2e/198a2e4b5635758c0f465eff9dca355c.jpg
orig: https://i.pinimg.com/originals/19/8a/2e/198a2e4b5635758c0f465eff9dca355c.jpg",,,,7,0,1,3,0,0,0,summer outfit 2026,https://www.pinterest.com/homeneatliving/summer-outfit-2026/,,,,public,,Home Neat Living,homeneatliving,https://www.pinterest.com/homeneatliving,,,35,,,,,,2026-05-27T16:06:34.000Z,2026-06-23T17:27:21.698Z
1.11809E+18,🌿 36 Chic Boho Summer Outfits That Turn Casual Day Into Stylish Moments,"Wander into the world of 36 boho summer outfits that turn simple looks into chic moments without any effort. Whether you lean toward earthy tones or sun-washed vibes, there is a style waiting just for you. These looks blend ease and elegance in ways that feel both intentional and naturally beautiful.",https://beautystoryhub.com/36-stunning-boho-summer-outfits-to-rock-in-2026/,https://www.pinterest.com/pin/1118089045013171628,https://i.pinimg.com/originals/90/06/48/900648f0c56fa06999fd6512f5d78098.png,"60x60: https://i.pinimg.com/60x60/90/06/48/900648f0c56fa06999fd6512f5d78098.jpg
136x136: https://i.pinimg.com/136x136/90/06/48/900648f0c56fa06999fd6512f5d78098.jpg
170x: https://i.pinimg.com/236x/90/06/48/900648f0c56fa06999fd6512f5d78098.jpg
236x: https://i.pinimg.com/236x/90/06/48/900648f0c56fa06999fd6512f5d78098.jpg
474x: https://i.pinimg.com/474x/90/06/48/900648f0c56fa06999fd6512f5d78098.jpg
564x: https://i.pinimg.com/564x/90/06/48/900648f0c56fa06999fd6512f5d78098.jpg
736x: https://i.pinimg.com/736x/90/06/48/900648f0c56fa06999fd6512f5d78098.jpg
600x315: https://i.pinimg.com/600x315/90/06/48/900648f0c56fa06999fd6512f5d78098.jpg
orig: https://i.pinimg.com/originals/90/06/48/900648f0c56fa06999fd6512f5d78098.png",,,,1,0,0,0,0,0,0,Boho Summer Outfits,https://www.pinterest.com/beautystoryhub_/boho-summer-outfits/,,,,public,,"Beauty Story Hub | Hairstyles, Fashion & Nail Inspiration",beautystoryhub_,https://www.pinterest.com/beautystoryhub_,,,56,,,,,,2026-04-19T08:52:01.000Z,2026-06-23T17:25:21.685Z
1.11823E+18,"SMASH BURGER BOWL for Easy Dinners, Prep Days and Homemade Kitchen Staples for Busy Nights","SMASH BURGER BOWL is an easy homemade sauce with practical ingredients, balanced flavor, and plenty of save-worthy appeal. Stir together potatoes until smooth, bold, and balanced so it can upgrade pasta, pizza, bowls, sandwiches, and easy dinners. It is also great for meal prep and family-friendly cooking, and packed with creamy flavor. Great for making again. #SmashBurgerBowl #HomemadeSauce #MealPrepIdeas",https://payhip.com/b/ZeyQA,https://www.pinterest.com/pin/1118229782513663008,https://i.pinimg.com/originals/91/d9/25/91d925e58c139fe911de343aab061595.jpg,"60x60: https://i.pinimg.com/60x60/91/d9/25/91d925e58c139fe911de343aab061595.jpg
136x136: https://i.pinimg.com/136x136/91/d9/25/91d925e58c139fe911de343aab061595.jpg
170x: https://i.pinimg.com/236x/91/d9/25/91d925e58c139fe911de343aab061595.jpg
236x: https://i.pinimg.com/236x/91/d9/25/91d925e58c139fe911de343aab061595.jpg
474x: https://i.pinimg.com/474x/91/d9/25/91d925e58c139fe911de343aab061595.jpg
564x: https://i.pinimg.com/564x/91/d9/25/91d925e58c139fe911de343aab061595.jpg
736x: https://i.pinimg.com/736x/91/d9/25/91d925e58c139fe911de343aab061595.jpg
600x315: https://i.pinimg.com/600x315/91/d9/25/91d925e58c139fe911de343aab061595.jpg
orig: https://i.pinimg.com/originals/91/d9/25/91d925e58c139fe911de343aab061595.jpg",,,,203,0,2,202,0,0,22,"Easy Recipes, Quick Meals & Dinner Ideas",https://www.pinterest.com/alboersguise/easy-recipes-quick-meals-dinner-ideas/,,,,public,,"Easy Recipes, Meal Ideas & Everyday Home Cooking",alboersguise,https://www.pinterest.com/alboersguise,,,5,,,,,,2026-06-10T08:17:14.000Z,2026-06-23T16:38:17.753Z
1.11837E+18,Sheer Floral Maxi Skirt Beach Look — Breezy Coastal Outfit Ideas for Girls Summer 2026,"Slay the shoreline in a sheer floral maxi skirt that floats with every ocean breeze! 🌊🌸 Pair with a simple white cami and woven sandals for that effortless coastal boho vibe. This breathable, ultra-feminine look is your go-to for beach days, sunset strolls, and waterfront dinners. Stay cool and gorgeous all summer long. 🐚☀️ #SheerFloralMaxiSkirt #BeachOutfitIdeas #CoastalBohoStyle #SummerMaxiSkirt #BeachVacationOutfit #FloralSkirtLook #HotWeatherFashion #GirlsSummerOutfits",,https://www.pinterest.com/pin/1118370519989824396,https://i.pinimg.com/originals/f8/50/72/f85072cc0dd7743f74710720570ee550.png,"60x60: https://i.pinimg.com/60x60/f8/50/72/f85072cc0dd7743f74710720570ee550.jpg
136x136: https://i.pinimg.com/136x136/f8/50/72/f85072cc0dd7743f74710720570ee550.jpg
170x: https://i.pinimg.com/236x/f8/50/72/f85072cc0dd7743f74710720570ee550.jpg
236x: https://i.pinimg.com/236x/f8/50/72/f85072cc0dd7743f74710720570ee550.jpg
474x: https://i.pinimg.com/474x/f8/50/72/f85072cc0dd7743f74710720570ee550.jpg
564x: https://i.pinimg.com/564x/f8/50/72/f85072cc0dd7743f74710720570ee550.jpg
736x: https://i.pinimg.com/736x/f8/50/72/f85072cc0dd7743f74710720570ee550.jpg
600x315: https://i.pinimg.com/600x315/f8/50/72/f85072cc0dd7743f74710720570ee550.jpg
orig: https://i.pinimg.com/originals/f8/50/72/f85072cc0dd7743f74710720570ee550.png",,,,1,0,0,0,0,0,0,Outfit Ideas for Women & Teen Girls,https://www.pinterest.com/jessifashionbeauty/outfit-ideas-for-women-teen-girls/,,,,public,,Jessi Fashion & Beauty,jessifashionbeauty,https://www.pinterest.com/jessifashionbeauty,,,12,,,,,,2026-06-14T19:53:52.000Z,2026-06-23T17:21:21.048Z
1.11872E+18,🌿 White Boho Maxi Dress,"Embrace laid-back elegance with this beautiful white boho maxi dress featuring delicate lace accents, a flattering deep V-neckline, and a flowy silhouette. Paired with a handcrafted woven tote bag, this look is perfect for sunny getaways, coastal walks, brunch dates, and everyday summer fashion. The combination of soft textures and timeless white tones creates a chic, feminine outfit that never goes out of style.
#BohoStyle #WhiteMaxiDress #BohoFashion",,https://www.pinterest.com/pin/1118722363712067322,https://i.pinimg.com/originals/29/40/c2/2940c2de71265b03253e8b06b86f2d5f.jpg,"60x60: https://i.pinimg.com/60x60/29/40/c2/2940c2de71265b03253e8b06b86f2d5f.jpg
136x136: https://i.pinimg.com/136x136/29/40/c2/2940c2de71265b03253e8b06b86f2d5f.jpg
170x: https://i.pinimg.com/236x/29/40/c2/2940c2de71265b03253e8b06b86f2d5f.jpg
236x: https://i.pinimg.com/236x/29/40/c2/2940c2de71265b03253e8b06b86f2d5f.jpg
474x: https://i.pinimg.com/474x/29/40/c2/2940c2de71265b03253e8b06b86f2d5f.jpg
564x: https://i.pinimg.com/564x/29/40/c2/2940c2de71265b03253e8b06b86f2d5f.jpg
736x: https://i.pinimg.com/736x/29/40/c2/2940c2de71265b03253e8b06b86f2d5f.jpg
600x315: https://i.pinimg.com/600x315/29/40/c2/2940c2de71265b03253e8b06b86f2d5f.jpg
orig: https://i.pinimg.com/originals/29/40/c2/2940c2de71265b03253e8b06b86f2d5f.jpg",,,,6,0,1,5,0,0,1,Pins by you,https://www.pinterest.com/goldenveir/_quick_creates/,,,,public,,Golden veir,goldenveir,https://www.pinterest.com/goldenveir,,,2,,,,,,2026-05-31T02:33:17.000Z,2026-06-23T17:21:46.268Z
1.11886E+17,Cozy Winter Decor Ideas You Can Craft Easily,"Transform your space with simple, budget-friendly winter décor ideas. Easy DIY projects, warm textures, and chic accents to elevate any room this season. Perfect for festive, cozy vibes and quick home upgrades",,https://www.pinterest.com/pin/111886371987303165,https://i.pinimg.com/originals/41/27/b1/4127b1450cb6b770d64a845edf9f5ac0.jpg,"60x60: https://i.pinimg.com/60x60/41/27/b1/4127b1450cb6b770d64a845edf9f5ac0.jpg
136x136: https://i.pinimg.com/136x136/41/27/b1/4127b1450cb6b770d64a845edf9f5ac0.jpg
170x: https://i.pinimg.com/236x/41/27/b1/4127b1450cb6b770d64a845edf9f5ac0.jpg
236x: https://i.pinimg.com/236x/41/27/b1/4127b1450cb6b770d64a845edf9f5ac0.jpg
474x: https://i.pinimg.com/474x/41/27/b1/4127b1450cb6b770d64a845edf9f5ac0.jpg
564x: https://i.pinimg.com/564x/41/27/b1/4127b1450cb6b770d64a845edf9f5ac0.jpg
736x: https://i.pinimg.com/736x/41/27/b1/4127b1450cb6b770d64a845edf9f5ac0.jpg
600x315: https://i.pinimg.com/600x315/41/27/b1/4127b1450cb6b770d64a845edf9f5ac0.jpg
orig: https://i.pinimg.com/originals/41/27/b1/4127b1450cb6b770d64a845edf9f5ac0.jpg",,,,12,0,5,3,0,0,0,FASHION,https://www.pinterest.com/matantesasa/fashion/,,,,public,,Vanessa Anne Boutin,matantesasa,https://www.pinterest.com/matantesasa,,,504,,,,,,2026-02-24T21:06:12.000Z,2026-06-23T17:13:38.099Z
1.11887E+16,White Tropical Floral Terry Tankini Set,White Tropical Floral Terry Tankini Swimsuit & Reviews - White - Tankinis | SAMIOLSWIM,https://www.samiol.com/products/white-tropical-floral-terry-tankini-set,https://www.pinterest.com/pin/11188699075457213,https://i.pinimg.com/originals/a6/a1/c1/a6a1c14019bc9edaf0c881bcc1d00e5d.jpg,"60x60: https://i.pinimg.com/60x60/a6/a1/c1/a6a1c14019bc9edaf0c881bcc1d00e5d.jpg
136x136: https://i.pinimg.com/136x136/a6/a1/c1/a6a1c14019bc9edaf0c881bcc1d00e5d.jpg
170x: https://i.pinimg.com/236x/a6/a1/c1/a6a1c14019bc9edaf0c881bcc1d00e5d.jpg
236x: https://i.pinimg.com/236x/a6/a1/c1/a6a1c14019bc9edaf0c881bcc1d00e5d.jpg
474x: https://i.pinimg.com/474x/a6/a1/c1/a6a1c14019bc9edaf0c881bcc1d00e5d.jpg
564x: https://i.pinimg.com/564x/a6/a1/c1/a6a1c14019bc9edaf0c881bcc1d00e5d.jpg
736x: https://i.pinimg.com/736x/a6/a1/c1/a6a1c14019bc9edaf0c881bcc1d00e5d.jpg
600x315: https://i.pinimg.com/600x315/a6/a1/c1/a6a1c14019bc9edaf0c881bcc1d00e5d.jpg
orig: https://i.pinimg.com/originals/a6/a1/c1/a6a1c14019bc9edaf0c881bcc1d00e5d.jpg",,,,182,0,9,185,0,0,18,Lyric inspo,https://www.pinterest.com/1starla/lyric-inspo/,,,,public,,Starla Morgan,1starla,https://www.pinterest.com/1starla,,,72,,,,,,2026-05-03T18:30:35.000Z,2026-06-23T17:13:26.492Z
1.1195E+18,10 Easy Keto Dessert Recipes for Guilt-Free Sweet Cravings,"Discover delicious keto dessert recipes that are low carb, sugar free, and perfect for satisfying sweet cravings while staying in ketosis.
#KetoDesserts #LowCarbRecipes #SugarFreeTreats #KetoLifestyle #HealthyDesserts #KetogenicDiet #EasyKeto #DessertRecipes #KetoSweets #LowCarbLiving",https://gum.co/u/sdupcdlu,https://www.pinterest.com/pin/1119496419893301621,https://i.pinimg.com/originals/55/44/04/554404863e8320d5b083cc757473b29e.jpg,"60x60: https://i.pinimg.com/60x60/55/44/04/554404863e8320d5b083cc757473b29e.jpg
136x136: https://i.pinimg.com/136x136/55/44/04/554404863e8320d5b083cc757473b29e.jpg
170x: https://i.pinimg.com/236x/55/44/04/554404863e8320d5b083cc757473b29e.jpg
236x: https://i.pinimg.com/236x/55/44/04/554404863e8320d5b083cc757473b29e.jpg
474x: https://i.pinimg.com/474x/55/44/04/554404863e8320d5b083cc757473b29e.jpg
564x: https://i.pinimg.com/564x/55/44/04/554404863e8320d5b083cc757473b29e.jpg
736x: https://i.pinimg.com/736x/55/44/04/554404863e8320d5b083cc757473b29e.jpg
600x315: https://i.pinimg.com/600x315/55/44/04/554404863e8320d5b083cc757473b29e.jpg
orig: https://i.pinimg.com/originals/55/44/04/554404863e8320d5b083cc757473b29e.jpg",,,,409,0,9,408,0,0,20,one bowl keto desserts,https://www.pinterest.com/jeyesic663/one-bowl-keto-desserts/,,,,public,,Jeyesic,jeyesic663,https://www.pinterest.com/jeyesic663,,,15,,,,,,2026-05-19T06:12:12.000Z,2026-06-23T16:38:18.007Z
1.11992E+18,,,,https://www.pinterest.com/pin/1119918632345165271,https://i.pinimg.com/originals/3d/ef/54/3def547ad68f1c67bbc65e2234eb8d60.jpg,"60x60: https://i.pinimg.com/60x60/3d/ef/54/3def547ad68f1c67bbc65e2234eb8d60.jpg
136x136: https://i.pinimg.com/136x136/3d/ef/54/3def547ad68f1c67bbc65e2234eb8d60.jpg
170x: https://i.pinimg.com/236x/3d/ef/54/3def547ad68f1c67bbc65e2234eb8d60.jpg
236x: https://i.pinimg.com/236x/3d/ef/54/3def547ad68f1c67bbc65e2234eb8d60.jpg
474x: https://i.pinimg.com/474x/3d/ef/54/3def547ad68f1c67bbc65e2234eb8d60.jpg
564x: https://i.pinimg.com/564x/3d/ef/54/3def547ad68f1c67bbc65e2234eb8d60.jpg
736x: https://i.pinimg.com/736x/3d/ef/54/3def547ad68f1c67bbc65e2234eb8d60.jpg
600x315: https://i.pinimg.com/600x315/3d/ef/54/3def547ad68f1c67bbc65e2234eb8d60.jpg
orig: https://i.pinimg.com/originals/3d/ef/54/3def547ad68f1c67bbc65e2234eb8d60.jpg",,,,192,0,8,22,0,0,0,Outfits,https://www.pinterest.com/lottieslife13/outfits/,,,,public,,𝐿𝑜𝑡𝑡𝑖𝑒‘𝑠 𝐿𝑖𝑓𝑒,lottieslife13,https://www.pinterest.com/lottieslife13,,,40,,,,,,2025-05-11T19:40:54.000Z,2026-06-23T17:28:49.749Z
1.11992E+18,,,,https://www.pinterest.com/pin/1119918632362039409,https://i.pinimg.com/originals/84/f1/36/84f136a620cdba6a903034857d63b6d8.jpg,"60x60: https://i.pinimg.com/60x60/84/f1/36/84f136a620cdba6a903034857d63b6d8.jpg
136x136: https://i.pinimg.com/136x136/84/f1/36/84f136a620cdba6a903034857d63b6d8.jpg
170x: https://i.pinimg.com/236x/84/f1/36/84f136a620cdba6a903034857d63b6d8.jpg
236x: https://i.pinimg.com/236x/84/f1/36/84f136a620cdba6a903034857d63b6d8.jpg
474x: https://i.pinimg.com/474x/84/f1/36/84f136a620cdba6a903034857d63b6d8.jpg
564x: https://i.pinimg.com/564x/84/f1/36/84f136a620cdba6a903034857d63b6d8.jpg
736x: https://i.pinimg.com/736x/84/f1/36/84f136a620cdba6a903034857d63b6d8.jpg
600x315: https://i.pinimg.com/600x315/84/f1/36/84f136a620cdba6a903034857d63b6d8.jpg
orig: https://i.pinimg.com/originals/84/f1/36/84f136a620cdba6a903034857d63b6d8.jpg",,,,1001,2,209,893,30,0,830,Quick Saves,https://www.pinterest.com/qtabatadze9/_quick_saves/,,,,public,,Qetevan,qtabatadze9,https://www.pinterest.com/qtabatadze9,,,11,,,,,,2026-04-23T18:06:20.000Z,2026-06-23T16:46:22.762Z
1.12034E+18,,preppy beach day 👙,https://www.shffls.com/shuffles/5295530314702047834,https://www.pinterest.com/pin/1120340844783099682,https://i.pinimg.com/originals/7e/6f/b5/7e6fb5924b944adfa15715de1281a9ce.jpg,"60x60: https://i.pinimg.com/60x60/7e/6f/b5/7e6fb5924b944adfa15715de1281a9ce.jpg
136x136: https://i.pinimg.com/136x136/7e/6f/b5/7e6fb5924b944adfa15715de1281a9ce.jpg
170x: https://i.pinimg.com/236x/7e/6f/b5/7e6fb5924b944adfa15715de1281a9ce.jpg
236x: https://i.pinimg.com/236x/7e/6f/b5/7e6fb5924b944adfa15715de1281a9ce.jpg
474x: https://i.pinimg.com/474x/7e/6f/b5/7e6fb5924b944adfa15715de1281a9ce.jpg
564x: https://i.pinimg.com/564x/7e/6f/b5/7e6fb5924b944adfa15715de1281a9ce.jpg
736x: https://i.pinimg.com/736x/7e/6f/b5/7e6fb5924b944adfa15715de1281a9ce.jpg
600x315: https://i.pinimg.com/600x315/7e/6f/b5/7e6fb5924b944adfa15715de1281a9ce.jpg
orig: https://i.pinimg.com/originals/7e/6f/b5/7e6fb5924b944adfa15715de1281a9ce.jpg",,,,31,0,1,4,0,0,0,Quick Saves,https://www.pinterest.com/AyvuhPayriz/_quick_saves/,,,,public,,Ava,AyvuhPayriz,https://www.pinterest.com/AyvuhPayriz,,,14,,,,,,2023-05-29T15:29:32.000Z,2026-06-23T17:29:42.937Z
1.12055E+18,Vacation Style Edit: Elegant Tropical Resort Wear for Women,"Discover the perfect tropical resort wear for your next vacation. This elegant, relaxed boho-chic maxi dress is a must-have for summer 2026 getaways. 
Resort Wear, Vacation Outfits, Tropical Chic, Boho Maxi Dress, Summer Vacation Style, Beach Fashion, Women's Resort Wear 
 #ResortWear #VacationStyle #TropicalChic #SummerFashion2026 #BohoDress #BeachOutfit #VacationLooks",,https://www.pinterest.com/pin/1120551951062247092,https://i.pinimg.com/originals/fa/1e/63/fa1e6364883f1ec6dc71382627c7fc26.png,"60x60: https://i.pinimg.com/60x60/fa/1e/63/fa1e6364883f1ec6dc71382627c7fc26.jpg
136x136: https://i.pinimg.com/136x136/fa/1e/63/fa1e6364883f1ec6dc71382627c7fc26.jpg
170x: https://i.pinimg.com/236x/fa/1e/63/fa1e6364883f1ec6dc71382627c7fc26.jpg
236x: https://i.pinimg.com/236x/fa/1e/63/fa1e6364883f1ec6dc71382627c7fc26.jpg
474x: https://i.pinimg.com/474x/fa/1e/63/fa1e6364883f1ec6dc71382627c7fc26.jpg
564x: https://i.pinimg.com/564x/fa/1e/63/fa1e6364883f1ec6dc71382627c7fc26.jpg
736x: https://i.pinimg.com/736x/fa/1e/63/fa1e6364883f1ec6dc71382627c7fc26.jpg
600x315: https://i.pinimg.com/600x315/fa/1e/63/fa1e6364883f1ec6dc71382627c7fc26.jpg
orig: https://i.pinimg.com/originals/fa/1e/63/fa1e6364883f1ec6dc71382627c7fc26.png",,,,1,0,0,0,0,0,0,Summer Vacation & Resort Looks 2026,https://www.pinterest.com/thestylehubfashion/summer-vacation-resort-looks-2026/,,,,public,,The Style Hub | Men & Women Fashion,thestylehubfashion,https://www.pinterest.com/thestylehubfashion,,,2,,,,,,2026-06-12T14:05:58.000Z,2026-06-23T17:23:42.077Z
1.1209E+18,Chocolate Almond Flour Brownies 🍫✨ | Healthy Baking Favorite,"A healthy baking favorite made with almond flour and chocolate for the ultimate brownie experience. Moist, rich, and satisfying! #HealthyBaking #ChocolateLovers #DessertIdeas",https://gum.co/u/sdupcdlu,https://www.pinterest.com/pin/1120903794778804245,https://i.pinimg.com/originals/60/89/f6/6089f6404ad664c37919e8f57b6cb4c1.jpg,"60x60: https://i.pinimg.com/60x60/60/89/f6/6089f6404ad664c37919e8f57b6cb4c1.jpg
136x136: https://i.pinimg.com/136x136/60/89/f6/6089f6404ad664c37919e8f57b6cb4c1.jpg
170x: https://i.pinimg.com/236x/60/89/f6/6089f6404ad664c37919e8f57b6cb4c1.jpg
236x: https://i.pinimg.com/236x/60/89/f6/6089f6404ad664c37919e8f57b6cb4c1.jpg
474x: https://i.pinimg.com/474x/60/89/f6/6089f6404ad664c37919e8f57b6cb4c1.jpg
564x: https://i.pinimg.com/564x/60/89/f6/6089f6404ad664c37919e8f57b6cb4c1.jpg
736x: https://i.pinimg.com/736x/60/89/f6/6089f6404ad664c37919e8f57b6cb4c1.jpg
600x315: https://i.pinimg.com/600x315/60/89/f6/6089f6404ad664c37919e8f57b6cb4c1.jpg
orig: https://i.pinimg.com/originals/60/89/f6/6089f6404ad664c37919e8f57b6cb4c1.jpg",,,,1984,0,27,1920,0,0,18,Almond Flour Brownies,https://www.pinterest.com/goniw90899/almond-flour-brownies/,,,,public,,Goniw,goniw90899,https://www.pinterest.com/goniw90899,,,5,,,,,,2026-04-09T18:30:37.000Z,2026-06-23T16:43:16.667Z
1.12097E+17,20 Beach Outfits For This Summer,"Turn heads at the shore with these 20 beach outfits that are both stylish and sun-ready. Whether you’re lounging by the water, grabbing lunch by the boardwalk, or dancing at a sunset party, you’ll find breezy cover-ups, flattering swimsuits, and easy accessories to keep your summer beach style on point.",https://cruiseshipmania.com/beach-outfits-for-this-summer/,https://www.pinterest.com/pin/112097478221483308,https://i.pinimg.com/originals/74/9d/d2/749dd2187b08b409664ed4b00747f6bd.png,"60x60: https://i.pinimg.com/60x60/74/9d/d2/749dd2187b08b409664ed4b00747f6bd.jpg
136x136: https://i.pinimg.com/136x136/74/9d/d2/749dd2187b08b409664ed4b00747f6bd.jpg
170x: https://i.pinimg.com/236x/74/9d/d2/749dd2187b08b409664ed4b00747f6bd.jpg
236x: https://i.pinimg.com/236x/74/9d/d2/749dd2187b08b409664ed4b00747f6bd.jpg
474x: https://i.pinimg.com/474x/74/9d/d2/749dd2187b08b409664ed4b00747f6bd.jpg
564x: https://i.pinimg.com/564x/74/9d/d2/749dd2187b08b409664ed4b00747f6bd.jpg
736x: https://i.pinimg.com/736x/74/9d/d2/749dd2187b08b409664ed4b00747f6bd.jpg
600x315: https://i.pinimg.com/600x315/74/9d/d2/749dd2187b08b409664ed4b00747f6bd.jpg
orig: https://i.pinimg.com/originals/74/9d/d2/749dd2187b08b409664ed4b00747f6bd.png",,,,94,0,13,9,0,0,5,Clothes,https://www.pinterest.com/taongu/clothes/,,,,public,,ToeVille,taongu,https://www.pinterest.com/taongu,,,143,,,,,,2026-03-12T03:54:29.000Z,2026-06-23T17:13:10.043Z
1.12168E+18,20 Chic Summer Outfit Ideas | Boho & Euro Summer Outfits,"Looking for the perfect summer outfit? Discover 20 Bohemian Summer Outfits For A Carefree Vibe. From chic summer outfits to the ultimate vacation outfit, these euro summer outfits are a must-see for your next trip! Shop your favorite summer outfit ideas now. Tap to see the full list!
#summeroutfits #bohochic #eurosummer #vacationoutfit #summerstyle",https://muotiaura.com/outfits/20-bohemian-summer-outfits-for-a-carefree-vibe/,https://www.pinterest.com/pin/1121677850961410912,https://i.pinimg.com/originals/ea/ff/62/eaff6242b45ce68b21307f00122e0eff.png,"60x60: https://i.pinimg.com/60x60/ea/ff/62/eaff6242b45ce68b21307f00122e0eff.jpg
136x136: https://i.pinimg.com/136x136/ea/ff/62/eaff6242b45ce68b21307f00122e0eff.jpg
170x: https://i.pinimg.com/236x/ea/ff/62/eaff6242b45ce68b21307f00122e0eff.jpg
236x: https://i.pinimg.com/236x/ea/ff/62/eaff6242b45ce68b21307f00122e0eff.jpg
474x: https://i.pinimg.com/474x/ea/ff/62/eaff6242b45ce68b21307f00122e0eff.jpg
564x: https://i.pinimg.com/564x/ea/ff/62/eaff6242b45ce68b21307f00122e0eff.jpg
736x: https://i.pinimg.com/736x/ea/ff/62/eaff6242b45ce68b21307f00122e0eff.jpg
600x315: https://i.pinimg.com/600x315/ea/ff/62/eaff6242b45ce68b21307f00122e0eff.jpg
orig: https://i.pinimg.com/originals/ea/ff/62/eaff6242b45ce68b21307f00122e0eff.png",,,,1,0,0,0,0,0,0,Summer Outfit Ideas,https://www.pinterest.com/iamemmacollins01/summer-outfit-ideas/,,,,public,,Emma,iamemmacollins01,https://www.pinterest.com/iamemmacollins01,,,3,,,,,,2026-02-03T20:30:53.000Z,2026-06-23T17:24:54.155Z
1.12224E+18,,,,https://www.pinterest.com/pin/1122240800907656460,https://i.pinimg.com/originals/2a/b0/27/2ab0276e17cef3a30840fbffd3e613c2.jpg,"60x60: https://i.pinimg.com/60x60/2a/b0/27/2ab0276e17cef3a30840fbffd3e613c2.jpg
136x136: https://i.pinimg.com/136x136/2a/b0/27/2ab0276e17cef3a30840fbffd3e613c2.jpg
170x: https://i.pinimg.com/236x/2a/b0/27/2ab0276e17cef3a30840fbffd3e613c2.jpg
236x: https://i.pinimg.com/236x/2a/b0/27/2ab0276e17cef3a30840fbffd3e613c2.jpg
474x: https://i.pinimg.com/474x/2a/b0/27/2ab0276e17cef3a30840fbffd3e613c2.jpg
564x: https://i.pinimg.com/564x/2a/b0/27/2ab0276e17cef3a30840fbffd3e613c2.jpg
736x: https://i.pinimg.com/736x/2a/b0/27/2ab0276e17cef3a30840fbffd3e613c2.jpg
600x315: https://i.pinimg.com/600x315/2a/b0/27/2ab0276e17cef3a30840fbffd3e613c2.jpg
orig: https://i.pinimg.com/originals/2a/b0/27/2ab0276e17cef3a30840fbffd3e613c2.jpg",,,,118,0,5,24,0,0,0,💖🍭🏝️BaDdiEs🎀🌴✨,https://www.pinterest.com/inman8angles/baddies/,,,,public,,💖🏝️Baby Faith Baby Rosie🎀✨,inman8angles,https://www.pinterest.com/inman8angles,,,4,,,,,,2025-08-05T06:19:29.000Z,2026-06-23T17:29:10.058Z
1.12266E+18,18 Modern Summer Beach Outfits Women to Wear Now,"Upgrade your vacation style with these trendy Summer Beach Outfits Women ideas. From breezy Boho Beach Outfit looks to elegant kimono layers, these outfits are perfect for sunny getaways and seaside vibes.",https://trendyfashionsideas.com/summer-beach-outfits/,https://www.pinterest.com/pin/1122663013401264912,https://i.pinimg.com/originals/34/57/32/345732b618b8e233af4272016ae3e101.png,"60x60: https://i.pinimg.com/60x60/34/57/32/345732b618b8e233af4272016ae3e101.jpg
136x136: https://i.pinimg.com/136x136/34/57/32/345732b618b8e233af4272016ae3e101.jpg
170x: https://i.pinimg.com/236x/34/57/32/345732b618b8e233af4272016ae3e101.jpg
236x: https://i.pinimg.com/236x/34/57/32/345732b618b8e233af4272016ae3e101.jpg
474x: https://i.pinimg.com/474x/34/57/32/345732b618b8e233af4272016ae3e101.jpg
564x: https://i.pinimg.com/564x/34/57/32/345732b618b8e233af4272016ae3e101.jpg
736x: https://i.pinimg.com/736x/34/57/32/345732b618b8e233af4272016ae3e101.jpg
600x315: https://i.pinimg.com/600x315/34/57/32/345732b618b8e233af4272016ae3e101.jpg
orig: https://i.pinimg.com/originals/34/57/32/345732b618b8e233af4272016ae3e101.png",,,,1,0,0,0,0,0,0,Summer Beach Outfits Ideas,https://www.pinterest.com/trendyfashionsi/summer-beach-outfits-ideas/,,,,public,,Trendy Fashion Ideas,trendyfashionsi,https://www.pinterest.com/trendyfashionsi,,,12,,,,,,2026-06-06T13:03:34.000Z,2026-06-23T17:13:15.388Z
1.12294E+18,,,,https://www.pinterest.com/pin/1122944488572704681,https://i.pinimg.com/originals/3d/d3/e3/3dd3e35018eb77615382f00d0df19e78.jpg,"60x60: https://i.pinimg.com/60x60/3d/d3/e3/3dd3e35018eb77615382f00d0df19e78.jpg
136x136: https://i.pinimg.com/136x136/3d/d3/e3/3dd3e35018eb77615382f00d0df19e78.jpg
170x: https://i.pinimg.com/236x/3d/d3/e3/3dd3e35018eb77615382f00d0df19e78.jpg
236x: https://i.pinimg.com/236x/3d/d3/e3/3dd3e35018eb77615382f00d0df19e78.jpg
474x: https://i.pinimg.com/474x/3d/d3/e3/3dd3e35018eb77615382f00d0df19e78.jpg
564x: https://i.pinimg.com/564x/3d/d3/e3/3dd3e35018eb77615382f00d0df19e78.jpg
736x: https://i.pinimg.com/736x/3d/d3/e3/3dd3e35018eb77615382f00d0df19e78.jpg
600x315: https://i.pinimg.com/600x315/3d/d3/e3/3dd3e35018eb77615382f00d0df19e78.jpg
orig: https://i.pinimg.com/originals/3d/d3/e3/3dd3e35018eb77615382f00d0df19e78.jpg",,,,1087,0,105,867,1,0,4,#LOOKBOOK,https://www.pinterest.com/edensmorehouse/lookbook/,,,,public,,Eden.S,edensmorehouse,https://www.pinterest.com/edensmorehouse,,,535,,,,,,2026-04-24T03:09:09.000Z,2026-06-23T17:23:21.532Z
1.12301E+18,Bohemian Summer Outfits for Women That Feel Free and Considered,"Discover how to curate a summer wardrobe that feels effortlessly free-spirited yet entirely intentional. From lightweight jumpsuits perfect for travel to fluid maxi lengths that move with you, learn the subtle styling choices that elevate your seasonal look. Save this for later to plan your effortless warm-weather style.

#BohemianSummerOutfits #BohoOutfits #SummerOutfitsForWomen #BohoFashion #RelaxedSummerOutfits #SummerStyleInspiration",https://truefindshub.com/bohemian-summer-outfits-women/,https://www.pinterest.com/pin/1123014857105826509,https://i.pinimg.com/originals/77/08/b1/7708b1f4da22c6eed0b6541772a959da.jpg,"60x60: https://i.pinimg.com/60x60/77/08/b1/7708b1f4da22c6eed0b6541772a959da.jpg
136x136: https://i.pinimg.com/136x136/77/08/b1/7708b1f4da22c6eed0b6541772a959da.jpg
170x: https://i.pinimg.com/236x/77/08/b1/7708b1f4da22c6eed0b6541772a959da.jpg
236x: https://i.pinimg.com/236x/77/08/b1/7708b1f4da22c6eed0b6541772a959da.jpg
474x: https://i.pinimg.com/474x/77/08/b1/7708b1f4da22c6eed0b6541772a959da.jpg
564x: https://i.pinimg.com/564x/77/08/b1/7708b1f4da22c6eed0b6541772a959da.jpg
736x: https://i.pinimg.com/736x/77/08/b1/7708b1f4da22c6eed0b6541772a959da.jpg
600x315: https://i.pinimg.com/600x315/77/08/b1/7708b1f4da22c6eed0b6541772a959da.jpg
orig: https://i.pinimg.com/originals/77/08/b1/7708b1f4da22c6eed0b6541772a959da.jpg",,,,1,0,1,0,0,0,0,Boho Outfits For Women,https://www.pinterest.com/truefindshub/boho-outfits-for-women/,,,,public,,True Finds Hub,truefindshub,https://www.pinterest.com/truefindshub,,,0,,,,,,2026-06-11T22:03:45.000Z,2026-06-23T17:25:21.775Z
1.12372E+18,,,,https://www.pinterest.com/pin/1123718544523062462,https://i.pinimg.com/originals/9f/81/9c/9f819ccebd1ce4fbafd9a90eeca32fad.jpg,"60x60: https://i.pinimg.com/60x60/9f/81/9c/9f819ccebd1ce4fbafd9a90eeca32fad.jpg
136x136: https://i.pinimg.com/136x136/9f/81/9c/9f819ccebd1ce4fbafd9a90eeca32fad.jpg
170x: https://i.pinimg.com/236x/9f/81/9c/9f819ccebd1ce4fbafd9a90eeca32fad.jpg
236x: https://i.pinimg.com/236x/9f/81/9c/9f819ccebd1ce4fbafd9a90eeca32fad.jpg
474x: https://i.pinimg.com/474x/9f/81/9c/9f819ccebd1ce4fbafd9a90eeca32fad.jpg
564x: https://i.pinimg.com/564x/9f/81/9c/9f819ccebd1ce4fbafd9a90eeca32fad.jpg
736x: https://i.pinimg.com/736x/9f/81/9c/9f819ccebd1ce4fbafd9a90eeca32fad.jpg
600x315: https://i.pinimg.com/600x315/9f/81/9c/9f819ccebd1ce4fbafd9a90eeca32fad.jpg
orig: https://i.pinimg.com/originals/9f/81/9c/9f819ccebd1ce4fbafd9a90eeca32fad.jpg",,,,17,0,1,3,0,0,0,woman fashion,https://www.pinterest.com/kristina76390452/woman-fashion/,,,,public,,Kristina,kristina76390452,https://www.pinterest.com/kristina76390452,,,6,,,,,,2025-02-02T16:13:56.000Z,2026-06-23T17:24:26.481Z
1.12386E+18,Idée tenue d’été en bleu pour filles,,,https://www.pinterest.com/pin/1123859282033294309,https://i.pinimg.com/originals/5f/90/85/5f9085055149e90e4f96abfa2d374d90.jpg,"60x60: https://i.pinimg.com/60x60/5f/90/85/5f9085055149e90e4f96abfa2d374d90.jpg
136x136: https://i.pinimg.com/136x136/5f/90/85/5f9085055149e90e4f96abfa2d374d90.jpg
170x: https://i.pinimg.com/236x/5f/90/85/5f9085055149e90e4f96abfa2d374d90.jpg
236x: https://i.pinimg.com/236x/5f/90/85/5f9085055149e90e4f96abfa2d374d90.jpg
474x: https://i.pinimg.com/474x/5f/90/85/5f9085055149e90e4f96abfa2d374d90.jpg
564x: https://i.pinimg.com/564x/5f/90/85/5f9085055149e90e4f96abfa2d374d90.jpg
736x: https://i.pinimg.com/736x/5f/90/85/5f9085055149e90e4f96abfa2d374d90.jpg
600x315: https://i.pinimg.com/600x315/5f/90/85/5f9085055149e90e4f96abfa2d374d90.jpg
orig: https://i.pinimg.com/originals/5f/90/85/5f9085055149e90e4f96abfa2d374d90.jpg",,,,1113,2,104,80,13,0,6,Vacay inspo,https://www.pinterest.com/beemariesavoy/vacay-inspo/,,,,public,,Beemariesavoy,beemariesavoy,https://www.pinterest.com/beemariesavoy,,,1,,,,,,2026-05-22T21:07:36.000Z,2026-06-23T17:01:42.605Z
1.12407E+18,Tropical Cutout Maxi Dress | Summer outfit 2026,"Embrace the island vibes with this vibrant tropical cutout dress. Featuring bright florals and a high leg slit, it's the perfect statement Summer outfit 2026 for your next tropical getaway or beach resort stay. Save for vacation outfit inspiration!

#SummerOutfit2026 #TropicalDress #BeachVacation #ResortWear #SummerVibes",,https://www.pinterest.com/pin/1124070388284574856,https://i.pinimg.com/originals/e2/0f/c0/e20fc0f9d171e56be5f1354be880444c.jpg,"60x60: https://i.pinimg.com/60x60/e2/0f/c0/e20fc0f9d171e56be5f1354be880444c.jpg
136x136: https://i.pinimg.com/136x136/e2/0f/c0/e20fc0f9d171e56be5f1354be880444c.jpg
170x: https://i.pinimg.com/236x/e2/0f/c0/e20fc0f9d171e56be5f1354be880444c.jpg
236x: https://i.pinimg.com/236x/e2/0f/c0/e20fc0f9d171e56be5f1354be880444c.jpg
474x: https://i.pinimg.com/474x/e2/0f/c0/e20fc0f9d171e56be5f1354be880444c.jpg
564x: https://i.pinimg.com/564x/e2/0f/c0/e20fc0f9d171e56be5f1354be880444c.jpg
736x: https://i.pinimg.com/736x/e2/0f/c0/e20fc0f9d171e56be5f1354be880444c.jpg
600x315: https://i.pinimg.com/600x315/e2/0f/c0/e20fc0f9d171e56be5f1354be880444c.jpg
orig: https://i.pinimg.com/originals/e2/0f/c0/e20fc0f9d171e56be5f1354be880444c.jpg",,,,7,0,0,6,0,0,0,Pins by you,https://www.pinterest.com/mimosa_silva1/_quick_creates/,,,,public,,Mimosa silva | summer outfit 2026 ideas,mimosa_silva1,https://www.pinterest.com/mimosa_silva1,,,2,,,,,,2026-05-25T19:05:43.000Z,2026-06-23T17:21:12.130Z
1.12428E+18,,,,https://www.pinterest.com/pin/1124281494491357101,https://i.pinimg.com/originals/f5/d8/99/f5d8990994e01229c742842a4d795a30.jpg,"60x60: https://i.pinimg.com/60x60/f5/d8/99/f5d8990994e01229c742842a4d795a30.jpg
136x136: https://i.pinimg.com/136x136/f5/d8/99/f5d8990994e01229c742842a4d795a30.jpg
170x: https://i.pinimg.com/236x/f5/d8/99/f5d8990994e01229c742842a4d795a30.jpg
236x: https://i.pinimg.com/236x/f5/d8/99/f5d8990994e01229c742842a4d795a30.jpg
474x: https://i.pinimg.com/474x/f5/d8/99/f5d8990994e01229c742842a4d795a30.jpg
564x: https://i.pinimg.com/564x/f5/d8/99/f5d8990994e01229c742842a4d795a30.jpg
736x: https://i.pinimg.com/736x/f5/d8/99/f5d8990994e01229c742842a4d795a30.jpg
600x315: https://i.pinimg.com/600x315/f5/d8/99/f5d8990994e01229c742842a4d795a30.jpg
orig: https://i.pinimg.com/originals/f5/d8/99/f5d8990994e01229c742842a4d795a30.jpg",,,,3045,0,241,1929,0,0,16,Sizin Pinleriniz,https://www.pinterest.com/oceangirlzehrawxq/_quick_creates/,,,,public,,Zehra_Ocean🌊🐚,oceangirlzehrawxq,https://www.pinterest.com/oceangirlzehrawxq,,,75,,,,,,2026-02-16T13:11:47.000Z,2026-06-23T17:27:48.347Z
1.12428E+18,21 Stylish Vacation Outfits for Black Women That Slay Summer Trips and Tropical Getaways,"Mom Vacation Shirt - Step into style with vacation outfits for Black women that flatter every body type. From chic tropical dresses to casual island-inspired looks, these outfits are perfect for summer getaways and Jamaica escapes. Explore trendy outfits that mix comfort with elegance, from breezy skirts to stylish resort wear. Whether strolling the beach, enjoying tropical nights, or relaxing island-side, these vacation outfit ideas bring confidence. Save them now for endless inspo!",https://medium.com/@stoldeperfee/d224e45a2e05?21-stylish-vacation-outfits-for-black-women-that-slay,https://www.pinterest.com/pin/1124281494498528635,https://i.pinimg.com/originals/60/c4/5d/60c45d896a751709541a7af80f5a85ea.jpg,"60x60: https://i.pinimg.com/60x60/60/c4/5d/60c45d896a751709541a7af80f5a85ea.jpg
136x136: https://i.pinimg.com/136x136/60/c4/5d/60c45d896a751709541a7af80f5a85ea.jpg
170x: https://i.pinimg.com/236x/60/c4/5d/60c45d896a751709541a7af80f5a85ea.jpg
236x: https://i.pinimg.com/236x/60/c4/5d/60c45d896a751709541a7af80f5a85ea.jpg
474x: https://i.pinimg.com/474x/60/c4/5d/60c45d896a751709541a7af80f5a85ea.jpg
564x: https://i.pinimg.com/564x/60/c4/5d/60c45d896a751709541a7af80f5a85ea.jpg
736x: https://i.pinimg.com/736x/60/c4/5d/60c45d896a751709541a7af80f5a85ea.jpg
600x315: https://i.pinimg.com/600x315/60/c4/5d/60c45d896a751709541a7af80f5a85ea.jpg
orig: https://i.pinimg.com/originals/60/c4/5d/60c45d896a751709541a7af80f5a85ea.jpg",,,,1,0,0,0,0,0,0,Mom Graphic Tees,https://www.pinterest.com/avamomtees/mom-graphic-tees/,,,,public,,Ava Reed | Mom Shirt Designs,avamomtees,https://www.pinterest.com/avamomtees,,,0,,,,,,2026-06-09T02:22:56.000Z,2026-06-23T17:15:08.772Z
1.12442E+18,“Boho Beach Outfit 🌊 | Perfect Summer Vacation Look for Women”,"This dreamy boho beach outfit is the perfect summer vacation look. Featuring a crochet halter top paired with soft beige shorts, layered jewelry, and effortless styling, this outfit captures a relaxed yet chic coastal vibe. Ideal for beach walks, travel photos, or aesthetic Pinterest inspiration, this look blends comfort with elegance. Save this outfit idea for your next summer getaway! 
#SummerOutfit #BeachOutfit #BohoStyle #VacationLook #PinterestStyle #OutfitInspo #AestheticVibes #TravelOutfit #SummerFashion #WomenStyle #OOTD #StyleInspiration #TrendingOutfits #BeachVibes #CoastalStyle",,https://www.pinterest.com/pin/1124422231987781787,https://i.pinimg.com/originals/53/5b/d7/535bd749811739ebc5aa8d42511fea29.png,"60x60: https://i.pinimg.com/60x60/53/5b/d7/535bd749811739ebc5aa8d42511fea29.jpg
136x136: https://i.pinimg.com/136x136/53/5b/d7/535bd749811739ebc5aa8d42511fea29.jpg
170x: https://i.pinimg.com/236x/53/5b/d7/535bd749811739ebc5aa8d42511fea29.jpg
236x: https://i.pinimg.com/236x/53/5b/d7/535bd749811739ebc5aa8d42511fea29.jpg
474x: https://i.pinimg.com/474x/53/5b/d7/535bd749811739ebc5aa8d42511fea29.jpg
564x: https://i.pinimg.com/564x/53/5b/d7/535bd749811739ebc5aa8d42511fea29.jpg
736x: https://i.pinimg.com/736x/53/5b/d7/535bd749811739ebc5aa8d42511fea29.jpg
600x315: https://i.pinimg.com/600x315/53/5b/d7/535bd749811739ebc5aa8d42511fea29.jpg
orig: https://i.pinimg.com/originals/53/5b/d7/535bd749811739ebc5aa8d42511fea29.png",,,,21,0,3,10,0,0,0,summer shorts 2026,https://www.pinterest.com/aryaraj_zala007/summer-shorts-2026/,,,,public,,Urban Chic Styles,aryaraj_zala007,https://www.pinterest.com/aryaraj_zala007,,,6,,,,,,2026-03-19T04:26:00.000Z,2026-06-23T17:25:38.751Z
1.12463E+18,Willow Chiffon Mini Dress,"The Willow Chiffon Mini Dress offers a delicate mini length with a flattering bias cut that drapes beautifully. Fully lined for comfort and a smooth fit. Ideal for a soft, feminine look that flows effortlessly.",https://us.peppermayo.com/products/willow-chiffon-mini-dress-yellow,https://www.pinterest.com/pin/1124633338203737195,https://i.pinimg.com/originals/c4/4e/84/c44e847d29b146193ce7cc8fd82d1afb.jpg,"60x60: https://i.pinimg.com/60x60/c4/4e/84/c44e847d29b146193ce7cc8fd82d1afb.jpg
136x136: https://i.pinimg.com/136x136/c4/4e/84/c44e847d29b146193ce7cc8fd82d1afb.jpg
170x: https://i.pinimg.com/236x/c4/4e/84/c44e847d29b146193ce7cc8fd82d1afb.jpg
236x: https://i.pinimg.com/236x/c4/4e/84/c44e847d29b146193ce7cc8fd82d1afb.jpg
474x: https://i.pinimg.com/474x/c4/4e/84/c44e847d29b146193ce7cc8fd82d1afb.jpg
564x: https://i.pinimg.com/564x/c4/4e/84/c44e847d29b146193ce7cc8fd82d1afb.jpg
736x: https://i.pinimg.com/736x/c4/4e/84/c44e847d29b146193ce7cc8fd82d1afb.jpg
600x315: https://i.pinimg.com/600x315/c4/4e/84/c44e847d29b146193ce7cc8fd82d1afb.jpg
orig: https://i.pinimg.com/originals/c4/4e/84/c44e847d29b146193ce7cc8fd82d1afb.jpg",,,,4051,0,115,3763,0,0,56,Pins by you,https://www.pinterest.com/haleysamsonn/_quick_creates/,,,,public,,Haley Samson,haleysamsonn,https://www.pinterest.com/haleysamsonn,,,7,,,,,,2025-07-09T23:14:37.000Z,2026-06-23T17:14:57.919Z
1.1247E+18,Coffee Caramel Blondies: Irresistible Treats with Rich Flavor and Easy Baking Tips,"Indulge in the delightful taste of Coffee Caramel Blondies, a perfect treat for any occasion. These rich blondies combine the bold flavors of coffee with luscious caramel for a truly unique dessert experience. Ideal for coffee lovers, this easy recipe features simple ingredients that create a chewy, flavorful treat. Serve them at your next gathering or enjoy a cozy afternoon snack. Discover how to elevate your baking game with these scrumptious blondies that everyone will adore.",,https://www.pinterest.com/pin/1124703706952135419,https://i.pinimg.com/originals/cb/63/c6/cb63c607d2d5ea64b5bd6529422aad41.png,"60x60: https://i.pinimg.com/60x60/cb/63/c6/cb63c607d2d5ea64b5bd6529422aad41.jpg
136x136: https://i.pinimg.com/136x136/cb/63/c6/cb63c607d2d5ea64b5bd6529422aad41.jpg
170x: https://i.pinimg.com/236x/cb/63/c6/cb63c607d2d5ea64b5bd6529422aad41.jpg
236x: https://i.pinimg.com/236x/cb/63/c6/cb63c607d2d5ea64b5bd6529422aad41.jpg
474x: https://i.pinimg.com/474x/cb/63/c6/cb63c607d2d5ea64b5bd6529422aad41.jpg
564x: https://i.pinimg.com/564x/cb/63/c6/cb63c607d2d5ea64b5bd6529422aad41.jpg
736x: https://i.pinimg.com/736x/cb/63/c6/cb63c607d2d5ea64b5bd6529422aad41.jpg
600x315: https://i.pinimg.com/600x315/cb/63/c6/cb63c607d2d5ea64b5bd6529422aad41.jpg
orig: https://i.pinimg.com/originals/cb/63/c6/cb63c607d2d5ea64b5bd6529422aad41.png",,,,1053,0,6,440,2,0,5,recipes,https://www.pinterest.com/norrisachane31/recipes/,,,,public,food_drink,Natalie Reeves,norrisachane31,https://www.pinterest.com/norrisachane31,,,16,,,,,,2025-09-29T23:33:38.000Z,2026-06-23T16:42:57.383Z
1.12491E+18,23 Effortless Summer Beach Vacation Outfits for Women,"Looking for stylish and easy beach vacation outfits? Discover 23 effortless summer beach outfit ideas for women, from breezy dresses and chic cover ups to trendy swimwear and resort looks. Whether you're heading to a tropical getaway, coastal vacation, or weekend beach trip, these fashion ideas will keep you looking cute, comfortable, and photo ready all summer long.

#SummerOutfits #BeachVacationOutfits #BeachFashion #SummerStyle #VacationOutfits #ResortWear #BeachLook #WomenFashion #SummerFashion #TravelStyle #Beachwear #VacationStyle #OutfitIdeas #TropicalVacation #FashionInspo #BeachAesthetic #ResortFashion #VacationInspo #StylishWomen #SummerWardrobe",,https://www.pinterest.com/pin/1124914813210156402,https://i.pinimg.com/originals/d8/58/b6/d858b6c75e9ae955f853e7aab7736612.png,"60x60: https://i.pinimg.com/60x60/d8/58/b6/d858b6c75e9ae955f853e7aab7736612.jpg
136x136: https://i.pinimg.com/136x136/d8/58/b6/d858b6c75e9ae955f853e7aab7736612.jpg
170x: https://i.pinimg.com/236x/d8/58/b6/d858b6c75e9ae955f853e7aab7736612.jpg
236x: https://i.pinimg.com/236x/d8/58/b6/d858b6c75e9ae955f853e7aab7736612.jpg
474x: https://i.pinimg.com/474x/d8/58/b6/d858b6c75e9ae955f853e7aab7736612.jpg
564x: https://i.pinimg.com/564x/d8/58/b6/d858b6c75e9ae955f853e7aab7736612.jpg
736x: https://i.pinimg.com/736x/d8/58/b6/d858b6c75e9ae955f853e7aab7736612.jpg
600x315: https://i.pinimg.com/600x315/d8/58/b6/d858b6c75e9ae955f853e7aab7736612.jpg
orig: https://i.pinimg.com/originals/d8/58/b6/d858b6c75e9ae955f853e7aab7736612.png",,,,1,0,0,0,0,0,0,Women Fashion,https://www.pinterest.com/hamzaarain9792/women-fashion/,,,,public,,Hami,hamzaarain9792,https://www.pinterest.com/hamzaarain9792,,,0,,,,,,2026-06-15T18:11:17.000Z,2026-06-23T17:12:53.455Z
1.12506E+18,37 Dreamy Boho Summer Outfits to Try This Season,"Want outfit inspiration with a carefree vibe? These boho summer looks feature flowy layers, natural tones, and effortless styling you’ll love.",https://glamstylemag.com/boho-summer-outfits-for-effortless-style-and-comfort/,https://www.pinterest.com/pin/1125055550690444753,https://i.pinimg.com/originals/e6/ef/1a/e6ef1a948fd5fc0c24a2877739dea49f.png,"60x60: https://i.pinimg.com/60x60/e6/ef/1a/e6ef1a948fd5fc0c24a2877739dea49f.jpg
136x136: https://i.pinimg.com/136x136/e6/ef/1a/e6ef1a948fd5fc0c24a2877739dea49f.jpg
170x: https://i.pinimg.com/236x/e6/ef/1a/e6ef1a948fd5fc0c24a2877739dea49f.jpg
236x: https://i.pinimg.com/236x/e6/ef/1a/e6ef1a948fd5fc0c24a2877739dea49f.jpg
474x: https://i.pinimg.com/474x/e6/ef/1a/e6ef1a948fd5fc0c24a2877739dea49f.jpg
564x: https://i.pinimg.com/564x/e6/ef/1a/e6ef1a948fd5fc0c24a2877739dea49f.jpg
736x: https://i.pinimg.com/736x/e6/ef/1a/e6ef1a948fd5fc0c24a2877739dea49f.jpg
600x315: https://i.pinimg.com/600x315/e6/ef/1a/e6ef1a948fd5fc0c24a2877739dea49f.jpg
orig: https://i.pinimg.com/originals/e6/ef/1a/e6ef1a948fd5fc0c24a2877739dea49f.png",,,,1,0,0,0,0,0,0,Summer Outfit Ideas,https://www.pinterest.com/glamstylemag/summer-outfit-ideas/,,,,public,,Glam Style Mag,glamstylemag,https://www.pinterest.com/glamstylemag,,,1,,,,,,2026-06-07T15:07:10.000Z,2026-06-23T17:25:22.503Z
1.12569E+18,,,,https://www.pinterest.com/pin/1125688869349309582,https://i.pinimg.com/originals/40/a8/af/40a8af5a6e268bea369685c4cde804d7.jpg,"60x60: https://i.pinimg.com/60x60/40/a8/af/40a8af5a6e268bea369685c4cde804d7.jpg
136x136: https://i.pinimg.com/136x136/40/a8/af/40a8af5a6e268bea369685c4cde804d7.jpg
170x: https://i.pinimg.com/236x/40/a8/af/40a8af5a6e268bea369685c4cde804d7.jpg
236x: https://i.pinimg.com/236x/40/a8/af/40a8af5a6e268bea369685c4cde804d7.jpg
474x: https://i.pinimg.com/474x/40/a8/af/40a8af5a6e268bea369685c4cde804d7.jpg
564x: https://i.pinimg.com/564x/40/a8/af/40a8af5a6e268bea369685c4cde804d7.jpg
736x: https://i.pinimg.com/736x/40/a8/af/40a8af5a6e268bea369685c4cde804d7.jpg
600x315: https://i.pinimg.com/600x315/40/a8/af/40a8af5a6e268bea369685c4cde804d7.jpg
orig: https://i.pinimg.com/originals/40/a8/af/40a8af5a6e268bea369685c4cde804d7.jpg",,,,3457,0,294,243,3,0,5,Summer outfits,https://www.pinterest.com/maya_mosco/summer-outfits/,,,,public,,Maya Moscowitz✨🪩,maya_mosco,https://www.pinterest.com/maya_mosco,,,7,,,,,,2024-04-02T19:38:50.000Z,2026-06-23T17:26:33.887Z
1.12576E+18,,,,https://www.pinterest.com/pin/1125759238145199942,https://i.pinimg.com/originals/a9/4a/cc/a94accd1e095e07cb9d02a9f34467f36.jpg,"60x60: https://i.pinimg.com/60x60/a9/4a/cc/a94accd1e095e07cb9d02a9f34467f36.jpg
136x136: https://i.pinimg.com/136x136/a9/4a/cc/a94accd1e095e07cb9d02a9f34467f36.jpg
170x: https://i.pinimg.com/236x/a9/4a/cc/a94accd1e095e07cb9d02a9f34467f36.jpg
236x: https://i.pinimg.com/236x/a9/4a/cc/a94accd1e095e07cb9d02a9f34467f36.jpg
474x: https://i.pinimg.com/474x/a9/4a/cc/a94accd1e095e07cb9d02a9f34467f36.jpg
564x: https://i.pinimg.com/564x/a9/4a/cc/a94accd1e095e07cb9d02a9f34467f36.jpg
736x: https://i.pinimg.com/736x/a9/4a/cc/a94accd1e095e07cb9d02a9f34467f36.jpg
600x315: https://i.pinimg.com/600x315/a9/4a/cc/a94accd1e095e07cb9d02a9f34467f36.jpg
orig: https://i.pinimg.com/originals/a9/4a/cc/a94accd1e095e07cb9d02a9f34467f36.jpg",,,,1,0,0,0,0,0,0,Summer Beach Outfit,https://www.pinterest.com/davidjackson64/summer-beach-outfit/,,,,public,,David Jackson,davidjackson64,https://www.pinterest.com/davidjackson64,,,0,,,,,,2026-05-31T04:10:31.000Z,2026-06-23T17:12:38.285Z
1.12597E+15,All The Family Beach Essentials You'll Need,All the family beach essentials you'll need for your next beach vacation with kids. Plus FREE printable beach vacation packing lists. Ultimate family beach vacation packing list & tips. Beach packing list free printable. Beach Day essentials to bring. Beach trip packing list. Beach essentials.,https://packedforlife.com/beach-vacation-packing-list/,https://www.pinterest.com/pin/1125968711827242,https://i.pinimg.com/originals/e5/28/44/e52844e798151c3e22f10064be1b9adc.jpg,"60x60: https://i.pinimg.com/60x60/e5/28/44/e52844e798151c3e22f10064be1b9adc.jpg
136x136: https://i.pinimg.com/136x136/e5/28/44/e52844e798151c3e22f10064be1b9adc.jpg
170x: https://i.pinimg.com/236x/e5/28/44/e52844e798151c3e22f10064be1b9adc.jpg
236x: https://i.pinimg.com/236x/e5/28/44/e52844e798151c3e22f10064be1b9adc.jpg
474x: https://i.pinimg.com/474x/e5/28/44/e52844e798151c3e22f10064be1b9adc.jpg
564x: https://i.pinimg.com/564x/e5/28/44/e52844e798151c3e22f10064be1b9adc.jpg
736x: https://i.pinimg.com/736x/e5/28/44/e52844e798151c3e22f10064be1b9adc.jpg
600x315: https://i.pinimg.com/600x315/e5/28/44/e52844e798151c3e22f10064be1b9adc.jpg
orig: https://i.pinimg.com/originals/e5/28/44/e52844e798151c3e22f10064be1b9adc.jpg",,,,8035,0,328,1544,24,0,134,Baby,https://www.pinterest.com/karenskroh/baby/,,,,public,kids,karen Skroh,karenskroh,https://www.pinterest.com/karenskroh,,,701,,,,,,2025-04-25T20:09:57.000Z,2026-06-23T17:29:31.682Z
1.12597E+15,,,,https://www.pinterest.com/pin/1125968721375266,https://i.pinimg.com/originals/94/d3/8c/94d38c49efac94718334cce656fb3dd4.jpg,"60x60: https://i.pinimg.com/60x60/94/d3/8c/94d38c49efac94718334cce656fb3dd4.jpg
136x136: https://i.pinimg.com/136x136/94/d3/8c/94d38c49efac94718334cce656fb3dd4.jpg
170x: https://i.pinimg.com/236x/94/d3/8c/94d38c49efac94718334cce656fb3dd4.jpg
236x: https://i.pinimg.com/236x/94/d3/8c/94d38c49efac94718334cce656fb3dd4.jpg
474x: https://i.pinimg.com/474x/94/d3/8c/94d38c49efac94718334cce656fb3dd4.jpg
564x: https://i.pinimg.com/564x/94/d3/8c/94d38c49efac94718334cce656fb3dd4.jpg
736x: https://i.pinimg.com/736x/94/d3/8c/94d38c49efac94718334cce656fb3dd4.jpg
600x315: https://i.pinimg.com/600x315/94/d3/8c/94d38c49efac94718334cce656fb3dd4.jpg
orig: https://i.pinimg.com/originals/94/d3/8c/94d38c49efac94718334cce656fb3dd4.jpg",,,,2552,0,170,1439,1,0,16,Outfit ideas,https://www.pinterest.com/ivettefrank/outfit-ideas/,,,,public,,Ivette F,ivettefrank,https://www.pinterest.com/ivettefrank,,,226,,,,,,2025-05-31T22:27:35.000Z,2026-06-23T17:13:26.482Z
1.12597E+15,,,,https://www.pinterest.com/pin/1125968723098502,https://i.pinimg.com/originals/55/1e/00/551e00d0747aa8eba295122d66832d55.jpg,"60x60: https://i.pinimg.com/60x60/55/1e/00/551e00d0747aa8eba295122d66832d55.jpg
136x136: https://i.pinimg.com/136x136/55/1e/00/551e00d0747aa8eba295122d66832d55.jpg
170x: https://i.pinimg.com/236x/55/1e/00/551e00d0747aa8eba295122d66832d55.jpg
236x: https://i.pinimg.com/236x/55/1e/00/551e00d0747aa8eba295122d66832d55.jpg
474x: https://i.pinimg.com/474x/55/1e/00/551e00d0747aa8eba295122d66832d55.jpg
564x: https://i.pinimg.com/564x/55/1e/00/551e00d0747aa8eba295122d66832d55.jpg
736x: https://i.pinimg.com/736x/55/1e/00/551e00d0747aa8eba295122d66832d55.jpg
600x315: https://i.pinimg.com/600x315/55/1e/00/551e00d0747aa8eba295122d66832d55.jpg
orig: https://i.pinimg.com/originals/55/1e/00/551e00d0747aa8eba295122d66832d55.jpg",,,,2365,0,108,1301,6,0,17,Beauty and Style,https://www.pinterest.com/jasminecashmere/beauty-and-style/,,,,public,,JasmineCashmere,jasminecashmere,https://www.pinterest.com/jasminecashmere,,,105,,,,,,2025-06-12T02:30:41.000Z,2026-06-23T17:23:42.187Z
1.12597E+15,25 Cute Vacation Beach Outfits – Trendy Ideas for Vacation 2025,25 Cute Vacation Beach Outfits – Trendy Ideas for Vacation 2025 | Classy Resort Wear & Summer Styles,https://owixiwo.com/cute-vacation-beach-outfits-trendy-ideas-for-vacation-2025/,https://www.pinterest.com/pin/1125968723751601,https://i.pinimg.com/originals/8a/ba/3a/8aba3a35276c92dee7b97087ec16234b.png,"60x60: https://i.pinimg.com/60x60/8a/ba/3a/8aba3a35276c92dee7b97087ec16234b.jpg
136x136: https://i.pinimg.com/136x136/8a/ba/3a/8aba3a35276c92dee7b97087ec16234b.jpg
170x: https://i.pinimg.com/236x/8a/ba/3a/8aba3a35276c92dee7b97087ec16234b.jpg
236x: https://i.pinimg.com/236x/8a/ba/3a/8aba3a35276c92dee7b97087ec16234b.jpg
474x: https://i.pinimg.com/474x/8a/ba/3a/8aba3a35276c92dee7b97087ec16234b.jpg
564x: https://i.pinimg.com/564x/8a/ba/3a/8aba3a35276c92dee7b97087ec16234b.jpg
736x: https://i.pinimg.com/736x/8a/ba/3a/8aba3a35276c92dee7b97087ec16234b.jpg
600x315: https://i.pinimg.com/600x315/8a/ba/3a/8aba3a35276c92dee7b97087ec16234b.jpg
orig: https://i.pinimg.com/originals/8a/ba/3a/8aba3a35276c92dee7b97087ec16234b.png",,,,2833,0,84,1927,2,0,59,Things to wear,https://www.pinterest.com/tatriana8/things-to-wear/,,,,public,,Tatiana Triana,tatriana8,https://www.pinterest.com/tatriana8,,,17,,,,,,2025-06-15T15:47:46.000Z,2026-06-23T17:14:00.646Z
1.12597E+15,30 Boho-Chic Summer Outfits to Express Your Style,🌸 Save this boho-inspired look! Shorts paired with a flowing kimono create an effortlessly bohemian summer outfit with plenty of flair. #bohostyle #kimonofashion #summeroutfits,https://instaoutfits.com/trendy-summer-outfits-2025/#20,https://www.pinterest.com/pin/1125968742963220,https://i.pinimg.com/originals/f1/2c/1c/f12c1cd57b147a52330b16fd59158dbe.webp,"60x60: https://i.pinimg.com/60x60/f1/2c/1c/f12c1cd57b147a52330b16fd59158dbe.jpg
136x136: https://i.pinimg.com/136x136/f1/2c/1c/f12c1cd57b147a52330b16fd59158dbe.jpg
170x: https://i.pinimg.com/236x/f1/2c/1c/f12c1cd57b147a52330b16fd59158dbe.jpg
236x: https://i.pinimg.com/236x/f1/2c/1c/f12c1cd57b147a52330b16fd59158dbe.jpg
474x: https://i.pinimg.com/474x/f1/2c/1c/f12c1cd57b147a52330b16fd59158dbe.jpg
564x: https://i.pinimg.com/564x/f1/2c/1c/f12c1cd57b147a52330b16fd59158dbe.jpg
736x: https://i.pinimg.com/736x/f1/2c/1c/f12c1cd57b147a52330b16fd59158dbe.jpg
600x315: https://i.pinimg.com/600x315/f1/2c/1c/f12c1cd57b147a52330b16fd59158dbe.jpg
orig: https://i.pinimg.com/originals/f1/2c/1c/f12c1cd57b147a52330b16fd59158dbe.webp",,,,1162,0,67,263,1,0,14,Moodboard,https://www.pinterest.com/cotuka/moodboard/,,,,public,,Constanza Guevara,cotuka,https://www.pinterest.com/cotuka,,,253,,,,,,2025-08-30T00:34:46.000Z,2026-06-23T17:22:54.789Z
1.12597E+15,,,,https://www.pinterest.com/pin/1125968743303420,https://i.pinimg.com/originals/06/c5/4b/06c54ba22595fc9bbedbff4c94c1fa52.jpg,"60x60: https://i.pinimg.com/60x60/06/c5/4b/06c54ba22595fc9bbedbff4c94c1fa52.jpg
136x136: https://i.pinimg.com/136x136/06/c5/4b/06c54ba22595fc9bbedbff4c94c1fa52.jpg
170x: https://i.pinimg.com/236x/06/c5/4b/06c54ba22595fc9bbedbff4c94c1fa52.jpg
236x: https://i.pinimg.com/236x/06/c5/4b/06c54ba22595fc9bbedbff4c94c1fa52.jpg
474x: https://i.pinimg.com/474x/06/c5/4b/06c54ba22595fc9bbedbff4c94c1fa52.jpg
564x: https://i.pinimg.com/564x/06/c5/4b/06c54ba22595fc9bbedbff4c94c1fa52.jpg
736x: https://i.pinimg.com/736x/06/c5/4b/06c54ba22595fc9bbedbff4c94c1fa52.jpg
600x315: https://i.pinimg.com/600x315/06/c5/4b/06c54ba22595fc9bbedbff4c94c1fa52.jpg
orig: https://i.pinimg.com/originals/06/c5/4b/06c54ba22595fc9bbedbff4c94c1fa52.jpg",,,,9107,1,298,3827,9,0,33,Check the closet,https://www.pinterest.com/lesliethegreat/check-the-closet/,,,,public,,Leslie Clemons,lesliethegreat,https://www.pinterest.com/lesliethegreat,,,201,,,,,,2026-01-01T17:04:26.000Z,2026-06-23T17:24:10.633Z
1.12597E+15,,,,https://www.pinterest.com/pin/1125968743527438,https://i.pinimg.com/originals/14/38/73/143873b96aab5b4fa0f44d9b180d7282.jpg,"60x60: https://i.pinimg.com/60x60/14/38/73/143873b96aab5b4fa0f44d9b180d7282.jpg
136x136: https://i.pinimg.com/136x136/14/38/73/143873b96aab5b4fa0f44d9b180d7282.jpg
170x: https://i.pinimg.com/236x/14/38/73/143873b96aab5b4fa0f44d9b180d7282.jpg
236x: https://i.pinimg.com/236x/14/38/73/143873b96aab5b4fa0f44d9b180d7282.jpg
474x: https://i.pinimg.com/474x/14/38/73/143873b96aab5b4fa0f44d9b180d7282.jpg
564x: https://i.pinimg.com/564x/14/38/73/143873b96aab5b4fa0f44d9b180d7282.jpg
736x: https://i.pinimg.com/736x/14/38/73/143873b96aab5b4fa0f44d9b180d7282.jpg
600x315: https://i.pinimg.com/600x315/14/38/73/143873b96aab5b4fa0f44d9b180d7282.jpg
orig: https://i.pinimg.com/originals/14/38/73/143873b96aab5b4fa0f44d9b180d7282.jpg",,,,16070,0,1363,919,1,0,54,outfits vibe,https://www.pinterest.com/anaiv727/outfits-vibe/,,,,public,,Anai avila,anaiv727,https://www.pinterest.com/anaiv727,,,1552,,,,,,2026-03-26T01:05:39.000Z,2026-06-23T17:27:45.361Z
1.12597E+15,,colorado summer outfits Casual denim shorts & breezy loose pale yellow linen button-up blouse,,https://www.pinterest.com/pin/1125968743528730,https://i.pinimg.com/originals/01/42/de/0142de8c709dac2ffa0209f058e8d1fb.png,"60x60: https://i.pinimg.com/60x60/01/42/de/0142de8c709dac2ffa0209f058e8d1fb.jpg
136x136: https://i.pinimg.com/136x136/01/42/de/0142de8c709dac2ffa0209f058e8d1fb.jpg
170x: https://i.pinimg.com/236x/01/42/de/0142de8c709dac2ffa0209f058e8d1fb.jpg
236x: https://i.pinimg.com/236x/01/42/de/0142de8c709dac2ffa0209f058e8d1fb.jpg
474x: https://i.pinimg.com/474x/01/42/de/0142de8c709dac2ffa0209f058e8d1fb.jpg
564x: https://i.pinimg.com/564x/01/42/de/0142de8c709dac2ffa0209f058e8d1fb.jpg
736x: https://i.pinimg.com/736x/01/42/de/0142de8c709dac2ffa0209f058e8d1fb.jpg
600x315: https://i.pinimg.com/600x315/01/42/de/0142de8c709dac2ffa0209f058e8d1fb.jpg
orig: https://i.pinimg.com/originals/01/42/de/0142de8c709dac2ffa0209f058e8d1fb.png",,,,3401,0,100,501,0,0,2,My Style,https://www.pinterest.com/alane3789/my-style/,,,,public,,Amy Freeman,alane3789,https://www.pinterest.com/alane3789,,,858,,,,,,2026-03-26T14:02:58.000Z,2026-06-23T17:27:59.167Z
1.12597E+15,Lakehouse vibes and Noah Kahan,"Midwest summer, wisconsin, lake house, summer house, lake vibes, lake life",,https://www.pinterest.com/pin/1125968743624376,https://i.pinimg.com/originals/7f/3c/0a/7f3c0a040f2a4b232b2df64e5dcdf8e2.jpg,"60x60: https://i.pinimg.com/60x60/7f/3c/0a/7f3c0a040f2a4b232b2df64e5dcdf8e2.jpg
136x136: https://i.pinimg.com/136x136/7f/3c/0a/7f3c0a040f2a4b232b2df64e5dcdf8e2.jpg
170x: https://i.pinimg.com/236x/7f/3c/0a/7f3c0a040f2a4b232b2df64e5dcdf8e2.jpg
236x: https://i.pinimg.com/236x/7f/3c/0a/7f3c0a040f2a4b232b2df64e5dcdf8e2.jpg
474x: https://i.pinimg.com/474x/7f/3c/0a/7f3c0a040f2a4b232b2df64e5dcdf8e2.jpg
564x: https://i.pinimg.com/564x/7f/3c/0a/7f3c0a040f2a4b232b2df64e5dcdf8e2.jpg
736x: https://i.pinimg.com/736x/7f/3c/0a/7f3c0a040f2a4b232b2df64e5dcdf8e2.jpg
600x315: https://i.pinimg.com/600x315/7f/3c/0a/7f3c0a040f2a4b232b2df64e5dcdf8e2.jpg
orig: https://i.pinimg.com/originals/7f/3c/0a/7f3c0a040f2a4b232b2df64e5dcdf8e2.jpg",,,,4712,0,164,562,7,0,1,clothes,https://www.pinterest.com/mccrowpager/clothes/,,,,public,,Paige Mccroskey,mccrowpager,https://www.pinterest.com/mccrowpager,,,30,,,,,,2026-05-05T05:05:08.000Z,2026-06-23T17:29:04.735Z
1.12597E+15,"🌴 Beach vibes, Summer outfit--Breezy, Coastal Inspiration 🏖️🩴","Bring effortless charm to your next coastal gathering with this light green and soft yellow beach dining asthetic.  Think lemon accents, sea glass tones, breezy linenes, and rattan textures--prefect for seaside dinners, brunch on the patio, or a summer soiree.  Fresh, calming, and effortlessly elegant. #Beach Dining #Summer outfit #Coastal Decor #Lemon theme outfit #Green and yellow beach outfit #Beach house style   @Kristenniblett",,https://www.pinterest.com/pin/1125968743687087,https://i.pinimg.com/originals/af/f0/41/aff041be805d91de982f6fc466c16f56.png,"60x60: https://i.pinimg.com/60x60/af/f0/41/aff041be805d91de982f6fc466c16f56.jpg
136x136: https://i.pinimg.com/136x136/af/f0/41/aff041be805d91de982f6fc466c16f56.jpg
170x: https://i.pinimg.com/236x/af/f0/41/aff041be805d91de982f6fc466c16f56.jpg
236x: https://i.pinimg.com/236x/af/f0/41/aff041be805d91de982f6fc466c16f56.jpg
474x: https://i.pinimg.com/474x/af/f0/41/aff041be805d91de982f6fc466c16f56.jpg
564x: https://i.pinimg.com/564x/af/f0/41/aff041be805d91de982f6fc466c16f56.jpg
736x: https://i.pinimg.com/736x/af/f0/41/aff041be805d91de982f6fc466c16f56.jpg
600x315: https://i.pinimg.com/600x315/af/f0/41/aff041be805d91de982f6fc466c16f56.jpg
orig: https://i.pinimg.com/originals/af/f0/41/aff041be805d91de982f6fc466c16f56.png",,,V_HLSV3_MOBILE: https://v1.pinimg.com/videos/iht/hls/19/65/c1/1965c178104fbe67aaf5222cfc96ac87.m3u8,25,0,0,3,0,0,0,My Style,https://www.pinterest.com/alane3789/my-style/,,,,public,,Amy Freeman,alane3789,https://www.pinterest.com/alane3789,,,858,,,,,,2026-05-28T20:22:57.000Z,2026-06-23T17:27:48.637Z
1.12597E+15,Coastal Amazon Outfits | Beachy Summer Aesthetic + Neutral Capsule Looks,"Effortless coastal summer outfits featuring neutral tones, beachy textures, and trendy Amazon fashion finds  This curated collage includes linen pants outfits, crochet shorts, bikini styling, and casual coastal chic pieces perfect for vacation, beach days, or everyday summer style. Think minimalist aesthetic, European summer vibes, neutral capsule wardrobe, and affordable.  Perfect for: coastal cowgirl outfits, beach vacation outfits, summer outfit inspo, neutral outfit ideas, casual chic looks, and Pinterest outfit trends 2026.   coastal outfits, amazon outfits, summer outfits 2026, beach outfit ideas, neutral aesthetic outfits, coastal cowgirl, european summer style, casual chic outfits, vacation outfits women, minimalist wardrobe, linen pants outfit, crochet outfit",https://amzn.to/4cJ2lKb,https://www.pinterest.com/pin/1125968743687089,https://i.pinimg.com/originals/fc/25/ba/fc25baa8935196c9e72ed6c8baad8382.png,"60x60: https://i.pinimg.com/60x60/fc/25/ba/fc25baa8935196c9e72ed6c8baad8382.jpg
136x136: https://i.pinimg.com/136x136/fc/25/ba/fc25baa8935196c9e72ed6c8baad8382.jpg
170x: https://i.pinimg.com/236x/fc/25/ba/fc25baa8935196c9e72ed6c8baad8382.jpg
236x: https://i.pinimg.com/236x/fc/25/ba/fc25baa8935196c9e72ed6c8baad8382.jpg
474x: https://i.pinimg.com/474x/fc/25/ba/fc25baa8935196c9e72ed6c8baad8382.jpg
564x: https://i.pinimg.com/564x/fc/25/ba/fc25baa8935196c9e72ed6c8baad8382.jpg
736x: https://i.pinimg.com/736x/fc/25/ba/fc25baa8935196c9e72ed6c8baad8382.jpg
600x315: https://i.pinimg.com/600x315/fc/25/ba/fc25baa8935196c9e72ed6c8baad8382.jpg
orig: https://i.pinimg.com/originals/fc/25/ba/fc25baa8935196c9e72ed6c8baad8382.png",,,,507,0,18,64,0,0,1,My Style,https://www.pinterest.com/alane3789/my-style/,,,,public,,Amy Freeman,alane3789,https://www.pinterest.com/alane3789,,,858,,,,,,2026-05-28T20:23:06.000Z,2026-06-23T17:13:49.172Z
1.12597E+15,Outfits I’m packing for Fiji 🌴☀️ which do you like most?,https://shopmy.us/collections/644288  #tropicalvibes #outfitideas #styleideas #outfitreels #vacayvibes #vacaystyle #holidaystyle #vacationstyle #outfitidea #vancouverblogger,https://shopmy.us/collections/644288,https://www.pinterest.com/pin/1125968743687096,https://i.pinimg.com/originals/6f/8e/87/6f8e87692a7a187a376dabbf4caeb754.jpg,"60x60: https://i.pinimg.com/60x60/6f/8e/87/6f8e87692a7a187a376dabbf4caeb754.jpg
136x136: https://i.pinimg.com/136x136/6f/8e/87/6f8e87692a7a187a376dabbf4caeb754.jpg
170x: https://i.pinimg.com/236x/6f/8e/87/6f8e87692a7a187a376dabbf4caeb754.jpg
236x: https://i.pinimg.com/236x/6f/8e/87/6f8e87692a7a187a376dabbf4caeb754.jpg
474x: https://i.pinimg.com/474x/6f/8e/87/6f8e87692a7a187a376dabbf4caeb754.jpg
564x: https://i.pinimg.com/564x/6f/8e/87/6f8e87692a7a187a376dabbf4caeb754.jpg
736x: https://i.pinimg.com/736x/6f/8e/87/6f8e87692a7a187a376dabbf4caeb754.jpg
600x315: https://i.pinimg.com/600x315/6f/8e/87/6f8e87692a7a187a376dabbf4caeb754.jpg
orig: https://i.pinimg.com/originals/6f/8e/87/6f8e87692a7a187a376dabbf4caeb754.jpg",,,V_HLSV3_MOBILE: https://v1.pinimg.com/videos/iht/hls/28/83/b6/2883b6768944b64842767cc58731cdb0.m3u8,75,0,16,6,1,0,0,My Style,https://www.pinterest.com/alane3789/my-style/,,,,public,,Amy Freeman,alane3789,https://www.pinterest.com/alane3789,,,858,,,,,,2026-05-28T20:25:53.000Z,2026-06-23T17:15:19.767Z
1.12597E+18,🌾 26 Fashionable Boho Summer Outfits That Show theWorld Your Effortless Free-Spirited Side,"Unlock the magic of 26 boho summer outfits that capture everything beautiful about the warm season. From casual sun-soaked afternoons to softly styled evening moments, each look carries its own story. Whether you dress simply or go all out, these outfits make every day feel inspired, stylish, and free.",https://flavorrealm.com/26-boho-summer-outfits-you-need-to-try-in-2026-for-effortless-style/,https://www.pinterest.com/pin/1125970344363092836,https://i.pinimg.com/originals/dd/17/04/dd170418589fb1ee227cd51c67b24cf9.png,"60x60: https://i.pinimg.com/60x60/dd/17/04/dd170418589fb1ee227cd51c67b24cf9.jpg
136x136: https://i.pinimg.com/136x136/dd/17/04/dd170418589fb1ee227cd51c67b24cf9.jpg
170x: https://i.pinimg.com/236x/dd/17/04/dd170418589fb1ee227cd51c67b24cf9.jpg
236x: https://i.pinimg.com/236x/dd/17/04/dd170418589fb1ee227cd51c67b24cf9.jpg
474x: https://i.pinimg.com/474x/dd/17/04/dd170418589fb1ee227cd51c67b24cf9.jpg
564x: https://i.pinimg.com/564x/dd/17/04/dd170418589fb1ee227cd51c67b24cf9.jpg
736x: https://i.pinimg.com/736x/dd/17/04/dd170418589fb1ee227cd51c67b24cf9.jpg
600x315: https://i.pinimg.com/600x315/dd/17/04/dd170418589fb1ee227cd51c67b24cf9.jpg
orig: https://i.pinimg.com/originals/dd/17/04/dd170418589fb1ee227cd51c67b24cf9.png",,,,3,0,0,0,0,0,0,Boho Chic Summer Styles,https://www.pinterest.com/elegant_outfits_guide1/boho-chic-summer-styles/,,,,public,,ElegantOutfits_Guide1,elegant_outfits_guide1,https://www.pinterest.com/elegant_outfits_guide1,,,11,,,,,,2026-05-09T23:48:20.000Z,2026-06-23T17:22:54.667Z
1.12639E+18,,,,https://www.pinterest.com/pin/1126392556825442106,https://i.pinimg.com/originals/d9/d1/c1/d9d1c14df3f328c11979d33b0ddd07b5.png,"60x60: https://i.pinimg.com/60x60/d9/d1/c1/d9d1c14df3f328c11979d33b0ddd07b5.jpg
136x136: https://i.pinimg.com/136x136/d9/d1/c1/d9d1c14df3f328c11979d33b0ddd07b5.jpg
170x: https://i.pinimg.com/236x/d9/d1/c1/d9d1c14df3f328c11979d33b0ddd07b5.jpg
236x: https://i.pinimg.com/236x/d9/d1/c1/d9d1c14df3f328c11979d33b0ddd07b5.jpg
474x: https://i.pinimg.com/474x/d9/d1/c1/d9d1c14df3f328c11979d33b0ddd07b5.jpg
564x: https://i.pinimg.com/564x/d9/d1/c1/d9d1c14df3f328c11979d33b0ddd07b5.jpg
736x: https://i.pinimg.com/736x/d9/d1/c1/d9d1c14df3f328c11979d33b0ddd07b5.jpg
600x315: https://i.pinimg.com/600x315/d9/d1/c1/d9d1c14df3f328c11979d33b0ddd07b5.jpg
orig: https://i.pinimg.com/originals/d9/d1/c1/d9d1c14df3f328c11979d33b0ddd07b5.png",,,,248,0,15,109,0,0,2,concert outfit/music festival outfit,https://www.pinterest.com/amybrookestyle/concert-outfitmusic-festival-outfit/,,,,public,,Outfit Garden,amybrookestyle,https://www.pinterest.com/amybrookestyle,,,185,,,,,,2026-03-17T04:19:45.000Z,2026-06-23T17:25:55.051Z
1.12646E+18,Boho Chic Style Beach Crochet Kaftan Summer 2026,"This ivory crochet kaftan is boho chic style at its most effortless — perfect for beach days, resort wear, and poolside luxury this summer. Shop this now! #BohoChicStyle #CrochetKaftan #BeachOutfit2026",https://amzn.to/4wailh4,https://www.pinterest.com/pin/1126462925567461393,https://i.pinimg.com/originals/e7/52/c2/e752c2bd44e4e63f643d955395481c0b.jpg,"60x60: https://i.pinimg.com/60x60/e7/52/c2/e752c2bd44e4e63f643d955395481c0b.jpg
136x136: https://i.pinimg.com/136x136/e7/52/c2/e752c2bd44e4e63f643d955395481c0b.jpg
170x: https://i.pinimg.com/236x/e7/52/c2/e752c2bd44e4e63f643d955395481c0b.jpg
236x: https://i.pinimg.com/236x/e7/52/c2/e752c2bd44e4e63f643d955395481c0b.jpg
474x: https://i.pinimg.com/474x/e7/52/c2/e752c2bd44e4e63f643d955395481c0b.jpg
564x: https://i.pinimg.com/564x/e7/52/c2/e752c2bd44e4e63f643d955395481c0b.jpg
736x: https://i.pinimg.com/736x/e7/52/c2/e752c2bd44e4e63f643d955395481c0b.jpg
600x315: https://i.pinimg.com/600x315/e7/52/c2/e752c2bd44e4e63f643d955395481c0b.jpg
orig: https://i.pinimg.com/originals/e7/52/c2/e752c2bd44e4e63f643d955395481c0b.jpg",,,,1,0,0,0,0,0,0,Boho Chic Style | Summer Outfits 2026,https://www.pinterest.com/better_living_daily/boho-chic-style-summer-outfits-2026/,,,,public,,Wellness & Better Living,better_living_daily,https://www.pinterest.com/better_living_daily,,,11,,,,,,2026-05-09T13:30:10.000Z,2026-06-23T17:24:02.996Z
1.12738E+18,,,,https://www.pinterest.com/pin/1127377719235108066,https://i.pinimg.com/originals/a7/c1/5e/a7c15e59068bd5255e3b417889a7697d.jpg,"60x60: https://i.pinimg.com/60x60/a7/c1/5e/a7c15e59068bd5255e3b417889a7697d.jpg
136x136: https://i.pinimg.com/136x136/a7/c1/5e/a7c15e59068bd5255e3b417889a7697d.jpg
170x: https://i.pinimg.com/236x/a7/c1/5e/a7c15e59068bd5255e3b417889a7697d.jpg
236x: https://i.pinimg.com/236x/a7/c1/5e/a7c15e59068bd5255e3b417889a7697d.jpg
474x: https://i.pinimg.com/474x/a7/c1/5e/a7c15e59068bd5255e3b417889a7697d.jpg
564x: https://i.pinimg.com/564x/a7/c1/5e/a7c15e59068bd5255e3b417889a7697d.jpg
736x: https://i.pinimg.com/736x/a7/c1/5e/a7c15e59068bd5255e3b417889a7697d.jpg
600x315: https://i.pinimg.com/600x315/a7/c1/5e/a7c15e59068bd5255e3b417889a7697d.jpg
orig: https://i.pinimg.com/originals/a7/c1/5e/a7c15e59068bd5255e3b417889a7697d.jpg",,,,249,0,11,122,0,0,2,Ethnic Jungle,https://www.pinterest.com/lydiialevn/ethnic-jungle/,,,,public,,Lydiialevn,lydiialevn,https://www.pinterest.com/lydiialevn,,,4,,,,,,2026-02-09T11:19:05.000Z,2026-06-23T17:21:17.836Z
1.12745E+18,bakery style blueberry white,bakery style blueberry white,,https://www.pinterest.com/pin/1127448087981970614,https://i.pinimg.com/originals/44/f2/e2/44f2e260b490093a56650347e46f433a.jpg,"60x60: https://i.pinimg.com/60x60/44/f2/e2/44f2e260b490093a56650347e46f433a.jpg
136x136: https://i.pinimg.com/136x136/44/f2/e2/44f2e260b490093a56650347e46f433a.jpg
170x: https://i.pinimg.com/236x/44/f2/e2/44f2e260b490093a56650347e46f433a.jpg
236x: https://i.pinimg.com/236x/44/f2/e2/44f2e260b490093a56650347e46f433a.jpg
474x: https://i.pinimg.com/474x/44/f2/e2/44f2e260b490093a56650347e46f433a.jpg
564x: https://i.pinimg.com/564x/44/f2/e2/44f2e260b490093a56650347e46f433a.jpg
736x: https://i.pinimg.com/736x/44/f2/e2/44f2e260b490093a56650347e46f433a.jpg
600x315: https://i.pinimg.com/600x315/44/f2/e2/44f2e260b490093a56650347e46f433a.jpg
orig: https://i.pinimg.com/originals/44/f2/e2/44f2e260b490093a56650347e46f433a.jpg",,,,1262,0,22,722,0,0,25,International Flavors,https://www.pinterest.com/recipestower/international-flavors/,,,,public,,recipestower,recipestower,https://www.pinterest.com/recipestower,,,5434,,,,,,2026-01-03T12:03:17.000Z,2026-06-23T16:39:25.188Z
1.12759E+18,Deliciously Crispy Tacos: A Flavor Explosion!,"Dive into a plate of mouthwatering crispy tacos, perfectly golden and loaded with rich, savory fillings. Each taco is garnished with fresh cilantro and served alongside zesty lime wedges, creating a burst of flavor in every bite. The vibrant colors and rustic presentation make this dish not only delicious but also visually stunning. Perfect for taco night, parties, or a cozy dinner at home, these tacos are sure to impress your family and friends. Get ready to savor a culinary experience that ...",https://payhip.com/b/yQMUT?utm_source=pinterest&utm_medium=pin&utm_campaign=pin697805389,https://www.pinterest.com/pin/1127588825497092261,https://i.pinimg.com/originals/ec/02/23/ec0223195501c69c4ef7a74b3b368a6e.jpg,"60x60: https://i.pinimg.com/60x60/ec/02/23/ec0223195501c69c4ef7a74b3b368a6e.jpg
136x136: https://i.pinimg.com/136x136/ec/02/23/ec0223195501c69c4ef7a74b3b368a6e.jpg
170x: https://i.pinimg.com/236x/ec/02/23/ec0223195501c69c4ef7a74b3b368a6e.jpg
236x: https://i.pinimg.com/236x/ec/02/23/ec0223195501c69c4ef7a74b3b368a6e.jpg
474x: https://i.pinimg.com/474x/ec/02/23/ec0223195501c69c4ef7a74b3b368a6e.jpg
564x: https://i.pinimg.com/564x/ec/02/23/ec0223195501c69c4ef7a74b3b368a6e.jpg
736x: https://i.pinimg.com/736x/ec/02/23/ec0223195501c69c4ef7a74b3b368a6e.jpg
600x315: https://i.pinimg.com/600x315/ec/02/23/ec0223195501c69c4ef7a74b3b368a6e.jpg
orig: https://i.pinimg.com/originals/ec/02/23/ec0223195501c69c4ef7a74b3b368a6e.jpg",,,,33,0,1,31,0,0,3,Meatless meals,https://www.pinterest.com/cicisentiafarida/meatless-meals/,,,,public,,"Vegetarian Recipes, Vegan Meals & Plant Based Ideas",cicisentiafarida,https://www.pinterest.com/cicisentiafarida,,,235,,,,,,2026-05-03T17:29:45.000Z,2026-06-23T16:39:28.150Z
1.1278E+18,i 🫶🏽 the beach,#outfit #boho beach fits,,https://www.pinterest.com/pin/1127799931707586300,https://i.pinimg.com/originals/6f/4f/cd/6f4fcd8eecab042c2fa57b82d98436aa.jpg,"60x60: https://i.pinimg.com/60x60/6f/4f/cd/6f4fcd8eecab042c2fa57b82d98436aa.jpg
136x136: https://i.pinimg.com/136x136/6f/4f/cd/6f4fcd8eecab042c2fa57b82d98436aa.jpg
170x: https://i.pinimg.com/236x/6f/4f/cd/6f4fcd8eecab042c2fa57b82d98436aa.jpg
236x: https://i.pinimg.com/236x/6f/4f/cd/6f4fcd8eecab042c2fa57b82d98436aa.jpg
474x: https://i.pinimg.com/474x/6f/4f/cd/6f4fcd8eecab042c2fa57b82d98436aa.jpg
564x: https://i.pinimg.com/564x/6f/4f/cd/6f4fcd8eecab042c2fa57b82d98436aa.jpg
736x: https://i.pinimg.com/736x/6f/4f/cd/6f4fcd8eecab042c2fa57b82d98436aa.jpg
600x315: https://i.pinimg.com/600x315/6f/4f/cd/6f4fcd8eecab042c2fa57b82d98436aa.jpg
orig: https://i.pinimg.com/originals/6f/4f/cd/6f4fcd8eecab042c2fa57b82d98436aa.jpg",,,,48,0,5,12,0,0,0,Pins by you,https://www.pinterest.com/rscarter002/_quick_creates/,,,,public,,reaganalol,rscarter002,https://www.pinterest.com/rscarter002,,,1,,,,,,2026-03-07T16:10:26.000Z,2026-06-23T17:23:40.641Z
1.12801E+18,15 Chic & Effortless Boho Outfits for Moms Over 50,"Discover 15 stylish and comfortable boho outfit ideas perfect for moms over 50. From embroidered blouses with wide-leg linen pants to flowy maxi dresses and layered kimonos, find looks that celebrate free-spirited style with elegance and ease. Embrace relaxed silhouettes, natural fabrics, and timeless accessories that feel authentic and confident at any age. #BohoStyle #FashionOver50 #MomsOver50 #BohoOutfits #StylishOver50",https://missmariott.com/2026/03/13/boho-outfits-for-moms-over-50-15-effortless-chic-looks/,https://www.pinterest.com/pin/1128011037937316052,https://i.pinimg.com/originals/4f/0b/04/4f0b04c5b9d38760a76f8e608676fc84.png,"60x60: https://i.pinimg.com/60x60/4f/0b/04/4f0b04c5b9d38760a76f8e608676fc84.jpg
136x136: https://i.pinimg.com/136x136/4f/0b/04/4f0b04c5b9d38760a76f8e608676fc84.jpg
170x: https://i.pinimg.com/236x/4f/0b/04/4f0b04c5b9d38760a76f8e608676fc84.jpg
236x: https://i.pinimg.com/236x/4f/0b/04/4f0b04c5b9d38760a76f8e608676fc84.jpg
474x: https://i.pinimg.com/474x/4f/0b/04/4f0b04c5b9d38760a76f8e608676fc84.jpg
564x: https://i.pinimg.com/564x/4f/0b/04/4f0b04c5b9d38760a76f8e608676fc84.jpg
736x: https://i.pinimg.com/736x/4f/0b/04/4f0b04c5b9d38760a76f8e608676fc84.jpg
600x315: https://i.pinimg.com/600x315/4f/0b/04/4f0b04c5b9d38760a76f8e608676fc84.jpg
orig: https://i.pinimg.com/originals/4f/0b/04/4f0b04c5b9d38760a76f8e608676fc84.png",,,,23,0,2,19,0,0,7,mom outfits,https://www.pinterest.com/missmariott/mom-outfits/,,,,public,,Parenting & Top Tier Aesthetics,missmariott,https://www.pinterest.com/missmariott,,,20,,,,,,2026-03-13T09:15:40.000Z,2026-06-23T17:22:48.655Z
1.12843E+18,20 Trendy Hairstyles to Try in 2026 (Pinterest Predictions) - GLAMA,"Affiliate Disclosure: This post contains affiliate links. As an Amazon Associate, I earn from qualifying purchases. Pinterest doesn’t predict trends — it reveals them. It’s a repository of desire: millions of people saving the version of themselves they want to become, months before the rest of the world catches up. And right now, the saves...",https://theglamourlady.com/collections/dresses?page=3,https://www.pinterest.com/pin/1128433250373837551,https://i.pinimg.com/originals/5e/f3/32/5ef3323b9eb6d65438f2a12a06cdeac6.png,"60x60: https://i.pinimg.com/60x60/5e/f3/32/5ef3323b9eb6d65438f2a12a06cdeac6.jpg
136x136: https://i.pinimg.com/136x136/5e/f3/32/5ef3323b9eb6d65438f2a12a06cdeac6.jpg
170x: https://i.pinimg.com/236x/5e/f3/32/5ef3323b9eb6d65438f2a12a06cdeac6.jpg
236x: https://i.pinimg.com/236x/5e/f3/32/5ef3323b9eb6d65438f2a12a06cdeac6.jpg
474x: https://i.pinimg.com/474x/5e/f3/32/5ef3323b9eb6d65438f2a12a06cdeac6.jpg
564x: https://i.pinimg.com/564x/5e/f3/32/5ef3323b9eb6d65438f2a12a06cdeac6.jpg
736x: https://i.pinimg.com/736x/5e/f3/32/5ef3323b9eb6d65438f2a12a06cdeac6.jpg
600x315: https://i.pinimg.com/600x315/5e/f3/32/5ef3323b9eb6d65438f2a12a06cdeac6.jpg
orig: https://i.pinimg.com/originals/5e/f3/32/5ef3323b9eb6d65438f2a12a06cdeac6.png",,,,1,0,0,0,0,0,0,Going out tonight,https://www.pinterest.com/jenmascioli/going-out-tonight/,,,,public,,Jen Mascioli,jenmascioli,https://www.pinterest.com/jenmascioli,,,41,,,,,,2024-03-17T04:43:31.000Z,2026-06-23T17:23:13.899Z
1.12928E+18,"Quick and Creamy Wholesome Delights for a Healthier, Happier You!",Discover nourishing recipes for a healthier you! Try these wholesome delights and boost your wellness. Click to get the recipe!,,https://www.pinterest.com/pin/1129277675336075345,https://i.pinimg.com/originals/49/9f/fa/499ffa2b1fcfacade85f14d6a774c31b.jpg,"60x60: https://i.pinimg.com/60x60/49/9f/fa/499ffa2b1fcfacade85f14d6a774c31b.jpg
136x136: https://i.pinimg.com/136x136/49/9f/fa/499ffa2b1fcfacade85f14d6a774c31b.jpg
170x: https://i.pinimg.com/236x/49/9f/fa/499ffa2b1fcfacade85f14d6a774c31b.jpg
236x: https://i.pinimg.com/236x/49/9f/fa/499ffa2b1fcfacade85f14d6a774c31b.jpg
474x: https://i.pinimg.com/474x/49/9f/fa/499ffa2b1fcfacade85f14d6a774c31b.jpg
564x: https://i.pinimg.com/564x/49/9f/fa/499ffa2b1fcfacade85f14d6a774c31b.jpg
736x: https://i.pinimg.com/736x/49/9f/fa/499ffa2b1fcfacade85f14d6a774c31b.jpg
600x315: https://i.pinimg.com/600x315/49/9f/fa/499ffa2b1fcfacade85f14d6a774c31b.jpg
orig: https://i.pinimg.com/originals/49/9f/fa/499ffa2b1fcfacade85f14d6a774c31b.jpg",,,,2404,0,17,2389,1,0,42,Recipes,https://www.pinterest.com/healthyflavorhub/recipes/,,,,public,food_drink,Fresh Flavor Haven | Healthy Recipes & Easy Meal Ideas,healthyflavorhub,https://www.pinterest.com/healthyflavorhub,,,53,,,,,,2026-04-03T21:19:45.000Z,2026-06-23T16:39:25.178Z
1.12928E+18,BEST RECIPE for Crispy Garlic Parmesan Potato Wedges Download. - Etsy,,https://www.etsy.com/listing/4428825898/best-recipe-for-crispy-garlic-parmesan,https://www.pinterest.com/pin/1129277675336628363,https://i.pinimg.com/originals/f6/20/7a/f6207a363a062cfac50bc82a0057278b.jpg,"60x60: https://i.pinimg.com/60x60/f6/20/7a/f6207a363a062cfac50bc82a0057278b.jpg
136x136: https://i.pinimg.com/136x136/f6/20/7a/f6207a363a062cfac50bc82a0057278b.jpg
170x: https://i.pinimg.com/236x/f6/20/7a/f6207a363a062cfac50bc82a0057278b.jpg
236x: https://i.pinimg.com/236x/f6/20/7a/f6207a363a062cfac50bc82a0057278b.jpg
474x: https://i.pinimg.com/474x/f6/20/7a/f6207a363a062cfac50bc82a0057278b.jpg
564x: https://i.pinimg.com/564x/f6/20/7a/f6207a363a062cfac50bc82a0057278b.jpg
736x: https://i.pinimg.com/736x/f6/20/7a/f6207a363a062cfac50bc82a0057278b.jpg
600x315: https://i.pinimg.com/600x315/f6/20/7a/f6207a363a062cfac50bc82a0057278b.jpg
orig: https://i.pinimg.com/originals/f6/20/7a/f6207a363a062cfac50bc82a0057278b.jpg",,,,488,0,4,485,0,0,7,Dessert ideas,https://www.pinterest.com/wonite2843/dessert-ideas/,,,,public,,Hope food cooking,wonite2843,https://www.pinterest.com/wonite2843,,,1,,,,,,2026-04-12T03:37:23.000Z,2026-06-23T16:42:50.081Z
1.12942E+18,Vestidos boho que no te quitarías ni para dormir,Son la cosa más linda que verás hoy.,https://eslamoda.com/vestidos-boho-que-no-te-quitarias-ni-para-dormir,https://www.pinterest.com/pin/1129418412777209031,https://i.pinimg.com/originals/0c/38/18/0c38180ec239668ef1d949a9463bd524.jpg,"60x60: https://i.pinimg.com/60x60/0c/38/18/0c38180ec239668ef1d949a9463bd524.jpg
136x136: https://i.pinimg.com/136x136/0c/38/18/0c38180ec239668ef1d949a9463bd524.jpg
170x: https://i.pinimg.com/236x/0c/38/18/0c38180ec239668ef1d949a9463bd524.jpg
236x: https://i.pinimg.com/236x/0c/38/18/0c38180ec239668ef1d949a9463bd524.jpg
474x: https://i.pinimg.com/474x/0c/38/18/0c38180ec239668ef1d949a9463bd524.jpg
564x: https://i.pinimg.com/564x/0c/38/18/0c38180ec239668ef1d949a9463bd524.jpg
736x: https://i.pinimg.com/736x/0c/38/18/0c38180ec239668ef1d949a9463bd524.jpg
600x315: https://i.pinimg.com/600x315/0c/38/18/0c38180ec239668ef1d949a9463bd524.jpg
orig: https://i.pinimg.com/originals/0c/38/18/0c38180ec239668ef1d949a9463bd524.jpg",,,,26,0,0,0,0,0,0,CLOTH ITEMS,https://www.pinterest.com/artandsylvie8004/cloth-items/,,,,public,,silvia senese,artandsylvie8004,https://www.pinterest.com/artandsylvie8004,,,130,,,,,,2022-09-06T20:18:56.000Z,2026-06-23T17:23:01.567Z
1.12949E+18,Surfing outfit,,,https://www.pinterest.com/pin/1129488781536392802,https://i.pinimg.com/originals/71/03/bd/7103bd183856a460c78a1fbeea4a6bfa.jpg,"60x60: https://i.pinimg.com/60x60/71/03/bd/7103bd183856a460c78a1fbeea4a6bfa.jpg
136x136: https://i.pinimg.com/136x136/71/03/bd/7103bd183856a460c78a1fbeea4a6bfa.jpg
170x: https://i.pinimg.com/236x/71/03/bd/7103bd183856a460c78a1fbeea4a6bfa.jpg
236x: https://i.pinimg.com/236x/71/03/bd/7103bd183856a460c78a1fbeea4a6bfa.jpg
474x: https://i.pinimg.com/474x/71/03/bd/7103bd183856a460c78a1fbeea4a6bfa.jpg
564x: https://i.pinimg.com/564x/71/03/bd/7103bd183856a460c78a1fbeea4a6bfa.jpg
736x: https://i.pinimg.com/736x/71/03/bd/7103bd183856a460c78a1fbeea4a6bfa.jpg
600x315: https://i.pinimg.com/600x315/71/03/bd/7103bd183856a460c78a1fbeea4a6bfa.jpg
orig: https://i.pinimg.com/originals/71/03/bd/7103bd183856a460c78a1fbeea4a6bfa.jpg",,,,4,0,0,1,0,0,0,Pins by you,https://www.pinterest.com/jay111988/_quick_creates/,,,,public,,jay,jay111988,https://www.pinterest.com/jay111988,,,170,,,,,,2023-12-25T20:47:36.000Z,2026-06-23T17:28:20.624Z
1.12949E+18,Boho Summer Outfit Ideas 2026: Floral Maxis & Chunky Sandals,"Discover the dreamiest Pinterest-inspired summer outfit ideas for 2026. From breezy floral maxi dresses to chunky cork platform sandals, these looks blend boho romance with retro swagger. Perfect for brunch patios, boardwalk strolls, and garden parties. Save this pin for your warm-weather wardrobe refresh! #SummerOutfitIdeas #PinterestFashion #SummerStyle2026",https://threadandhanger.com/pinterest-inspired-summer-outfit-ideas/,https://www.pinterest.com/pin/1129488781576672302,https://i.pinimg.com/originals/dc/c8/dd/dcc8dd01bf18c29bbb3d30dd4aafe5db.jpg,"60x60: https://i.pinimg.com/60x60/dc/c8/dd/dcc8dd01bf18c29bbb3d30dd4aafe5db.jpg
136x136: https://i.pinimg.com/136x136/dc/c8/dd/dcc8dd01bf18c29bbb3d30dd4aafe5db.jpg
170x: https://i.pinimg.com/236x/dc/c8/dd/dcc8dd01bf18c29bbb3d30dd4aafe5db.jpg
236x: https://i.pinimg.com/236x/dc/c8/dd/dcc8dd01bf18c29bbb3d30dd4aafe5db.jpg
474x: https://i.pinimg.com/474x/dc/c8/dd/dcc8dd01bf18c29bbb3d30dd4aafe5db.jpg
564x: https://i.pinimg.com/564x/dc/c8/dd/dcc8dd01bf18c29bbb3d30dd4aafe5db.jpg
736x: https://i.pinimg.com/736x/dc/c8/dd/dcc8dd01bf18c29bbb3d30dd4aafe5db.jpg
600x315: https://i.pinimg.com/600x315/dc/c8/dd/dcc8dd01bf18c29bbb3d30dd4aafe5db.jpg
orig: https://i.pinimg.com/originals/dc/c8/dd/dcc8dd01bf18c29bbb3d30dd4aafe5db.jpg",,,,2,0,0,1,0,0,0,Summer Outfit Ideas,https://www.pinterest.com/margotthreadhanger/summer-outfit-ideas/,,,,public,,"Thread and Hanger - Outfit Ideas, Fashion Trends & Lifestyle",margotthreadhanger,https://www.pinterest.com/margotthreadhanger,,,24,,,,,,2026-06-10T21:03:38.000Z,2026-06-23T17:23:13.885Z
1.1297E+18,Hot Honey Ground Beef Bowls Recipe Digital Download,Hot Honey Ground Beef Bowls,https://payhip.com/b/MvANG?pin_id=1780317604_49,https://www.pinterest.com/pin/1129699887804668008,https://i.pinimg.com/originals/0a/a8/bd/0aa8bde7bc5c361a9894503f0be60444.jpg,"60x60: https://i.pinimg.com/60x60/0a/a8/bd/0aa8bde7bc5c361a9894503f0be60444.jpg
136x136: https://i.pinimg.com/136x136/0a/a8/bd/0aa8bde7bc5c361a9894503f0be60444.jpg
170x: https://i.pinimg.com/236x/0a/a8/bd/0aa8bde7bc5c361a9894503f0be60444.jpg
236x: https://i.pinimg.com/236x/0a/a8/bd/0aa8bde7bc5c361a9894503f0be60444.jpg
474x: https://i.pinimg.com/474x/0a/a8/bd/0aa8bde7bc5c361a9894503f0be60444.jpg
564x: https://i.pinimg.com/564x/0a/a8/bd/0aa8bde7bc5c361a9894503f0be60444.jpg
736x: https://i.pinimg.com/736x/0a/a8/bd/0aa8bde7bc5c361a9894503f0be60444.jpg
600x315: https://i.pinimg.com/600x315/0a/a8/bd/0aa8bde7bc5c361a9894503f0be60444.jpg
orig: https://i.pinimg.com/originals/0a/a8/bd/0aa8bde7bc5c361a9894503f0be60444.jpg",,,,3,0,0,2,0,0,0,Recipes,https://www.pinterest.com/dakewix/recipes/,,,,public,food_drink,Sweet & Savory Delights,dakewix,https://www.pinterest.com/dakewix,,,0,,,,,,2026-06-01T13:33:44.000Z,2026-06-23T16:43:18.064Z
1.1297E+18,Hot Honey Ground Beef Bowls Recipe Digital Download,Hot Honey Ground Beef Bowls,https://payhip.com/b/MvANG?pin_id=1780317604_61,https://www.pinterest.com/pin/1129699887804668470,https://i.pinimg.com/originals/57/c6/55/57c655400f616f7f31896cf7f7caef3f.jpg,"60x60: https://i.pinimg.com/60x60/57/c6/55/57c655400f616f7f31896cf7f7caef3f.jpg
136x136: https://i.pinimg.com/136x136/57/c6/55/57c655400f616f7f31896cf7f7caef3f.jpg
170x: https://i.pinimg.com/236x/57/c6/55/57c655400f616f7f31896cf7f7caef3f.jpg
236x: https://i.pinimg.com/236x/57/c6/55/57c655400f616f7f31896cf7f7caef3f.jpg
474x: https://i.pinimg.com/474x/57/c6/55/57c655400f616f7f31896cf7f7caef3f.jpg
564x: https://i.pinimg.com/564x/57/c6/55/57c655400f616f7f31896cf7f7caef3f.jpg
736x: https://i.pinimg.com/736x/57/c6/55/57c655400f616f7f31896cf7f7caef3f.jpg
600x315: https://i.pinimg.com/600x315/57/c6/55/57c655400f616f7f31896cf7f7caef3f.jpg
orig: https://i.pinimg.com/originals/57/c6/55/57c655400f616f7f31896cf7f7caef3f.jpg",,,,31,0,0,30,0,0,6,Recipes,https://www.pinterest.com/dakewix/recipes/,,,,public,food_drink,Sweet & Savory Delights,dakewix,https://www.pinterest.com/dakewix,,,0,,,,,,2026-06-01T13:45:07.000Z,2026-06-23T16:42:39.518Z
1.1297E+18,Hot Honey Ground Beef Bowls Recipe Digital Download,Hot Honey Ground Beef Bowls,https://payhip.com/b/MvANG?pin_id=1780317605_72,https://www.pinterest.com/pin/1129699887804670125,https://i.pinimg.com/originals/34/90/78/349078d30bb3b7b0b90128f017d78eb3.png,"60x60: https://i.pinimg.com/60x60/34/90/78/349078d30bb3b7b0b90128f017d78eb3.jpg
136x136: https://i.pinimg.com/136x136/34/90/78/349078d30bb3b7b0b90128f017d78eb3.jpg
170x: https://i.pinimg.com/236x/34/90/78/349078d30bb3b7b0b90128f017d78eb3.jpg
236x: https://i.pinimg.com/236x/34/90/78/349078d30bb3b7b0b90128f017d78eb3.jpg
474x: https://i.pinimg.com/474x/34/90/78/349078d30bb3b7b0b90128f017d78eb3.jpg
564x: https://i.pinimg.com/564x/34/90/78/349078d30bb3b7b0b90128f017d78eb3.jpg
736x: https://i.pinimg.com/736x/34/90/78/349078d30bb3b7b0b90128f017d78eb3.jpg
600x315: https://i.pinimg.com/600x315/34/90/78/349078d30bb3b7b0b90128f017d78eb3.jpg
orig: https://i.pinimg.com/originals/34/90/78/349078d30bb3b7b0b90128f017d78eb3.png",,,,156,0,1,128,0,0,3,Recipes,https://www.pinterest.com/dakewix/recipes/,,,,public,food_drink,Sweet & Savory Delights,dakewix,https://www.pinterest.com/dakewix,,,0,,,,,,2026-06-01T14:19:43.000Z,2026-06-23T16:38:17.733Z
1.1304E+18,,,,https://www.pinterest.com/pin/1130403575225362314,https://i.pinimg.com/originals/0c/d1/e4/0cd1e434ebbea20c2f52d3378fed61f7.jpg,"60x60: https://i.pinimg.com/60x60/0c/d1/e4/0cd1e434ebbea20c2f52d3378fed61f7.jpg
136x136: https://i.pinimg.com/136x136/0c/d1/e4/0cd1e434ebbea20c2f52d3378fed61f7.jpg
170x: https://i.pinimg.com/236x/0c/d1/e4/0cd1e434ebbea20c2f52d3378fed61f7.jpg
236x: https://i.pinimg.com/236x/0c/d1/e4/0cd1e434ebbea20c2f52d3378fed61f7.jpg
474x: https://i.pinimg.com/474x/0c/d1/e4/0cd1e434ebbea20c2f52d3378fed61f7.jpg
564x: https://i.pinimg.com/564x/0c/d1/e4/0cd1e434ebbea20c2f52d3378fed61f7.jpg
736x: https://i.pinimg.com/736x/0c/d1/e4/0cd1e434ebbea20c2f52d3378fed61f7.jpg
600x315: https://i.pinimg.com/600x315/0c/d1/e4/0cd1e434ebbea20c2f52d3378fed61f7.jpg
orig: https://i.pinimg.com/originals/0c/d1/e4/0cd1e434ebbea20c2f52d3378fed61f7.jpg",,,,172,0,19,33,0,0,0,Brunch Outfit,https://www.pinterest.com/elsie_weimann94/brunch-outfit/,,,,public,,Elsie Weimann,elsie_weimann94,https://www.pinterest.com/elsie_weimann94,,,2350,,,,,,2025-05-31T23:59:03.000Z,2026-06-23T17:22:03.545Z
1.13083E+18,Boho Chic: Kimono & Country Flair,"Effortless boho summer outfits with kimonos, denim, fringe, and sunny Nashville vibes. Discover boho chic looks, country-inspired essentials, and dreamy, relaxed silhouettes for warm-weather days",,https://www.pinterest.com/pin/1130825787709438444,https://i.pinimg.com/originals/83/14/ae/8314ae287405327e8e903fb43bfbb398.webp,"60x60: https://i.pinimg.com/60x60/83/14/ae/8314ae287405327e8e903fb43bfbb398.jpg
136x136: https://i.pinimg.com/136x136/83/14/ae/8314ae287405327e8e903fb43bfbb398.jpg
170x: https://i.pinimg.com/236x/83/14/ae/8314ae287405327e8e903fb43bfbb398.jpg
236x: https://i.pinimg.com/236x/83/14/ae/8314ae287405327e8e903fb43bfbb398.jpg
474x: https://i.pinimg.com/474x/83/14/ae/8314ae287405327e8e903fb43bfbb398.jpg
564x: https://i.pinimg.com/564x/83/14/ae/8314ae287405327e8e903fb43bfbb398.jpg
736x: https://i.pinimg.com/736x/83/14/ae/8314ae287405327e8e903fb43bfbb398.jpg
600x315: https://i.pinimg.com/600x315/83/14/ae/8314ae287405327e8e903fb43bfbb398.jpg
orig: https://i.pinimg.com/originals/83/14/ae/8314ae287405327e8e903fb43bfbb398.webp",,,,2,0,0,1,0,0,0,Stylish outfits,https://www.pinterest.com/abarton459/stylish-outfits/,,,,public,,Aracely Barton,abarton459,https://www.pinterest.com/abarton459,,,107,,,,,,2026-05-17T21:02:58.000Z,2026-06-23T17:26:28.401Z
1.13111E+18,Refined Bohemian Draped Halter Maxi Dress,"Maxi Dress,Halter Dress,boho dress, summer dress,travel outfit,vintage drses, grey dress",https://gloeria.com/collections/best-seller?sort_by=refined-bohemian-draped-halter-maxi-dress,https://www.pinterest.com/pin/1131107262681284580,https://i.pinimg.com/originals/d3/65/a9/d365a9e44743bdfb710e4405bc7974f2.png,"60x60: https://i.pinimg.com/60x60/d3/65/a9/d365a9e44743bdfb710e4405bc7974f2.jpg
136x136: https://i.pinimg.com/136x136/d3/65/a9/d365a9e44743bdfb710e4405bc7974f2.jpg
170x: https://i.pinimg.com/236x/d3/65/a9/d365a9e44743bdfb710e4405bc7974f2.jpg
236x: https://i.pinimg.com/236x/d3/65/a9/d365a9e44743bdfb710e4405bc7974f2.jpg
474x: https://i.pinimg.com/474x/d3/65/a9/d365a9e44743bdfb710e4405bc7974f2.jpg
564x: https://i.pinimg.com/564x/d3/65/a9/d365a9e44743bdfb710e4405bc7974f2.jpg
736x: https://i.pinimg.com/736x/d3/65/a9/d365a9e44743bdfb710e4405bc7974f2.jpg
600x315: https://i.pinimg.com/600x315/d3/65/a9/d365a9e44743bdfb710e4405bc7974f2.jpg
orig: https://i.pinimg.com/originals/d3/65/a9/d365a9e44743bdfb710e4405bc7974f2.png",,,,111,0,10,75,0,0,7,Maxi Dresses,https://www.pinterest.com/Gloeria_official/maxi-dresses/,,,,public,,Gloeria,Gloeria_official,https://www.pinterest.com/Gloeria_official,,,55,,,,,,2026-03-17T08:29:06.000Z,2026-06-23T17:23:03.367Z
1.13174E+18,,Beach outfit,https://www.shffls.com/shuffles/5268561098365257867,https://www.pinterest.com/pin/1131740581338147672,https://i.pinimg.com/originals/70/c0/c3/70c0c31b5ea91531e9c32867f3723a0f.jpg,"60x60: https://i.pinimg.com/60x60/70/c0/c3/70c0c31b5ea91531e9c32867f3723a0f.jpg
136x136: https://i.pinimg.com/136x136/70/c0/c3/70c0c31b5ea91531e9c32867f3723a0f.jpg
170x: https://i.pinimg.com/236x/70/c0/c3/70c0c31b5ea91531e9c32867f3723a0f.jpg
236x: https://i.pinimg.com/236x/70/c0/c3/70c0c31b5ea91531e9c32867f3723a0f.jpg
474x: https://i.pinimg.com/474x/70/c0/c3/70c0c31b5ea91531e9c32867f3723a0f.jpg
564x: https://i.pinimg.com/564x/70/c0/c3/70c0c31b5ea91531e9c32867f3723a0f.jpg
736x: https://i.pinimg.com/736x/70/c0/c3/70c0c31b5ea91531e9c32867f3723a0f.jpg
600x315: https://i.pinimg.com/600x315/70/c0/c3/70c0c31b5ea91531e9c32867f3723a0f.jpg
orig: https://i.pinimg.com/originals/70/c0/c3/70c0c31b5ea91531e9c32867f3723a0f.jpg",,,,619,0,1,0,3,0,0,Quick Saves,https://www.pinterest.com/molly0n/_quick_saves/,,,,public,,Molly :0,molly0n,https://www.pinterest.com/molly0n,,,1,,,,,,2023-03-06T03:31:41.000Z,2026-06-23T17:29:43.304Z
1.13223E+17,,,,https://www.pinterest.com/pin/113223378128202188,https://i.pinimg.com/originals/b0/01/ae/b001aee263904cac11dd40802185d81d.jpg,"60x60: https://i.pinimg.com/60x60/b0/01/ae/b001aee263904cac11dd40802185d81d.jpg
136x136: https://i.pinimg.com/136x136/b0/01/ae/b001aee263904cac11dd40802185d81d.jpg
170x: https://i.pinimg.com/236x/b0/01/ae/b001aee263904cac11dd40802185d81d.jpg
236x: https://i.pinimg.com/236x/b0/01/ae/b001aee263904cac11dd40802185d81d.jpg
474x: https://i.pinimg.com/474x/b0/01/ae/b001aee263904cac11dd40802185d81d.jpg
564x: https://i.pinimg.com/564x/b0/01/ae/b001aee263904cac11dd40802185d81d.jpg
736x: https://i.pinimg.com/736x/b0/01/ae/b001aee263904cac11dd40802185d81d.jpg
600x315: https://i.pinimg.com/600x315/b0/01/ae/b001aee263904cac11dd40802185d81d.jpg
orig: https://i.pinimg.com/originals/b0/01/ae/b001aee263904cac11dd40802185d81d.jpg",,,,2,0,0,1,0,0,0,New spring/summer fashion,https://www.pinterest.com/busymama2204/new-springsummer-fashion/,,,,public,,Amy Bolton,busymama2204,https://www.pinterest.com/busymama2204,,,52,,,,,,2026-05-25T06:29:52.000Z,2026-06-23T17:27:06.622Z
1.13237E+18,Florida Crewneck,,https://thebeachclubshop.com/products/florida-crewneck,https://www.pinterest.com/pin/1132373900048358715,https://i.pinimg.com/originals/7d/a8/cc/7da8cc11fb66cc8bfc0e4e28a547b423.jpg,"60x60: https://i.pinimg.com/60x60/7d/a8/cc/7da8cc11fb66cc8bfc0e4e28a547b423.jpg
136x136: https://i.pinimg.com/136x136/7d/a8/cc/7da8cc11fb66cc8bfc0e4e28a547b423.jpg
170x: https://i.pinimg.com/236x/7d/a8/cc/7da8cc11fb66cc8bfc0e4e28a547b423.jpg
236x: https://i.pinimg.com/236x/7d/a8/cc/7da8cc11fb66cc8bfc0e4e28a547b423.jpg
474x: https://i.pinimg.com/474x/7d/a8/cc/7da8cc11fb66cc8bfc0e4e28a547b423.jpg
564x: https://i.pinimg.com/564x/7d/a8/cc/7da8cc11fb66cc8bfc0e4e28a547b423.jpg
736x: https://i.pinimg.com/736x/7d/a8/cc/7da8cc11fb66cc8bfc0e4e28a547b423.jpg
600x315: https://i.pinimg.com/600x315/7d/a8/cc/7da8cc11fb66cc8bfc0e4e28a547b423.jpg
orig: https://i.pinimg.com/originals/7d/a8/cc/7da8cc11fb66cc8bfc0e4e28a547b423.jpg",,,,3075,0,130,440,10,0,4,Products you tagged,https://www.pinterest.com/thebeachclubshop/_products_you_tagged/,,,,protected,,The Beach Club,thebeachclubshop,https://www.pinterest.com/thebeachclubshop,,,7736,,,,,,2024-06-20T15:18:25.000Z,2026-06-23T17:29:36.686Z
1.13259E+18,,,,https://www.pinterest.com/pin/1132585006309505289,https://i.pinimg.com/originals/0d/08/84/0d088470e9113c0e9043d15d9f1941cb.jpg,"60x60: https://i.pinimg.com/60x60/0d/08/84/0d088470e9113c0e9043d15d9f1941cb.jpg
136x136: https://i.pinimg.com/136x136/0d/08/84/0d088470e9113c0e9043d15d9f1941cb.jpg
170x: https://i.pinimg.com/236x/0d/08/84/0d088470e9113c0e9043d15d9f1941cb.jpg
236x: https://i.pinimg.com/236x/0d/08/84/0d088470e9113c0e9043d15d9f1941cb.jpg
474x: https://i.pinimg.com/474x/0d/08/84/0d088470e9113c0e9043d15d9f1941cb.jpg
564x: https://i.pinimg.com/564x/0d/08/84/0d088470e9113c0e9043d15d9f1941cb.jpg
736x: https://i.pinimg.com/736x/0d/08/84/0d088470e9113c0e9043d15d9f1941cb.jpg
600x315: https://i.pinimg.com/600x315/0d/08/84/0d088470e9113c0e9043d15d9f1941cb.jpg
orig: https://i.pinimg.com/originals/0d/08/84/0d088470e9113c0e9043d15d9f1941cb.jpg",,,,531,0,20,351,0,0,8,Quick saves,https://www.pinterest.com/davediya0510/_quick_saves/,,,,public,,DD-STORE,davediya0510,https://www.pinterest.com/davediya0510,,,13,,,,,,2026-03-20T09:33:53.000Z,2026-06-23T17:23:51.382Z
1.13266E+18,Home Workout for Beginners | Lose Weight Fast 🏠🔥,No gym? No problem! Try these easy home workouts for beginners to burn calories and get fit fast. 💪 #HomeWorkout #FitnessAtHome #WeightLoss,https://gum.co/u/zajrctgl,https://www.pinterest.com/pin/1132655375063661715,https://i.pinimg.com/originals/dc/14/63/dc1463c5f8edbbde441faedb8dbf7f99.jpg,"60x60: https://i.pinimg.com/60x60/dc/14/63/dc1463c5f8edbbde441faedb8dbf7f99.jpg
136x136: https://i.pinimg.com/136x136/dc/14/63/dc1463c5f8edbbde441faedb8dbf7f99.jpg
170x: https://i.pinimg.com/236x/dc/14/63/dc1463c5f8edbbde441faedb8dbf7f99.jpg
236x: https://i.pinimg.com/236x/dc/14/63/dc1463c5f8edbbde441faedb8dbf7f99.jpg
474x: https://i.pinimg.com/474x/dc/14/63/dc1463c5f8edbbde441faedb8dbf7f99.jpg
564x: https://i.pinimg.com/564x/dc/14/63/dc1463c5f8edbbde441faedb8dbf7f99.jpg
736x: https://i.pinimg.com/736x/dc/14/63/dc1463c5f8edbbde441faedb8dbf7f99.jpg
600x315: https://i.pinimg.com/600x315/dc/14/63/dc1463c5f8edbbde441faedb8dbf7f99.jpg
orig: https://i.pinimg.com/originals/dc/14/63/dc1463c5f8edbbde441faedb8dbf7f99.jpg",,,,7313,0,596,6969,1,0,190,Dim sum party ideas,https://www.pinterest.com/xotom87692/dim-sum-party-ideas/,,,,public,,Xotom,xotom87692,https://www.pinterest.com/xotom87692,,,23,,,,,,2026-04-14T16:32:56.000Z,2026-06-23T16:36:54.060Z
1.13294E+18,,,,https://www.pinterest.com/pin/1132936850030236622,https://i.pinimg.com/originals/56/cc/8d/56cc8dab0510b4587308e47e16a97142.jpg,"60x60: https://i.pinimg.com/60x60/56/cc/8d/56cc8dab0510b4587308e47e16a97142.jpg
136x136: https://i.pinimg.com/136x136/56/cc/8d/56cc8dab0510b4587308e47e16a97142.jpg
170x: https://i.pinimg.com/236x/56/cc/8d/56cc8dab0510b4587308e47e16a97142.jpg
236x: https://i.pinimg.com/236x/56/cc/8d/56cc8dab0510b4587308e47e16a97142.jpg
474x: https://i.pinimg.com/474x/56/cc/8d/56cc8dab0510b4587308e47e16a97142.jpg
564x: https://i.pinimg.com/564x/56/cc/8d/56cc8dab0510b4587308e47e16a97142.jpg
736x: https://i.pinimg.com/736x/56/cc/8d/56cc8dab0510b4587308e47e16a97142.jpg
600x315: https://i.pinimg.com/600x315/56/cc/8d/56cc8dab0510b4587308e47e16a97142.jpg
orig: https://i.pinimg.com/originals/56/cc/8d/56cc8dab0510b4587308e47e16a97142.jpg",,,,3840,0,391,1438,0,0,19,Outfits ideas,https://www.pinterest.com/delaneygoforth2003/outfits-ideas/,,,,public,,Delaney Goforth,delaneygoforth2003,https://www.pinterest.com/delaneygoforth2003,,,1,,,,,,2026-01-14T18:29:00.000Z,2026-06-23T17:29:56.619Z
1.13294E+16,☼,beach hippie/boho outfit inspo,,https://www.pinterest.com/pin/11329436558199408,https://i.pinimg.com/originals/80/08/d1/8008d161aa679e87e4d6be1a0d77aa41.jpg,"60x60: https://i.pinimg.com/60x60/80/08/d1/8008d161aa679e87e4d6be1a0d77aa41.jpg
136x136: https://i.pinimg.com/136x136/80/08/d1/8008d161aa679e87e4d6be1a0d77aa41.jpg
170x: https://i.pinimg.com/236x/80/08/d1/8008d161aa679e87e4d6be1a0d77aa41.jpg
236x: https://i.pinimg.com/236x/80/08/d1/8008d161aa679e87e4d6be1a0d77aa41.jpg
474x: https://i.pinimg.com/474x/80/08/d1/8008d161aa679e87e4d6be1a0d77aa41.jpg
564x: https://i.pinimg.com/564x/80/08/d1/8008d161aa679e87e4d6be1a0d77aa41.jpg
736x: https://i.pinimg.com/736x/80/08/d1/8008d161aa679e87e4d6be1a0d77aa41.jpg
600x315: https://i.pinimg.com/600x315/80/08/d1/8008d161aa679e87e4d6be1a0d77aa41.jpg
orig: https://i.pinimg.com/originals/80/08/d1/8008d161aa679e87e4d6be1a0d77aa41.jpg",,,,170,0,14,88,0,0,1,Style,https://www.pinterest.com/celestepennxo/style/,,,,public,womens_fashion,Celeste Pennachio,celestepennxo,https://www.pinterest.com/celestepennxo,,,2940,,,,,,2025-04-09T06:03:51.000Z,2026-06-23T17:27:29.366Z
1.13294E+16,Here’s a cute wrap skirt that you can make from a sarong! #fashionhacks #sarong #resortwear,Here’s a cute wrap skirt that you can make from a sarong! #fashionhacks ...,https://youtube.com/shorts/NyEm-E0GC-I?si=5FMXLZuMTmbpK3NG,https://www.pinterest.com/pin/11329436559489463,https://i.pinimg.com/originals/67/b5/ba/67b5baef4f27ee0b99a69c1f0b1b2509.jpg,"60x60: https://i.pinimg.com/60x60/67/b5/ba/67b5baef4f27ee0b99a69c1f0b1b2509.jpg
136x136: https://i.pinimg.com/136x136/67/b5/ba/67b5baef4f27ee0b99a69c1f0b1b2509.jpg
170x: https://i.pinimg.com/236x/67/b5/ba/67b5baef4f27ee0b99a69c1f0b1b2509.jpg
236x: https://i.pinimg.com/236x/67/b5/ba/67b5baef4f27ee0b99a69c1f0b1b2509.jpg
474x: https://i.pinimg.com/474x/67/b5/ba/67b5baef4f27ee0b99a69c1f0b1b2509.jpg
564x: https://i.pinimg.com/564x/67/b5/ba/67b5baef4f27ee0b99a69c1f0b1b2509.jpg
736x: https://i.pinimg.com/736x/67/b5/ba/67b5baef4f27ee0b99a69c1f0b1b2509.jpg
600x315: https://i.pinimg.com/600x315/67/b5/ba/67b5baef4f27ee0b99a69c1f0b1b2509.jpg
orig: https://i.pinimg.com/originals/67/b5/ba/67b5baef4f27ee0b99a69c1f0b1b2509.jpg",,,,2,0,0,1,0,0,0,Convertible clothing,https://www.pinterest.com/babsbrook/convertible-clothing/,,,,public,womens_fashion,Pauline Ely,babsbrook,https://www.pinterest.com/babsbrook,,,1679,,,,,,2026-04-27T19:51:01.000Z,2026-06-23T17:14:40.813Z
1.13343E+18,Spicy tuna sushi balls recipe,Credits to @/anythingbutramen | TikTok,,https://www.pinterest.com/pin/1133429431310626334,https://i.pinimg.com/originals/ab/30/89/ab3089632df07e06a66e84c980efb02d.jpg,"60x60: https://i.pinimg.com/60x60/ab/30/89/ab3089632df07e06a66e84c980efb02d.jpg
136x136: https://i.pinimg.com/136x136/ab/30/89/ab3089632df07e06a66e84c980efb02d.jpg
170x: https://i.pinimg.com/236x/ab/30/89/ab3089632df07e06a66e84c980efb02d.jpg
236x: https://i.pinimg.com/236x/ab/30/89/ab3089632df07e06a66e84c980efb02d.jpg
474x: https://i.pinimg.com/474x/ab/30/89/ab3089632df07e06a66e84c980efb02d.jpg
564x: https://i.pinimg.com/564x/ab/30/89/ab3089632df07e06a66e84c980efb02d.jpg
736x: https://i.pinimg.com/736x/ab/30/89/ab3089632df07e06a66e84c980efb02d.jpg
600x315: https://i.pinimg.com/600x315/ab/30/89/ab3089632df07e06a66e84c980efb02d.jpg
orig: https://i.pinimg.com/originals/ab/30/89/ab3089632df07e06a66e84c980efb02d.jpg",,,V_HLSV3_MOBILE: https://v1.pinimg.com/videos/iht/hls/v2/03/8a/ad/038aad0174e5c0d60a01aba358c188f8.m3u8,29048,2,2228,9860,73,0,688,Ваші піни,https://www.pinterest.com/willowproductionn/_quick_creates/,,,,public,,Willow Production | Food & Drink Recipes,willowproductionn,https://www.pinterest.com/willowproductionn,,,102,,,,,,2025-03-14T21:07:19.000Z,2026-06-23T16:43:15.375Z
1.13343E+18,,Eden’s 2026 outfit inspo,https://www.shffls.com/shuffles/3353503401374886784,https://www.pinterest.com/pin/1133429431329409011,https://i.pinimg.com/originals/11/d8/c4/11d8c41f0bf44ab577cc0a91c020d875.jpg,"60x60: https://i.pinimg.com/60x60/11/d8/c4/11d8c41f0bf44ab577cc0a91c020d875.jpg
136x136: https://i.pinimg.com/136x136/11/d8/c4/11d8c41f0bf44ab577cc0a91c020d875.jpg
170x: https://i.pinimg.com/236x/11/d8/c4/11d8c41f0bf44ab577cc0a91c020d875.jpg
236x: https://i.pinimg.com/236x/11/d8/c4/11d8c41f0bf44ab577cc0a91c020d875.jpg
474x: https://i.pinimg.com/474x/11/d8/c4/11d8c41f0bf44ab577cc0a91c020d875.jpg
564x: https://i.pinimg.com/564x/11/d8/c4/11d8c41f0bf44ab577cc0a91c020d875.jpg
736x: https://i.pinimg.com/736x/11/d8/c4/11d8c41f0bf44ab577cc0a91c020d875.jpg
600x315: https://i.pinimg.com/600x315/11/d8/c4/11d8c41f0bf44ab577cc0a91c020d875.jpg
orig: https://i.pinimg.com/originals/11/d8/c4/11d8c41f0bf44ab577cc0a91c020d875.jpg",,,,4637,0,218,2972,1,0,8,My Shuffles,https://www.pinterest.com/mimiconant/my-shuffles/,,,,public,,Eden Rain,mimiconant,https://www.pinterest.com/mimiconant,,,2,,,,,,2026-03-24T17:43:20.000Z,2026-06-23T17:14:12.302Z
1.13399E+18,Bali Swimwear Collection 202,"Discover our latest Bali-inspired swimwear, crochet cover-ups, beach dresses, and resort outfits designed for your next tropical escape.",,https://www.pinterest.com/pin/1133992381207758323,https://i.pinimg.com/originals/c4/f0/8b/c4f08b43d44cc8fcc78c183bc5096e78.png,"60x60: https://i.pinimg.com/60x60/c4/f0/8b/c4f08b43d44cc8fcc78c183bc5096e78.jpg
136x136: https://i.pinimg.com/136x136/c4/f0/8b/c4f08b43d44cc8fcc78c183bc5096e78.jpg
170x: https://i.pinimg.com/236x/c4/f0/8b/c4f08b43d44cc8fcc78c183bc5096e78.jpg
236x: https://i.pinimg.com/236x/c4/f0/8b/c4f08b43d44cc8fcc78c183bc5096e78.jpg
474x: https://i.pinimg.com/474x/c4/f0/8b/c4f08b43d44cc8fcc78c183bc5096e78.jpg
564x: https://i.pinimg.com/564x/c4/f0/8b/c4f08b43d44cc8fcc78c183bc5096e78.jpg
736x: https://i.pinimg.com/736x/c4/f0/8b/c4f08b43d44cc8fcc78c183bc5096e78.jpg
600x315: https://i.pinimg.com/600x315/c4/f0/8b/c4f08b43d44cc8fcc78c183bc5096e78.jpg
orig: https://i.pinimg.com/originals/c4/f0/8b/c4f08b43d44cc8fcc78c183bc5096e78.png",,,,23,0,5,22,0,0,0,Summer  outfit Ideas 2026☀️✨,https://www.pinterest.com/outfitvine/summer-outfit-ideas-2026/,,,,public,,OutfitVine,outfitvine,https://www.pinterest.com/outfitvine,,,7,,,,,,2026-06-08T17:32:52.000Z,2026-06-23T17:25:42.103Z
1.1342E+18,,,,https://www.pinterest.com/pin/1134203487408844996,https://i.pinimg.com/originals/b6/70/e9/b670e9f85ce7ab2223a7b2e1c7102f81.jpg,"60x60: https://i.pinimg.com/60x60/b6/70/e9/b670e9f85ce7ab2223a7b2e1c7102f81.jpg
136x136: https://i.pinimg.com/136x136/b6/70/e9/b670e9f85ce7ab2223a7b2e1c7102f81.jpg
170x: https://i.pinimg.com/236x/b6/70/e9/b670e9f85ce7ab2223a7b2e1c7102f81.jpg
236x: https://i.pinimg.com/236x/b6/70/e9/b670e9f85ce7ab2223a7b2e1c7102f81.jpg
474x: https://i.pinimg.com/474x/b6/70/e9/b670e9f85ce7ab2223a7b2e1c7102f81.jpg
564x: https://i.pinimg.com/564x/b6/70/e9/b670e9f85ce7ab2223a7b2e1c7102f81.jpg
736x: https://i.pinimg.com/736x/b6/70/e9/b670e9f85ce7ab2223a7b2e1c7102f81.jpg
600x315: https://i.pinimg.com/600x315/b6/70/e9/b670e9f85ce7ab2223a7b2e1c7102f81.jpg
orig: https://i.pinimg.com/originals/b6/70/e9/b670e9f85ce7ab2223a7b2e1c7102f81.jpg",,,,789,0,31,87,0,0,0,easter outfit inspo! 2025,https://www.pinterest.com/alishba957/easter-outfit-inspo-2025/,,,,public,,Alishba,alishba957,https://www.pinterest.com/alishba957,,,2,,,,,,2025-04-23T06:44:36.000Z,2026-06-23T17:26:13.055Z
1.13427E+18,,,,https://www.pinterest.com/pin/1134273856175549521,https://i.pinimg.com/originals/bc/1d/1e/bc1d1e489b5a70211289d461d1c2c63a.jpg,"60x60: https://i.pinimg.com/60x60/bc/1d/1e/bc1d1e489b5a70211289d461d1c2c63a.jpg
136x136: https://i.pinimg.com/136x136/bc/1d/1e/bc1d1e489b5a70211289d461d1c2c63a.jpg
170x: https://i.pinimg.com/236x/bc/1d/1e/bc1d1e489b5a70211289d461d1c2c63a.jpg
236x: https://i.pinimg.com/236x/bc/1d/1e/bc1d1e489b5a70211289d461d1c2c63a.jpg
474x: https://i.pinimg.com/474x/bc/1d/1e/bc1d1e489b5a70211289d461d1c2c63a.jpg
564x: https://i.pinimg.com/564x/bc/1d/1e/bc1d1e489b5a70211289d461d1c2c63a.jpg
736x: https://i.pinimg.com/736x/bc/1d/1e/bc1d1e489b5a70211289d461d1c2c63a.jpg
600x315: https://i.pinimg.com/600x315/bc/1d/1e/bc1d1e489b5a70211289d461d1c2c63a.jpg
orig: https://i.pinimg.com/originals/bc/1d/1e/bc1d1e489b5a70211289d461d1c2c63a.jpg",,,,29,0,0,8,0,0,0,Guardado rápido,https://www.pinterest.com/miny36223/_quick_saves/,,,,public,,Miny,miny36223,https://www.pinterest.com/miny36223,,,0,,,,,,2026-02-24T04:30:58.000Z,2026-06-23T17:14:57.894Z
1.13491E+18,"🎁Boho Summer Outfits Bohemian | Boho summer outfits, Boho style outfits, Boho","💐 Follow the daily trends in the Boho Dresses category! 🥰 Boho Summer Outfits Bohemian | Boho summer outfits, Boho style outfits, Boho summer outfits bohemian  👉 #BohoDress #BohemianStyle #BohoChic #SummerFashion #MaxiDress #BohoInspiration",https://urbanboholife.com/category/boho-dress/?boho-summer-outfits-bohemian-boho-summer-outfits-boho-style,https://www.pinterest.com/pin/1134907174851779863,https://i.pinimg.com/originals/8e/4b/c2/8e4bc222bcae2de6122bb1d1c30855be.jpg,"60x60: https://i.pinimg.com/60x60/8e/4b/c2/8e4bc222bcae2de6122bb1d1c30855be.jpg
136x136: https://i.pinimg.com/136x136/8e/4b/c2/8e4bc222bcae2de6122bb1d1c30855be.jpg
170x: https://i.pinimg.com/236x/8e/4b/c2/8e4bc222bcae2de6122bb1d1c30855be.jpg
236x: https://i.pinimg.com/236x/8e/4b/c2/8e4bc222bcae2de6122bb1d1c30855be.jpg
474x: https://i.pinimg.com/474x/8e/4b/c2/8e4bc222bcae2de6122bb1d1c30855be.jpg
564x: https://i.pinimg.com/564x/8e/4b/c2/8e4bc222bcae2de6122bb1d1c30855be.jpg
736x: https://i.pinimg.com/736x/8e/4b/c2/8e4bc222bcae2de6122bb1d1c30855be.jpg
600x315: https://i.pinimg.com/600x315/8e/4b/c2/8e4bc222bcae2de6122bb1d1c30855be.jpg
orig: https://i.pinimg.com/originals/8e/4b/c2/8e4bc222bcae2de6122bb1d1c30855be.jpg",,,,1,0,0,0,0,0,0,boho dress to impress,https://www.pinterest.com/dnatalie20434/boho-dress-to-impress/,,,,public,,Urban Boho Life,dnatalie20434,https://www.pinterest.com/dnatalie20434,,,3,,,,,,2025-05-15T02:21:01.000Z,2026-06-23T17:22:02.952Z
1.13498E+18,15 Stunning Puerto Rico Outfit Ideas,"Explore 15 stunning Puerto Rico outfit ideas for your next tropical getaway! From stylish tropical vacation outfits to bold Miami outfits, these looks are perfect for island vibes. Discover chic Bahamas outfit ideas, trendy Costa Rica outfits, and versatile Mexico City outfit inspiration. Whether you're packing for Punta Cana outfits, Dominican Republic outfits, or fun Jamaica outfits, these island vacation outfits will keep you looking amazing!",https://theoutfititinerary.com/15-stunning-puerto-rico-outfit-ideas/,https://www.pinterest.com/pin/1134977543654131663,https://i.pinimg.com/originals/c3/a5/88/c3a58817a0ee3d36b8749f7c848ccec0.png,"60x60: https://i.pinimg.com/60x60/c3/a5/88/c3a58817a0ee3d36b8749f7c848ccec0.jpg
136x136: https://i.pinimg.com/136x136/c3/a5/88/c3a58817a0ee3d36b8749f7c848ccec0.jpg
170x: https://i.pinimg.com/236x/c3/a5/88/c3a58817a0ee3d36b8749f7c848ccec0.jpg
236x: https://i.pinimg.com/236x/c3/a5/88/c3a58817a0ee3d36b8749f7c848ccec0.jpg
474x: https://i.pinimg.com/474x/c3/a5/88/c3a58817a0ee3d36b8749f7c848ccec0.jpg
564x: https://i.pinimg.com/564x/c3/a5/88/c3a58817a0ee3d36b8749f7c848ccec0.jpg
736x: https://i.pinimg.com/736x/c3/a5/88/c3a58817a0ee3d36b8749f7c848ccec0.jpg
600x315: https://i.pinimg.com/600x315/c3/a5/88/c3a58817a0ee3d36b8749f7c848ccec0.jpg
orig: https://i.pinimg.com/originals/c3/a5/88/c3a58817a0ee3d36b8749f7c848ccec0.png",,,,1,0,0,0,0,0,0,Tropical Vacation Outfits,https://www.pinterest.com/theoutfititineraryy/tropical-vacation-outfits/,,,,public,,The Outfit Itinerary,theoutfititineraryy,https://www.pinterest.com/theoutfititineraryy,,,17,,,,,,2026-03-25T19:04:11.000Z,2026-06-23T17:14:02.963Z
1.13498E+18,15 Summer Beach Outfit Ideas That Are Cute & Modest,"Stay stylish and comfortable with these 15 summer beach outfit ideas! From beach outfits women love to modest summer style and modest hot weather outfits, discover chic looks for your next trip. Inspired by Hawaii outfits and Bali outfit ideas, these beach looks are perfect for sunny days.",https://theoutfititinerary.com/15-summer-beach-outfits/,https://www.pinterest.com/pin/1134977543655816563,https://i.pinimg.com/originals/ee/08/43/ee08437e7bf36366e80318f6e00c1cfd.png,"60x60: https://i.pinimg.com/60x60/ee/08/43/ee08437e7bf36366e80318f6e00c1cfd.jpg
136x136: https://i.pinimg.com/136x136/ee/08/43/ee08437e7bf36366e80318f6e00c1cfd.jpg
170x: https://i.pinimg.com/236x/ee/08/43/ee08437e7bf36366e80318f6e00c1cfd.jpg
236x: https://i.pinimg.com/236x/ee/08/43/ee08437e7bf36366e80318f6e00c1cfd.jpg
474x: https://i.pinimg.com/474x/ee/08/43/ee08437e7bf36366e80318f6e00c1cfd.jpg
564x: https://i.pinimg.com/564x/ee/08/43/ee08437e7bf36366e80318f6e00c1cfd.jpg
736x: https://i.pinimg.com/736x/ee/08/43/ee08437e7bf36366e80318f6e00c1cfd.jpg
600x315: https://i.pinimg.com/600x315/ee/08/43/ee08437e7bf36366e80318f6e00c1cfd.jpg
orig: https://i.pinimg.com/originals/ee/08/43/ee08437e7bf36366e80318f6e00c1cfd.png",,,,1,0,0,0,0,0,0,Beach Outfit Ideas,https://www.pinterest.com/theoutfititineraryy/beach-outfit-ideas/,,,,public,,The Outfit Itinerary,theoutfititineraryy,https://www.pinterest.com/theoutfititineraryy,,,17,,,,,,2026-04-21T14:32:06.000Z,2026-06-23T17:13:32.860Z
1.13498E+18,15 Cute Tropical Vacation Outfits You’ll Love,"Step into summer with these 15 tropical beach outfits! From tropical outfit ideas to Cancun outfits and Hawaii beach outfits, discover stylish looks. These tropical vacay outfits and island vibes outfits are perfect for beach looks and sunny vacations.",https://theoutfititinerary.com/15-beach-vacation-outfits/,https://www.pinterest.com/pin/1134977543656690586,https://i.pinimg.com/originals/41/71/40/417140d1f0faab3f1fe3878e3ee2e843.png,"60x60: https://i.pinimg.com/60x60/41/71/40/417140d1f0faab3f1fe3878e3ee2e843.jpg
136x136: https://i.pinimg.com/136x136/41/71/40/417140d1f0faab3f1fe3878e3ee2e843.jpg
170x: https://i.pinimg.com/236x/41/71/40/417140d1f0faab3f1fe3878e3ee2e843.jpg
236x: https://i.pinimg.com/236x/41/71/40/417140d1f0faab3f1fe3878e3ee2e843.jpg
474x: https://i.pinimg.com/474x/41/71/40/417140d1f0faab3f1fe3878e3ee2e843.jpg
564x: https://i.pinimg.com/564x/41/71/40/417140d1f0faab3f1fe3878e3ee2e843.jpg
736x: https://i.pinimg.com/736x/41/71/40/417140d1f0faab3f1fe3878e3ee2e843.jpg
600x315: https://i.pinimg.com/600x315/41/71/40/417140d1f0faab3f1fe3878e3ee2e843.jpg
orig: https://i.pinimg.com/originals/41/71/40/417140d1f0faab3f1fe3878e3ee2e843.png",,,,2,0,0,1,0,0,0,Beach Outfit Ideas,https://www.pinterest.com/theoutfititineraryy/beach-outfit-ideas/,,,,public,,The Outfit Itinerary,theoutfititineraryy,https://www.pinterest.com/theoutfititineraryy,,,17,,,,,,2026-05-05T14:48:58.000Z,2026-06-23T17:13:43.684Z
1.13498E+18,15 Cute Boho Summer Outfit Ideas for 2026 Fashion,"Discover cute boho summer outfit ideas 2026 featuring trendy boho outfits, lightweight layers, embroidered tops, maxi dresses, and casual chic styling. These stylish summer outfits are perfect for June outfits, July outfits, travel days, weekend plans, beach trips, and effortless warm-weather fashion.",https://theoutfititinerary.com/15-boho-summer-outfits/,https://www.pinterest.com/pin/1134977543658247366,https://i.pinimg.com/originals/fb/30/da/fb30daa4b4263b1d5513de70062fc3e7.png,"60x60: https://i.pinimg.com/60x60/fb/30/da/fb30daa4b4263b1d5513de70062fc3e7.jpg
136x136: https://i.pinimg.com/136x136/fb/30/da/fb30daa4b4263b1d5513de70062fc3e7.jpg
170x: https://i.pinimg.com/236x/fb/30/da/fb30daa4b4263b1d5513de70062fc3e7.jpg
236x: https://i.pinimg.com/236x/fb/30/da/fb30daa4b4263b1d5513de70062fc3e7.jpg
474x: https://i.pinimg.com/474x/fb/30/da/fb30daa4b4263b1d5513de70062fc3e7.jpg
564x: https://i.pinimg.com/564x/fb/30/da/fb30daa4b4263b1d5513de70062fc3e7.jpg
736x: https://i.pinimg.com/736x/fb/30/da/fb30daa4b4263b1d5513de70062fc3e7.jpg
600x315: https://i.pinimg.com/600x315/fb/30/da/fb30daa4b4263b1d5513de70062fc3e7.jpg
orig: https://i.pinimg.com/originals/fb/30/da/fb30daa4b4263b1d5513de70062fc3e7.png",,,,2,0,0,1,0,0,0,Summer Outfits,https://www.pinterest.com/theoutfititineraryy/summer-outfits/,,,,public,,The Outfit Itinerary,theoutfititineraryy,https://www.pinterest.com/theoutfititineraryy,,,17,,,,,,2026-05-28T18:00:47.000Z,2026-06-23T17:23:01.177Z
1.13498E+18,15 Gorgeous Beach Outfit Ideas for Every Type of Beach Day This Summer,"Not all beach days are created equal — and these 15 gorgeous beach outfit ideas cover every single type! Whether you're lounging on a quiet Caribbean cruise port beach, hitting a lively Mediterranean beach club, spending a full resort pool day, or exploring a rocky coastal town, there's a perfect outfit here for every scenario. From effortlessly chic linen cover-up sets and breezy sundresses that double as beach-to-lunch outfits, to bold printed swimsuit looks and elegant maxi wraps that photograph beautifully in every golden hour light — this collection is your ultimate summer beach style guide. Every look is packable, flattering, and endlessly versatile across every beach destination on earth. Save this pin and dress for the most beautiful beach days of your life!",https://theoutfititinerary.com/15-summer-beach-outfit-ideas/,https://www.pinterest.com/pin/1134977543659103917,https://i.pinimg.com/originals/f4/cb/7a/f4cb7a92e925d129caf58ff6d125196c.png,"60x60: https://i.pinimg.com/60x60/f4/cb/7a/f4cb7a92e925d129caf58ff6d125196c.jpg
136x136: https://i.pinimg.com/136x136/f4/cb/7a/f4cb7a92e925d129caf58ff6d125196c.jpg
170x: https://i.pinimg.com/236x/f4/cb/7a/f4cb7a92e925d129caf58ff6d125196c.jpg
236x: https://i.pinimg.com/236x/f4/cb/7a/f4cb7a92e925d129caf58ff6d125196c.jpg
474x: https://i.pinimg.com/474x/f4/cb/7a/f4cb7a92e925d129caf58ff6d125196c.jpg
564x: https://i.pinimg.com/564x/f4/cb/7a/f4cb7a92e925d129caf58ff6d125196c.jpg
736x: https://i.pinimg.com/736x/f4/cb/7a/f4cb7a92e925d129caf58ff6d125196c.jpg
600x315: https://i.pinimg.com/600x315/f4/cb/7a/f4cb7a92e925d129caf58ff6d125196c.jpg
orig: https://i.pinimg.com/originals/f4/cb/7a/f4cb7a92e925d129caf58ff6d125196c.png",,,,1,0,0,0,0,0,0,Beach Outfit Ideas,https://www.pinterest.com/theoutfititineraryy/beach-outfit-ideas/,,,,public,,The Outfit Itinerary,theoutfititineraryy,https://www.pinterest.com/theoutfititineraryy,,,17,,,,,,2026-06-10T03:54:06.000Z,2026-06-23T17:29:36.631Z
1.13498E+18,15 Chic Boho Beach Outfits You Need This Summer,"Love free-spirited, laid-back style? Discover 15 chic boho beach outfits featuring crochet tops, flowy skirts, and earthy accessories that are as stylish as they are effortless.",https://theoutfititinerary.com/15-boho-beach-outfits/,https://www.pinterest.com/pin/1134977543659177243,https://i.pinimg.com/originals/02/aa/08/02aa08d991c04f13dbe2e8f262e85a19.png,"60x60: https://i.pinimg.com/60x60/02/aa/08/02aa08d991c04f13dbe2e8f262e85a19.jpg
136x136: https://i.pinimg.com/136x136/02/aa/08/02aa08d991c04f13dbe2e8f262e85a19.jpg
170x: https://i.pinimg.com/236x/02/aa/08/02aa08d991c04f13dbe2e8f262e85a19.jpg
236x: https://i.pinimg.com/236x/02/aa/08/02aa08d991c04f13dbe2e8f262e85a19.jpg
474x: https://i.pinimg.com/474x/02/aa/08/02aa08d991c04f13dbe2e8f262e85a19.jpg
564x: https://i.pinimg.com/564x/02/aa/08/02aa08d991c04f13dbe2e8f262e85a19.jpg
736x: https://i.pinimg.com/736x/02/aa/08/02aa08d991c04f13dbe2e8f262e85a19.jpg
600x315: https://i.pinimg.com/600x315/02/aa/08/02aa08d991c04f13dbe2e8f262e85a19.jpg
orig: https://i.pinimg.com/originals/02/aa/08/02aa08d991c04f13dbe2e8f262e85a19.png",,,,1,0,0,0,0,0,0,Beach Outfit Ideas,https://www.pinterest.com/theoutfititineraryy/beach-outfit-ideas/,,,,public,,The Outfit Itinerary,theoutfititineraryy,https://www.pinterest.com/theoutfititineraryy,,,17,,,,,,2026-06-11T05:25:35.000Z,2026-06-23T17:01:48.934Z
1.13519E+18,,вдохновение ❤️ inspiration,,https://www.pinterest.com/pin/1135188649822887459,https://i.pinimg.com/originals/cb/87/a8/cb87a854cd2c5fbe5b4d7842a786745c.jpg,"60x60: https://i.pinimg.com/60x60/cb/87/a8/cb87a854cd2c5fbe5b4d7842a786745c.jpg
136x136: https://i.pinimg.com/136x136/cb/87/a8/cb87a854cd2c5fbe5b4d7842a786745c.jpg
170x: https://i.pinimg.com/236x/cb/87/a8/cb87a854cd2c5fbe5b4d7842a786745c.jpg
236x: https://i.pinimg.com/236x/cb/87/a8/cb87a854cd2c5fbe5b4d7842a786745c.jpg
474x: https://i.pinimg.com/474x/cb/87/a8/cb87a854cd2c5fbe5b4d7842a786745c.jpg
564x: https://i.pinimg.com/564x/cb/87/a8/cb87a854cd2c5fbe5b4d7842a786745c.jpg
736x: https://i.pinimg.com/736x/cb/87/a8/cb87a854cd2c5fbe5b4d7842a786745c.jpg
600x315: https://i.pinimg.com/600x315/cb/87/a8/cb87a854cd2c5fbe5b4d7842a786745c.jpg
orig: https://i.pinimg.com/originals/cb/87/a8/cb87a854cd2c5fbe5b4d7842a786745c.jpg",,,,97766,0,3619,5029,23,0,46,Beach fashion | Пляжная мода 🐬🌊🏖️👙☀️,https://www.pinterest.com/kukoverovanatalya/beach-fashion-%D0%BF%D0%BB%D1%8F%D0%B6%D0%BD%D0%B0%D1%8F-%D0%BC%D0%BE%D0%B4%D0%B0/,,,,public,,Natalya Kukoverova,kukoverovanatalya,https://www.pinterest.com/kukoverovanatalya,,,1762,,,,,,2025-01-09T12:31:34.000Z,2026-06-23T17:12:38.463Z
1.13561E+18,Wrong vs Right Fashion: Beach Vacation Boho Edition | Boho-Chic Beach Style: Elegant White Dress,"Stop making these common mistakes! Learn the rules of wrong vs right fashion when curating a white boho dress outfit for the seaside. Discover The Ultimate White Boho Dress Outfit for Summer by ditching heavy accessories, bulky bags, and basic fabrics. Instead, elevate your white boho dress styling with a flowing, textured White Lace Boho Beach Dress, a shell-embellished straw hat, a woven tote bag, and delicate jewelry for a flawless look.",,https://www.pinterest.com/pin/1135610862311771390,https://i.pinimg.com/originals/27/db/3c/27db3cb0d8e6649e667ee923b9fd1bca.png,"60x60: https://i.pinimg.com/60x60/27/db/3c/27db3cb0d8e6649e667ee923b9fd1bca.jpg
136x136: https://i.pinimg.com/136x136/27/db/3c/27db3cb0d8e6649e667ee923b9fd1bca.jpg
170x: https://i.pinimg.com/236x/27/db/3c/27db3cb0d8e6649e667ee923b9fd1bca.jpg
236x: https://i.pinimg.com/236x/27/db/3c/27db3cb0d8e6649e667ee923b9fd1bca.jpg
474x: https://i.pinimg.com/474x/27/db/3c/27db3cb0d8e6649e667ee923b9fd1bca.jpg
564x: https://i.pinimg.com/564x/27/db/3c/27db3cb0d8e6649e667ee923b9fd1bca.jpg
736x: https://i.pinimg.com/736x/27/db/3c/27db3cb0d8e6649e667ee923b9fd1bca.jpg
600x315: https://i.pinimg.com/600x315/27/db/3c/27db3cb0d8e6649e667ee923b9fd1bca.jpg
orig: https://i.pinimg.com/originals/27/db/3c/27db3cb0d8e6649e667ee923b9fd1bca.png",,,,1,0,0,0,0,0,0,White Boho Dress Ideas,https://www.pinterest.com/uvibeco/white-boho-dress-ideas/,,,,public,,Urban Vibe Co.,uvibeco,https://www.pinterest.com/uvibeco,,,4,,,,,,2026-06-07T16:34:49.000Z,2026-06-23T17:25:37.179Z
1.13646E+18,Golden Greek Yogurt Garlic Bread,"This Golden Greek Yogurt Garlic Bread is so fluffy and flavorful, plus it has extra protein from the yogurt. It’s perfect for impressing friends at dinner parties or just treating yourself on a cozy night in!",https://jesslovescooking.com/irresistible-greek-yogurt-garlic-bread-26778/,https://www.pinterest.com/pin/1136455287237060717,https://i.pinimg.com/originals/bd/7d/13/bd7d13f878e32299bb8fe01531155e4d.webp,"60x60: https://i.pinimg.com/60x60/bd/7d/13/bd7d13f878e32299bb8fe01531155e4d.jpg
136x136: https://i.pinimg.com/136x136/bd/7d/13/bd7d13f878e32299bb8fe01531155e4d.jpg
170x: https://i.pinimg.com/236x/bd/7d/13/bd7d13f878e32299bb8fe01531155e4d.jpg
236x: https://i.pinimg.com/236x/bd/7d/13/bd7d13f878e32299bb8fe01531155e4d.jpg
474x: https://i.pinimg.com/474x/bd/7d/13/bd7d13f878e32299bb8fe01531155e4d.jpg
564x: https://i.pinimg.com/564x/bd/7d/13/bd7d13f878e32299bb8fe01531155e4d.jpg
736x: https://i.pinimg.com/736x/bd/7d/13/bd7d13f878e32299bb8fe01531155e4d.jpg
600x315: https://i.pinimg.com/600x315/bd/7d/13/bd7d13f878e32299bb8fe01531155e4d.jpg
orig: https://i.pinimg.com/originals/bd/7d/13/bd7d13f878e32299bb8fe01531155e4d.webp",,,,429,0,1,277,0,0,7,Greek Yogurt Recipes,https://www.pinterest.com/kud_gennadiy/greek-yogurt-recipes/,,,,public,,Jess Loves Cooking,kud_gennadiy,https://www.pinterest.com/kud_gennadiy,,,282,,,,,,2026-01-25T09:45:58.000Z,2026-06-23T16:43:17.404Z
1.1366E+18,,,,https://www.pinterest.com/pin/1136596024726723017,https://i.pinimg.com/originals/9b/8f/0c/9b8f0cf0fd0b9ead156c5eb2a05e7e8d.jpg,"60x60: https://i.pinimg.com/60x60/9b/8f/0c/9b8f0cf0fd0b9ead156c5eb2a05e7e8d.jpg
136x136: https://i.pinimg.com/136x136/9b/8f/0c/9b8f0cf0fd0b9ead156c5eb2a05e7e8d.jpg
170x: https://i.pinimg.com/236x/9b/8f/0c/9b8f0cf0fd0b9ead156c5eb2a05e7e8d.jpg
236x: https://i.pinimg.com/236x/9b/8f/0c/9b8f0cf0fd0b9ead156c5eb2a05e7e8d.jpg
474x: https://i.pinimg.com/474x/9b/8f/0c/9b8f0cf0fd0b9ead156c5eb2a05e7e8d.jpg
564x: https://i.pinimg.com/564x/9b/8f/0c/9b8f0cf0fd0b9ead156c5eb2a05e7e8d.jpg
736x: https://i.pinimg.com/736x/9b/8f/0c/9b8f0cf0fd0b9ead156c5eb2a05e7e8d.jpg
600x315: https://i.pinimg.com/600x315/9b/8f/0c/9b8f0cf0fd0b9ead156c5eb2a05e7e8d.jpg
orig: https://i.pinimg.com/originals/9b/8f/0c/9b8f0cf0fd0b9ead156c5eb2a05e7e8d.jpg",,,,1,0,0,0,0,0,0,Pins by you,https://www.pinterest.com/everydaychicinspo/_quick_creates/,,,,public,,Everyday Chic Finds,everydaychicinspo,https://www.pinterest.com/everydaychicinspo,,,57,,,,,,2026-03-31T14:00:13.000Z,2026-06-23T17:12:41.745Z
1.1366E+18,Chic Summer Linen Outfit | Neutral Beach Vacation Style,"Elevate your summer wardrobe with this effortless neutral linen outfit. Perfect for a beach vacation, tropical getaway, or a casual summer day. This look features breathable high-waisted linen trousers paired with a classic white crop top and a stylish straw hat. Discover how to style minimalist summer fashion that keeps you cool and chic. Save this for your next vacation outfit inspiration!",,https://www.pinterest.com/pin/1136596024727097166,https://i.pinimg.com/originals/9c/05/14/9c05140436aa5228b224fb04ee75aabd.jpg,"60x60: https://i.pinimg.com/60x60/9c/05/14/9c05140436aa5228b224fb04ee75aabd.jpg
136x136: https://i.pinimg.com/136x136/9c/05/14/9c05140436aa5228b224fb04ee75aabd.jpg
170x: https://i.pinimg.com/236x/9c/05/14/9c05140436aa5228b224fb04ee75aabd.jpg
236x: https://i.pinimg.com/236x/9c/05/14/9c05140436aa5228b224fb04ee75aabd.jpg
474x: https://i.pinimg.com/474x/9c/05/14/9c05140436aa5228b224fb04ee75aabd.jpg
564x: https://i.pinimg.com/564x/9c/05/14/9c05140436aa5228b224fb04ee75aabd.jpg
736x: https://i.pinimg.com/736x/9c/05/14/9c05140436aa5228b224fb04ee75aabd.jpg
600x315: https://i.pinimg.com/600x315/9c/05/14/9c05140436aa5228b224fb04ee75aabd.jpg
orig: https://i.pinimg.com/originals/9c/05/14/9c05140436aa5228b224fb04ee75aabd.jpg",,,,45,0,1,35,0,0,0,Pins by you,https://www.pinterest.com/everydaychicinspo/_quick_creates/,,,,public,,Everyday Chic Finds,everydaychicinspo,https://www.pinterest.com/everydaychicinspo,,,57,,,,,,2026-04-06T08:43:31.000Z,2026-06-23T17:21:38.113Z
1.13772E+18,🌸 26 Cute Beach Outfits That Show Off Your Natural Summer Confidence,"Soak up the season with 26 cute beach outfits that capture the spirit of sun, sand, and style. From casual daytime looks to breezy evening ensembles, variety is your best accessory. These outfits make every beach day feel like a fashion moment worth remembering.",https://flavorrealm.com/29-cute-beach-outfits-you-need-to-try-in-2026-for-ultimate-style/,https://www.pinterest.com/pin/1137721924639705749,https://i.pinimg.com/originals/67/ad/3d/67ad3d068a0dc7cfaf29d6173c9d9da4.png,"60x60: https://i.pinimg.com/60x60/67/ad/3d/67ad3d068a0dc7cfaf29d6173c9d9da4.jpg
136x136: https://i.pinimg.com/136x136/67/ad/3d/67ad3d068a0dc7cfaf29d6173c9d9da4.jpg
170x: https://i.pinimg.com/236x/67/ad/3d/67ad3d068a0dc7cfaf29d6173c9d9da4.jpg
236x: https://i.pinimg.com/236x/67/ad/3d/67ad3d068a0dc7cfaf29d6173c9d9da4.jpg
474x: https://i.pinimg.com/474x/67/ad/3d/67ad3d068a0dc7cfaf29d6173c9d9da4.jpg
564x: https://i.pinimg.com/564x/67/ad/3d/67ad3d068a0dc7cfaf29d6173c9d9da4.jpg
736x: https://i.pinimg.com/736x/67/ad/3d/67ad3d068a0dc7cfaf29d6173c9d9da4.jpg
600x315: https://i.pinimg.com/600x315/67/ad/3d/67ad3d068a0dc7cfaf29d6173c9d9da4.jpg
orig: https://i.pinimg.com/originals/67/ad/3d/67ad3d068a0dc7cfaf29d6173c9d9da4.png",,,,2,0,0,0,1,0,0,Quick saves,https://www.pinterest.com/svarnika112/_quick_saves/,,,,public,,Varnika,svarnika112,https://www.pinterest.com/svarnika112,,,0,,,,,,2026-05-21T10:12:24.000Z,2026-06-23T17:13:22.966Z
1.138E+18,🌞🏝️🌊🩵,,,https://www.pinterest.com/pin/1138003399614087724,https://i.pinimg.com/originals/a1/22/47/a122476a1d055d6aded3faadb41f0484.jpg,"60x60: https://i.pinimg.com/60x60/a1/22/47/a122476a1d055d6aded3faadb41f0484.jpg
136x136: https://i.pinimg.com/136x136/a1/22/47/a122476a1d055d6aded3faadb41f0484.jpg
170x: https://i.pinimg.com/236x/a1/22/47/a122476a1d055d6aded3faadb41f0484.jpg
236x: https://i.pinimg.com/236x/a1/22/47/a122476a1d055d6aded3faadb41f0484.jpg
474x: https://i.pinimg.com/474x/a1/22/47/a122476a1d055d6aded3faadb41f0484.jpg
564x: https://i.pinimg.com/564x/a1/22/47/a122476a1d055d6aded3faadb41f0484.jpg
736x: https://i.pinimg.com/736x/a1/22/47/a122476a1d055d6aded3faadb41f0484.jpg
600x315: https://i.pinimg.com/600x315/a1/22/47/a122476a1d055d6aded3faadb41f0484.jpg
orig: https://i.pinimg.com/originals/a1/22/47/a122476a1d055d6aded3faadb41f0484.jpg",,,,153,0,8,123,0,0,3,Pins by you,https://www.pinterest.com/Fashion_yashi569/_quick_creates/,,,,public,,Fashion.with.reyasii,Fashion_yashi569,https://www.pinterest.com/Fashion_yashi569,,,49,,,,,,2026-04-22T12:55:50.000Z,2026-06-23T17:01:42.464Z
1.13843E+18,10 Beach Vacation Outfit Ideas for Women ☀️🏖️,"Planning a beach getaway? 🌊☀️ Discover 10 stylish beach vacation outfit ideas that are perfect for sunny days by the ocean. From breezy linen sets and crochet pieces to flowy maxi dresses, swimwear cover-ups, and effortless co-ord sets, these summer looks combine comfort, style, and vacation vibes.
Whether you're heading to Hawaii, Miami, Cancun, the Maldives, or your favorite coastal destination, these outfit ideas will help you create the perfect beach wardrobe. Save this pin for your next summer vacation and stay stylish all season long! 
#BeachVacationOutfits #BeachStyle #SummerFashion #VacationOutfits #BeachOutfitIdeas #ResortWear #WomenFashion #SummerOutfits #VacationStyle #BeachWear #TravelFashion #OutfitInspiration",,https://www.pinterest.com/pin/1138425612094103813,https://i.pinimg.com/originals/8f/a6/8e/8fa68e6d8f5a63bd1b88dda176dad9d1.png,"60x60: https://i.pinimg.com/60x60/8f/a6/8e/8fa68e6d8f5a63bd1b88dda176dad9d1.jpg
136x136: https://i.pinimg.com/136x136/8f/a6/8e/8fa68e6d8f5a63bd1b88dda176dad9d1.jpg
170x: https://i.pinimg.com/236x/8f/a6/8e/8fa68e6d8f5a63bd1b88dda176dad9d1.jpg
236x: https://i.pinimg.com/236x/8f/a6/8e/8fa68e6d8f5a63bd1b88dda176dad9d1.jpg
474x: https://i.pinimg.com/474x/8f/a6/8e/8fa68e6d8f5a63bd1b88dda176dad9d1.jpg
564x: https://i.pinimg.com/564x/8f/a6/8e/8fa68e6d8f5a63bd1b88dda176dad9d1.jpg
736x: https://i.pinimg.com/736x/8f/a6/8e/8fa68e6d8f5a63bd1b88dda176dad9d1.jpg
600x315: https://i.pinimg.com/600x315/8f/a6/8e/8fa68e6d8f5a63bd1b88dda176dad9d1.jpg
orig: https://i.pinimg.com/originals/8f/a6/8e/8fa68e6d8f5a63bd1b88dda176dad9d1.png",,,,2,0,0,1,0,0,0,Outfit Ideas You'll Love,https://www.pinterest.com/fashionhubusa/outfit-ideas-youll-love/,,,,public,,FashionHub,fashionhubusa,https://www.pinterest.com/fashionhubusa,,,1,,,,,,2026-06-08T07:34:39.000Z,2026-06-23T17:12:30.997Z
1.1385E+18,,,,https://www.pinterest.com/pin/1138495980792397810,https://i.pinimg.com/originals/d5/a7/e3/d5a7e34bd753c3402183059d76e79879.jpg,"60x60: https://i.pinimg.com/60x60/d5/a7/e3/d5a7e34bd753c3402183059d76e79879.jpg
136x136: https://i.pinimg.com/136x136/d5/a7/e3/d5a7e34bd753c3402183059d76e79879.jpg
170x: https://i.pinimg.com/236x/d5/a7/e3/d5a7e34bd753c3402183059d76e79879.jpg
236x: https://i.pinimg.com/236x/d5/a7/e3/d5a7e34bd753c3402183059d76e79879.jpg
474x: https://i.pinimg.com/474x/d5/a7/e3/d5a7e34bd753c3402183059d76e79879.jpg
564x: https://i.pinimg.com/564x/d5/a7/e3/d5a7e34bd753c3402183059d76e79879.jpg
736x: https://i.pinimg.com/736x/d5/a7/e3/d5a7e34bd753c3402183059d76e79879.jpg
600x315: https://i.pinimg.com/600x315/d5/a7/e3/d5a7e34bd753c3402183059d76e79879.jpg
orig: https://i.pinimg.com/originals/d5/a7/e3/d5a7e34bd753c3402183059d76e79879.jpg",,,,3554,0,18,407,0,0,0,grhfhhfnkkdeknjekfjdnefjhxkhn,https://www.pinterest.com/francoisehebert36n/grhfhhfnkkdeknjekfjdnefjhxkhn/,,,,public,,France MAIRNE.             O de la chance,francoisehebert36n,https://www.pinterest.com/francoisehebert36n,,,143,,,,,,2024-06-18T20:19:25.000Z,2026-06-23T16:39:12.448Z
1.1385E+18,Gesunde Burger Bowl,"The Gesunde Burger Bowl addresses the need for a quick and satisfying meal option that combines the flavors of a classic cheeseburger into a wholesome bowl. Made with tender ground beef and rich cheddar cheese, this recipe offers a flexible solution for weeknight dinners, meal prep, or family gatherings. It effortlessly utilizes ingredients like crisp Romaine lettuce and flavorful pickles, ensuring it remains a comforting choice with potential for leftovers. This dish serves as an easy way to...",https://americanhomeplates.com/healthy-burger-bowl/,https://www.pinterest.com/pin/1138495980824193729,https://i.pinimg.com/originals/27/d1/f8/27d1f800f97b17fa4be11be4b884512e.jpg,"60x60: https://i.pinimg.com/60x60/27/d1/f8/27d1f800f97b17fa4be11be4b884512e.jpg
136x136: https://i.pinimg.com/136x136/27/d1/f8/27d1f800f97b17fa4be11be4b884512e.jpg
170x: https://i.pinimg.com/236x/27/d1/f8/27d1f800f97b17fa4be11be4b884512e.jpg
236x: https://i.pinimg.com/236x/27/d1/f8/27d1f800f97b17fa4be11be4b884512e.jpg
474x: https://i.pinimg.com/474x/27/d1/f8/27d1f800f97b17fa4be11be4b884512e.jpg
564x: https://i.pinimg.com/564x/27/d1/f8/27d1f800f97b17fa4be11be4b884512e.jpg
736x: https://i.pinimg.com/736x/27/d1/f8/27d1f800f97b17fa4be11be4b884512e.jpg
600x315: https://i.pinimg.com/600x315/27/d1/f8/27d1f800f97b17fa4be11be4b884512e.jpg
orig: https://i.pinimg.com/originals/27/d1/f8/27d1f800f97b17fa4be11be4b884512e.jpg",,,,149,0,1,64,0,0,14,High Protein Recipes,https://www.pinterest.com/christiniarecipes/high-protein-recipes/,,,,public,,Purely Homemade Eats Recipes | Comfort Meals,christiniarecipes,https://www.pinterest.com/christiniarecipes,,,2,,,,,,2026-05-24T07:03:52.000Z,2026-06-23T16:43:16.710Z
1.13892E+18,Chic Beach Outfit Idea with Blue One Piece Swimsuit and Lace Pant,"Get ready for your next tropical vacation with this stunning coastal aesthetic. Featuring a textured light blue one-piece swimsuit paired with white floral lace cover-up pants. Styled with a straw bucket hat, woven tote bag, and neutral strappy sandals, this look is perfect for a pool day or beach club vibe. Click Visit to Shop the Outfit",https://amzn.to/4d2xwQU,https://www.pinterest.com/pin/1138918193301078064,https://i.pinimg.com/originals/79/70/2f/79702fe11ef2836603d0235661fcb0c4.png,"60x60: https://i.pinimg.com/60x60/79/70/2f/79702fe11ef2836603d0235661fcb0c4.jpg
136x136: https://i.pinimg.com/136x136/79/70/2f/79702fe11ef2836603d0235661fcb0c4.jpg
170x: https://i.pinimg.com/236x/79/70/2f/79702fe11ef2836603d0235661fcb0c4.jpg
236x: https://i.pinimg.com/236x/79/70/2f/79702fe11ef2836603d0235661fcb0c4.jpg
474x: https://i.pinimg.com/474x/79/70/2f/79702fe11ef2836603d0235661fcb0c4.jpg
564x: https://i.pinimg.com/564x/79/70/2f/79702fe11ef2836603d0235661fcb0c4.jpg
736x: https://i.pinimg.com/736x/79/70/2f/79702fe11ef2836603d0235661fcb0c4.jpg
600x315: https://i.pinimg.com/600x315/79/70/2f/79702fe11ef2836603d0235661fcb0c4.jpg
orig: https://i.pinimg.com/originals/79/70/2f/79702fe11ef2836603d0235661fcb0c4.png",,,,2,0,0,1,0,0,1,Everyday Outfit Ideas,https://www.pinterest.com/daily_outfit_ideas/everyday-outfit-ideas/,,,,public,,Daily Outfit Ideas,daily_outfit_ideas,https://www.pinterest.com/daily_outfit_ideas,,,26,,,,,,2026-05-13T01:01:10.000Z,2026-06-23T17:13:23.020Z
1.13892E+18,Chic Beach Swimsuit Cover Up Outfit Idea 🏝️,"Dive into vacation mode with this stunning coastal aesthetic layout. Featuring a classic black strapless one-piece swimsuit, this beach-ready ensemble is layered with an open-knit cream crochet top and matching drawstring shorts set. Styled elegantly with tan slide sandals, a large woven straw tote bag, oversized black sunglasses, gold starfish earrings, and a seashell necklace. This look is a must-have for your next tropical resort getaway or pool day. Click Visit to Shop the Outfit.",https://amzn.to/42E7EGc,https://www.pinterest.com/pin/1138918193301869141,https://i.pinimg.com/originals/f6/b0/e2/f6b0e25ea230b57ec87403d680c94c4a.png,"60x60: https://i.pinimg.com/60x60/f6/b0/e2/f6b0e25ea230b57ec87403d680c94c4a.jpg
136x136: https://i.pinimg.com/136x136/f6/b0/e2/f6b0e25ea230b57ec87403d680c94c4a.jpg
170x: https://i.pinimg.com/236x/f6/b0/e2/f6b0e25ea230b57ec87403d680c94c4a.jpg
236x: https://i.pinimg.com/236x/f6/b0/e2/f6b0e25ea230b57ec87403d680c94c4a.jpg
474x: https://i.pinimg.com/474x/f6/b0/e2/f6b0e25ea230b57ec87403d680c94c4a.jpg
564x: https://i.pinimg.com/564x/f6/b0/e2/f6b0e25ea230b57ec87403d680c94c4a.jpg
736x: https://i.pinimg.com/736x/f6/b0/e2/f6b0e25ea230b57ec87403d680c94c4a.jpg
600x315: https://i.pinimg.com/600x315/f6/b0/e2/f6b0e25ea230b57ec87403d680c94c4a.jpg
orig: https://i.pinimg.com/originals/f6/b0/e2/f6b0e25ea230b57ec87403d680c94c4a.png",,,,1,0,0,0,0,0,1,Seasonal Outfit Inspiration,https://www.pinterest.com/daily_outfit_ideas/seasonal-outfit-inspiration/,,,,public,,Daily Outfit Ideas,daily_outfit_ideas,https://www.pinterest.com/daily_outfit_ideas,,,26,,,,,,2026-05-24T23:30:05.000Z,2026-06-23T17:15:03.108Z
1.13899E+18,Beach  day fit,,,https://www.pinterest.com/pin/1138988562042961607,https://i.pinimg.com/originals/51/5a/39/515a391a2abc2e9d5418240c27649e52.jpg,"60x60: https://i.pinimg.com/60x60/51/5a/39/515a391a2abc2e9d5418240c27649e52.jpg
136x136: https://i.pinimg.com/136x136/51/5a/39/515a391a2abc2e9d5418240c27649e52.jpg
170x: https://i.pinimg.com/236x/51/5a/39/515a391a2abc2e9d5418240c27649e52.jpg
236x: https://i.pinimg.com/236x/51/5a/39/515a391a2abc2e9d5418240c27649e52.jpg
474x: https://i.pinimg.com/474x/51/5a/39/515a391a2abc2e9d5418240c27649e52.jpg
564x: https://i.pinimg.com/564x/51/5a/39/515a391a2abc2e9d5418240c27649e52.jpg
736x: https://i.pinimg.com/736x/51/5a/39/515a391a2abc2e9d5418240c27649e52.jpg
600x315: https://i.pinimg.com/600x315/51/5a/39/515a391a2abc2e9d5418240c27649e52.jpg
orig: https://i.pinimg.com/originals/51/5a/39/515a391a2abc2e9d5418240c27649e52.jpg",,,,1,0,0,0,0,0,0,Fitsssss,https://www.pinterest.com/Itismebesties/fitsssss/,,,,public,,🎀iT iS mE✝️✨,Itismebesties,https://www.pinterest.com/Itismebesties,,,15,,,,,,2026-05-28T15:29:53.000Z,2026-06-23T17:27:59.237Z
1.1392E+18,,,,https://www.pinterest.com/pin/1139199668214863756,https://i.pinimg.com/originals/ae/20/55/ae205513e14a7f3e64e96ae969ca52bc.jpg,"60x60: https://i.pinimg.com/60x60/ae/20/55/ae205513e14a7f3e64e96ae969ca52bc.jpg
136x136: https://i.pinimg.com/136x136/ae/20/55/ae205513e14a7f3e64e96ae969ca52bc.jpg
170x: https://i.pinimg.com/236x/ae/20/55/ae205513e14a7f3e64e96ae969ca52bc.jpg
236x: https://i.pinimg.com/236x/ae/20/55/ae205513e14a7f3e64e96ae969ca52bc.jpg
474x: https://i.pinimg.com/474x/ae/20/55/ae205513e14a7f3e64e96ae969ca52bc.jpg
564x: https://i.pinimg.com/564x/ae/20/55/ae205513e14a7f3e64e96ae969ca52bc.jpg
736x: https://i.pinimg.com/736x/ae/20/55/ae205513e14a7f3e64e96ae969ca52bc.jpg
600x315: https://i.pinimg.com/600x315/ae/20/55/ae205513e14a7f3e64e96ae969ca52bc.jpg
orig: https://i.pinimg.com/originals/ae/20/55/ae205513e14a7f3e64e96ae969ca52bc.jpg",,,,7,0,0,0,0,0,0,besties,https://www.pinterest.com/lilianaannegrace/besties/,,,,public,,꧁𝐥𝐢𝐥𝐢𝐚𝐧𝐚꧂,lilianaannegrace,https://www.pinterest.com/lilianaannegrace,,,36,,,,,,2022-04-02T18:23:19.000Z,2026-06-23T17:29:15.776Z
1.1392E+18,summer outfit ideas,,,https://www.pinterest.com/pin/1139199668274749240,https://i.pinimg.com/originals/91/86/c4/9186c406f42bf1b19de82e3625870087.png,"60x60: https://i.pinimg.com/60x60/91/86/c4/9186c406f42bf1b19de82e3625870087.jpg
136x136: https://i.pinimg.com/136x136/91/86/c4/9186c406f42bf1b19de82e3625870087.jpg
170x: https://i.pinimg.com/236x/91/86/c4/9186c406f42bf1b19de82e3625870087.jpg
236x: https://i.pinimg.com/236x/91/86/c4/9186c406f42bf1b19de82e3625870087.jpg
474x: https://i.pinimg.com/474x/91/86/c4/9186c406f42bf1b19de82e3625870087.jpg
564x: https://i.pinimg.com/564x/91/86/c4/9186c406f42bf1b19de82e3625870087.jpg
736x: https://i.pinimg.com/736x/91/86/c4/9186c406f42bf1b19de82e3625870087.jpg
600x315: https://i.pinimg.com/600x315/91/86/c4/9186c406f42bf1b19de82e3625870087.jpg
orig: https://i.pinimg.com/originals/91/86/c4/9186c406f42bf1b19de82e3625870087.png",,,,48,0,5,14,0,0,0,Pins by you,https://www.pinterest.com/snehagodiyal19/_quick_creates/,,,,public,,Fashionoholic,snehagodiyal19,https://www.pinterest.com/snehagodiyal19,,,71,,,,,,2026-03-14T09:53:18.000Z,2026-06-23T17:01:45.698Z
1.13962E+18,Cute Maldives Outfits for Tropical Vacations,"Discover cute Maldives outfit ideas perfect for tropical vacations, luxury beach resorts, island getaways, and summer travel  From flowy dresses and linen sets to chic beachwear and effortless vacation fashion, these Pinterest-worthy Maldives outfits are perfect for beach days, sunset dinners, and aesthetic travel photos.",https://theareyoufashion.com/21-maldives-outfit-ideas-viral-beach/,https://www.pinterest.com/pin/1139621880751602726,https://i.pinimg.com/originals/e7/2c/a5/e72ca5456d08e33acd0ac691c216dfa3.png,"60x60: https://i.pinimg.com/60x60/e7/2c/a5/e72ca5456d08e33acd0ac691c216dfa3.jpg
136x136: https://i.pinimg.com/136x136/e7/2c/a5/e72ca5456d08e33acd0ac691c216dfa3.jpg
170x: https://i.pinimg.com/236x/e7/2c/a5/e72ca5456d08e33acd0ac691c216dfa3.jpg
236x: https://i.pinimg.com/236x/e7/2c/a5/e72ca5456d08e33acd0ac691c216dfa3.jpg
474x: https://i.pinimg.com/474x/e7/2c/a5/e72ca5456d08e33acd0ac691c216dfa3.jpg
564x: https://i.pinimg.com/564x/e7/2c/a5/e72ca5456d08e33acd0ac691c216dfa3.jpg
736x: https://i.pinimg.com/736x/e7/2c/a5/e72ca5456d08e33acd0ac691c216dfa3.jpg
600x315: https://i.pinimg.com/600x315/e7/2c/a5/e72ca5456d08e33acd0ac691c216dfa3.jpg
orig: https://i.pinimg.com/originals/e7/2c/a5/e72ca5456d08e33acd0ac691c216dfa3.png",,,,4,0,0,3,0,0,0,European Summer Vacation Outfit Ideas & Travel,https://www.pinterest.com/areyoufashion/european-summer-vacation-outfit-ideas-travel/,,,,public,,AreYouFashion | Style & Lifestyle,areyoufashion,https://www.pinterest.com/areyoufashion,,,1,,,,,,2026-05-17T13:07:53.000Z,2026-06-23T17:14:51.712Z
1.13997E+18,"""27 Stylish Beach Outfit Ideas to Pack for Your Next Tropical Getaway """,,https://pinteresty.netlify.app/?u=https://dijbi.com/stylish-beach-outfit-ideas/%3Futm_campaign%3Dwahi%26utm_source%3DDollarajaa%26utm_medium%3Dcoffee,https://www.pinterest.com/pin/1139973724452062270,https://i.pinimg.com/originals/15/4e/bf/154ebf395baf1eedb25830d4c1979adc.jpg,"60x60: https://i.pinimg.com/60x60/15/4e/bf/154ebf395baf1eedb25830d4c1979adc.jpg
136x136: https://i.pinimg.com/136x136/15/4e/bf/154ebf395baf1eedb25830d4c1979adc.jpg
170x: https://i.pinimg.com/236x/15/4e/bf/154ebf395baf1eedb25830d4c1979adc.jpg
236x: https://i.pinimg.com/236x/15/4e/bf/154ebf395baf1eedb25830d4c1979adc.jpg
474x: https://i.pinimg.com/474x/15/4e/bf/154ebf395baf1eedb25830d4c1979adc.jpg
564x: https://i.pinimg.com/564x/15/4e/bf/154ebf395baf1eedb25830d4c1979adc.jpg
736x: https://i.pinimg.com/736x/15/4e/bf/154ebf395baf1eedb25830d4c1979adc.jpg
600x315: https://i.pinimg.com/600x315/15/4e/bf/154ebf395baf1eedb25830d4c1979adc.jpg
orig: https://i.pinimg.com/originals/15/4e/bf/154ebf395baf1eedb25830d4c1979adc.jpg",,,,1,0,0,0,0,0,0,fashion 1,https://www.pinterest.com/hvds4682/fashion-1/,,,,public,,bina,hvds4682,https://www.pinterest.com/hvds4682,,,0,,,,,,2026-06-07T15:32:59.000Z,2026-06-23T17:12:53.579Z
1.13998E+16,,,,https://www.pinterest.com/pin/11399805458451419,https://i.pinimg.com/originals/28/c4/13/28c413a6d6ac60c48ad2340afbdb675c.jpg,"60x60: https://i.pinimg.com/60x60/28/c4/13/28c413a6d6ac60c48ad2340afbdb675c.jpg
136x136: https://i.pinimg.com/136x136/28/c4/13/28c413a6d6ac60c48ad2340afbdb675c.jpg
170x: https://i.pinimg.com/236x/28/c4/13/28c413a6d6ac60c48ad2340afbdb675c.jpg
236x: https://i.pinimg.com/236x/28/c4/13/28c413a6d6ac60c48ad2340afbdb675c.jpg
474x: https://i.pinimg.com/474x/28/c4/13/28c413a6d6ac60c48ad2340afbdb675c.jpg
564x: https://i.pinimg.com/564x/28/c4/13/28c413a6d6ac60c48ad2340afbdb675c.jpg
736x: https://i.pinimg.com/736x/28/c4/13/28c413a6d6ac60c48ad2340afbdb675c.jpg
600x315: https://i.pinimg.com/600x315/28/c4/13/28c413a6d6ac60c48ad2340afbdb675c.jpg
orig: https://i.pinimg.com/originals/28/c4/13/28c413a6d6ac60c48ad2340afbdb675c.jpg",,,,321,0,13,192,0,0,0,Hoodies and summer outfits,https://www.pinterest.com/emattingly1981/hoodies-and-summer-outfits/,,,,public,,Erin Mattingly,emattingly1981,https://www.pinterest.com/emattingly1981,,,205,,,,,,2025-04-12T02:15:30.000Z,2026-06-23T17:29:22.630Z
,,,,,,,,,,,,,,,,,,,,,,,,,,,,,,,,,,,,
,,,,,,,,,,,,,,,,,,,,,,,,,,,,,,,,,,,,
,,,,,,,,,,,,,,,,,,,,,,,,,,,,,,,,,,,,
,,,,,,,,,,,,,,,,,,,,,,,,,,,,,,,,,,,,
,,,,,,,,,,,,,,,,,,,,,,,,,,,,,,,,,,,,
,,,,,,,,,,,,,,,,,,,,,,,,,,,,,,,,,,,,
,,,,,,,,,,,,,,,,,,,,,,,,,,,,,,,,,,,,
,,,,,,,,,,,,,,,,,,,,,,,,,,,,,,,,,,,,
,,,,,,,,,,,,,,,,,,,,,,,,,,,,,,,,,,,,
,,,,,,,,,,,,,,,,,,,,,,,,,,,,,,,,,,,,
,,,,,,,,,,,,,,,,,,,,,,,,,,,,,,,,,,,,
,,,,,,,,,,,,,,,,,,,,,,,,,,,,,,,,,,,,
,,,,,,,,,,,,,,,,,,,,,,,,,,,,,,,,,,,,
,,,,,,,,,,,,,,,,,,,,,,,,,,,,,,,,,,,,
,,,,,,,,,,,,,,,,,,,,,,,,,,,,,,,,,,,,
,,,,,,,,,,,,,,,,,,,,,,,,,,,,,,,,,,,,
,,,,,,,,,,,,,,,,,,,,,,,,,,,,,,,,,,,,
,,,,,,,,,,,,,,,,,,,,,,,,,,,,,,,,,,,,
,,,,,,,,,,,,,,,,,,,,,,,,,,,,,,,,,,,,
,,,,,,,,,,,,,,,,,,,,,,,,,,,,,,,,,,,,
,,,,,,,,,,,,,,,,,,,,,,,,,,,,,,,,,,,,
,,,,,,,,,,,,,,,,,,,,,,,,,,,,,,,,,,,,
,,,,,,,,,,,,,,,,,,,,,,,,,,,,,,,,,,,,
,,,,,,,,,,,,,,,,,,,,,,,,,,,,,,,,,,,,
,,,,,,,,,,,,,,,,,,,,,,,,,,,,,,,,,,,,
,,,,,,,,,,,,,,,,,,,,,,,,,,,,,,,,,,,,
,,,,,,,,,,,,,,,,,,,,,,,,,,,,,,,,,,,,
,,,,,,,,,,,,,,,,,,,,,,,,,,,,,,,,,,,,
,,,,,,,,,,,,,,,,,,,,,,,,,,,,,,,,,,,,
,,,,,,,,,,,,,,,,,,,,,,,,,,,,,,,,,,,,
,,,,,,,,,,,,,,,,,,,,,,,,,,,,,,,,,,,,
,,,,,,,,,,,,,,,,,,,,,,,,,,,,,,,,,,,,
,,,,,,,,,,,,,,,,,,,,,,,,,,,,,,,,,,,,
,,,,,,,,,,,,,,,,,,,,,,,,,,,,,,,,,,,,
,,,,,,,,,,,,,,,,,,,,,,,,,,,,,,,,,,,,
,,,,,,,,,,,,,,,,,,,,,,,,,,,,,,,,,,,,
,,,,,,,,,,,,,,,,,,,,,,,,,,,,,,,,,,,,
,,,,,,,,,,,,,,,,,,,,,,,,,,,,,,,,,,,,
,,,,,,,,,,,,,,,,,,,,,,,,,,,,,,,,,,,,
,,,,,,,,,,,,,,,,,,,,,,,,,,,,,,,,,,,,
,,,,,,,,,,,,,,,,,,,,,,,,,,,,,,,,,,,,
,,,,,,,,,,,,,,,,,,,,,,,,,,,,,,,,,,,,
,,,,,,,,,,,,,,,,,,,,,,,,,,,,,,,,,,,,
,,,,,,,,,,,,,,,,,,,,,,,,,,,,,,,,,,,,
,,,,,,,,,,,,,,,,,,,,,,,,,,,,,,,,,,,,
,,,,,,,,,,,,,,,,,,,,,,,,,,,,,,,,,,,,
,,,,,,,,,,,,,,,,,,,,,,,,,,,,,,,,,,,,
,,,,,,,,,,,,,,,,,,,,,,,,,,,,,,,,,,,,
,,,,,,,,,,,,,,,,,,,,,,,,,,,,,,,,,,,,
,,,,,,,,,,,,,,,,,,,,,,,,,,,,,,,,,,,,
,,,,,,,,,,,,,,,,,,,,,,,,,,,,,,,,,,,,
,,,,,,,,,,,,,,,,,,,,,,,,,,,,,,,,,,,,
,,,,,,,,,,,,,,,,,,,,,,,,,,,,,,,,,,,,
,,,,,,,,,,,,,,,,,,,,,,,,,,,,,,,,,,,,
,,,,,,,,,,,,,,,,,,,,,,,,,,,,,,,,,,,,
,,,,,,,,,,,,,,,,,,,,,,,,,,,,,,,,,,,,
,,,,,,,,,,,,,,,,,,,,,,,,,,,,,,,,,,,,
,,,,,,,,,,,,,,,,,,,,,,,,,,,,,,,,,,,,
,,,,,,,,,,,,,,,,,,,,,,,,,,,,,,,,,,,,
,,,,,,,,,,,,,,,,,,,,,,,,,,,,,,,,,,,,
,,,,,,,,,,,,,,,,,,,,,,,,,,,,,,,,,,,,
,,,,,,,,,,,,,,,,,,,,,,,,,,,,,,,,,,,,
,,,,,,,,,,,,,,,,,,,,,,,,,,,,,,,,,,,,
,,,,,,,,,,,,,,,,,,,,,,,,,,,,,,,,,,,,
,,,,,,,,,,,,,,,,,,,,,,,,,,,,,,,,,,,,
,,,,,,,,,,,,,,,,,,,,,,,,,,,,,,,,,,,,
,,,,,,,,,,,,,,,,,,,,,,,,,,,,,,,,,,,,
,,,,,,,,,,,,,,,,,,,,,,,,,,,,,,,,,,,,
,,,,,,,,,,,,,,,,,,,,,,,,,,,,,,,,,,,,
,,,,,,,,,,,,,,,,,,,,,,,,,,,,,,,,,,,,
,,,,,,,,,,,,,,,,,,,,,,,,,,,,,,,,,,,,
,,,,,,,,,,,,,,,,,,,,,,,,,,,,,,,,,,,,
,,,,,,,,,,,,,,,,,,,,,,,,,,,,,,,,,,,,
,,,,,,,,,,,,,,,,,,,,,,,,,,,,,,,,,,,,
,,,,,,,,,,,,,,,,,,,,,,,,,,,,,,,,,,,,
,,,,,,,,,,,,,,,,,,,,,,,,,,,,,,,,,,,,
,,,,,,,,,,,,,,,,,,,,,,,,,,,,,,,,,,,,
,,,,,,,,,,,,,,,,,,,,,,,,,,,,,,,,,,,,
,,,,,,,,,,,,,,,,,,,,,,,,,,,,,,,,,,,,
,,,,,,,,,,,,,,,,,,,,,,,,,,,,,,,,,,,,
,,,,,,,,,,,,,,,,,,,,,,,,,,,,,,,,,,,,
,,,,,,,,,,,,,,,,,,,,,,,,,,,,,,,,,,,,
,,,,,,,,,,,,,,,,,,,,,,,,,,,,,,,,,,,,
,,,,,,,,,,,,,,,,,,,,,,,,,,,,,,,,,,,,
,,,,,,,,,,,,,,,,,,,,,,,,,,,,,,,,,,,,
,,,,,,,,,,,,,,,,,,,,,,,,,,,,,,,,,,,,
,,,,,,,,,,,,,,,,,,,,,,,,,,,,,,,,,,,,
,,,,,,,,,,,,,,,,,,,,,,,,,,,,,,,,,,,,
,,,,,,,,,,,,,,,,,,,,,,,,,,,,,,,,,,,,
,,,,,,,,,,,,,,,,,,,,,,,,,,,,,,,,,,,,
,,,,,,,,,,,,,,,,,,,,,,,,,,,,,,,,,,,,
,,,,,,,,,,,,,,,,,,,,,,,,,,,,,,,,,,,,
,,,,,,,,,,,,,,,,,,,,,,,,,,,,,,,,,,,,
,,,,,,,,,,,,,,,,,,,,,,,,,,,,,,,,,,,,
,,,,,,,,,,,,,,,,,,,,,,,,,,,,,,,,,,,,
,,,,,,,,,,,,,,,,,,,,,,,,,,,,,,,,,,,,
,,,,,,,,,,,,,,,,,,,,,,,,,,,,,,,,,,,,
,,,,,,,,,,,,,,,,,,,,,,,,,,,,,,,,,,,,
,,,,,,,,,,,,,,,,,,,,,,,,,,,,,,,,,,,,
,,,,,,,,,,,,,,,,,,,,,,,,,,,,,,,,,,,,
,,,,,,,,,,,,,,,,,,,,,,,,,,,,,,,,,,,,
,,,,,,,,,,,,,,,,,,,,,,,,,,,,,,,,,,,,
,,,,,,,,,,,,,,,,,,,,,,,,,,,,,,,,,,,,
,,,,,,,,,,,,,,,,,,,,,,,,,,,,,,,,,,,,
,,,,,,,,,,,,,,,,,,,,,,,,,,,,,,,,,,,,
,,,,,,,,,,,,,,,,,,,,,,,,,,,,,,,,,,,,
,,,,,,,,,,,,,,,,,,,,,,,,,,,,,,,,,,,,
,,,,,,,,,,,,,,,,,,,,,,,,,,,,,,,,,,,,
,,,,,,,,,,,,,,,,,,,,,,,,,,,,,,,,,,,,
,,,,,,,,,,,,,,,,,,,,,,,,,,,,,,,,,,,,
,,,,,,,,,,,,,,,,,,,,,,,,,,,,,,,,,,,,
,,,,,,,,,,,,,,,,,,,,,,,,,,,,,,,,,,,,
,,,,,,,,,,,,,,,,,,,,,,,,,,,,,,,,,,,,
,,,,,,,,,,,,,,,,,,,,,,,,,,,,,,,,,,,,
,,,,,,,,,,,,,,,,,,,,,,,,,,,,,,,,,,,,
,,,,,,,,,,,,,,,,,,,,,,,,,,,,,,,,,,,,
,,,,,,,,,,,,,,,,,,,,,,,,,,,,,,,,,,,,
,,,,,,,,,,,,,,,,,,,,,,,,,,,,,,,,,,,,
,,,,,,,,,,,,,,,,,,,,,,,,,,,,,,,,,,,,
,,,,,,,,,,,,,,,,,,,,,,,,,,,,,,,,,,,,
,,,,,,,,,,,,,,,,,,,,,,,,,,,,,,,,,,,,
,,,,,,,,,,,,,,,,,,,,,,,,,,,,,,,,,,,,
,,,,,,,,,,,,,,,,,,,,,,,,,,,,,,,,,,,,
,,,,,,,,,,,,,,,,,,,,,,,,,,,,,,,,,,,,
,,,,,,,,,,,,,,,,,,,,,,,,,,,,,,,,,,,,
,,,,,,,,,,,,,,,,,,,,,,,,,,,,,,,,,,,,
,,,,,,,,,,,,,,,,,,,,,,,,,,,,,,,,,,,,
,,,,,,,,,,,,,,,,,,,,,,,,,,,,,,,,,,,,
,,,,,,,,,,,,,,,,,,,,,,,,,,,,,,,,,,,,
,,,,,,,,,,,,,,,,,,,,,,,,,,,,,,,,,,,,
,,,,,,,,,,,,,,,,,,,,,,,,,,,,,,,,,,,,
,,,,,,,,,,,,,,,,,,,,,,,,,,,,,,,,,,,,
,,,,,,,,,,,,,,,,,,,,,,,,,,,,,,,,,,,,
,,,,,,,,,,,,,,,,,,,,,,,,,,,,,,,,,,,,
,,,,,,,,,,,,,,,,,,,,,,,,,,,,,,,,,,,,
,,,,,,,,,,,,,,,,,,,,,,,,,,,,,,,,,,,,
,,,,,,,,,,,,,,,,,,,,,,,,,,,,,,,,,,,,
,,,,,,,,,,,,,,,,,,,,,,,,,,,,,,,,,,,,
,,,,,,,,,,,,,,,,,,,,,,,,,,,,,,,,,,,,
,,,,,,,,,,,,,,,,,,,,,,,,,,,,,,,,,,,,
,,,,,,,,,,,,,,,,,,,,,,,,,,,,,,,,,,,,
,,,,,,,,,,,,,,,,,,,,,,,,,,,,,,,,,,,,
,,,,,,,,,,,,,,,,,,,,,,,,,,,,,,,,,,,,
,,,,,,,,,,,,,,,,,,,,,,,,,,,,,,,,,,,,
,,,,,,,,,,,,,,,,,,,,,,,,,,,,,,,,,,,,
,,,,,,,,,,,,,,,,,,,,,,,,,,,,,,,,,,,,
,,,,,,,,,,,,,,,,,,,,,,,,,,,,,,,,,,,,
,,,,,,,,,,,,,,,,,,,,,,,,,,,,,,,,,,,,
,,,,,,,,,,,,,,,,,,,,,,,,,,,,,,,,,,,,
,,,,,,,,,,,,,,,,,,,,,,,,,,,,,,,,,,,,
,,,,,,,,,,,,,,,,,,,,,,,,,,,,,,,,,,,,
,,,,,,,,,,,,,,,,,,,,,,,,,,,,,,,,,,,,
,,,,,,,,,,,,,,,,,,,,,,,,,,,,,,,,,,,,
,,,,,,,,,,,,,,,,,,,,,,,,,,,,,,,,,,,,
,,,,,,,,,,,,,,,,,,,,,,,,,,,,,,,,,,,,
,,,,,,,,,,,,,,,,,,,,,,,,,,,,,,,,,,,,
,,,,,,,,,,,,,,,,,,,,,,,,,,,,,,,,,,,,
,,,,,,,,,,,,,,,,,,,,,,,,,,,,,,,,,,,,
,,,,,,,,,,,,,,,,,,,,,,,,,,,,,,,,,,,,
,,,,,,,,,,,,,,,,,,,,,,,,,,,,,,,,,,,,
,,,,,,,,,,,,,,,,,,,,,,,,,,,,,,,,,,,,
,,,,,,,,,,,,,,,,,,,,,,,,,,,,,,,,,,,,
,,,,,,,,,,,,,,,,,,,,,,,,,,,,,,,,,,,,
,,,,,,,,,,,,,,,,,,,,,,,,,,,,,,,,,,,,
,,,,,,,,,,,,,,,,,,,,,,,,,,,,,,,,,,,,
,,,,,,,,,,,,,,,,,,,,,,,,,,,,,,,,,,,,
,,,,,,,,,,,,,,,,,,,,,,,,,,,,,,,,,,,,
,,,,,,,,,,,,,,,,,,,,,,,,,,,,,,,,,,,,
,,,,,,,,,,,,,,,,,,,,,,,,,,,,,,,,,,,,
,,,,,,,,,,,,,,,,,,,,,,,,,,,,,,,,,,,,
,,,,,,,,,,,,,,,,,,,,,,,,,,,,,,,,,,,,
,,,,,,,,,,,,,,,,,,,,,,,,,,,,,,,,,,,,
,,,,,,,,,,,,,,,,,,,,,,,,,,,,,,,,,,,,
,,,,,,,,,,,,,,,,,,,,,,,,,,,,,,,,,,,,
,,,,,,,,,,,,,,,,,,,,,,,,,,,,,,,,,,,,
,,,,,,,,,,,,,,,,,,,,,,,,,,,,,,,,,,,,
,,,,,,,,,,,,,,,,,,,,,,,,,,,,,,,,,,,,
,,,,,,,,,,,,,,,,,,,,,,,,,,,,,,,,,,,,
,,,,,,,,,,,,,,,,,,,,,,,,,,,,,,,,,,,,
,,,,,,,,,,,,,,,,,,,,,,,,,,,,,,,,,,,,
,,,,,,,,,,,,,,,,,,,,,,,,,,,,,,,,,,,,
,,,,,,,,,,,,,,,,,,,,,,,,,,,,,,,,,,,,
,,,,,,,,,,,,,,,,,,,,,,,,,,,,,,,,,,,,
,,,,,,,,,,,,,,,,,,,,,,,,,,,,,,,,,,,,
,,,,,,,,,,,,,,,,,,,,,,,,,,,,,,,,,,,,
,,,,,,,,,,,,,,,,,,,,,,,,,,,,,,,,,,,,
,,,,,,,,,,,,,,,,,,,,,,,,,,,,,,,,,,,,
,,,,,,,,,,,,,,,,,,,,,,,,,,,,,,,,,,,,
,,,,,,,,,,,,,,,,,,,,,,,,,,,,,,,,,,,,
,,,,,,,,,,,,,,,,,,,,,,,,,,,,,,,,,,,,
,,,,,,,,,,,,,,,,,,,,,,,,,,,,,,,,,,,,
,,,,,,,,,,,,,,,,,,,,,,,,,,,,,,,,,,,,
,,,,,,,,,,,,,,,,,,,,,,,,,,,,,,,,,,,,
,,,,,,,,,,,,,,,,,,,,,,,,,,,,,,,,,,,,
,,,,,,,,,,,,,,,,,,,,,,,,,,,,,,,,,,,,
,,,,,,,,,,,,,,,,,,,,,,,,,,,,,,,,,,,,
,,,,,,,,,,,,,,,,,,,,,,,,,,,,,,,,,,,,
,,,,,,,,,,,,,,,,,,,,,,,,,,,,,,,,,,,,
,,,,,,,,,,,,,,,,,,,,,,,,,,,,,,,,,,,,
,,,,,,,,,,,,,,,,,,,,,,,,,,,,,,,,,,,,
,,,,,,,,,,,,,,,,,,,,,,,,,,,,,,,,,,,,
,,,,,,,,,,,,,,,,,,,,,,,,,,,,,,,,,,,,
,,,,,,,,,,,,,,,,,,,,,,,,,,,,,,,,,,,,
,,,,,,,,,,,,,,,,,,,,,,,,,,,,,,,,,,,,
,,,,,,,,,,,,,,,,,,,,,,,,,,,,,,,,,,,,
,,,,,,,,,,,,,,,,,,,,,,,,,,,,,,,,,,,,
,,,,,,,,,,,,,,,,,,,,,,,,,,,,,,,,,,,,
,,,,,,,,,,,,,,,,,,,,,,,,,,,,,,,,,,,,
,,,,,,,,,,,,,,,,,,,,,,,,,,,,,,,,,,,,
,,,,,,,,,,,,,,,,,,,,,,,,,,,,,,,,,,,,
,,,,,,,,,,,,,,,,,,,,,,,,,,,,,,,,,,,,
,,,,,,,,,,,,,,,,,,,,,,,,,,,,,,,,,,,,
,,,,,,,,,,,,,,,,,,,,,,,,,,,,,,,,,,,,
,,,,,,,,,,,,,,,,,,,,,,,,,,,,,,,,,,,,
,,,,,,,,,,,,,,,,,,,,,,,,,,,,,,,,,,,,
,,,,,,,,,,,,,,,,,,,,,,,,,,,,,,,,,,,,
,,,,,,,,,,,,,,,,,,,,,,,,,,,,,,,,,,,,
,,,,,,,,,,,,,,,,,,,,,,,,,,,,,,,,,,,,
,,,,,,,,,,,,,,,,,,,,,,,,,,,,,,,,,,,,
,,,,,,,,,,,,,,,,,,,,,,,,,,,,,,,,,,,,
,,,,,,,,,,,,,,,,,,,,,,,,,,,,,,,,,,,,
,,,,,,,,,,,,,,,,,,,,,,,,,,,,,,,,,,,,
,,,,,,,,,,,,,,,,,,,,,,,,,,,,,,,,,,,,
,,,,,,,,,,,,,,,,,,,,,,,,,,,,,,,,,,,,
,,,,,,,,,,,,,,,,,,,,,,,,,,,,,,,,,,,,
,,,,,,,,,,,,,,,,,,,,,,,,,,,,,,,,,,,,
,,,,,,,,,,,,,,,,,,,,,,,,,,,,,,,,,,,,
,,,,,,,,,,,,,,,,,,,,,,,,,,,,,,,,,,,,
,,,,,,,,,,,,,,,,,,,,,,,,,,,,,,,,,,,,
,,,,,,,,,,,,,,,,,,,,,,,,,,,,,,,,,,,,
,,,,,,,,,,,,,,,,,,,,,,,,,,,,,,,,,,,,
,,,,,,,,,,,,,,,,,,,,,,,,,,,,,,,,,,,,
,,,,,,,,,,,,,,,,,,,,,,,,,,,,,,,,,,,,
,,,,,,,,,,,,,,,,,,,,,,,,,,,,,,,,,,,,
,,,,,,,,,,,,,,,,,,,,,,,,,,,,,,,,,,,,
,,,,,,,,,,,,,,,,,,,,,,,,,,,,,,,,,,,,
,,,,,,,,,,,,,,,,,,,,,,,,,,,,,,,,,,,,
,,,,,,,,,,,,,,,,,,,,,,,,,,,,,,,,,,,,
,,,,,,,,,,,,,,,,,,,,,,,,,,,,,,,,,,,,
,,,,,,,,,,,,,,,,,,,,,,,,,,,,,,,,,,,,
,,,,,,,,,,,,,,,,,,,,,,,,,,,,,,,,,,,,
,,,,,,,,,,,,,,,,,,,,,,,,,,,,,,,,,,,,
,,,,,,,,,,,,,,,,,,,,,,,,,,,,,,,,,,,,
,,,,,,,,,,,,,,,,,,,,,,,,,,,,,,,,,,,,
,,,,,,,,,,,,,,,,,,,,,,,,,,,,,,,,,,,,
,,,,,,,,,,,,,,,,,,,,,,,,,,,,,,,,,,,,
,,,,,,,,,,,,,,,,,,,,,,,,,,,,,,,,,,,,
,,,,,,,,,,,,,,,,,,,,,,,,,,,,,,,,,,,,
,,,,,,,,,,,,,,,,,,,,,,,,,,,,,,,,,,,,
,,,,,,,,,,,,,,,,,,,,,,,,,,,,,,,,,,,,
,,,,,,,,,,,,,,,,,,,,,,,,,,,,,,,,,,,,
,,,,,,,,,,,,,,,,,,,,,,,,,,,,,,,,,,,,
,,,,,,,,,,,,,,,,,,,,,,,,,,,,,,,,,,,,
,,,,,,,,,,,,,,,,,,,,,,,,,,,,,,,,,,,,
,,,,,,,,,,,,,,,,,,,,,,,,,,,,,,,,,,,,
,,,,,,,,,,,,,,,,,,,,,,,,,,,,,,,,,,,,
,,,,,,,,,,,,,,,,,,,,,,,,,,,,,,,,,,,,
,,,,,,,,,,,,,,,,,,,,,,,,,,,,,,,,,,,,
,,,,,,,,,,,,,,,,,,,,,,,,,,,,,,,,,,,,
,,,,,,,,,,,,,,,,,,,,,,,,,,,,,,,,,,,,
,,,,,,,,,,,,,,,,,,,,,,,,,,,,,,,,,,,,
,,,,,,,,,,,,,,,,,,,,,,,,,,,,,,,,,,,,
,,,,,,,,,,,,,,,,,,,,,,,,,,,,,,,,,,,,
,,,,,,,,,,,,,,,,,,,,,,,,,,,,,,,,,,,,
,,,,,,,,,,,,,,,,,,,,,,,,,,,,,,,,,,,,
,,,,,,,,,,,,,,,,,,,,,,,,,,,,,,,,,,,,
,,,,,,,,,,,,,,,,,,,,,,,,,,,,,,,,,,,,
,,,,,,,,,,,,,,,,,,,,,,,,,,,,,,,,,,,,
,,,,,,,,,,,,,,,,,,,,,,,,,,,,,,,,,,,,
,,,,,,,,,,,,,,,,,,,,,,,,,,,,,,,,,,,,
,,,,,,,,,,,,,,,,,,,,,,,,,,,,,,,,,,,,
,,,,,,,,,,,,,,,,,,,,,,,,,,,,,,,,,,,,
,,,,,,,,,,,,,,,,,,,,,,,,,,,,,,,,,,,,
,,,,,,,,,,,,,,,,,,,,,,,,,,,,,,,,,,,,
,,,,,,,,,,,,,,,,,,,,,,,,,,,,,,,,,,,,
,,,,,,,,,,,,,,,,,,,,,,,,,,,,,,,,,,,,
,,,,,,,,,,,,,,,,,,,,,,,,,,,,,,,,,,,,
,,,,,,,,,,,,,,,,,,,,,,,,,,,,,,,,,,,,
,,,,,,,,,,,,,,,,,,,,,,,,,,,,,,,,,,,,
,,,,,,,,,,,,,,,,,,,,,,,,,,,,,,,,,,,,
,,,,,,,,,,,,,,,,,,,,,,,,,,,,,,,,,,,,
,,,,,,,,,,,,,,,,,,,,,,,,,,,,,,,,,,,,
,,,,,,,,,,,,,,,,,,,,,,,,,,,,,,,,,,,,
,,,,,,,,,,,,,,,,,,,,,,,,,,,,,,,,,,,,
,,,,,,,,,,,,,,,,,,,,,,,,,,,,,,,,,,,,
,,,,,,,,,,,,,,,,,,,,,,,,,,,,,,,,,,,,
,,,,,,,,,,,,,,,,,,,,,,,,,,,,,,,,,,,,
,,,,,,,,,,,,,,,,,,,,,,,,,,,,,,,,,,,,
,,,,,,,,,,,,,,,,,,,,,,,,,,,,,,,,,,,,
,,,,,,,,,,,,,,,,,,,,,,,,,,,,,,,,,,,,
,,,,,,,,,,,,,,,,,,,,,,,,,,,,,,,,,,,,
,,,,,,,,,,,,,,,,,,,,,,,,,,,,,,,,,,,,
,,,,,,,,,,,,,,,,,,,,,,,,,,,,,,,,,,,,
,,,,,,,,,,,,,,,,,,,,,,,,,,,,,,,,,,,,
,,,,,,,,,,,,,,,,,,,,,,,,,,,,,,,,,,,,
,,,,,,,,,,,,,,,,,,,,,,,,,,,,,,,,,,,,
,,,,,,,,,,,,,,,,,,,,,,,,,,,,,,,,,,,,
,,,,,,,,,,,,,,,,,,,,,,,,,,,,,,,,,,,,
,,,,,,,,,,,,,,,,,,,,,,,,,,,,,,,,,,,,
,,,,,,,,,,,,,,,,,,,,,,,,,,,,,,,,,,,,
,,,,,,,,,,,,,,,,,,,,,,,,,,,,,,,,,,,,
,,,,,,,,,,,,,,,,,,,,,,,,,,,,,,,,,,,,
,,,,,,,,,,,,,,,,,,,,,,,,,,,,,,,,,,,,
,,,,,,,,,,,,,,,,,,,,,,,,,,,,,,,,,,,,
,,,,,,,,,,,,,,,,,,,,,,,,,,,,,,,,,,,,
,,,,,,,,,,,,,,,,,,,,,,,,,,,,,,,,,,,,
,,,,,,,,,,,,,,,,,,,,,,,,,,,,,,,,,,,,
,,,,,,,,,,,,,,,,,,,,,,,,,,,,,,,,,,,,
,,,,,,,,,,,,,,,,,,,,,,,,,,,,,,,,,,,,
,,,,,,,,,,,,,,,,,,,,,,,,,,,,,,,,,,,,
,,,,,,,,,,,,,,,,,,,,,,,,,,,,,,,,,,,,
,,,,,,,,,,,,,,,,,,,,,,,,,,,,,,,,,,,,
,,,,,,,,,,,,,,,,,,,,,,,,,,,,,,,,,,,,
,,,,,,,,,,,,,,,,,,,,,,,,,,,,,,,,,,,,
,,,,,,,,,,,,,,,,,,,,,,,,,,,,,,,,,,,,
,,,,,,,,,,,,,,,,,,,,,,,,,,,,,,,,,,,,
,,,,,,,,,,,,,,,,,,,,,,,,,,,,,,,,,,,,
,,,,,,,,,,,,,,,,,,,,,,,,,,,,,,,,,,,,
,,,,,,,,,,,,,,,,,,,,,,,,,,,,,,,,,,,,
,,,,,,,,,,,,,,,,,,,,,,,,,,,,,,,,,,,,
,,,,,,,,,,,,,,,,,,,,,,,,,,,,,,,,,,,,
,,,,,,,,,,,,,,,,,,,,,,,,,,,,,,,,,,,,
,,,,,,,,,,,,,,,,,,,,,,,,,,,,,,,,,,,,
,,,,,,,,,,,,,,,,,,,,,,,,,,,,,,,,,,,,
,,,,,,,,,,,,,,,,,,,,,,,,,,,,,,,,,,,,
,,,,,,,,,,,,,,,,,,,,,,,,,,,,,,,,,,,,
,,,,,,,,,,,,,,,,,,,,,,,,,,,,,,,,,,,,
,,,,,,,,,,,,,,,,,,,,,,,,,,,,,,,,,,,,
,,,,,,,,,,,,,,,,,,,,,,,,,,,,,,,,,,,,
,,,,,,,,,,,,,,,,,,,,,,,,,,,,,,,,,,,,
,,,,,,,,,,,,,,,,,,,,,,,,,,,,,,,,,,,,
,,,,,,,,,,,,,,,,,,,,,,,,,,,,,,,,,,,,
,,,,,,,,,,,,,,,,,,,,,,,,,,,,,,,,,,,,
,,,,,,,,,,,,,,,,,,,,,,,,,,,,,,,,,,,,
,,,,,,,,,,,,,,,,,,,,,,,,,,,,,,,,,,,,
,,,,,,,,,,,,,,,,,,,,,,,,,,,,,,,,,,,,
,,,,,,,,,,,,,,,,,,,,,,,,,,,,,,,,,,,,
,,,,,,,,,,,,,,,,,,,,,,,,,,,,,,,,,,,,
,,,,,,,,,,,,,,,,,,,,,,,,,,,,,,,,,,,,
,,,,,,,,,,,,,,,,,,,,,,,,,,,,,,,,,,,,
,,,,,,,,,,,,,,,,,,,,,,,,,,,,,,,,,,,,
,,,,,,,,,,,,,,,,,,,,,,,,,,,,,,,,,,,,
,,,,,,,,,,,,,,,,,,,,,,,,,,,,,,,,,,,,
,,,,,,,,,,,,,,,,,,,,,,,,,,,,,,,,,,,,
,,,,,,,,,,,,,,,,,,,,,,,,,,,,,,,,,,,,
,,,,,,,,,,,,,,,,,,,,,,,,,,,,,,,,,,,,
,,,,,,,,,,,,,,,,,,,,,,,,,,,,,,,,,,,,
,,,,,,,,,,,,,,,,,,,,,,,,,,,,,,,,,,,,
,,,,,,,,,,,,,,,,,,,,,,,,,,,,,,,,,,,,
,,,,,,,,,,,,,,,,,,,,,,,,,,,,,,,,,,,,
,,,,,,,,,,,,,,,,,,,,,,,,,,,,,,,,,,,,
,,,,,,,,,,,,,,,,,,,,,,,,,,,,,,,,,,,,
,,,,,,,,,,,,,,,,,,,,,,,,,,,,,,,,,,,,
,,,,,,,,,,,,,,,,,,,,,,,,,,,,,,,,,,,,
,,,,,,,,,,,,,,,,,,,,,,,,,,,,,,,,,,,,
,,,,,,,,,,,,,,,,,,,,,,,,,,,,,,,,,,,,
,,,,,,,,,,,,,,,,,,,,,,,,,,,,,,,,,,,,
,,,,,,,,,,,,,,,,,,,,,,,,,,,,,,,,,,,,
,,,,,,,,,,,,,,,,,,,,,,,,,,,,,,,,,,,,
,,,,,,,,,,,,,,,,,,,,,,,,,,,,,,,,,,,,
,,,,,,,,,,,,,,,,,,,,,,,,,,,,,,,,,,,,
,,,,,,,,,,,,,,,,,,,,,,,,,,,,,,,,,,,,
,,,,,,,,,,,,,,,,,,,,,,,,,,,,,,,,,,,,
,,,,,,,,,,,,,,,,,,,,,,,,,,,,,,,,,,,,
,,,,,,,,,,,,,,,,,,,,,,,,,,,,,,,,,,,,
,,,,,,,,,,,,,,,,,,,,,,,,,,,,,,,,,,,,
,,,,,,,,,,,,,,,,,,,,,,,,,,,,,,,,,,,,
,,,,,,,,,,,,,,,,,,,,,,,,,,,,,,,,,,,,
,,,,,,,,,,,,,,,,,,,,,,,,,,,,,,,,,,,,
,,,,,,,,,,,,,,,,,,,,,,,,,,,,,,,,,,,,
,,,,,,,,,,,,,,,,,,,,,,,,,,,,,,,,,,,,
,,,,,,,,,,,,,,,,,,,,,,,,,,,,,,,,,,,,
,,,,,,,,,,,,,,,,,,,,,,,,,,,,,,,,,,,,
,,,,,,,,,,,,,,,,,,,,,,,,,,,,,,,,,,,,
,,,,,,,,,,,,,,,,,,,,,,,,,,,,,,,,,,,,
,,,,,,,,,,,,,,,,,,,,,,,,,,,,,,,,,,,,
,,,,,,,,,,,,,,,,,,,,,,,,,,,,,,,,,,,,
,,,,,,,,,,,,,,,,,,,,,,,,,,,,,,,,,,,,
,,,,,,,,,,,,,,,,,,,,,,,,,,,,,,,,,,,,
,,,,,,,,,,,,,,,,,,,,,,,,,,,,,,,,,,,,
,,,,,,,,,,,,,,,,,,,,,,,,,,,,,,,,,,,,
,,,,,,,,,,,,,,,,,,,,,,,,,,,,,,,,,,,,
,,,,,,,,,,,,,,,,,,,,,,,,,,,,,,,,,,,,
,,,,,,,,,,,,,,,,,,,,,,,,,,,,,,,,,,,,
,,,,,,,,,,,,,,,,,,,,,,,,,,,,,,,,,,,,
,,,,,,,,,,,,,,,,,,,,,,,,,,,,,,,,,,,,
,,,,,,,,,,,,,,,,,,,,,,,,,,,,,,,,,,,,
,,,,,,,,,,,,,,,,,,,,,,,,,,,,,,,,,,,,
,,,,,,,,,,,,,,,,,,,,,,,,,,,,,,,,,,,,
,,,,,,,,,,,,,,,,,,,,,,,,,,,,,,,,,,,,
,,,,,,,,,,,,,,,,,,,,,,,,,,,,,,,,,,,,
,,,,,,,,,,,,,,,,,,,,,,,,,,,,,,,,,,,,
,,,,,,,,,,,,,,,,,,,,,,,,,,,,,,,,,,,,
,,,,,,,,,,,,,,,,,,,,,,,,,,,,,,,,,,,,
,,,,,,,,,,,,,,,,,,,,,,,,,,,,,,,,,,,,
,,,,,,,,,,,,,,,,,,,,,,,,,,,,,,,,,,,,
,,,,,,,,,,,,,,,,,,,,,,,,,,,,,,,,,,,,
,,,,,,,,,,,,,,,,,,,,,,,,,,,,,,,,,,,,
,,,,,,,,,,,,,,,,,,,,,,,,,,,,,,,,,,,,
,,,,,,,,,,,,,,,,,,,,,,,,,,,,,,,,,,,,
,,,,,,,,,,,,,,,,,,,,,,,,,,,,,,,,,,,,
,,,,,,,,,,,,,,,,,,,,,,,,,,,,,,,,,,,,
,,,,,,,,,,,,,,,,,,,,,,,,,,,,,,,,,,,,
,,,,,,,,,,,,,,,,,,,,,,,,,,,,,,,,,,,,
,,,,,,,,,,,,,,,,,,,,,,,,,,,,,,,,,,,,
,,,,,,,,,,,,,,,,,,,,,,,,,,,,,,,,,,,,
,,,,,,,,,,,,,,,,,,,,,,,,,,,,,,,,,,,,
,,,,,,,,,,,,,,,,,,,,,,,,,,,,,,,,,,,,
,,,,,,,,,,,,,,,,,,,,,,,,,,,,,,,,,,,,
,,,,,,,,,,,,,,,,,,,,,,,,,,,,,,,,,,,,
,,,,,,,,,,,,,,,,,,,,,,,,,,,,,,,,,,,,
,,,,,,,,,,,,,,,,,,,,,,,,,,,,,,,,,,,,
,,,,,,,,,,,,,,,,,,,,,,,,,,,,,,,,,,,,
,,,,,,,,,,,,,,,,,,,,,,,,,,,,,,,,,,,,
,,,,,,,,,,,,,,,,,,,,,,,,,,,,,,,,,,,,
,,,,,,,,,,,,,,,,,,,,,,,,,,,,,,,,,,,,
,,,,,,,,,,,,,,,,,,,,,,,,,,,,,,,,,,,,
,,,,,,,,,,,,,,,,,,,,,,,,,,,,,,,,,,,,
,,,,,,,,,,,,,,,,,,,,,,,,,,,,,,,,,,,,
,,,,,,,,,,,,,,,,,,,,,,,,,,,,,,,,,,,,
,,,,,,,,,,,,,,,,,,,,,,,,,,,,,,,,,,,,
,,,,,,,,,,,,,,,,,,,,,,,,,,,,,,,,,,,,
,,,,,,,,,,,,,,,,,,,,,,,,,,,,,,,,,,,,
,,,,,,,,,,,,,,,,,,,,,,,,,,,,,,,,,,,,
,,,,,,,,,,,,,,,,,,,,,,,,,,,,,,,,,,,,
,,,,,,,,,,,,,,,,,,,,,,,,,,,,,,,,,,,,
,,,,,,,,,,,,,,,,,,,,,,,,,,,,,,,,,,,,
,,,,,,,,,,,,,,,,,,,,,,,,,,,,,,,,,,,,
,,,,,,,,,,,,,,,,,,,,,,,,,,,,,,,,,,,,
,,,,,,,,,,,,,,,,,,,,,,,,,,,,,,,,,,,,
,,,,,,,,,,,,,,,,,,,,,,,,,,,,,,,,,,,,
,,,,,,,,,,,,,,,,,,,,,,,,,,,,,,,,,,,,
,,,,,,,,,,,,,,,,,,,,,,,,,,,,,,,,,,,,
,,,,,,,,,,,,,,,,,,,,,,,,,,,,,,,,,,,,
,,,,,,,,,,,,,,,,,,,,,,,,,,,,,,,,,,,,
,,,,,,,,,,,,,,,,,,,,,,,,,,,,,,,,,,,,
,,,,,,,,,,,,,,,,,,,,,,,,,,,,,,,,,,,,
,,,,,,,,,,,,,,,,,,,,,,,,,,,,,,,,,,,,
,,,,,,,,,,,,,,,,,,,,,,,,,,,,,,,,,,,,
,,,,,,,,,,,,,,,,,,,,,,,,,,,,,,,,,,,,
,,,,,,,,,,,,,,,,,,,,,,,,,,,,,,,,,,,,
,,,,,,,,,,,,,,,,,,,,,,,,,,,,,,,,,,,,
,,,,,,,,,,,,,,,,,,,,,,,,,,,,,,,,,,,,
,,,,,,,,,,,,,,,,,,,,,,,,,,,,,,,,,,,,
,,,,,,,,,,,,,,,,,,,,,,,,,,,,,,,,,,,,
,,,,,,,,,,,,,,,,,,,,,,,,,,,,,,,,,,,,
,,,,,,,,,,,,,,,,,,,,,,,,,,,,,,,,,,,,
,,,,,,,,,,,,,,,,,,,,,,,,,,,,,,,,,,,,
,,,,,,,,,,,,,,,,,,,,,,,,,,,,,,,,,,,,
,,,,,,,,,,,,,,,,,,,,,,,,,,,,,,,,,,,,
,,,,,,,,,,,,,,,,,,,,,,,,,,,,,,,,,,,,
,,,,,,,,,,,,,,,,,,,,,,,,,,,,,,,,,,,,
,,,,,,,,,,,,,,,,,,,,,,,,,,,,,,,,,,,,
,,,,,,,,,,,,,,,,,,,,,,,,,,,,,,,,,,,,
,,,,,,,,,,,,,,,,,,,,,,,,,,,,,,,,,,,,
,,,,,,,,,,,,,,,,,,,,,,,,,,,,,,,,,,,,
,,,,,,,,,,,,,,,,,,,,,,,,,,,,,,,,,,,,
,,,,,,,,,,,,,,,,,,,,,,,,,,,,,,,,,,,,
,,,,,,,,,,,,,,,,,,,,,,,,,,,,,,,,,,,,
,,,,,,,,,,,,,,,,,,,,,,,,,,,,,,,,,,,,
,,,,,,,,,,,,,,,,,,,,,,,,,,,,,,,,,,,,
,,,,,,,,,,,,,,,,,,,,,,,,,,,,,,,,,,,,
,,,,,,,,,,,,,,,,,,,,,,,,,,,,,,,,,,,,
,,,,,,,,,,,,,,,,,,,,,,,,,,,,,,,,,,,,
,,,,,,,,,,,,,,,,,,,,,,,,,,,,,,,,,,,,
,,,,,,,,,,,,,,,,,,,,,,,,,,,,,,,,,,,,
,,,,,,,,,,,,,,,,,,,,,,,,,,,,,,,,,,,,
,,,,,,,,,,,,,,,,,,,,,,,,,,,,,,,,,,,,
,,,,,,,,,,,,,,,,,,,,,,,,,,,,,,,,,,,,
,,,,,,,,,,,,,,,,,,,,,,,,,,,,,,,,,,,,
,,,,,,,,,,,,,,,,,,,,,,,,,,,,,,,,,,,,
,,,,,,,,,,,,,,,,,,,,,,,,,,,,,,,,,,,,
,,,,,,,,,,,,,,,,,,,,,,,,,,,,,,,,,,,,
,,,,,,,,,,,,,,,,,,,,,,,,,,,,,,,,,,,,
,,,,,,,,,,,,,,,,,,,,,,,,,,,,,,,,,,,,
,,,,,,,,,,,,,,,,,,,,,,,,,,,,,,,,,,,,
,,,,,,,,,,,,,,,,,,,,,,,,,,,,,,,,,,,,
,,,,,,,,,,,,,,,,,,,,,,,,,,,,,,,,,,,,
,,,,,,,,,,,,,,,,,,,,,,,,,,,,,,,,,,,,
,,,,,,,,,,,,,,,,,,,,,,,,,,,,,,,,,,,,
,,,,,,,,,,,,,,,,,,,,,,,,,,,,,,,,,,,,
,,,,,,,,,,,,,,,,,,,,,,,,,,,,,,,,,,,,
,,,,,,,,,,,,,,,,,,,,,,,,,,,,,,,,,,,,
,,,,,,,,,,,,,,,,,,,,,,,,,,,,,,,,,,,,
,,,,,,,,,,,,,,,,,,,,,,,,,,,,,,,,,,,,
,,,,,,,,,,,,,,,,,,,,,,,,,,,,,,,,,,,,
,,,,,,,,,,,,,,,,,,,,,,,,,,,,,,,,,,,,
,,,,,,,,,,,,,,,,,,,,,,,,,,,,,,,,,,,,
,,,,,,,,,,,,,,,,,,,,,,,,,,,,,,,,,,,,
,,,,,,,,,,,,,,,,,,,,,,,,,,,,,,,,,,,,
,,,,,,,,,,,,,,,,,,,,,,,,,,,,,,,,,,,,
,,,,,,,,,,,,,,,,,,,,,,,,,,,,,,,,,,,,
,,,,,,,,,,,,,,,,,,,,,,,,,,,,,,,,,,,,
,,,,,,,,,,,,,,,,,,,,,,,,,,,,,,,,,,,,
,,,,,,,,,,,,,,,,,,,,,,,,,,,,,,,,,,,,
,,,,,,,,,,,,,,,,,,,,,,,,,,,,,,,,,,,,
,,,,,,,,,,,,,,,,,,,,,,,,,,,,,,,,,,,,
,,,,,,,,,,,,,,,,,,,,,,,,,,,,,,,,,,,,
,,,,,,,,,,,,,,,,,,,,,,,,,,,,,,,,,,,,
,,,,,,,,,,,,,,,,,,,,,,,,,,,,,,,,,,,,
,,,,,,,,,,,,,,,,,,,,,,,,,,,,,,,,,,,,
,,,,,,,,,,,,,,,,,,,,,,,,,,,,,,,,,,,,
,,,,,,,,,,,,,,,,,,,,,,,,,,,,,,,,,,,,
,,,,,,,,,,,,,,,,,,,,,,,,,,,,,,,,,,,,
,,,,,,,,,,,,,,,,,,,,,,,,,,,,,,,,,,,,
,,,,,,,,,,,,,,,,,,,,,,,,,,,,,,,,,,,,
,,,,,,,,,,,,,,,,,,,,,,,,,,,,,,,,,,,,
,,,,,,,,,,,,,,,,,,,,,,,,,,,,,,,,,,,,
,,,,,,,,,,,,,,,,,,,,,,,,,,,,,,,,,,,,
,,,,,,,,,,,,,,,,,,,,,,,,,,,,,,,,,,,,
,,,,,,,,,,,,,,,,,,,,,,,,,,,,,,,,,,,,
,,,,,,,,,,,,,,,,,,,,,,,,,,,,,,,,,,,,
,,,,,,,,,,,,,,,,,,,,,,,,,,,,,,,,,,,,
,,,,,,,,,,,,,,,,,,,,,,,,,,,,,,,,,,,,
,,,,,,,,,,,,,,,,,,,,,,,,,,,,,,,,,,,,
,,,,,,,,,,,,,,,,,,,,,,,,,,,,,,,,,,,,
,,,,,,,,,,,,,,,,,,,,,,,,,,,,,,,,,,,,
,,,,,,,,,,,,,,,,,,,,,,,,,,,,,,,,,,,,
,,,,,,,,,,,,,,,,,,,,,,,,,,,,,,,,,,,,
,,,,,,,,,,,,,,,,,,,,,,,,,,,,,,,,,,,,
,,,,,,,,,,,,,,,,,,,,,,,,,,,,,,,,,,,,
,,,,,,,,,,,,,,,,,,,,,,,,,,,,,,,,,,,,
,,,,,,,,,,,,,,,,,,,,,,,,,,,,,,,,,,,,
,,,,,,,,,,,,,,,,,,,,,,,,,,,,,,,,,,,,
,,,,,,,,,,,,,,,,,,,,,,,,,,,,,,,,,,,,
,,,,,,,,,,,,,,,,,,,,,,,,,,,,,,,,,,,,
,,,,,,,,,,,,,,,,,,,,,,,,,,,,,,,,,,,,
,,,,,,,,,,,,,,,,,,,,,,,,,,,,,,,,,,,,
,,,,,,,,,,,,,,,,,,,,,,,,,,,,,,,,,,,,
,,,,,,,,,,,,,,,,,,,,,,,,,,,,,,,,,,,,
,,,,,,,,,,,,,,,,,,,,,,,,,,,,,,,,,,,,
,,,,,,,,,,,,,,,,,,,,,,,,,,,,,,,,,,,,
,,,,,,,,,,,,,,,,,,,,,,,,,,,,,,,,,,,,
,,,,,,,,,,,,,,,,,,,,,,,,,,,,,,,,,,,,
,,,,,,,,,,,,,,,,,,,,,,,,,,,,,,,,,,,,
,,,,,,,,,,,,,,,,,,,,,,,,,,,,,,,,,,,,
,,,,,,,,,,,,,,,,,,,,,,,,,,,,,,,,,,,,
,,,,,,,,,,,,,,,,,,,,,,,,,,,,,,,,,,,,
,,,,,,,,,,,,,,,,,,,,,,,,,,,,,,,,,,,,
,,,,,,,,,,,,,,,,,,,,,,,,,,,,,,,,,,,,
,,,,,,,,,,,,,,,,,,,,,,,,,,,,,,,,,,,,
,,,,,,,,,,,,,,,,,,,,,,,,,,,,,,,,,,,,
,,,,,,,,,,,,,,,,,,,,,,,,,,,,,,,,,,,,
,,,,,,,,,,,,,,,,,,,,,,,,,,,,,,,,,,,,
,,,,,,,,,,,,,,,,,,,,,,,,,,,,,,,,,,,,
,,,,,,,,,,,,,,,,,,,,,,,,,,,,,,,,,,,,
,,,,,,,,,,,,,,,,,,,,,,,,,,,,,,,,,,,,
,,,,,,,,,,,,,,,,,,,,,,,,,,,,,,,,,,,,
,,,,,,,,,,,,,,,,,,,,,,,,,,,,,,,,,,,,
,,,,,,,,,,,,,,,,,,,,,,,,,,,,,,,,,,,,
,,,,,,,,,,,,,,,,,,,,,,,,,,,,,,,,,,,,
,,,,,,,,,,,,,,,,,,,,,,,,,,,,,,,,,,,,
,,,,,,,,,,,,,,,,,,,,,,,,,,,,,,,,,,,,
,,,,,,,,,,,,,,,,,,,,,,,,,,,,,,,,,,,,
,,,,,,,,,,,,,,,,,,,,,,,,,,,,,,,,,,,,
,,,,,,,,,,,,,,,,,,,,,,,,,,,,,,,,,,,,
,,,,,,,,,,,,,,,,,,,,,,,,,,,,,,,,,,,,
,,,,,,,,,,,,,,,,,,,,,,,,,,,,,,,,,,,,
,,,,,,,,,,,,,,,,,,,,,,,,,,,,,,,,,,,,
,,,,,,,,,,,,,,,,,,,,,,,,,,,,,,,,,,,,
,,,,,,,,,,,,,,,,,,,,,,,,,,,,,,,,,,,,
,,,,,,,,,,,,,,,,,,,,,,,,,,,,,,,,,,,,
,,,,,,,,,,,,,,,,,,,,,,,,,,,,,,,,,,,,
,,,,,,,,,,,,,,,,,,,,,,,,,,,,,,,,,,,,
,,,,,,,,,,,,,,,,,,,,,,,,,,,,,,,,,,,,
,,,,,,,,,,,,,,,,,,,,,,,,,,,,,,,,,,,,
,,,,,,,,,,,,,,,,,,,,,,,,,,,,,,,,,,,,
,,,,,,,,,,,,,,,,,,,,,,,,,,,,,,,,,,,,
,,,,,,,,,,,,,,,,,,,,,,,,,,,,,,,,,,,,
,,,,,,,,,,,,,,,,,,,,,,,,,,,,,,,,,,,,
,,,,,,,,,,,,,,,,,,,,,,,,,,,,,,,,,,,,
,,,,,,,,,,,,,,,,,,,,,,,,,,,,,,,,,,,,
,,,,,,,,,,,,,,,,,,,,,,,,,,,,,,,,,,,,
,,,,,,,,,,,,,,,,,,,,,,,,,,,,,,,,,,,,
,,,,,,,,,,,,,,,,,,,,,,,,,,,,,,,,,,,,
,,,,,,,,,,,,,,,,,,,,,,,,,,,,,,,,,,,,
,,,,,,,,,,,,,,,,,,,,,,,,,,,,,,,,,,,,
,,,,,,,,,,,,,,,,,,,,,,,,,,,,,,,,,,,,
,,,,,,,,,,,,,,,,,,,,,,,,,,,,,,,,,,,,
,,,,,,,,,,,,,,,,,,,,,,,,,,,,,,,,,,,,
,,,,,,,,,,,,,,,,,,,,,,,,,,,,,,,,,,,,
,,,,,,,,,,,,,,,,,,,,,,,,,,,,,,,,,,,,
,,,,,,,,,,,,,,,,,,,,,,,,,,,,,,,,,,,,
,,,,,,,,,,,,,,,,,,,,,,,,,,,,,,,,,,,,
,,,,,,,,,,,,,,,,,,,,,,,,,,,,,,,,,,,,
,,,,,,,,,,,,,,,,,,,,,,,,,,,,,,,,,,,,
,,,,,,,,,,,,,,,,,,,,,,,,,,,,,,,,,,,,
,,,,,,,,,,,,,,,,,,,,,,,,,,,,,,,,,,,,
,,,,,,,,,,,,,,,,,,,,,,,,,,,,,,,,,,,,
,,,,,,,,,,,,,,,,,,,,,,,,,,,,,,,,,,,,
,,,,,,,,,,,,,,,,,,,,,,,,,,,,,,,,,,,,
,,,,,,,,,,,,,,,,,,,,,,,,,,,,,,,,,,,,
,,,,,,,,,,,,,,,,,,,,,,,,,,,,,,,,,,,,
,,,,,,,,,,,,,,,,,,,,,,,,,,,,,,,,,,,,
,,,,,,,,,,,,,,,,,,,,,,,,,,,,,,,,,,,,
,,,,,,,,,,,,,,,,,,,,,,,,,,,,,,,,,,,,
,,,,,,,,,,,,,,,,,,,,,,,,,,,,,,,,,,,,
,,,,,,,,,,,,,,,,,,,,,,,,,,,,,,,,,,,,
,,,,,,,,,,,,,,,,,,,,,,,,,,,,,,,,,,,,
,,,,,,,,,,,,,,,,,,,,,,,,,,,,,,,,,,,,
,,,,,,,,,,,,,,,,,,,,,,,,,,,,,,,,,,,,
,,,,,,,,,,,,,,,,,,,,,,,,,,,,,,,,,,,,
,,,,,,,,,,,,,,,,,,,,,,,,,,,,,,,,,,,,
,,,,,,,,,,,,,,,,,,,,,,,,,,,,,,,,,,,,
,,,,,,,,,,,,,,,,,,,,,,,,,,,,,,,,,,,,
,,,,,,,,,,,,,,,,,,,,,,,,,,,,,,,,,,,,
,,,,,,,,,,,,,,,,,,,,,,,,,,,,,,,,,,,,
,,,,,,,,,,,,,,,,,,,,,,,,,,,,,,,,,,,,
,,,,,,,,,,,,,,,,,,,,,,,,,,,,,,,,,,,,
,,,,,,,,,,,,,,,,,,,,,,,,,,,,,,,,,,,,
,,,,,,,,,,,,,,,,,,,,,,,,,,,,,,,,,,,,
,,,,,,,,,,,,,,,,,,,,,,,,,,,,,,,,,,,,
,,,,,,,,,,,,,,,,,,,,,,,,,,,,,,,,,,,,
,,,,,,,,,,,,,,,,,,,,,,,,,,,,,,,,,,,,
,,,,,,,,,,,,,,,,,,,,,,,,,,,,,,,,,,,,
,,,,,,,,,,,,,,,,,,,,,,,,,,,,,,,,,,,,
,,,,,,,,,,,,,,,,,,,,,,,,,,,,,,,,,,,,
,,,,,,,,,,,,,,,,,,,,,,,,,,,,,,,,,,,,
,,,,,,,,,,,,,,,,,,,,,,,,,,,,,,,,,,,,
,,,,,,,,,,,,,,,,,,,,,,,,,,,,,,,,,,,,
,,,,,,,,,,,,,,,,,,,,,,,,,,,,,,,,,,,,
,,,,,,,,,,,,,,,,,,,,,,,,,,,,,,,,,,,,
,,,,,,,,,,,,,,,,,,,,,,,,,,,,,,,,,,,,
,,,,,,,,,,,,,,,,,,,,,,,,,,,,,,,,,,,,
,,,,,,,,,,,,,,,,,,,,,,,,,,,,,,,,,,,,
,,,,,,,,,,,,,,,,,,,,,,,,,,,,,,,,,,,,
,,,,,,,,,,,,,,,,,,,,,,,,,,,,,,,,,,,,
,,,,,,,,,,,,,,,,,,,,,,,,,,,,,,,,,,,,
,,,,,,,,,,,,,,,,,,,,,,,,,,,,,,,,,,,,
,,,,,,,,,,,,,,,,,,,,,,,,,,,,,,,,,,,,
,,,,,,,,,,,,,,,,,,,,,,,,,,,,,,,,,,,,
,,,,,,,,,,,,,,,,,,,,,,,,,,,,,,,,,,,,
,,,,,,,,,,,,,,,,,,,,,,,,,,,,,,,,,,,,
,,,,,,,,,,,,,,,,,,,,,,,,,,,,,,,,,,,,
,,,,,,,,,,,,,,,,,,,,,,,,,,,,,,,,,,,,
,,,,,,,,,,,,,,,,,,,,,,,,,,,,,,,,,,,,
,,,,,,,,,,,,,,,,,,,,,,,,,,,,,,,,,,,,
,,,,,,,,,,,,,,,,,,,,,,,,,,,,,,,,,,,,
,,,,,,,,,,,,,,,,,,,,,,,,,,,,,,,,,,,,
,,,,,,,,,,,,,,,,,,,,,,,,,,,,,,,,,,,,
,,,,,,,,,,,,,,,,,,,,,,,,,,,,,,,,,,,,
,,,,,,,,,,,,,,,,,,,,,,,,,,,,,,,,,,,,
,,,,,,,,,,,,,,,,,,,,,,,,,,,,,,,,,,,,
,,,,,,,,,,,,,,,,,,,,,,,,,,,,,,,,,,,,
,,,,,,,,,,,,,,,,,,,,,,,,,,,,,,,,,,,,
,,,,,,,,,,,,,,,,,,,,,,,,,,,,,,,,,,,,
,,,,,,,,,,,,,,,,,,,,,,,,,,,,,,,,,,,,
,,,,,,,,,,,,,,,,,,,,,,,,,,,,,,,,,,,,
,,,,,,,,,,,,,,,,,,,,,,,,,,,,,,,,,,,,
,,,,,,,,,,,,,,,,,,,,,,,,,,,,,,,,,,,,
,,,,,,,,,,,,,,,,,,,,,,,,,,,,,,,,,,,,
,,,,,,,,,,,,,,,,,,,,,,,,,,,,,,,,,,,,
,,,,,,,,,,,,,,,,,,,,,,,,,,,,,,,,,,,,
,,,,,,,,,,,,,,,,,,,,,,,,,,,,,,,,,,,,
,,,,,,,,,,,,,,,,,,,,,,,,,,,,,,,,,,,,
,,,,,,,,,,,,,,,,,,,,,,,,,,,,,,,,,,,,
,,,,,,,,,,,,,,,,,,,,,,,,,,,,,,,,,,,,
,,,,,,,,,,,,,,,,,,,,,,,,,,,,,,,,,,,,
,,,,,,,,,,,,,,,,,,,,,,,,,,,,,,,,,,,,
,,,,,,,,,,,,,,,,,,,,,,,,,,,,,,,,,,,,
,,,,,,,,,,,,,,,,,,,,,,,,,,,,,,,,,,,,
,,,,,,,,,,,,,,,,,,,,,,,,,,,,,,,,,,,,
,,,,,,,,,,,,,,,,,,,,,,,,,,,,,,,,,,,,
,,,,,,,,,,,,,,,,,,,,,,,,,,,,,,,,,,,,
,,,,,,,,,,,,,,,,,,,,,,,,,,,,,,,,,,,,
,,,,,,,,,,,,,,,,,,,,,,,,,,,,,,,,,,,,
,,,,,,,,,,,,,,,,,,,,,,,,,,,,,,,,,,,,
,,,,,,,,,,,,,,,,,,,,,,,,,,,,,,,,,,,,
,,,,,,,,,,,,,,,,,,,,,,,,,,,,,,,,,,,,
,,,,,,,,,,,,,,,,,,,,,,,,,,,,,,,,,,,,
,,,,,,,,,,,,,,,,,,,,,,,,,,,,,,,,,,,,
,,,,,,,,,,,,,,,,,,,,,,,,,,,,,,,,,,,,
,,,,,,,,,,,,,,,,,,,,,,,,,,,,,,,,,,,,
,,,,,,,,,,,,,,,,,,,,,,,,,,,,,,,,,,,,
,,,,,,,,,,,,,,,,,,,,,,,,,,,,,,,,,,,,
,,,,,,,,,,,,,,,,,,,,,,,,,,,,,,,,,,,,
,,,,,,,,,,,,,,,,,,,,,,,,,,,,,,,,,,,,
,,,,,,,,,,,,,,,,,,,,,,,,,,,,,,,,,,,,
,,,,,,,,,,,,,,,,,,,,,,,,,,,,,,,,,,,,
,,,,,,,,,,,,,,,,,,,,,,,,,,,,,,,,,,,,
,,,,,,,,,,,,,,,,,,,,,,,,,,,,,,,,,,,,
,,,,,,,,,,,,,,,,,,,,,,,,,,,,,,,,,,,,
,,,,,,,,,,,,,,,,,,,,,,,,,,,,,,,,,,,,
,,,,,,,,,,,,,,,,,,,,,,,,,,,,,,,,,,,,
,,,,,,,,,,,,,,,,,,,,,,,,,,,,,,,,,,,,
,,,,,,,,,,,,,,,,,,,,,,,,,,,,,,,,,,,,
,,,,,,,,,,,,,,,,,,,,,,,,,,,,,,,,,,,,
,,,,,,,,,,,,,,,,,,,,,,,,,,,,,,,,,,,,
,,,,,,,,,,,,,,,,,,,,,,,,,,,,,,,,,,,,
,,,,,,,,,,,,,,,,,,,,,,,,,,,,,,,,,,,,
,,,,,,,,,,,,,,,,,,,,,,,,,,,,,,,,,,,,
,,,,,,,,,,,,,,,,,,,,,,,,,,,,,,,,,,,,
,,,,,,,,,,,,,,,,,,,,,,,,,,,,,,,,,,,,
,,,,,,,,,,,,,,,,,,,,,,,,,,,,,,,,,,,,
,,,,,,,,,,,,,,,,,,,,,,,,,,,,,,,,,,,,
,,,,,,,,,,,,,,,,,,,,,,,,,,,,,,,,,,,,
,,,,,,,,,,,,,,,,,,,,,,,,,,,,,,,,,,,,
,,,,,,,,,,,,,,,,,,,,,,,,,,,,,,,,,,,,
,,,,,,,,,,,,,,,,,,,,,,,,,,,,,,,,,,,,
,,,,,,,,,,,,,,,,,,,,,,,,,,,,,,,,,,,,
,,,,,,,,,,,,,,,,,,,,,,,,,,,,,,,,,,,,
,,,,,,,,,,,,,,,,,,,,,,,,,,,,,,,,,,,,
,,,,,,,,,,,,,,,,,,,,,,,,,,,,,,,,,,,,
,,,,,,,,,,,,,,,,,,,,,,,,,,,,,,,,,,,,
,,,,,,,,,,,,,,,,,,,,,,,,,,,,,,,,,,,,
,,,,,,,,,,,,,,,,,,,,,,,,,,,,,,,,,,,,
,,,,,,,,,,,,,,,,,,,,,,,,,,,,,,,,,,,,
,,,,,,,,,,,,,,,,,,,,,,,,,,,,,,,,,,,,
,,,,,,,,,,,,,,,,,,,,,,,,,,,,,,,,,,,,
,,,,,,,,,,,,,,,,,,,,,,,,,,,,,,,,,,,,
,,,,,,,,,,,,,,,,,,,,,,,,,,,,,,,,,,,,
,,,,,,,,,,,,,,,,,,,,,,,,,,,,,,,,,,,,
,,,,,,,,,,,,,,,,,,,,,,,,,,,,,,,,,,,,
,,,,,,,,,,,,,,,,,,,,,,,,,,,,,,,,,,,,
,,,,,,,,,,,,,,,,,,,,,,,,,,,,,,,,,,,,
,,,,,,,,,,,,,,,,,,,,,,,,,,,,,,,,,,,,
,,,,,,,,,,,,,,,,,,,,,,,,,,,,,,,,,,,,
,,,,,,,,,,,,,,,,,,,,,,,,,,,,,,,,,,,,
,,,,,,,,,,,,,,,,,,,,,,,,,,,,,,,,,,,,
,,,,,,,,,,,,,,,,,,,,,,,,,,,,,,,,,,,,
,,,,,,,,,,,,,,,,,,,,,,,,,,,,,,,,,,,,
,,,,,,,,,,,,,,,,,,,,,,,,,,,,,,,,,,,,
,,,,,,,,,,,,,,,,,,,,,,,,,,,,,,,,,,,,
,,,,,,,,,,,,,,,,,,,,,,,,,,,,,,,,,,,,
,,,,,,,,,,,,,,,,,,,,,,,,,,,,,,,,,,,,
,,,,,,,,,,,,,,,,,,,,,,,,,,,,,,,,,,,,
,,,,,,,,,,,,,,,,,,,,,,,,,,,,,,,,,,,,
,,,,,,,,,,,,,,,,,,,,,,,,,,,,,,,,,,,,
,,,,,,,,,,,,,,,,,,,,,,,,,,,,,,,,,,,,
,,,,,,,,,,,,,,,,,,,,,,,,,,,,,,,,,,,,
,,,,,,,,,,,,,,,,,,,,,,,,,,,,,,,,,,,,
,,,,,,,,,,,,,,,,,,,,,,,,,,,,,,,,,,,,
,,,,,,,,,,,,,,,,,,,,,,,,,,,,,,,,,,,,
,,,,,,,,,,,,,,,,,,,,,,,,,,,,,,,,,,,,
,,,,,,,,,,,,,,,,,,,,,,,,,,,,,,,,,,,,
,,,,,,,,,,,,,,,,,,,,,,,,,,,,,,,,,,,,
,,,,,,,,,,,,,,,,,,,,,,,,,,,,,,,,,,,,
,,,,,,,,,,,,,,,,,,,,,,,,,,,,,,,,,,,,
,,,,,,,,,,,,,,,,,,,,,,,,,,,,,,,,,,,,
,,,,,,,,,,,,,,,,,,,,,,,,,,,,,,,,,,,,
,,,,,,,,,,,,,,,,,,,,,,,,,,,,,,,,,,,,
,,,,,,,,,,,,,,,,,,,,,,,,,,,,,,,,,,,,
,,,,,,,,,,,,,,,,,,,,,,,,,,,,,,,,,,,,
,,,,,,,,,,,,,,,,,,,,,,,,,,,,,,,,,,,,
,,,,,,,,,,,,,,,,,,,,,,,,,,,,,,,,,,,,
,,,,,,,,,,,,,,,,,,,,,,,,,,,,,,,,,,,,
,,,,,,,,,,,,,,,,,,,,,,,,,,,,,,,,,,,,
,,,,,,,,,,,,,,,,,,,,,,,,,,,,,,,,,,,,
,,,,,,,,,,,,,,,,,,,,,,,,,,,,,,,,,,,,
,,,,,,,,,,,,,,,,,,,,,,,,,,,,,,,,,,,,
,,,,,,,,,,,,,,,,,,,,,,,,,,,,,,,,,,,,
,,,,,,,,,,,,,,,,,,,,,,,,,,,,,,,,,,,,
,,,,,,,,,,,,,,,,,,,,,,,,,,,,,,,,,,,,
,,,,,,,,,,,,,,,,,,,,,,,,,,,,,,,,,,,,
,,,,,,,,,,,,,,,,,,,,,,,,,,,,,,,,,,,,
,,,,,,,,,,,,,,,,,,,,,,,,,,,,,,,,,,,,
,,,,,,,,,,,,,,,,,,,,,,,,,,,,,,,,,,,,
,,,,,,,,,,,,,,,,,,,,,,,,,,,,,,,,,,,,
,,,,,,,,,,,,,,,,,,,,,,,,,,,,,,,,,,,,
,,,,,,,,,,,,,,,,,,,,,,,,,,,,,,,,,,,,
,,,,,,,,,,,,,,,,,,,,,,,,,,,,,,,,,,,,
,,,,,,,,,,,,,,,,,,,,,,,,,,,,,,,,,,,,
,,,,,,,,,,,,,,,,,,,,,,,,,,,,,,,,,,,,
,,,,,,,,,,,,,,,,,,,,,,,,,,,,,,,,,,,,
,,,,,,,,,,,,,,,,,,,,,,,,,,,,,,,,,,,,
,,,,,,,,,,,,,,,,,,,,,,,,,,,,,,,,,,,,
,,,,,,,,,,,,,,,,,,,,,,,,,,,,,,,,,,,,
,,,,,,,,,,,,,,,,,,,,,,,,,,,,,,,,,,,,
,,,,,,,,,,,,,,,,,,,,,,,,,,,,,,,,,,,,
,,,,,,,,,,,,,,,,,,,,,,,,,,,,,,,,,,,,
,,,,,,,,,,,,,,,,,,,,,,,,,,,,,,,,,,,,
,,,,,,,,,,,,,,,,,,,,,,,,,,,,,,,,,,,,
,,,,,,,,,,,,,,,,,,,,,,,,,,,,,,,,,,,,
,,,,,,,,,,,,,,,,,,,,,,,,,,,,,,,,,,,,
,,,,,,,,,,,,,,,,,,,,,,,,,,,,,,,,,,,,
,,,,,,,,,,,,,,,,,,,,,,,,,,,,,,,,,,,,
,,,,,,,,,,,,,,,,,,,,,,,,,,,,,,,,,,,,
,,,,,,,,,,,,,,,,,,,,,,,,,,,,,,,,,,,,
,,,,,,,,,,,,,,,,,,,,,,,,,,,,,,,,,,,,
,,,,,,,,,,,,,,,,,,,,,,,,,,,,,,,,,,,,
,,,,,,,,,,,,,,,,,,,,,,,,,,,,,,,,,,,,
,,,,,,,,,,,,,,,,,,,,,,,,,,,,,,,,,,,,
,,,,,,,,,,,,,,,,,,,,,,,,,,,,,,,,,,,,
,,,,,,,,,,,,,,,,,,,,,,,,,,,,,,,,,,,,
,,,,,,,,,,,,,,,,,,,,,,,,,,,,,,,,,,,,
,,,,,,,,,,,,,,,,,,,,,,,,,,,,,,,,,,,,
,,,,,,,,,,,,,,,,,,,,,,,,,,,,,,,,,,,,
,,,,,,,,,,,,,,,,,,,,,,,,,,,,,,,,,,,,
,,,,,,,,,,,,,,,,,,,,,,,,,,,,,,,,,,,,
,,,,,,,,,,,,,,,,,,,,,,,,,,,,,,,,,,,,
,,,,,,,,,,,,,,,,,,,,,,,,,,,,,,,,,,,,
,,,,,,,,,,,,,,,,,,,,,,,,,,,,,,,,,,,,
,,,,,,,,,,,,,,,,,,,,,,,,,,,,,,,,,,,,
,,,,,,,,,,,,,,,,,,,,,,,,,,,,,,,,,,,,
,,,,,,,,,,,,,,,,,,,,,,,,,,,,,,,,,,,,
,,,,,,,,,,,,,,,,,,,,,,,,,,,,,,,,,,,,
,,,,,,,,,,,,,,,,,,,,,,,,,,,,,,,,,,,,
,,,,,,,,,,,,,,,,,,,,,,,,,,,,,,,,,,,,
,,,,,,,,,,,,,,,,,,,,,,,,,,,,,,,,,,,,
,,,,,,,,,,,,,,,,,,,,,,,,,,,,,,,,,,,,
,,,,,,,,,,,,,,,,,,,,,,,,,,,,,,,,,,,,
,,,,,,,,,,,,,,,,,,,,,,,,,,,,,,,,,,,,
,,,,,,,,,,,,,,,,,,,,,,,,,,,,,,,,,,,,
,,,,,,,,,,,,,,,,,,,,,,,,,,,,,,,,,,,,
,,,,,,,,,,,,,,,,,,,,,,,,,,,,,,,,,,,,
,,,,,,,,,,,,,,,,,,,,,,,,,,,,,,,,,,,,
,,,,,,,,,,,,,,,,,,,,,,,,,,,,,,,,,,,,
,,,,,,,,,,,,,,,,,,,,,,,,,,,,,,,,,,,,
,,,,,,,,,,,,,,,,,,,,,,,,,,,,,,,,,,,,
,,,,,,,,,,,,,,,,,,,,,,,,,,,,,,,,,,,,
,,,,,,,,,,,,,,,,,,,,,,,,,,,,,,,,,,,,
,,,,,,,,,,,,,,,,,,,,,,,,,,,,,,,,,,,,
,,,,,,,,,,,,,,,,,,,,,,,,,,,,,,,,,,,,
,,,,,,,,,,,,,,,,,,,,,,,,,,,,,,,,,,,,
,,,,,,,,,,,,,,,,,,,,,,,,,,,,,,,,,,,,
,,,,,,,,,,,,,,,,,,,,,,,,,,,,,,,,,,,,
,,,,,,,,,,,,,,,,,,,,,,,,,,,,,,,,,,,,
,,,,,,,,,,,,,,,,,,,,,,,,,,,,,,,,,,,,
,,,,,,,,,,,,,,,,,,,,,,,,,,,,,,,,,,,,
,,,,,,,,,,,,,,,,,,,,,,,,,,,,,,,,,,,,
,,,,,,,,,,,,,,,,,,,,,,,,,,,,,,,,,,,,
,,,,,,,,,,,,,,,,,,,,,,,,,,,,,,,,,,,,
,,,,,,,,,,,,,,,,,,,,,,,,,,,,,,,,,,,,
,,,,,,,,,,,,,,,,,,,,,,,,,,,,,,,,,,,,
,,,,,,,,,,,,,,,,,,,,,,,,,,,,,,,,,,,,
,,,,,,,,,,,,,,,,,,,,,,,,,,,,,,,,,,,,
,,,,,,,,,,,,,,,,,,,,,,,,,,,,,,,,,,,,
,,,,,,,,,,,,,,,,,,,,,,,,,,,,,,,,,,,,
,,,,,,,,,,,,,,,,,,,,,,,,,,,,,,,,,,,,
,,,,,,,,,,,,,,,,,,,,,,,,,,,,,,,,,,,,
,,,,,,,,,,,,,,,,,,,,,,,,,,,,,,,,,,,,
,,,,,,,,,,,,,,,,,,,,,,,,,,,,,,,,,,,,
,,,,,,,,,,,,,,,,,,,,,,,,,,,,,,,,,,,,
,,,,,,,,,,,,,,,,,,,,,,,,,,,,,,,,,,,,
,,,,,,,,,,,,,,,,,,,,,,,,,,,,,,,,,,,,
,,,,,,,,,,,,,,,,,,,,,,,,,,,,,,,,,,,,
,,,,,,,,,,,,,,,,,,,,,,,,,,,,,,,,,,,,
,,,,,,,,,,,,,,,,,,,,,,,,,,,,,,,,,,,,
,,,,,,,,,,,,,,,,,,,,,,,,,,,,,,,,,,,,
,,,,,,,,,,,,,,,,,,,,,,,,,,,,,,,,,,,,
,,,,,,,,,,,,,,,,,,,,,,,,,,,,,,,,,,,,
,,,,,,,,,,,,,,,,,,,,,,,,,,,,,,,,,,,,
,,,,,,,,,,,,,,,,,,,,,,,,,,,,,,,,,,,,
,,,,,,,,,,,,,,,,,,,,,,,,,,,,,,,,,,,,
,,,,,,,,,,,,,,,,,,,,,,,,,,,,,,,,,,,,
,,,,,,,,,,,,,,,,,,,,,,,,,,,,,,,,,,,,
,,,,,,,,,,,,,,,,,,,,,,,,,,,,,,,,,,,,
,,,,,,,,,,,,,,,,,,,,,,,,,,,,,,,,,,,,
,,,,,,,,,,,,,,,,,,,,,,,,,,,,,,,,,,,,
,,,,,,,,,,,,,,,,,,,,,,,,,,,,,,,,,,,,
,,,,,,,,,,,,,,,,,,,,,,,,,,,,,,,,,,,,
,,,,,,,,,,,,,,,,,,,,,,,,,,,,,,,,,,,,
,,,,,,,,,,,,,,,,,,,,,,,,,,,,,,,,,,,,
,,,,,,,,,,,,,,,,,,,,,,,,,,,,,,,,,,,,
,,,,,,,,,,,,,,,,,,,,,,,,,,,,,,,,,,,,
,,,,,,,,,,,,,,,,,,,,,,,,,,,,,,,,,,,,
,,,,,,,,,,,,,,,,,,,,,,,,,,,,,,,,,,,,
,,,,,,,,,,,,,,,,,,,,,,,,,,,,,,,,,,,,
,,,,,,,,,,,,,,,,,,,,,,,,,,,,,,,,,,,,
,,,,,,,,,,,,,,,,,,,,,,,,,,,,,,,,,,,,
,,,,,,,,,,,,,,,,,,,,,,,,,,,,,,,,,,,,
,,,,,,,,,,,,,,,,,,,,,,,,,,,,,,,,,,,,
,,,,,,,,,,,,,,,,,,,,,,,,,,,,,,,,,,,,
,,,,,,,,,,,,,,,,,,,,,,,,,,,,,,,,,,,,
,,,,,,,,,,,,,,,,,,,,,,,,,,,,,,,,,,,,
,,,,,,,,,,,,,,,,,,,,,,,,,,,,,,,,,,,,
,,,,,,,,,,,,,,,,,,,,,,,,,,,,,,,,,,,,
,,,,,,,,,,,,,,,,,,,,,,,,,,,,,,,,,,,,
,,,,,,,,,,,,,,,,,,,,,,,,,,,,,,,,,,,,
,,,,,,,,,,,,,,,,,,,,,,,,,,,,,,,,,,,,
,,,,,,,,,,,,,,,,,,,,,,,,,,,,,,,,,,,,
,,,,,,,,,,,,,,,,,,,,,,,,,,,,,,,,,,,,
,,,,,,,,,,,,,,,,,,,,,,,,,,,,,,,,,,,,
,,,,,,,,,,,,,,,,,,,,,,,,,,,,,,,,,,,,
,,,,,,,,,,,,,,,,,,,,,,,,,,,,,,,,,,,,
,,,,,,,,,,,,,,,,,,,,,,,,,,,,,,,,,,,,
,,,,,,,,,,,,,,,,,,,,,,,,,,,,,,,,,,,,
,,,,,,,,,,,,,,,,,,,,,,,,,,,,,,,,,,,,
,,,,,,,,,,,,,,,,,,,,,,,,,,,,,,,,,,,,
,,,,,,,,,,,,,,,,,,,,,,,,,,,,,,,,,,,,
,,,,,,,,,,,,,,,,,,,,,,,,,,,,,,,,,,,,
,,,,,,,,,,,,,,,,,,,,,,,,,,,,,,,,,,,,
,,,,,,,,,,,,,,,,,,,,,,,,,,,,,,,,,,,,
,,,,,,,,,,,,,,,,,,,,,,,,,,,,,,,,,,,,
,,,,,,,,,,,,,,,,,,,,,,,,,,,,,,,,,,,,
,,,,,,,,,,,,,,,,,,,,,,,,,,,,,,,,,,,,
,,,,,,,,,,,,,,,,,,,,,,,,,,,,,,,,,,,,
,,,,,,,,,,,,,,,,,,,,,,,,,,,,,,,,,,,,
,,,,,,,,,,,,,,,,,,,,,,,,,,,,,,,,,,,,
,,,,,,,,,,,,,,,,,,,,,,,,,,,,,,,,,,,,
,,,,,,,,,,,,,,,,,,,,,,,,,,,,,,,,,,,,
,,,,,,,,,,,,,,,,,,,,,,,,,,,,,,,,,,,,
,,,,,,,,,,,,,,,,,,,,,,,,,,,,,,,,,,,,
,,,,,,,,,,,,,,,,,,,,,,,,,,,,,,,,,,,,
,,,,,,,,,,,,,,,,,,,,,,,,,,,,,,,,,,,,
,,,,,,,,,,,,,,,,,,,,,,,,,,,,,,,,,,,,
,,,,,,,,,,,,,,,,,,,,,,,,,,,,,,,,,,,,
,,,,,,,,,,,,,,,,,,,,,,,,,,,,,,,,,,,,
,,,,,,,,,,,,,,,,,,,,,,,,,,,,,,,,,,,,
,,,,,,,,,,,,,,,,,,,,,,,,,,,,,,,,,,,,
,,,,,,,,,,,,,,,,,,,,,,,,,,,,,,,,,,,,
,,,,,,,,,,,,,,,,,,,,,,,,,,,,,,,,,,,,
,,,,,,,,,,,,,,,,,,,,,,,,,,,,,,,,,,,,
,,,,,,,,,,,,,,,,,,,,,,,,,,,,,,,,,,,,
,,,,,,,,,,,,,,,,,,,,,,,,,,,,,,,,,,,,
,,,,,,,,,,,,,,,,,,,,,,,,,,,,,,,,,,,,
,,,,,,,,,,,,,,,,,,,,,,,,,,,,,,,,,,,,
,,,,,,,,,,,,,,,,,,,,,,,,,,,,,,,,,,,,
,,,,,,,,,,,,,,,,,,,,,,,,,,,,,,,,,,,,
,,,,,,,,,,,,,,,,,,,,,,,,,,,,,,,,,,,,
,,,,,,,,,,,,,,,,,,,,,,,,,,,,,,,,,,,,
,,,,,,,,,,,,,,,,,,,,,,,,,,,,,,,,,,,,
,,,,,,,,,,,,,,,,,,,,,,,,,,,,,,,,,,,,
,,,,,,,,,,,,,,,,,,,,,,,,,,,,,,,,,,,,
,,,,,,,,,,,,,,,,,,,,,,,,,,,,,,,,,,,,
,,,,,,,,,,,,,,,,,,,,,,,,,,,,,,,,,,,,
,,,,,,,,,,,,,,,,,,,,,,,,,,,,,,,,,,,,
,,,,,,,,,,,,,,,,,,,,,,,,,,,,,,,,,,,,
,,,,,,,,,,,,,,,,,,,,,,,,,,,,,,,,,,,,
,,,,,,,,,,,,,,,,,,,,,,,,,,,,,,,,,,,,
,,,,,,,,,,,,,,,,,,,,,,,,,,,,,,,,,,,,
,,,,,,,,,,,,,,,,,,,,,,,,,,,,,,,,,,,,
,,,,,,,,,,,,,,,,,,,,,,,,,,,,,,,,,,,,
,,,,,,,,,,,,,,,,,,,,,,,,,,,,,,,,,,,,
,,,,,,,,,,,,,,,,,,,,,,,,,,,,,,,,,,,,
,,,,,,,,,,,,,,,,,,,,,,,,,,,,,,,,,,,,
,,,,,,,,,,,,,,,,,,,,,,,,,,,,,,,,,,,,
,,,,,,,,,,,,,,,,,,,,,,,,,,,,,,,,,,,,
,,,,,,,,,,,,,,,,,,,,,,,,,,,,,,,,,,,,
,,,,,,,,,,,,,,,,,,,,,,,,,,,,,,,,,,,,
,,,,,,,,,,,,,,,,,,,,,,,,,,,,,,,,,,,,
,,,,,,,,,,,,,,,,,,,,,,,,,,,,,,,,,,,,
,,,,,,,,,,,,,,,,,,,,,,,,,,,,,,,,,,,,
,,,,,,,,,,,,,,,,,,,,,,,,,,,,,,,,,,,,
,,,,,,,,,,,,,,,,,,,,,,,,,,,,,,,,,,,,
,,,,,,,,,,,,,,,,,,,,,,,,,,,,,,,,,,,,
,,,,,,,,,,,,,,,,,,,,,,,,,,,,,,,,,,,,
,,,,,,,,,,,,,,,,,,,,,,,,,,,,,,,,,,,,
,,,,,,,,,,,,,,,,,,,,,,,,,,,,,,,,,,,,
,,,,,,,,,,,,,,,,,,,,,,,,,,,,,,,,,,,,
,,,,,,,,,,,,,,,,,,,,,,,,,,,,,,,,,,,,
,,,,,,,,,,,,,,,,,,,,,,,,,,,,,,,,,,,,
,,,,,,,,,,,,,,,,,,,,,,,,,,,,,,,,,,,,
,,,,,,,,,,,,,,,,,,,,,,,,,,,,,,,,,,,,
,,,,,,,,,,,,,,,,,,,,,,,,,,,,,,,,,,,,
,,,,,,,,,,,,,,,,,,,,,,,,,,,,,,,,,,,,
,,,,,,,,,,,,,,,,,,,,,,,,,,,,,,,,,,,,
,,,,,,,,,,,,,,,,,,,,,,,,,,,,,,,,,,,,
,,,,,,,,,,,,,,,,,,,,,,,,,,,,,,,,,,,,
,,,,,,,,,,,,,,,,,,,,,,,,,,,,,,,,,,,,
,,,,,,,,,,,,,,,,,,,,,,,,,,,,,,,,,,,,
,,,,,,,,,,,,,,,,,,,,,,,,,,,,,,,,,,,,
,,,,,,,,,,,,,,,,,,,,,,,,,,,,,,,,,,,,
,,,,,,,,,,,,,,,,,,,,,,,,,,,,,,,,,,,,
,,,,,,,,,,,,,,,,,,,,,,,,,,,,,,,,,,,,
,,,,,,,,,,,,,,,,,,,,,,,,,,,,,,,,,,,,
,,,,,,,,,,,,,,,,,,,,,,,,,,,,,,,,,,,,
,,,,,,,,,,,,,,,,,,,,,,,,,,,,,,,,,,,,
,,,,,,,,,,,,,,,,,,,,,,,,,,,,,,,,,,,,
,,,,,,,,,,,,,,,,,,,,,,,,,,,,,,,,,,,,
,,,,,,,,,,,,,,,,,,,,,,,,,,,,,,,,,,,,
,,,,,,,,,,,,,,,,,,,,,,,,,,,,,,,,,,,,
,,,,,,,,,,,,,,,,,,,,,,,,,,,,,,,,,,,,
,,,,,,,,,,,,,,,,,,,,,,,,,,,,,,,,,,,,
,,,,,,,,,,,,,,,,,,,,,,,,,,,,,,,,,,,,
,,,,,,,,,,,,,,,,,,,,,,,,,,,,,,,,,,,,
,,,,,,,,,,,,,,,,,,,,,,,,,,,,,,,,,,,,
,,,,,,,,,,,,,,,,,,,,,,,,,,,,,,,,,,,,
,,,,,,,,,,,,,,,,,,,,,,,,,,,,,,,,,,,,
,,,,,,,,,,,,,,,,,,,,,,,,,,,,,,,,,,,,
,,,,,,,,,,,,,,,,,,,,,,,,,,,,,,,,,,,,
,,,,,,,,,,,,,,,,,,,,,,,,,,,,,,,,,,,,
,,,,,,,,,,,,,,,,,,,,,,,,,,,,,,,,,,,,
,,,,,,,,,,,,,,,,,,,,,,,,,,,,,,,,,,,,
,,,,,,,,,,,,,,,,,,,,,,,,,,,,,,,,,,,,
,,,,,,,,,,,,,,,,,,,,,,,,,,,,,,,,,,,,
,,,,,,,,,,,,,,,,,,,,,,,,,,,,,,,,,,,,
,,,,,,,,,,,,,,,,,,,,,,,,,,,,,,,,,,,,
,,,,,,,,,,,,,,,,,,,,,,,,,,,,,,,,,,,,
,,,,,,,,,,,,,,,,,,,,,,,,,,,,,,,,,,,,
,,,,,,,,,,,,,,,,,,,,,,,,,,,,,,,,,,,,
,,,,,,,,,,,,,,,,,,,,,,,,,,,,,,,,,,,,
,,,,,,,,,,,,,,,,,,,,,,,,,,,,,,,,,,,,
,,,,,,,,,,,,,,,,,,,,,,,,,,,,,,,,,,,,
,,,,,,,,,,,,,,,,,,,,,,,,,,,,,,,,,,,,
,,,,,,,,,,,,,,,,,,,,,,,,,,,,,,,,,,,,
,,,,,,,,,,,,,,,,,,,,,,,,,,,,,,,,,,,,
,,,,,,,,,,,,,,,,,,,,,,,,,,,,,,,,,,,,
,,,,,,,,,,,,,,,,,,,,,,,,,,,,,,,,,,,,
,,,,,,,,,,,,,,,,,,,,,,,,,,,,,,,,,,,,
,,,,,,,,,,,,,,,,,,,,,,,,,,,,,,,,,,,,
,,,,,,,,,,,,,,,,,,,,,,,,,,,,,,,,,,,,
,,,,,,,,,,,,,,,,,,,,,,,,,,,,,,,,,,,,
,,,,,,,,,,,,,,,,,,,,,,,,,,,,,,,,,,,,
,,,,,,,,,,,,,,,,,,,,,,,,,,,,,,,,,,,,
,,,,,,,,,,,,,,,,,,,,,,,,,,,,,,,,,,,,
,,,,,,,,,,,,,,,,,,,,,,,,,,,,,,,,,,,,
,,,,,,,,,,,,,,,,,,,,,,,,,,,,,,,,,,,,
,,,,,,,,,,,,,,,,,,,,,,,,,,,,,,,,,,,,
,,,,,,,,,,,,,,,,,,,,,,,,,,,,,,,,,,,,
,,,,,,,,,,,,,,,,,,,,,,,,,,,,,,,,,,,,
,,,,,,,,,,,,,,,,,,,,,,,,,,,,,,,,,,,,
,,,,,,,,,,,,,,,,,,,,,,,,,,,,,,,,,,,,
,,,,,,,,,,,,,,,,,,,,,,,,,,,,,,,,,,,,
,,,,,,,,,,,,,,,,,,,,,,,,,,,,,,,,,,,,
,,,,,,,,,,,,,,,,,,,,,,,,,,,,,,,,,,,,
,,,,,,,,,,,,,,,,,,,,,,,,,,,,,,,,,,,,
,,,,,,,,,,,,,,,,,,,,,,,,,,,,,,,,,,,,
,,,,,,,,,,,,,,,,,,,,,,,,,,,,,,,,,,,,
,,,,,,,,,,,,,,,,,,,,,,,,,,,,,,,,,,,,
,,,,,,,,,,,,,,,,,,,,,,,,,,,,,,,,,,,,
,,,,,,,,,,,,,,,,,,,,,,,,,,,,,,,,,,,,
,,,,,,,,,,,,,,,,,,,,,,,,,,,,,,,,,,,,
,,,,,,,,,,,,,,,,,,,,,,,,,,,,,,,,,,,,
,,,,,,,,,,,,,,,,,,,,,,,,,,,,,,,,,,,,
,,,,,,,,,,,,,,,,,,,,,,,,,,,,,,,,,,,,
,,,,,,,,,,,,,,,,,,,,,,,,,,,,,,,,,,,,
,,,,,,,,,,,,,,,,,,,,,,,,,,,,,,,,,,,,
,,,,,,,,,,,,,,,,,,,,,,,,,,,,,,,,,,,,
,,,,,,,,,,,,,,,,,,,,,,,,,,,,,,,,,,,,
,,,,,,,,,,,,,,,,,,,,,,,,,,,,,,,,,,,,
,,,,,,,,,,,,,,,,,,,,,,,,,,,,,,,,,,,,
,,,,,,,,,,,,,,,,,,,,,,,,,,,,,,,,,,,,
,,,,,,,,,,,,,,,,,,,,,,,,,,,,,,,,,,,,
,,,,,,,,,,,,,,,,,,,,,,,,,,,,,,,,,,,,
,,,,,,,,,,,,,,,,,,,,,,,,,,,,,,,,,,,,
,,,,,,,,,,,,,,,,,,,,,,,,,,,,,,,,,,,,
,,,,,,,,,,,,,,,,,,,,,,,,,,,,,,,,,,,,
,,,,,,,,,,,,,,,,,,,,,,,,,,,,,,,,,,,,
,,,,,,,,,,,,,,,,,,,,,,,,,,,,,,,,,,,,
,,,,,,,,,,,,,,,,,,,,,,,,,,,,,,,,,,,,
,,,,,,,,,,,,,,,,,,,,,,,,,,,,,,,,,,,,
,,,,,,,,,,,,,,,,,,,,,,,,,,,,,,,,,,,,
,,,,,,,,,,,,,,,,,,,,,,,,,,,,,,,,,,,,
,,,,,,,,,,,,,,,,,,,,,,,,,,,,,,,,,,,,
,,,,,,,,,,,,,,,,,,,,,,,,,,,,,,,,,,,,
,,,,,,,,,,,,,,,,,,,,,,,,,,,,,,,,,,,,
,,,,,,,,,,,,,,,,,,,,,,,,,,,,,,,,,,,,
,,,,,,,,,,,,,,,,,,,,,,,,,,,,,,,,,,,,
,,,,,,,,,,,,,,,,,,,,,,,,,,,,,,,,,,,,
,,,,,,,,,,,,,,,,,,,,,,,,,,,,,,,,,,,,
,,,,,,,,,,,,,,,,,,,,,,,,,,,,,,,,,,,,
,,,,,,,,,,,,,,,,,,,,,,,,,,,,,,,,,,,,
,,,,,,,,,,,,,,,,,,,,,,,,,,,,,,,,,,,,
,,,,,,,,,,,,,,,,,,,,,,,,,,,,,,,,,,,,
,,,,,,,,,,,,,,,,,,,,,,,,,,,,,,,,,,,,
,,,,,,,,,,,,,,,,,,,,,,,,,,,,,,,,,,,,
,,,,,,,,,,,,,,,,,,,,,,,,,,,,,,,,,,,,
,,,,,,,,,,,,,,,,,,,,,,,,,,,,,,,,,,,,
,,,,,,,,,,,,,,,,,,,,,,,,,,,,,,,,,,,,
,,,,,,,,,,,,,,,,,,,,,,,,,,,,,,,,,,,,
,,,,,,,,,,,,,,,,,,,,,,,,,,,,,,,,,,,,
,,,,,,,,,,,,,,,,,,,,,,,,,,,,,,,,,,,,
,,,,,,,,,,,,,,,,,,,,,,,,,,,,,,,,,,,,
,,,,,,,,,,,,,,,,,,,,,,,,,,,,,,,,,,,,
,,,,,,,,,,,,,,,,,,,,,,,,,,,,,,,,,,,,
,,,,,,,,,,,,,,,,,,,,,,,,,,,,,,,,,,,,
,,,,,,,,,,,,,,,,,,,,,,,,,,,,,,,,,,,,
,,,,,,,,,,,,,,,,,,,,,,,,,,,,,,,,,,,,
,,,,,,,,,,,,,,,,,,,,,,,,,,,,,,,,,,,,
,,,,,,,,,,,,,,,,,,,,,,,,,,,,,,,,,,,,
,,,,,,,,,,,,,,,,,,,,,,,,,,,,,,,,,,,,
,,,,,,,,,,,,,,,,,,,,,,,,,,,,,,,,,,,,
,,,,,,,,,,,,,,,,,,,,,,,,,,,,,,,,,,,,
,,,,,,,,,,,,,,,,,,,,,,,,,,,,,,,,,,,,
,,,,,,,,,,,,,,,,,,,,,,,,,,,,,,,,,,,,
,,,,,,,,,,,,,,,,,,,,,,,,,,,,,,,,,,,,
,,,,,,,,,,,,,,,,,,,,,,,,,,,,,,,,,,,,
,,,,,,,,,,,,,,,,,,,,,,,,,,,,,,,,,,,,
,,,,,,,,,,,,,,,,,,,,,,,,,,,,,,,,,,,,
,,,,,,,,,,,,,,,,,,,,,,,,,,,,,,,,,,,,
,,,,,,,,,,,,,,,,,,,,,,,,,,,,,,,,,,,,
,,,,,,,,,,,,,,,,,,,,,,,,,,,,,,,,,,,,
,,,,,,,,,,,,,,,,,,,,,,,,,,,,,,,,,,,,
,,,,,,,,,,,,,,,,,,,,,,,,,,,,,,,,,,,,
,,,,,,,,,,,,,,,,,,,,,,,,,,,,,,,,,,,,
,,,,,,,,,,,,,,,,,,,,,,,,,,,,,,,,,,,,
,,,,,,,,,,,,,,,,,,,,,,,,,,,,,,,,,,,,
,,,,,,,,,,,,,,,,,,,,,,,,,,,,,,,,,,,,
,,,,,,,,,,,,,,,,,,,,,,,,,,,,,,,,,,,,
,,,,,,,,,,,,,,,,,,,,,,,,,,,,,,,,,,,,
,,,,,,,,,,,,,,,,,,,,,,,,,,,,,,,,,,,,
,,,,,,,,,,,,,,,,,,,,,,,,,,,,,,,,,,,,
,,,,,,,,,,,,,,,,,,,,,,,,,,,,,,,,,,,,
,,,,,,,,,,,,,,,,,,,,,,,,,,,,,,,,,,,,
,,,,,,,,,,,,,,,,,,,,,,,,,,,,,,,,,,,,
,,,,,,,,,,,,,,,,,,,,,,,,,,,,,,,,,,,,
,,,,,,,,,,,,,,,,,,,,,,,,,,,,,,,,,,,,
,,,,,,,,,,,,,,,,,,,,,,,,,,,,,,,,,,,,
,,,,,,,,,,,,,,,,,,,,,,,,,,,,,,,,,,,,
,,,,,,,,,,,,,,,,,,,,,,,,,,,,,,,,,,,,
,,,,,,,,,,,,,,,,,,,,,,,,,,,,,,,,,,,,
,,,,,,,,,,,,,,,,,,,,,,,,,,,,,,,,,,,,
,,,,,,,,,,,,,,,,,,,,,,,,,,,,,,,,,,,,
,,,,,,,,,,,,,,,,,,,,,,,,,,,,,,,,,,,,
,,,,,,,,,,,,,,,,,,,,,,,,,,,,,,,,,,,,
,,,,,,,,,,,,,,,,,,,,,,,,,,,,,,,,,,,,
,,,,,,,,,,,,,,,,,,,,,,,,,,,,,,,,,,,,
,,,,,,,,,,,,,,,,,,,,,,,,,,,,,,,,,,,,
,,,,,,,,,,,,,,,,,,,,,,,,,,,,,,,,,,,,
,,,,,,,,,,,,,,,,,,,,,,,,,,,,,,,,,,,,
,,,,,,,,,,,,,,,,,,,,,,,,,,,,,,,,,,,,
,,,,,,,,,,,,,,,,,,,,,,,,,,,,,,,,,,,,
,,,,,,,,,,,,,,,,,,,,,,,,,,,,,,,,,,,,
,,,,,,,,,,,,,,,,,,,,,,,,,,,,,,,,,,,,
,,,,,,,,,,,,,,,,,,,,,,,,,,,,,,,,,,,,
,,,,,,,,,,,,,,,,,,,,,,,,,,,,,,,,,,,,
,,,,,,,,,,,,,,,,,,,,,,,,,,,,,,,,,,,,
,,,,,,,,,,,,,,,,,,,,,,,,,,,,,,,,,,,,
,,,,,,,,,,,,,,,,,,,,,,,,,,,,,,,,,,,,
,,,,,,,,,,,,,,,,,,,,,,,,,,,,,,,,,,,,
,,,,,,,,,,,,,,,,,,,,,,,,,,,,,,,,,,,,
,,,,,,,,,,,,,,,,,,,,,,,,,,,,,,,,,,,,
,,,,,,,,,,,,,,,,,,,,,,,,,,,,,,,,,,,,
,,,,,,,,,,,,,,,,,,,,,,,,,,,,,,,,,,,,
,,,,,,,,,,,,,,,,,,,,,,,,,,,,,,,,,,,,
,,,,,,,,,,,,,,,,,,,,,,,,,,,,,,,,,,,,
,,,,,,,,,,,,,,,,,,,,,,,,,,,,,,,,,,,,
,,,,,,,,,,,,,,,,,,,,,,,,,,,,,,,,,,,,
,,,,,,,,,,,,,,,,,,,,,,,,,,,,,,,,,,,,
,,,,,,,,,,,,,,,,,,,,,,,,,,,,,,,,,,,,
,,,,,,,,,,,,,,,,,,,,,,,,,,,,,,,,,,,,
,,,,,,,,,,,,,,,,,,,,,,,,,,,,,,,,,,,,
,,,,,,,,,,,,,,,,,,,,,,,,,,,,,,,,,,,,
,,,,,,,,,,,,,,,,,,,,,,,,,,,,,,,,,,,,
,,,,,,,,,,,,,,,,,,,,,,,,,,,,,,,,,,,,
,,,,,,,,,,,,,,,,,,,,,,,,,,,,,,,,,,,,
,,,,,,,,,,,,,,,,,,,,,,,,,,,,,,,,,,,,
,,,,,,,,,,,,,,,,,,,,,,,,,,,,,,,,,,,,
,,,,,,,,,,,,,,,,,,,,,,,,,,,,,,,,,,,,
,,,,,,,,,,,,,,,,,,,,,,,,,,,,,,,,,,,,
,,,,,,,,,,,,,,,,,,,,,,,,,,,,,,,,,,,,
,,,,,,,,,,,,,,,,,,,,,,,,,,,,,,,,,,,,
,,,,,,,,,,,,,,,,,,,,,,,,,,,,,,,,,,,,
,,,,,,,,,,,,,,,,,,,,,,,,,,,,,,,,,,,,
,,,,,,,,,,,,,,,,,,,,,,,,,,,,,,,,,,,,
,,,,,,,,,,,,,,,,,,,,,,,,,,,,,,,,,,,,
,,,,,,,,,,,,,,,,,,,,,,,,,,,,,,,,,,,,
,,,,,,,,,,,,,,,,,,,,,,,,,,,,,,,,,,,,
,,,,,,,,,,,,,,,,,,,,,,,,,,,,,,,,,,,,
,,,,,,,,,,,,,,,,,,,,,,,,,,,,,,,,,,,,
,,,,,,,,,,,,,,,,,,,,,,,,,,,,,,,,,,,,
,,,,,,,,,,,,,,,,,,,,,,,,,,,,,,,,,,,,
,,,,,,,,,,,,,,,,,,,,,,,,,,,,,,,,,,,,
,,,,,,,,,,,,,,,,,,,,,,,,,,,,,,,,,,,,
,,,,,,,,,,,,,,,,,,,,,,,,,,,,,,,,,,,,
,,,,,,,,,,,,,,,,,,,,,,,,,,,,,,,,,,,,
,,,,,,,,,,,,,,,,,,,,,,,,,,,,,,,,,,,,
,,,,,,,,,,,,,,,,,,,,,,,,,,,,,,,,,,,,
,,,,,,,,,,,,,,,,,,,,,,,,,,,,,,,,,,,,
,,,,,,,,,,,,,,,,,,,,,,,,,,,,,,,,,,,,
,,,,,,,,,,,,,,,,,,,,,,,,,,,,,,,,,,,,
,,,,,,,,,,,,,,,,,,,,,,,,,,,,,,,,,,,,
,,,,,,,,,,,,,,,,,,,,,,,,,,,,,,,,,,,,
,,,,,,,,,,,,,,,,,,,,,,,,,,,,,,,,,,,,
,,,,,,,,,,,,,,,,,,,,,,,,,,,,,,,,,,,,
,,,,,,,,,,,,,,,,,,,,,,,,,,,,,,,,,,,,
,,,,,,,,,,,,,,,,,,,,,,,,,,,,,,,,,,,,
,,,,,,,,,,,,,,,,,,,,,,,,,,,,,,,,,,,,
,,,,,,,,,,,,,,,,,,,,,,,,,,,,,,,,,,,,
,,,,,,,,,,,,,,,,,,,,,,,,,,,,,,,,,,,,
,,,,,,,,,,,,,,,,,,,,,,,,,,,,,,,,,,,,
,,,,,,,,,,,,,,,,,,,,,,,,,,,,,,,,,,,,
,,,,,,,,,,,,,,,,,,,,,,,,,,,,,,,,,,,,
,,,,,,,,,,,,,,,,,,,,,,,,,,,,,,,,,,,,
,,,,,,,,,,,,,,,,,,,,,,,,,,,,,,,,,,,,
,,,,,,,,,,,,,,,,,,,,,,,,,,,,,,,,,,,,
,,,,,,,,,,,,,,,,,,,,,,,,,,,,,,,,,,,,
,,,,,,,,,,,,,,,,,,,,,,,,,,,,,,,,,,,,
,,,,,,,,,,,,,,,,,,,,,,,,,,,,,,,,,,,,
,,,,,,,,,,,,,,,,,,,,,,,,,,,,,,,,,,,,
,,,,,,,,,,,,,,,,,,,,,,,,,,,,,,,,,,,,
,,,,,,,,,,,,,,,,,,,,,,,,,,,,,,,,,,,,
,,,,,,,,,,,,,,,,,,,,,,,,,,,,,,,,,,,,
,,,,,,,,,,,,,,,,,,,,,,,,,,,,,,,,,,,,
,,,,,,,,,,,,,,,,,,,,,,,,,,,,,,,,,,,,
,,,,,,,,,,,,,,,,,,,,,,,,,,,,,,,,,,,,
,,,,,,,,,,,,,,,,,,,,,,,,,,,,,,,,,,,,
,,,,,,,,,,,,,,,,,,,,,,,,,,,,,,,,,,,,
,,,,,,,,,,,,,,,,,,,,,,,,,,,,,,,,,,,,
,,,,,,,,,,,,,,,,,,,,,,,,,,,,,,,,,,,,
,,,,,,,,,,,,,,,,,,,,,,,,,,,,,,,,,,,,
,,,,,,,,,,,,,,,,,,,,,,,,,,,,,,,,,,,,
,,,,,,,,,,,,,,,,,,,,,,,,,,,,,,,,,,,,
,,,,,,,,,,,,,,,,,,,,,,,,,,,,,,,,,,,,
,,,,,,,,,,,,,,,,,,,,,,,,,,,,,,,,,,,,
,,,,,,,,,,,,,,,,,,,,,,,,,,,,,,,,,,,,
,,,,,,,,,,,,,,,,,,,,,,,,,,,,,,,,,,,,
,,,,,,,,,,,,,,,,,,,,,,,,,,,,,,,,,,,,
,,,,,,,,,,,,,,,,,,,,,,,,,,,,,,,,,,,,
,,,,,,,,,,,,,,,,,,,,,,,,,,,,,,,,,,,,
,,,,,,,,,,,,,,,,,,,,,,,,,,,,,,,,,,,,
,,,,,,,,,,,,,,,,,,,,,,,,,,,,,,,,,,,,
,,,,,,,,,,,,,,,,,,,,,,,,,,,,,,,,,,,,
,,,,,,,,,,,,,,,,,,,,,,,,,,,,,,,,,,,,
,,,,,,,,,,,,,,,,,,,,,,,,,,,,,,,,,,,,
,,,,,,,,,,,,,,,,,,,,,,,,,,,,,,,,,,,,
,,,,,,,,,,,,,,,,,,,,,,,,,,,,,,,,,,,,
,,,,,,,,,,,,,,,,,,,,,,,,,,,,,,,,,,,,
,,,,,,,,,,,,,,,,,,,,,,,,,,,,,,,,,,,,
,,,,,,,,,,,,,,,,,,,,,,,,,,,,,,,,,,,,
,,,,,,,,,,,,,,,,,,,,,,,,,,,,,,,,,,,,
,,,,,,,,,,,,,,,,,,,,,,,,,,,,,,,,,,,,
,,,,,,,,,,,,,,,,,,,,,,,,,,,,,,,,,,,,
,,,,,,,,,,,,,,,,,,,,,,,,,,,,,,,,,,,,
,,,,,,,,,,,,,,,,,,,,,,,,,,,,,,,,,,,,
,,,,,,,,,,,,,,,,,,,,,,,,,,,,,,,,,,,,
,,,,,,,,,,,,,,,,,,,,,,,,,,,,,,,,,,,,
,,,,,,,,,,,,,,,,,,,,,,,,,,,,,,,,,,,,
,,,,,,,,,,,,,,,,,,,,,,,,,,,,,,,,,,,,
,,,,,,,,,,,,,,,,,,,,,,,,,,,,,,,,,,,,
,,,,,,,,,,,,,,,,,,,,,,,,,,,,,,,,,,,,
,,,,,,,,,,,,,,,,,,,,,,,,,,,,,,,,,,,,
,,,,,,,,,,,,,,,,,,,,,,,,,,,,,,,,,,,,
,,,,,,,,,,,,,,,,,,,,,,,,,,,,,,,,,,,,
,,,,,,,,,,,,,,,,,,,,,,,,,,,,,,,,,,,,
,,,,,,,,,,,,,,,,,,,,,,,,,,,,,,,,,,,,
,,,,,,,,,,,,,,,,,,,,,,,,,,,,,,,,,,,,
,,,,,,,,,,,,,,,,,,,,,,,,,,,,,,,,,,,,
,,,,,,,,,,,,,,,,,,,,,,,,,,,,,,,,,,,,
,,,,,,,,,,,,,,,,,,,,,,,,,,,,,,,,,,,,
,,,,,,,,,,,,,,,,,,,,,,,,,,,,,,,,,,,,
,,,,,,,,,,,,,,,,,,,,,,,,,,,,,,,,,,,,
,,,,,,,,,,,,,,,,,,,,,,,,,,,,,,,,,,,,
,,,,,,,,,,,,,,,,,,,,,,,,,,,,,,,,,,,,
,,,,,,,,,,,,,,,,,,,,,,,,,,,,,,,,,,,,
,,,,,,,,,,,,,,,,,,,,,,,,,,,,,,,,,,,,
,,,,,,,,,,,,,,,,,,,,,,,,,,,,,,,,,,,,
,,,,,,,,,,,,,,,,,,,,,,,,,,,,,,,,,,,,
,,,,,,,,,,,,,,,,,,,,,,,,,,,,,,,,,,,,
,,,,,,,,,,,,,,,,,,,,,,,,,,,,,,,,,,,,
,,,,,,,,,,,,,,,,,,,,,,,,,,,,,,,,,,,,
,,,,,,,,,,,,,,,,,,,,,,,,,,,,,,,,,,,,
,,,,,,,,,,,,,,,,,,,,,,,,,,,,,,,,,,,,
,,,,,,,,,,,,,,,,,,,,,,,,,,,,,,,,,,,,
,,,,,,,,,,,,,,,,,,,,,,,,,,,,,,,,,,,,
,,,,,,,,,,,,,,,,,,,,,,,,,,,,,,,,,,,,
,,,,,,,,,,,,,,,,,,,,,,,,,,,,,,,,,,,,
,,,,,,,,,,,,,,,,,,,,,,,,,,,,,,,,,,,,
,,,,,,,,,,,,,,,,,,,,,,,,,,,,,,,,,,,,
,,,,,,,,,,,,,,,,,,,,,,,,,,,,,,,,,,,,
,,,,,,,,,,,,,,,,,,,,,,,,,,,,,,,,,,,,
,,,,,,,,,,,,,,,,,,,,,,,,,,,,,,,,,,,,
,,,,,,,,,,,,,,,,,,,,,,,,,,,,,,,,,,,,
,,,,,,,,,,,,,,,,,,,,,,,,,,,,,,,,,,,,
,,,,,,,,,,,,,,,,,,,,,,,,,,,,,,,,,,,,
,,,,,,,,,,,,,,,,,,,,,,,,,,,,,,,,,,,,
,,,,,,,,,,,,,,,,,,,,,,,,,,,,,,,,,,,,
,,,,,,,,,,,,,,,,,,,,,,,,,,,,,,,,,,,,
,,,,,,,,,,,,,,,,,,,,,,,,,,,,,,,,,,,,
,,,,,,,,,,,,,,,,,,,,,,,,,,,,,,,,,,,,
,,,,,,,,,,,,,,,,,,,,,,,,,,,,,,,,,,,,
,,,,,,,,,,,,,,,,,,,,,,,,,,,,,,,,,,,,
,,,,,,,,,,,,,,,,,,,,,,,,,,,,,,,,,,,,
,,,,,,,,,,,,,,,,,,,,,,,,,,,,,,,,,,,,
,,,,,,,,,,,,,,,,,,,,,,,,,,,,,,,,,,,,
,,,,,,,,,,,,,,,,,,,,,,,,,,,,,,,,,,,,
,,,,,,,,,,,,,,,,,,,,,,,,,,,,,,,,,,,,
,,,,,,,,,,,,,,,,,,,,,,,,,,,,,,,,,,,,
,,,,,,,,,,,,,,,,,,,,,,,,,,,,,,,,,,,,
,,,,,,,,,,,,,,,,,,,,,,,,,,,,,,,,,,,,
,,,,,,,,,,,,,,,,,,,,,,,,,,,,,,,,,,,,
,,,,,,,,,,,,,,,,,,,,,,,,,,,,,,,,,,,,
,,,,,,,,,,,,,,,,,,,,,,,,,,,,,,,,,,,,
,,,,,,,,,,,,,,,,,,,,,,,,,,,,,,,,,,,,
,,,,,,,,,,,,,,,,,,,,,,,,,,,,,,,,,,,,
,,,,,,,,,,,,,,,,,,,,,,,,,,,,,,,,,,,,
,,,,,,,,,,,,,,,,,,,,,,,,,,,,,,,,,,,,
,,,,,,,,,,,,,,,,,,,,,,,,,,,,,,,,,,,,
,,,,,,,,,,,,,,,,,,,,,,,,,,,,,,,,,,,,
,,,,,,,,,,,,,,,,,,,,,,,,,,,,,,,,,,,,
,,,,,,,,,,,,,,,,,,,,,,,,,,,,,,,,,,,,
,,,,,,,,,,,,,,,,,,,,,,,,,,,,,,,,,,,,
,,,,,,,,,,,,,,,,,,,,,,,,,,,,,,,,,,,,
,,,,,,,,,,,,,,,,,,,,,,,,,,,,,,,,,,,,
,,,,,,,,,,,,,,,,,,,,,,,,,,,,,,,,,,,,
,,,,,,,,,,,,,,,,,,,,,,,,,,,,,,,,,,,,
,,,,,,,,,,,,,,,,,,,,,,,,,,,,,,,,,,,,
,,,,,,,,,,,,,,,,,,,,,,,,,,,,,,,,,,,,
,,,,,,,,,,,,,,,,,,,,,,,,,,,,,,,,,,,,
,,,,,,,,,,,,,,,,,,,,,,,,,,,,,,,,,,,,
,,,,,,,,,,,,,,,,,,,,,,,,,,,,,,,,,,,,
,,,,,,,,,,,,,,,,,,,,,,,,,,,,,,,,,,,,
,,,,,,,,,,,,,,,,,,,,,,,,,,,,,,,,,,,,
,,,,,,,,,,,,,,,,,,,,,,,,,,,,,,,,,,,,
,,,,,,,,,,,,,,,,,,,,,,,,,,,,,,,,,,,,
,,,,,,,,,,,,,,,,,,,,,,,,,,,,,,,,,,,,
,,,,,,,,,,,,,,,,,,,,,,,,,,,,,,,,,,,,
,,,,,,,,,,,,,,,,,,,,,,,,,,,,,,,,,,,,
,,,,,,,,,,,,,,,,,,,,,,,,,,,,,,,,,,,,
,,,,,,,,,,,,,,,,,,,,,,,,,,,,,,,,,,,,
,,,,,,,,,,,,,,,,,,,,,,,,,,,,,,,,,,,,
,,,,,,,,,,,,,,,,,,,,,,,,,,,,,,,,,,,,
,,,,,,,,,,,,,,,,,,,,,,,,,,,,,,,,,,,,
,,,,,,,,,,,,,,,,,,,,,,,,,,,,,,,,,,,,
,,,,,,,,,,,,,,,,,,,,,,,,,,,,,,,,,,,,
,,,,,,,,,,,,,,,,,,,,,,,,,,,,,,,,,,,,
,,,,,,,,,,,,,,,,,,,,,,,,,,,,,,,,,,,,
,,,,,,,,,,,,,,,,,,,,,,,,,,,,,,,,,,,,
,,,,,,,,,,,,,,,,,,,,,,,,,,,,,,,,,,,,
,,,,,,,,,,,,,,,,,,,,,,,,,,,,,,,,,,,,
,,,,,,,,,,,,,,,,,,,,,,,,,,,,,,,,,,,,
,,,,,,,,,,,,,,,,,,,,,,,,,,,,,,,,,,,,
,,,,,,,,,,,,,,,,,,,,,,,,,,,,,,,,,,,,
,,,,,,,,,,,,,,,,,,,,,,,,,,,,,,,,,,,,
,,,,,,,,,,,,,,,,,,,,,,,,,,,,,,,,,,,,
,,,,,,,,,,,,,,,,,,,,,,,,,,,,,,,,,,,,
,,,,,,,,,,,,,,,,,,,,,,,,,,,,,,,,,,,,
,,,,,,,,,,,,,,,,,,,,,,,,,,,,,,,,,,,,
,,,,,,,,,,,,,,,,,,,,,,,,,,,,,,,,,,,,
,,,,,,,,,,,,,,,,,,,,,,,,,,,,,,,,,,,,
,,,,,,,,,,,,,,,,,,,,,,,,,,,,,,,,,,,,
,,,,,,,,,,,,,,,,,,,,,,,,,,,,,,,,,,,,
,,,,,,,,,,,,,,,,,,,,,,,,,,,,,,,,,,,,
,,,,,,,,,,,,,,,,,,,,,,,,,,,,,,,,,,,,
,,,,,,,,,,,,,,,,,,,,,,,,,,,,,,,,,,,,
,,,,,,,,,,,,,,,,,,,,,,,,,,,,,,,,,,,,
,,,,,,,,,,,,,,,,,,,,,,,,,,,,,,,,,,,,
,,,,,,,,,,,,,,,,,,,,,,,,,,,,,,,,,,,,
,,,,,,,,,,,,,,,,,,,,,,,,,,,,,,,,,,,,
,,,,,,,,,,,,,,,,,,,,,,,,,,,,,,,,,,,,
,,,,,,,,,,,,,,,,,,,,,,,,,,,,,,,,,,,,
,,,,,,,,,,,,,,,,,,,,,,,,,,,,,,,,,,,,
,,,,,,,,,,,,,,,,,,,,,,,,,,,,,,,,,,,,
,,,,,,,,,,,,,,,,,,,,,,,,,,,,,,,,,,,,
,,,,,,,,,,,,,,,,,,,,,,,,,,,,,,,,,,,,
,,,,,,,,,,,,,,,,,,,,,,,,,,,,,,,,,,,,
,,,,,,,,,,,,,,,,,,,,,,,,,,,,,,,,,,,,
,,,,,,,,,,,,,,,,,,,,,,,,,,,,,,,,,,,,
,,,,,,,,,,,,,,,,,,,,,,,,,,,,,,,,,,,,
,,,,,,,,,,,,,,,,,,,,,,,,,,,,,,,,,,,,
,,,,,,,,,,,,,,,,,,,,,,,,,,,,,,,,,,,,
,,,,,,,,,,,,,,,,,,,,,,,,,,,,,,,,,,,,
,,,,,,,,,,,,,,,,,,,,,,,,,,,,,,,,,,,,
,,,,,,,,,,,,,,,,,,,,,,,,,,,,,,,,,,,,
,,,,,,,,,,,,,,,,,,,,,,,,,,,,,,,,,,,,
,,,,,,,,,,,,,,,,,,,,,,,,,,,,,,,,,,,,
,,,,,,,,,,,,,,,,,,,,,,,,,,,,,,,,,,,,
,,,,,,,,,,,,,,,,,,,,,,,,,,,,,,,,,,,,
,,,,,,,,,,,,,,,,,,,,,,,,,,,,,,,,,,,,
,,,,,,,,,,,,,,,,,,,,,,,,,,,,,,,,,,,,
,,,,,,,,,,,,,,,,,,,,,,,,,,,,,,,,,,,,
,,,,,,,,,,,,,,,,,,,,,,,,,,,,,,,,,,,,
,,,,,,,,,,,,,,,,,,,,,,,,,,,,,,,,,,,,
,,,,,,,,,,,,,,,,,,,,,,,,,,,,,,,,,,,,
,,,,,,,,,,,,,,,,,,,,,,,,,,,,,,,,,,,,
,,,,,,,,,,,,,,,,,,,,,,,,,,,,,,,,,,,,
,,,,,,,,,,,,,,,,,,,,,,,,,,,,,,,,,,,,
,,,,,,,,,,,,,,,,,,,,,,,,,,,,,,,,,,,,
,,,,,,,,,,,,,,,,,,,,,,,,,,,,,,,,,,,,
,,,,,,,,,,,,,,,,,,,,,,,,,,,,,,,,,,,,
,,,,,,,,,,,,,,,,,,,,,,,,,,,,,,,,,,,,
,,,,,,,,,,,,,,,,,,,,,,,,,,,,,,,,,,,,
,,,,,,,,,,,,,,,,,,,,,,,,,,,,,,,,,,,,
,,,,,,,,,,,,,,,,,,,,,,,,,,,,,,,,,,,,
,,,,,,,,,,,,,,,,,,,,,,,,,,,,,,,,,,,,
,,,,,,,,,,,,,,,,,,,,,,,,,,,,,,,,,,,,
,,,,,,,,,,,,,,,,,,,,,,,,,,,,,,,,,,,,
,,,,,,,,,,,,,,,,,,,,,,,,,,,,,,,,,,,,
,,,,,,,,,,,,,,,,,,,,,,,,,,,,,,,,,,,,
,,,,,,,,,,,,,,,,,,,,,,,,,,,,,,,,,,,,
,,,,,,,,,,,,,,,,,,,,,,,,,,,,,,,,,,,,
,,,,,,,,,,,,,,,,,,,,,,,,,,,,,,,,,,,,
,,,,,,,,,,,,,,,,,,,,,,,,,,,,,,,,,,,,
,,,,,,,,,,,,,,,,,,,,,,,,,,,,,,,,,,,,
,,,,,,,,,,,,,,,,,,,,,,,,,,,,,,,,,,,,
,,,,,,,,,,,,,,,,,,,,,,,,,,,,,,,,,,,,
,,,,,,,,,,,,,,,,,,,,,,,,,,,,,,,,,,,,
,,,,,,,,,,,,,,,,,,,,,,,,,,,,,,,,,,,,
,,,,,,,,,,,,,,,,,,,,,,,,,,,,,,,,,,,,
,,,,,,,,,,,,,,,,,,,,,,,,,,,,,,,,,,,,
,,,,,,,,,,,,,,,,,,,,,,,,,,,,,,,,,,,,
,,,,,,,,,,,,,,,,,,,,,,,,,,,,,,,,,,,,
,,,,,,,,,,,,,,,,,,,,,,,,,,,,,,,,,,,,
,,,,,,,,,,,,,,,,,,,,,,,,,,,,,,,,,,,,
,,,,,,,,,,,,,,,,,,,,,,,,,,,,,,,,,,,,
,,,,,,,,,,,,,,,,,,,,,,,,,,,,,,,,,,,,
,,,,,,,,,,,,,,,,,,,,,,,,,,,,,,,,,,,,
,,,,,,,,,,,,,,,,,,,,,,,,,,,,,,,,,,,,
,,,,,,,,,,,,,,,,,,,,,,,,,,,,,,,,,,,,
,,,,,,,,,,,,,,,,,,,,,,,,,,,,,,,,,,,,
,,,,,,,,,,,,,,,,,,,,,,,,,,,,,,,,,,,,
,,,,,,,,,,,,,,,,,,,,,,,,,,,,,,,,,,,,
,,,,,,,,,,,,,,,,,,,,,,,,,,,,,,,,,,,,
,,,,,,,,,,,,,,,,,,,,,,,,,,,,,,,,,,,,
,,,,,,,,,,,,,,,,,,,,,,,,,,,,,,,,,,,,
,,,,,,,,,,,,,,,,,,,,,,,,,,,,,,,,,,,,
,,,,,,,,,,,,,,,,,,,,,,,,,,,,,,,,,,,,
,,,,,,,,,,,,,,,,,,,,,,,,,,,,,,,,,,,,
,,,,,,,,,,,,,,,,,,,,,,,,,,,,,,,,,,,,
,,,,,,,,,,,,,,,,,,,,,,,,,,,,,,,,,,,,
,,,,,,,,,,,,,,,,,,,,,,,,,,,,,,,,,,,,
,,,,,,,,,,,,,,,,,,,,,,,,,,,,,,,,,,,,
,,,,,,,,,,,,,,,,,,,,,,,,,,,,,,,,,,,,
,,,,,,,,,,,,,,,,,,,,,,,,,,,,,,,,,,,,
,,,,,,,,,,,,,,,,,,,,,,,,,,,,,,,,,,,,
,,,,,,,,,,,,,,,,,,,,,,,,,,,,,,,,,,,,
,,,,,,,,,,,,,,,,,,,,,,,,,,,,,,,,,,,,
,,,,,,,,,,,,,,,,,,,,,,,,,,,,,,,,,,,,
,,,,,,,,,,,,,,,,,,,,,,,,,,,,,,,,,,,,
,,,,,,,,,,,,,,,,,,,,,,,,,,,,,,,,,,,,
,,,,,,,,,,,,,,,,,,,,,,,,,,,,,,,,,,,,
,,,,,,,,,,,,,,,,,,,,,,,,,,,,,,,,,,,,
,,,,,,,,,,,,,,,,,,,,,,,,,,,,,,,,,,,,
,,,,,,,,,,,,,,,,,,,,,,,,,,,,,,,,,,,,
,,,,,,,,,,,,,,,,,,,,,,,,,,,,,,,,,,,,
,,,,,,,,,,,,,,,,,,,,,,,,,,,,,,,,,,,,
,,,,,,,,,,,,,,,,,,,,,,,,,,,,,,,,,,,,
,,,,,,,,,,,,,,,,,,,,,,,,,,,,,,,,,,,,
,,,,,,,,,,,,,,,,,,,,,,,,,,,,,,,,,,,,
,,,,,,,,,,,,,,,,,,,,,,,,,,,,,,,,,,,,
,,,,,,,,,,,,,,,,,,,,,,,,,,,,,,,,,,,,
,,,,,,,,,,,,,,,,,,,,,,,,,,,,,,,,,,,,
,,,,,,,,,,,,,,,,,,,,,,,,,,,,,,,,,,,,
,,,,,,,,,,,,,,,,,,,,,,,,,,,,,,,,,,,,
,,,,,,,,,,,,,,,,,,,,,,,,,,,,,,,,,,,,
,,,,,,,,,,,,,,,,,,,,,,,,,,,,,,,,,,,,
,,,,,,,,,,,,,,,,,,,,,,,,,,,,,,,,,,,,
,,,,,,,,,,,,,,,,,,,,,,,,,,,,,,,,,,,,
,,,,,,,,,,,,,,,,,,,,,,,,,,,,,,,,,,,,
,,,,,,,,,,,,,,,,,,,,,,,,,,,,,,,,,,,,
,,,,,,,,,,,,,,,,,,,,,,,,,,,,,,,,,,,,
,,,,,,,,,,,,,,,,,,,,,,,,,,,,,,,,,,,,
,,,,,,,,,,,,,,,,,,,,,,,,,,,,,,,,,,,,
,,,,,,,,,,,,,,,,,,,,,,,,,,,,,,,,,,,,
,,,,,,,,,,,,,,,,,,,,,,,,,,,,,,,,,,,,
,,,,,,,,,,,,,,,,,,,,,,,,,,,,,,,,,,,,
,,,,,,,,,,,,,,,,,,,,,,,,,,,,,,,,,,,,
,,,,,,,,,,,,,,,,,,,,,,,,,,,,,,,,,,,,
,,,,,,,,,,,,,,,,,,,,,,,,,,,,,,,,,,,,
,,,,,,,,,,,,,,,,,,,,,,,,,,,,,,,,,,,,
,,,,,,,,,,,,,,,,,,,,,,,,,,,,,,,,,,,,
,,,,,,,,,,,,,,,,,,,,,,,,,,,,,,,,,,,,
,,,,,,,,,,,,,,,,,,,,,,,,,,,,,,,,,,,,
,,,,,,,,,,,,,,,,,,,,,,,,,,,,,,,,,,,,
,,,,,,,,,,,,,,,,,,,,,,,,,,,,,,,,,,,,
,,,,,,,,,,,,,,,,,,,,,,,,,,,,,,,,,,,,
,,,,,,,,,,,,,,,,,,,,,,,,,,,,,,,,,,,,
,,,,,,,,,,,,,,,,,,,,,,,,,,,,,,,,,,,,
,,,,,,,,,,,,,,,,,,,,,,,,,,,,,,,,,,,,
,,,,,,,,,,,,,,,,,,,,,,,,,,,,,,,,,,,,
,,,,,,,,,,,,,,,,,,,,,,,,,,,,,,,,,,,,
,,,,,,,,,,,,,,,,,,,,,,,,,,,,,,,,,,,,
,,,,,,,,,,,,,,,,,,,,,,,,,,,,,,,,,,,,
,,,,,,,,,,,,,,,,,,,,,,,,,,,,,,,,,,,,
,,,,,,,,,,,,,,,,,,,,,,,,,,,,,,,,,,,,
,,,,,,,,,,,,,,,,,,,,,,,,,,,,,,,,,,,,
,,,,,,,,,,,,,,,,,,,,,,,,,,,,,,,,,,,,
,,,,,,,,,,,,,,,,,,,,,,,,,,,,,,,,,,,,
,,,,,,,,,,,,,,,,,,,,,,,,,,,,,,,,,,,,
,,,,,,,,,,,,,,,,,,,,,,,,,,,,,,,,,,,,
,,,,,,,,,,,,,,,,,,,,,,,,,,,,,,,,,,,,
,,,,,,,,,,,,,,,,,,,,,,,,,,,,,,,,,,,,
,,,,,,,,,,,,,,,,,,,,,,,,,,,,,,,,,,,,
,,,,,,,,,,,,,,,,,,,,,,,,,,,,,,,,,,,,
,,,,,,,,,,,,,,,,,,,,,,,,,,,,,,,,,,,,
,,,,,,,,,,,,,,,,,,,,,,,,,,,,,,,,,,,,
,,,,,,,,,,,,,,,,,,,,,,,,,,,,,,,,,,,,
,,,,,,,,,,,,,,,,,,,,,,,,,,,,,,,,,,,,
,,,,,,,,,,,,,,,,,,,,,,,,,,,,,,,,,,,,
,,,,,,,,,,,,,,,,,,,,,,,,,,,,,,,,,,,,
,,,,,,,,,,,,,,,,,,,,,,,,,,,,,,,,,,,,
,,,,,,,,,,,,,,,,,,,,,,,,,,,,,,,,,,,,
,,,,,,,,,,,,,,,,,,,,,,,,,,,,,,,,,,,,
,,,,,,,,,,,,,,,,,,,,,,,,,,,,,,,,,,,,
,,,,,,,,,,,,,,,,,,,,,,,,,,,,,,,,,,,,
,,,,,,,,,,,,,,,,,,,,,,,,,,,,,,,,,,,,
,,,,,,,,,,,,,,,,,,,,,,,,,,,,,,,,,,,,
,,,,,,,,,,,,,,,,,,,,,,,,,,,,,,,,,,,,
,,,,,,,,,,,,,,,,,,,,,,,,,,,,,,,,,,,,
,,,,,,,,,,,,,,,,,,,,,,,,,,,,,,,,,,,,
,,,,,,,,,,,,,,,,,,,,,,,,,,,,,,,,,,,,
,,,,,,,,,,,,,,,,,,,,,,,,,,,,,,,,,,,,
,,,,,,,,,,,,,,,,,,,,,,,,,,,,,,,,,,,,
,,,,,,,,,,,,,,,,,,,,,,,,,,,,,,,,,,,,
,,,,,,,,,,,,,,,,,,,,,,,,,,,,,,,,,,,,
,,,,,,,,,,,,,,,,,,,,,,,,,,,,,,,,,,,,
,,,,,,,,,,,,,,,,,,,,,,,,,,,,,,,,,,,,
,,,,,,,,,,,,,,,,,,,,,,,,,,,,,,,,,,,,
,,,,,,,,,,,,,,,,,,,,,,,,,,,,,,,,,,,,
,,,,,,,,,,,,,,,,,,,,,,,,,,,,,,,,,,,,
,,,,,,,,,,,,,,,,,,,,,,,,,,,,,,,,,,,,
,,,,,,,,,,,,,,,,,,,,,,,,,,,,,,,,,,,,
,,,,,,,,,,,,,,,,,,,,,,,,,,,,,,,,,,,,
,,,,,,,,,,,,,,,,,,,,,,,,,,,,,,,,,,,,
,,,,,,,,,,,,,,,,,,,,,,,,,,,,,,,,,,,,
,,,,,,,,,,,,,,,,,,,,,,,,,,,,,,,,,,,,
,,,,,,,,,,,,,,,,,,,,,,,,,,,,,,,,,,,,
,,,,,,,,,,,,,,,,,,,,,,,,,,,,,,,,,,,,
,,,,,,,,,,,,,,,,,,,,,,,,,,,,,,,,,,,,
,,,,,,,,,,,,,,,,,,,,,,,,,,,,,,,,,,,,
,,,,,,,,,,,,,,,,,,,,,,,,,,,,,,,,,,,,
,,,,,,,,,,,,,,,,,,,,,,,,,,,,,,,,,,,,
,,,,,,,,,,,,,,,,,,,,,,,,,,,,,,,,,,,,
,,,,,,,,,,,,,,,,,,,,,,,,,,,,,,,,,,,,
,,,,,,,,,,,,,,,,,,,,,,,,,,,,,,,,,,,,
,,,,,,,,,,,,,,,,,,,,,,,,,,,,,,,,,,,,
,,,,,,,,,,,,,,,,,,,,,,,,,,,,,,,,,,,,
,,,,,,,,,,,,,,,,,,,,,,,,,,,,,,,,,,,,
,,,,,,,,,,,,,,,,,,,,,,,,,,,,,,,,,,,,
,,,,,,,,,,,,,,,,,,,,,,,,,,,,,,,,,,,,
,,,,,,,,,,,,,,,,,,,,,,,,,,,,,,,,,,,,
,,,,,,,,,,,,,,,,,,,,,,,,,,,,,,,,,,,,
,,,,,,,,,,,,,,,,,,,,,,,,,,,,,,,,,,,,
,,,,,,,,,,,,,,,,,,,,,,,,,,,,,,,,,,,,
,,,,,,,,,,,,,,,,,,,,,,,,,,,,,,,,,,,,
,,,,,,,,,,,,,,,,,,,,,,,,,,,,,,,,,,,,
,,,,,,,,,,,,,,,,,,,,,,,,,,,,,,,,,,,,
,,,,,,,,,,,,,,,,,,,,,,,,,,,,,,,,,,,,
,,,,,,,,,,,,,,,,,,,,,,,,,,,,,,,,,,,,
,,,,,,,,,,,,,,,,,,,,,,,,,,,,,,,,,,,,
,,,,,,,,,,,,,,,,,,,,,,,,,,,,,,,,,,,,
,,,,,,,,,,,,,,,,,,,,,,,,,,,,,,,,,,,,
,,,,,,,,,,,,,,,,,,,,,,,,,,,,,,,,,,,,
,,,,,,,,,,,,,,,,,,,,,,,,,,,,,,,,,,,,
,,,,,,,,,,,,,,,,,,,,,,,,,,,,,,,,,,,,
,,,,,,,,,,,,,,,,,,,,,,,,,,,,,,,,,,,,
,,,,,,,,,,,,,,,,,,,,,,,,,,,,,,,,,,,,
,,,,,,,,,,,,,,,,,,,,,,,,,,,,,,,,,,,,
,,,,,,,,,,,,,,,,,,,,,,,,,,,,,,,,,,,,
,,,,,,,,,,,,,,,,,,,,,,,,,,,,,,,,,,,,
,,,,,,,,,,,,,,,,,,,,,,,,,,,,,,,,,,,,
,,,,,,,,,,,,,,,,,,,,,,,,,,,,,,,,,,,,
,,,,,,,,,,,,,,,,,,,,,,,,,,,,,,,,,,,,
,,,,,,,,,,,,,,,,,,,,,,,,,,,,,,,,,,,,
,,,,,,,,,,,,,,,,,,,,,,,,,,,,,,,,,,,,
,,,,,,,,,,,,,,,,,,,,,,,,,,,,,,,,,,,,
,,,,,,,,,,,,,,,,,,,,,,,,,,,,,,,,,,,,
,,,,,,,,,,,,,,,,,,,,,,,,,,,,,,,,,,,,
,,,,,,,,,,,,,,,,,,,,,,,,,,,,,,,,,,,,
,,,,,,,,,,,,,,,,,,,,,,,,,,,,,,,,,,,,
,,,,,,,,,,,,,,,,,,,,,,,,,,,,,,,,,,,,
,,,,,,,,,,,,,,,,,,,,,,,,,,,,,,,,,,,,
,,,,,,,,,,,,,,,,,,,,,,,,,,,,,,,,,,,,
,,,,,,,,,,,,,,,,,,,,,,,,,,,,,,,,,,,,
,,,,,,,,,,,,,,,,,,,,,,,,,,,,,,,,,,,,
,,,,,,,,,,,,,,,,,,,,,,,,,,,,,,,,,,,,
,,,,,,,,,,,,,,,,,,,,,,,,,,,,,,,,,,,,
,,,,,,,,,,,,,,,,,,,,,,,,,,,,,,,,,,,,
,,,,,,,,,,,,,,,,,,,,,,,,,,,,,,,,,,,,
,,,,,,,,,,,,,,,,,,,,,,,,,,,,,,,,,,,,
,,,,,,,,,,,,,,,,,,,,,,,,,,,,,,,,,,,,
,,,,,,,,,,,,,,,,,,,,,,,,,,,,,,,,,,,,
,,,,,,,,,,,,,,,,,,,,,,,,,,,,,,,,,,,,
,,,,,,,,,,,,,,,,,,,,,,,,,,,,,,,,,,,,
,,,,,,,,,,,,,,,,,,,,,,,,,,,,,,,,,,,,
,,,,,,,,,,,,,,,,,,,,,,,,,,,,,,,,,,,,
,,,,,,,,,,,,,,,,,,,,,,,,,,,,,,,,,,,,
,,,,,,,,,,,,,,,,,,,,,,,,,,,,,,,,,,,,
,,,,,,,,,,,,,,,,,,,,,,,,,,,,,,,,,,,,
,,,,,,,,,,,,,,,,,,,,,,,,,,,,,,,,,,,,
,,,,,,,,,,,,,,,,,,,,,,,,,,,,,,,,,,,,
,,,,,,,,,,,,,,,,,,,,,,,,,,,,,,,,,,,,
,,,,,,,,,,,,,,,,,,,,,,,,,,,,,,,,,,,,
,,,,,,,,,,,,,,,,,,,,,,,,,,,,,,,,,,,,
,,,,,,,,,,,,,,,,,,,,,,,,,,,,,,,,,,,,
,,,,,,,,,,,,,,,,,,,,,,,,,,,,,,,,,,,,
,,,,,,,,,,,,,,,,,,,,,,,,,,,,,,,,,,,,
,,,,,,,,,,,,,,,,,,,,,,,,,,,,,,,,,,,,
,,,,,,,,,,,,,,,,,,,,,,,,,,,,,,,,,,,,
,,,,,,,,,,,,,,,,,,,,,,,,,,,,,,,,,,,,
,,,,,,,,,,,,,,,,,,,,,,,,,,,,,,,,,,,,
,,,,,,,,,,,,,,,,,,,,,,,,,,,,,,,,,,,,
,,,,,,,,,,,,,,,,,,,,,,,,,,,,,,,,,,,,
,,,,,,,,,,,,,,,,,,,,,,,,,,,,,,,,,,,,
,,,,,,,,,,,,,,,,,,,,,,,,,,,,,,,,,,,,
,,,,,,,,,,,,,,,,,,,,,,,,,,,,,,,,,,,,
,,,,,,,,,,,,,,,,,,,,,,,,,,,,,,,,,,,,
,,,,,,,,,,,,,,,,,,,,,,,,,,,,,,,,,,,,
,,,,,,,,,,,,,,,,,,,,,,,,,,,,,,,,,,,,
,,,,,,,,,,,,,,,,,,,,,,,,,,,,,,,,,,,,
,,,,,,,,,,,,,,,,,,,,,,,,,,,,,,,,,,,,
,,,,,,,,,,,,,,,,,,,,,,,,,,,,,,,,,,,,
,,,,,,,,,,,,,,,,,,,,,,,,,,,,,,,,,,,,
,,,,,,,,,,,,,,,,,,,,,,,,,,,,,,,,,,,,
,,,,,,,,,,,,,,,,,,,,,,,,,,,,,,,,,,,,
,,,,,,,,,,,,,,,,,,,,,,,,,,,,,,,,,,,,
,,,,,,,,,,,,,,,,,,,,,,,,,,,,,,,,,,,,
,,,,,,,,,,,,,,,,,,,,,,,,,,,,,,,,,,,,
,,,,,,,,,,,,,,,,,,,,,,,,,,,,,,,,,,,,
,,,,,,,,,,,,,,,,,,,,,,,,,,,,,,,,,,,,
,,,,,,,,,,,,,,,,,,,,,,,,,,,,,,,,,,,,
,,,,,,,,,,,,,,,,,,,,,,,,,,,,,,,,,,,,
,,,,,,,,,,,,,,,,,,,,,,,,,,,,,,,,,,,,
,,,,,,,,,,,,,,,,,,,,,,,,,,,,,,,,,,,,
,,,,,,,,,,,,,,,,,,,,,,,,,,,,,,,,,,,,
,,,,,,,,,,,,,,,,,,,,,,,,,,,,,,,,,,,,
,,,,,,,,,,,,,,,,,,,,,,,,,,,,,,,,,,,,
,,,,,,,,,,,,,,,,,,,,,,,,,,,,,,,,,,,,
,,,,,,,,,,,,,,,,,,,,,,,,,,,,,,,,,,,,
,,,,,,,,,,,,,,,,,,,,,,,,,,,,,,,,,,,,
,,,,,,,,,,,,,,,,,,,,,,,,,,,,,,,,,,,,
,,,,,,,,,,,,,,,,,,,,,,,,,,,,,,,,,,,,
,,,,,,,,,,,,,,,,,,,,,,,,,,,,,,,,,,,,
,,,,,,,,,,,,,,,,,,,,,,,,,,,,,,,,,,,,
,,,,,,,,,,,,,,,,,,,,,,,,,,,,,,,,,,,,
,,,,,,,,,,,,,,,,,,,,,,,,,,,,,,,,,,,,
,,,,,,,,,,,,,,,,,,,,,,,,,,,,,,,,,,,,
,,,,,,,,,,,,,,,,,,,,,,,,,,,,,,,,,,,,
,,,,,,,,,,,,,,,,,,,,,,,,,,,,,,,,,,,,
,,,,,,,,,,,,,,,,,,,,,,,,,,,,,,,,,,,,
,,,,,,,,,,,,,,,,,,,,,,,,,,,,,,,,,,,,
,,,,,,,,,,,,,,,,,,,,,,,,,,,,,,,,,,,,
,,,,,,,,,,,,,,,,,,,,,,,,,,,,,,,,,,,,
,,,,,,,,,,,,,,,,,,,,,,,,,,,,,,,,,,,,
,,,,,,,,,,,,,,,,,,,,,,,,,,,,,,,,,,,,
,,,,,,,,,,,,,,,,,,,,,,,,,,,,,,,,,,,,
,,,,,,,,,,,,,,,,,,,,,,,,,,,,,,,,,,,,
,,,,,,,,,,,,,,,,,,,,,,,,,,,,,,,,,,,,
,,,,,,,,,,,,,,,,,,,,,,,,,,,,,,,,,,,,
,,,,,,,,,,,,,,,,,,,,,,,,,,,,,,,,,,,,
,,,,,,,,,,,,,,,,,,,,,,,,,,,,,,,,,,,,
,,,,,,,,,,,,,,,,,,,,,,,,,,,,,,,,,,,,
,,,,,,,,,,,,,,,,,,,,,,,,,,,,,,,,,,,,
,,,,,,,,,,,,,,,,,,,,,,,,,,,,,,,,,,,,
,,,,,,,,,,,,,,,,,,,,,,,,,,,,,,,,,,,,
,,,,,,,,,,,,,,,,,,,,,,,,,,,,,,,,,,,,
,,,,,,,,,,,,,,,,,,,,,,,,,,,,,,,,,,,,
,,,,,,,,,,,,,,,,,,,,,,,,,,,,,,,,,,,,
,,,,,,,,,,,,,,,,,,,,,,,,,,,,,,,,,,,,
,,,,,,,,,,,,,,,,,,,,,,,,,,,,,,,,,,,,
,,,,,,,,,,,,,,,,,,,,,,,,,,,,,,,,,,,,
,,,,,,,,,,,,,,,,,,,,,,,,,,,,,,,,,,,,
,,,,,,,,,,,,,,,,,,,,,,,,,,,,,,,,,,,,
,,,,,,,,,,,,,,,,,,,,,,,,,,,,,,,,,,,,
,,,,,,,,,,,,,,,,,,,,,,,,,,,,,,,,,,,,
,,,,,,,,,,,,,,,,,,,,,,,,,,,,,,,,,,,,
,,,,,,,,,,,,,,,,,,,,,,,,,,,,,,,,,,,,
,,,,,,,,,,,,,,,,,,,,,,,,,,,,,,,,,,,,
,,,,,,,,,,,,,,,,,,,,,,,,,,,,,,,,,,,,
,,,,,,,,,,,,,,,,,,,,,,,,,,,,,,,,,,,,
,,,,,,,,,,,,,,,,,,,,,,,,,,,,,,,,,,,,
,,,,,,,,,,,,,,,,,,,,,,,,,,,,,,,,,,,,
,,,,,,,,,,,,,,,,,,,,,,,,,,,,,,,,,,,,
,,,,,,,,,,,,,,,,,,,,,,,,,,,,,,,,,,,,
,,,,,,,,,,,,,,,,,,,,,,,,,,,,,,,,,,,,
,,,,,,,,,,,,,,,,,,,,,,,,,,,,,,,,,,,,
,,,,,,,,,,,,,,,,,,,,,,,,,,,,,,,,,,,,
,,,,,,,,,,,,,,,,,,,,,,,,,,,,,,,,,,,,
,,,,,,,,,,,,,,,,,,,,,,,,,,,,,,,,,,,,
,,,,,,,,,,,,,,,,,,,,,,,,,,,,,,,,,,,,
,,,,,,,,,,,,,,,,,,,,,,,,,,,,,,,,,,,,
,,,,,,,,,,,,,,,,,,,,,,,,,,,,,,,,,,,,
,,,,,,,,,,,,,,,,,,,,,,,,,,,,,,,,,,,,
,,,,,,,,,,,,,,,,,,,,,,,,,,,,,,,,,,,,
,,,,,,,,,,,,,,,,,,,,,,,,,,,,,,,,,,,,
,,,,,,,,,,,,,,,,,,,,,,,,,,,,,,,,,,,,
,,,,,,,,,,,,,,,,,,,,,,,,,,,,,,,,,,,,
,,,,,,,,,,,,,,,,,,,,,,,,,,,,,,,,,,,,
,,,,,,,,,,,,,,,,,,,,,,,,,,,,,,,,,,,,
,,,,,,,,,,,,,,,,,,,,,,,,,,,,,,,,,,,,
,,,,,,,,,,,,,,,,,,,,,,,,,,,,,,,,,,,,
,,,,,,,,,,,,,,,,,,,,,,,,,,,,,,,,,,,,
,,,,,,,,,,,,,,,,,,,,,,,,,,,,,,,,,,,,
,,,,,,,,,,,,,,,,,,,,,,,,,,,,,,,,,,,,
,,,,,,,,,,,,,,,,,,,,,,,,,,,,,,,,,,,,
,,,,,,,,,,,,,,,,,,,,,,,,,,,,,,,,,,,,
,,,,,,,,,,,,,,,,,,,,,,,,,,,,,,,,,,,,
,,,,,,,,,,,,,,,,,,,,,,,,,,,,,,,,,,,,
,,,,,,,,,,,,,,,,,,,,,,,,,,,,,,,,,,,,
,,,,,,,,,,,,,,,,,,,,,,,,,,,,,,,,,,,,
,,,,,,,,,,,,,,,,,,,,,,,,,,,,,,,,,,,,
,,,,,,,,,,,,,,,,,,,,,,,,,,,,,,,,,,,,
,,,,,,,,,,,,,,,,,,,,,,,,,,,,,,,,,,,,
,,,,,,,,,,,,,,,,,,,,,,,,,,,,,,,,,,,,
,,,,,,,,,,,,,,,,,,,,,,,,,,,,,,,,,,,,
,,,,,,,,,,,,,,,,,,,,,,,,,,,,,,,,,,,,
,,,,,,,,,,,,,,,,,,,,,,,,,,,,,,,,,,,,
,,,,,,,,,,,,,,,,,,,,,,,,,,,,,,,,,,,,
,,,,,,,,,,,,,,,,,,,,,,,,,,,,,,,,,,,,
,,,,,,,,,,,,,,,,,,,,,,,,,,,,,,,,,,,,
,,,,,,,,,,,,,,,,,,,,,,,,,,,,,,,,,,,,
,,,,,,,,,,,,,,,,,,,,,,,,,,,,,,,,,,,,
,,,,,,,,,,,,,,,,,,,,,,,,,,,,,,,,,,,,
,,,,,,,,,,,,,,,,,,,,,,,,,,,,,,,,,,,,
,,,,,,,,,,,,,,,,,,,,,,,,,,,,,,,,,,,,
,,,,,,,,,,,,,,,,,,,,,,,,,,,,,,,,,,,,
,,,,,,,,,,,,,,,,,,,,,,,,,,,,,,,,,,,,
,,,,,,,,,,,,,,,,,,,,,,,,,,,,,,,,,,,,
,,,,,,,,,,,,,,,,,,,,,,,,,,,,,,,,,,,,
,,,,,,,,,,,,,,,,,,,,,,,,,,,,,,,,,,,,
,,,,,,,,,,,,,,,,,,,,,,,,,,,,,,,,,,,,
,,,,,,,,,,,,,,,,,,,,,,,,,,,,,,,,,,,,
,,,,,,,,,,,,,,,,,,,,,,,,,,,,,,,,,,,,
,,,,,,,,,,,,,,,,,,,,,,,,,,,,,,,,,,,,
,,,,,,,,,,,,,,,,,,,,,,,,,,,,,,,,,,,,
,,,,,,,,,,,,,,,,,,,,,,,,,,,,,,,,,,,,
,,,,,,,,,,,,,,,,,,,,,,,,,,,,,,,,,,,,
,,,,,,,,,,,,,,,,,,,,,,,,,,,,,,,,,,,,
,,,,,,,,,,,,,,,,,,,,,,,,,,,,,,,,,,,,
,,,,,,,,,,,,,,,,,,,,,,,,,,,,,,,,,,,,
,,,,,,,,,,,,,,,,,,,,,,,,,,,,,,,,,,,,
,,,,,,,,,,,,,,,,,,,,,,,,,,,,,,,,,,,,
,,,,,,,,,,,,,,,,,,,,,,,,,,,,,,,,,,,,
,,,,,,,,,,,,,,,,,,,,,,,,,,,,,,,,,,,,
,,,,,,,,,,,,,,,,,,,,,,,,,,,,,,,,,,,,
,,,,,,,,,,,,,,,,,,,,,,,,,,,,,,,,,,,,
,,,,,,,,,,,,,,,,,,,,,,,,,,,,,,,,,,,,
,,,,,,,,,,,,,,,,,,,,,,,,,,,,,,,,,,,,
,,,,,,,,,,,,,,,,,,,,,,,,,,,,,,,,,,,,
,,,,,,,,,,,,,,,,,,,,,,,,,,,,,,,,,,,,
,,,,,,,,,,,,,,,,,,,,,,,,,,,,,,,,,,,,
,,,,,,,,,,,,,,,,,,,,,,,,,,,,,,,,,,,,
,,,,,,,,,,,,,,,,,,,,,,,,,,,,,,,,,,,,
,,,,,,,,,,,,,,,,,,,,,,,,,,,,,,,,,,,,
,,,,,,,,,,,,,,,,,,,,,,,,,,,,,,,,,,,,
,,,,,,,,,,,,,,,,,,,,,,,,,,,,,,,,,,,,
,,,,,,,,,,,,,,,,,,,,,,,,,,,,,,,,,,,,
,,,,,,,,,,,,,,,,,,,,,,,,,,,,,,,,,,,,
,,,,,,,,,,,,,,,,,,,,,,,,,,,,,,,,,,,,
,,,,,,,,,,,,,,,,,,,,,,,,,,,,,,,,,,,,
,,,,,,,,,,,,,,,,,,,,,,,,,,,,,,,,,,,,
,,,,,,,,,,,,,,,,,,,,,,,,,,,,,,,,,,,,
,,,,,,,,,,,,,,,,,,,,,,,,,,,,,,,,,,,,
,,,,,,,,,,,,,,,,,,,,,,,,,,,,,,,,,,,,
,,,,,,,,,,,,,,,,,,,,,,,,,,,,,,,,,,,,
,,,,,,,,,,,,,,,,,,,,,,,,,,,,,,,,,,,,
,,,,,,,,,,,,,,,,,,,,,,,,,,,,,,,,,,,,
,,,,,,,,,,,,,,,,,,,,,,,,,,,,,,,,,,,,
,,,,,,,,,,,,,,,,,,,,,,,,,,,,,,,,,,,,
,,,,,,,,,,,,,,,,,,,,,,,,,,,,,,,,,,,,
,,,,,,,,,,,,,,,,,,,,,,,,,,,,,,,,,,,,
,,,,,,,,,,,,,,,,,,,,,,,,,,,,,,,,,,,,
,,,,,,,,,,,,,,,,,,,,,,,,,,,,,,,,,,,,
,,,,,,,,,,,,,,,,,,,,,,,,,,,,,,,,,,,,
,,,,,,,,,,,,,,,,,,,,,,,,,,,,,,,,,,,,
,,,,,,,,,,,,,,,,,,,,,,,,,,,,,,,,,,,,
,,,,,,,,,,,,,,,,,,,,,,,,,,,,,,,,,,,,
,,,,,,,,,,,,,,,,,,,,,,,,,,,,,,,,,,,,
,,,,,,,,,,,,,,,,,,,,,,,,,,,,,,,,,,,,
,,,,,,,,,,,,,,,,,,,,,,,,,,,,,,,,,,,,
,,,,,,,,,,,,,,,,,,,,,,,,,,,,,,,,,,,,
,,,,,,,,,,,,,,,,,,,,,,,,,,,,,,,,,,,,
,,,,,,,,,,,,,,,,,,,,,,,,,,,,,,,,,,,,
,,,,,,,,,,,,,,,,,,,,,,,,,,,,,,,,,,,,
,,,,,,,,,,,,,,,,,,,,,,,,,,,,,,,,,,,,
,,,,,,,,,,,,,,,,,,,,,,,,,,,,,,,,,,,,
,,,,,,,,,,,,,,,,,,,,,,,,,,,,,,,,,,,,
,,,,,,,,,,,,,,,,,,,,,,,,,,,,,,,,,,,,
,,,,,,,,,,,,,,,,,,,,,,,,,,,,,,,,,,,,
,,,,,,,,,,,,,,,,,,,,,,,,,,,,,,,,,,,,
,,,,,,,,,,,,,,,,,,,,,,,,,,,,,,,,,,,,
,,,,,,,,,,,,,,,,,,,,,,,,,,,,,,,,,,,,
,,,,,,,,,,,,,,,,,,,,,,,,,,,,,,,,,,,,
,,,,,,,,,,,,,,,,,,,,,,,,,,,,,,,,,,,,
,,,,,,,,,,,,,,,,,,,,,,,,,,,,,,,,,,,,
,,,,,,,,,,,,,,,,,,,,,,,,,,,,,,,,,,,,
,,,,,,,,,,,,,,,,,,,,,,,,,,,,,,,,,,,,
,,,,,,,,,,,,,,,,,,,,,,,,,,,,,,,,,,,,
,,,,,,,,,,,,,,,,,,,,,,,,,,,,,,,,,,,,
,,,,,,,,,,,,,,,,,,,,,,,,,,,,,,,,,,,,
,,,,,,,,,,,,,,,,,,,,,,,,,,,,,,,,,,,,
,,,,,,,,,,,,,,,,,,,,,,,,,,,,,,,,,,,,
,,,,,,,,,,,,,,,,,,,,,,,,,,,,,,,,,,,,
,,,,,,,,,,,,,,,,,,,,,,,,,,,,,,,,,,,,
,,,,,,,,,,,,,,,,,,,,,,,,,,,,,,,,,,,,
,,,,,,,,,,,,,,,,,,,,,,,,,,,,,,,,,,,,
,,,,,,,,,,,,,,,,,,,,,,,,,,,,,,,,,,,,
,,,,,,,,,,,,,,,,,,,,,,,,,,,,,,,,,,,,
,,,,,,,,,,,,,,,,,,,,,,,,,,,,,,,,,,,,
,,,,,,,,,,,,,,,,,,,,,,,,,,,,,,,,,,,,
,,,,,,,,,,,,,,,,,,,,,,,,,,,,,,,,,,,,
,,,,,,,,,,,,,,,,,,,,,,,,,,,,,,,,,,,,
,,,,,,,,,,,,,,,,,,,,,,,,,,,,,,,,,,,,
,,,,,,,,,,,,,,,,,,,,,,,,,,,,,,,,,,,,
,,,,,,,,,,,,,,,,,,,,,,,,,,,,,,,,,,,,
,,,,,,,,,,,,,,,,,,,,,,,,,,,,,,,,,,,,
,,,,,,,,,,,,,,,,,,,,,,,,,,,,,,,,,,,,
,,,,,,,,,,,,,,,,,,,,,,,,,,,,,,,,,,,,
,,,,,,,,,,,,,,,,,,,,,,,,,,,,,,,,,,,,
,,,,,,,,,,,,,,,,,,,,,,,,,,,,,,,,,,,,
,,,,,,,,,,,,,,,,,,,,,,,,,,,,,,,,,,,,
,,,,,,,,,,,,,,,,,,,,,,,,,,,,,,,,,,,,
,,,,,,,,,,,,,,,,,,,,,,,,,,,,,,,,,,,,
,,,,,,,,,,,,,,,,,,,,,,,,,,,,,,,,,,,,
,,,,,,,,,,,,,,,,,,,,,,,,,,,,,,,,,,,,
,,,,,,,,,,,,,,,,,,,,,,,,,,,,,,,,,,,,
,,,,,,,,,,,,,,,,,,,,,,,,,,,,,,,,,,,,
,,,,,,,,,,,,,,,,,,,,,,,,,,,,,,,,,,,,
,,,,,,,,,,,,,,,,,,,,,,,,,,,,,,,,,,,,
,,,,,,,,,,,,,,,,,,,,,,,,,,,,,,,,,,,,
,,,,,,,,,,,,,,,,,,,,,,,,,,,,,,,,,,,,
,,,,,,,,,,,,,,,,,,,,,,,,,,,,,,,,,,,,
,,,,,,,,,,,,,,,,,,,,,,,,,,,,,,,,,,,,
,,,,,,,,,,,,,,,,,,,,,,,,,,,,,,,,,,,,
,,,,,,,,,,,,,,,,,,,,,,,,,,,,,,,,,,,,
,,,,,,,,,,,,,,,,,,,,,,,,,,,,,,,,,,,,
,,,,,,,,,,,,,,,,,,,,,,,,,,,,,,,,,,,,
,,,,,,,,,,,,,,,,,,,,,,,,,,,,,,,,,,,,
,,,,,,,,,,,,,,,,,,,,,,,,,,,,,,,,,,,,
,,,,,,,,,,,,,,,,,,,,,,,,,,,,,,,,,,,,
,,,,,,,,,,,,,,,,,,,,,,,,,,,,,,,,,,,,
,,,,,,,,,,,,,,,,,,,,,,,,,,,,,,,,,,,,
,,,,,,,,,,,,,,,,,,,,,,,,,,,,,,,,,,,,
,,,,,,,,,,,,,,,,,,,,,,,,,,,,,,,,,,,,
,,,,,,,,,,,,,,,,,,,,,,,,,,,,,,,,,,,,
,,,,,,,,,,,,,,,,,,,,,,,,,,,,,,,,,,,,
,,,,,,,,,,,,,,,,,,,,,,,,,,,,,,,,,,,,
,,,,,,,,,,,,,,,,,,,,,,,,,,,,,,,,,,,,
,,,,,,,,,,,,,,,,,,,,,,,,,,,,,,,,,,,,
,,,,,,,,,,,,,,,,,,,,,,,,,,,,,,,,,,,,
,,,,,,,,,,,,,,,,,,,,,,,,,,,,,,,,,,,,
,,,,,,,,,,,,,,,,,,,,,,,,,,,,,,,,,,,,
,,,,,,,,,,,,,,,,,,,,,,,,,,,,,,,,,,,,
,,,,,,,,,,,,,,,,,,,,,,,,,,,,,,,,,,,,
,,,,,,,,,,,,,,,,,,,,,,,,,,,,,,,,,,,,
,,,,,,,,,,,,,,,,,,,,,,,,,,,,,,,,,,,,
,,,,,,,,,,,,,,,,,,,,,,,,,,,,,,,,,,,,
,,,,,,,,,,,,,,,,,,,,,,,,,,,,,,,,,,,,
,,,,,,,,,,,,,,,,,,,,,,,,,,,,,,,,,,,,
,,,,,,,,,,,,,,,,,,,,,,,,,,,,,,,,,,,,
,,,,,,,,,,,,,,,,,,,,,,,,,,,,,,,,,,,,
,,,,,,,,,,,,,,,,,,,,,,,,,,,,,,,,,,,,
,,,,,,,,,,,,,,,,,,,,,,,,,,,,,,,,,,,,
,,,,,,,,,,,,,,,,,,,,,,,,,,,,,,,,,,,,
,,,,,,,,,,,,,,,,,,,,,,,,,,,,,,,,,,,,
,,,,,,,,,,,,,,,,,,,,,,,,,,,,,,,,,,,,
,,,,,,,,,,,,,,,,,,,,,,,,,,,,,,,,,,,,
,,,,,,,,,,,,,,,,,,,,,,,,,,,,,,,,,,,,
,,,,,,,,,,,,,,,,,,,,,,,,,,,,,,,,,,,,
,,,,,,,,,,,,,,,,,,,,,,,,,,,,,,,,,,,,
,,,,,,,,,,,,,,,,,,,,,,,,,,,,,,,,,,,,
,,,,,,,,,,,,,,,,,,,,,,,,,,,,,,,,,,,,
,,,,,,,,,,,,,,,,,,,,,,,,,,,,,,,,,,,,
,,,,,,,,,,,,,,,,,,,,,,,,,,,,,,,,,,,,
,,,,,,,,,,,,,,,,,,,,,,,,,,,,,,,,,,,,
,,,,,,,,,,,,,,,,,,,,,,,,,,,,,,,,,,,,
,,,,,,,,,,,,,,,,,,,,,,,,,,,,,,,,,,,,
,,,,,,,,,,,,,,,,,,,,,,,,,,,,,,,,,,,,
,,,,,,,,,,,,,,,,,,,,,,,,,,,,,,,,,,,,
,,,,,,,,,,,,,,,,,,,,,,,,,,,,,,,,,,,,
,,,,,,,,,,,,,,,,,,,,,,,,,,,,,,,,,,,,
,,,,,,,,,,,,,,,,,,,,,,,,,,,,,,,,,,,,
,,,,,,,,,,,,,,,,,,,,,,,,,,,,,,,,,,,,
,,,,,,,,,,,,,,,,,,,,,,,,,,,,,,,,,,,,
,,,,,,,,,,,,,,,,,,,,,,,,,,,,,,,,,,,,
,,,,,,,,,,,,,,,,,,,,,,,,,,,,,,,,,,,,
,,,,,,,,,,,,,,,,,,,,,,,,,,,,,,,,,,,,
,,,,,,,,,,,,,,,,,,,,,,,,,,,,,,,,,,,,
,,,,,,,,,,,,,,,,,,,,,,,,,,,,,,,,,,,,
,,,,,,,,,,,,,,,,,,,,,,,,,,,,,,,,,,,,
,,,,,,,,,,,,,,,,,,,,,,,,,,,,,,,,,,,,
,,,,,,,,,,,,,,,,,,,,,,,,,,,,,,,,,,,,
,,,,,,,,,,,,,,,,,,,,,,,,,,,,,,,,,,,,
,,,,,,,,,,,,,,,,,,,,,,,,,,,,,,,,,,,,
,,,,,,,,,,,,,,,,,,,,,,,,,,,,,,,,,,,,
,,,,,,,,,,,,,,,,,,,,,,,,,,,,,,,,,,,,
,,,,,,,,,,,,,,,,,,,,,,,,,,,,,,,,,,,,
,,,,,,,,,,,,,,,,,,,,,,,,,,,,,,,,,,,,
,,,,,,,,,,,,,,,,,,,,,,,,,,,,,,,,,,,,
,,,,,,,,,,,,,,,,,,,,,,,,,,,,,,,,,,,,
,,,,,,,,,,,,,,,,,,,,,,,,,,,,,,,,,,,,
,,,,,,,,,,,,,,,,,,,,,,,,,,,,,,,,,,,,
,,,,,,,,,,,,,,,,,,,,,,,,,,,,,,,,,,,,
,,,,,,,,,,,,,,,,,,,,,,,,,,,,,,,,,,,,
,,,,,,,,,,,,,,,,,,,,,,,,,,,,,,,,,,,,
,,,,,,,,,,,,,,,,,,,,,,,,,,,,,,,,,,,,
,,,,,,,,,,,,,,,,,,,,,,,,,,,,,,,,,,,,
,,,,,,,,,,,,,,,,,,,,,,,,,,,,,,,,,,,,
,,,,,,,,,,,,,,,,,,,,,,,,,,,,,,,,,,,,
,,,,,,,,,,,,,,,,,,,,,,,,,,,,,,,,,,,,
,,,,,,,,,,,,,,,,,,,,,,,,,,,,,,,,,,,,
,,,,,,,,,,,,,,,,,,,,,,,,,,,,,,,,,,,,
,,,,,,,,,,,,,,,,,,,,,,,,,,,,,,,,,,,,
,,,,,,,,,,,,,,,,,,,,,,,,,,,,,,,,,,,,
,,,,,,,,,,,,,,,,,,,,,,,,,,,,,,,,,,,,
,,,,,,,,,,,,,,,,,,,,,,,,,,,,,,,,,,,,
,,,,,,,,,,,,,,,,,,,,,,,,,,,,,,,,,,,,
,,,,,,,,,,,,,,,,,,,,,,,,,,,,,,,,,,,,
,,,,,,,,,,,,,,,,,,,,,,,,,,,,,,,,,,,,
,,,,,,,,,,,,,,,,,,,,,,,,,,,,,,,,,,,,
,,,,,,,,,,,,,,,,,,,,,,,,,,,,,,,,,,,,
,,,,,,,,,,,,,,,,,,,,,,,,,,,,,,,,,,,,
,,,,,,,,,,,,,,,,,,,,,,,,,,,,,,,,,,,,
,,,,,,,,,,,,,,,,,,,,,,,,,,,,,,,,,,,,
,,,,,,,,,,,,,,,,,,,,,,,,,,,,,,,,,,,,
,,,,,,,,,,,,,,,,,,,,,,,,,,,,,,,,,,,,
,,,,,,,,,,,,,,,,,,,,,,,,,,,,,,,,,,,,
,,,,,,,,,,,,,,,,,,,,,,,,,,,,,,,,,,,,
,,,,,,,,,,,,,,,,,,,,,,,,,,,,,,,,,,,,
,,,,,,,,,,,,,,,,,,,,,,,,,,,,,,,,,,,,
,,,,,,,,,,,,,,,,,,,,,,,,,,,,,,,,,,,,
,,,,,,,,,,,,,,,,,,,,,,,,,,,,,,,,,,,,
,,,,,,,,,,,,,,,,,,,,,,,,,,,,,,,,,,,,
,,,,,,,,,,,,,,,,,,,,,,,,,,,,,,,,,,,,
,,,,,,,,,,,,,,,,,,,,,,,,,,,,,,,,,,,,
,,,,,,,,,,,,,,,,,,,,,,,,,,,,,,,,,,,,
,,,,,,,,,,,,,,,,,,,,,,,,,,,,,,,,,,,,
,,,,,,,,,,,,,,,,,,,,,,,,,,,,,,,,,,,,
,,,,,,,,,,,,,,,,,,,,,,,,,,,,,,,,,,,,
,,,,,,,,,,,,,,,,,,,,,,,,,,,,,,,,,,,,
,,,,,,,,,,,,,,,,,,,,,,,,,,,,,,,,,,,,
,,,,,,,,,,,,,,,,,,,,,,,,,,,,,,,,,,,,
,,,,,,,,,,,,,,,,,,,,,,,,,,,,,,,,,,,,
,,,,,,,,,,,,,,,,,,,,,,,,,,,,,,,,,,,,
,,,,,,,,,,,,,,,,,,,,,,,,,,,,,,,,,,,,
,,,,,,,,,,,,,,,,,,,,,,,,,,,,,,,,,,,,
,,,,,,,,,,,,,,,,,,,,,,,,,,,,,,,,,,,,
,,,,,,,,,,,,,,,,,,,,,,,,,,,,,,,,,,,,
,,,,,,,,,,,,,,,,,,,,,,,,,,,,,,,,,,,,
,,,,,,,,,,,,,,,,,,,,,,,,,,,,,,,,,,,,
,,,,,,,,,,,,,,,,,,,,,,,,,,,,,,,,,,,,
,,,,,,,,,,,,,,,,,,,,,,,,,,,,,,,,,,,,
,,,,,,,,,,,,,,,,,,,,,,,,,,,,,,,,,,,,
,,,,,,,,,,,,,,,,,,,,,,,,,,,,,,,,,,,,
,,,,,,,,,,,,,,,,,,,,,,,,,,,,,,,,,,,,
,,,,,,,,,,,,,,,,,,,,,,,,,,,,,,,,,,,,
,,,,,,,,,,,,,,,,,,,,,,,,,,,,,,,,,,,,
,,,,,,,,,,,,,,,,,,,,,,,,,,,,,,,,,,,,
,,,,,,,,,,,,,,,,,,,,,,,,,,,,,,,,,,,,
,,,,,,,,,,,,,,,,,,,,,,,,,,,,,,,,,,,,
,,,,,,,,,,,,,,,,,,,,,,,,,,,,,,,,,,,,
,,,,,,,,,,,,,,,,,,,,,,,,,,,,,,,,,,,,
,,,,,,,,,,,,,,,,,,,,,,,,,,,,,,,,,,,,
,,,,,,,,,,,,,,,,,,,,,,,,,,,,,,,,,,,,
,,,,,,,,,,,,,,,,,,,,,,,,,,,,,,,,,,,,
,,,,,,,,,,,,,,,,,,,,,,,,,,,,,,,,,,,,
,,,,,,,,,,,,,,,,,,,,,,,,,,,,,,,,,,,,
,,,,,,,,,,,,,,,,,,,,,,,,,,,,,,,,,,,,
,,,,,,,,,,,,,,,,,,,,,,,,,,,,,,,,,,,,
,,,,,,,,,,,,,,,,,,,,,,,,,,,,,,,,,,,,
,,,,,,,,,,,,,,,,,,,,,,,,,,,,,,,,,,,,
,,,,,,,,,,,,,,,,,,,,,,,,,,,,,,,,,,,,
,,,,,,,,,,,,,,,,,,,,,,,,,,,,,,,,,,,,
,,,,,,,,,,,,,,,,,,,,,,,,,,,,,,,,,,,,
,,,,,,,,,,,,,,,,,,,,,,,,,,,,,,,,,,,,
,,,,,,,,,,,,,,,,,,,,,,,,,,,,,,,,,,,,
,,,,,,,,,,,,,,,,,,,,,,,,,,,,,,,,,,,,
,,,,,,,,,,,,,,,,,,,,,,,,,,,,,,,,,,,,
,,,,,,,,,,,,,,,,,,,,,,,,,,,,,,,,,,,,
,,,,,,,,,,,,,,,,,,,,,,,,,,,,,,,,,,,,
,,,,,,,,,,,,,,,,,,,,,,,,,,,,,,,,,,,,
,,,,,,,,,,,,,,,,,,,,,,,,,,,,,,,,,,,,
,,,,,,,,,,,,,,,,,,,,,,,,,,,,,,,,,,,,
,,,,,,,,,,,,,,,,,,,,,,,,,,,,,,,,,,,,
,,,,,,,,,,,,,,,,,,,,,,,,,,,,,,,,,,,,
,,,,,,,,,,,,,,,,,,,,,,,,,,,,,,,,,,,,
,,,,,,,,,,,,,,,,,,,,,,,,,,,,,,,,,,,,
,,,,,,,,,,,,,,,,,,,,,,,,,,,,,,,,,,,,
,,,,,,,,,,,,,,,,,,,,,,,,,,,,,,,,,,,,
,,,,,,,,,,,,,,,,,,,,,,,,,,,,,,,,,,,,
,,,,,,,,,,,,,,,,,,,,,,,,,,,,,,,,,,,,
,,,,,,,,,,,,,,,,,,,,,,,,,,,,,,,,,,,,
,,,,,,,,,,,,,,,,,,,,,,,,,,,,,,,,,,,,
,,,,,,,,,,,,,,,,,,,,,,,,,,,,,,,,,,,,
,,,,,,,,,,,,,,,,,,,,,,,,,,,,,,,,,,,,
,,,,,,,,,,,,,,,,,,,,,,,,,,,,,,,,,,,,
,,,,,,,,,,,,,,,,,,,,,,,,,,,,,,,,,,,,
,,,,,,,,,,,,,,,,,,,,,,,,,,,,,,,,,,,,
,,,,,,,,,,,,,,,,,,,,,,,,,,,,,,,,,,,,
,,,,,,,,,,,,,,,,,,,,,,,,,,,,,,,,,,,,
,,,,,,,,,,,,,,,,,,,,,,,,,,,,,,,,,,,,
,,,,,,,,,,,,,,,,,,,,,,,,,,,,,,,,,,,,
,,,,,,,,,,,,,,,,,,,,,,,,,,,,,,,,,,,,
,,,,,,,,,,,,,,,,,,,,,,,,,,,,,,,,,,,,
,,,,,,,,,,,,,,,,,,,,,,,,,,,,,,,,,,,,
,,,,,,,,,,,,,,,,,,,,,,,,,,,,,,,,,,,,
,,,,,,,,,,,,,,,,,,,,,,,,,,,,,,,,,,,,
,,,,,,,,,,,,,,,,,,,,,,,,,,,,,,,,,,,,
,,,,,,,,,,,,,,,,,,,,,,,,,,,,,,,,,,,,
,,,,,,,,,,,,,,,,,,,,,,,,,,,,,,,,,,,,
,,,,,,,,,,,,,,,,,,,,,,,,,,,,,,,,,,,,
,,,,,,,,,,,,,,,,,,,,,,,,,,,,,,,,,,,,
,,,,,,,,,,,,,,,,,,,,,,,,,,,,,,,,,,,,
,,,,,,,,,,,,,,,,,,,,,,,,,,,,,,,,,,,,
,,,,,,,,,,,,,,,,,,,,,,,,,,,,,,,,,,,,
,,,,,,,,,,,,,,,,,,,,,,,,,,,,,,,,,,,,
,,,,,,,,,,,,,,,,,,,,,,,,,,,,,,,,,,,,
,,,,,,,,,,,,,,,,,,,,,,,,,,,,,,,,,,,,
,,,,,,,,,,,,,,,,,,,,,,,,,,,,,,,,,,,,
,,,,,,,,,,,,,,,,,,,,,,,,,,,,,,,,,,,,
,,,,,,,,,,,,,,,,,,,,,,,,,,,,,,,,,,,,
,,,,,,,,,,,,,,,,,,,,,,,,,,,,,,,,,,,,
,,,,,,,,,,,,,,,,,,,,,,,,,,,,,,,,,,,,
,,,,,,,,,,,,,,,,,,,,,,,,,,,,,,,,,,,,
,,,,,,,,,,,,,,,,,,,,,,,,,,,,,,,,,,,,
,,,,,,,,,,,,,,,,,,,,,,,,,,,,,,,,,,,,
,,,,,,,,,,,,,,,,,,,,,,,,,,,,,,,,,,,,
,,,,,,,,,,,,,,,,,,,,,,,,,,,,,,,,,,,,
,,,,,,,,,,,,,,,,,,,,,,,,,,,,,,,,,,,,
,,,,,,,,,,,,,,,,,,,,,,,,,,,,,,,,,,,,
,,,,,,,,,,,,,,,,,,,,,,,,,,,,,,,,,,,,
,,,,,,,,,,,,,,,,,,,,,,,,,,,,,,,,,,,,
,,,,,,,,,,,,,,,,,,,,,,,,,,,,,,,,,,,,
,,,,,,,,,,,,,,,,,,,,,,,,,,,,,,,,,,,,
,,,,,,,,,,,,,,,,,,,,,,,,,,,,,,,,,,,,
,,,,,,,,,,,,,,,,,,,,,,,,,,,,,,,,,,,,
,,,,,,,,,,,,,,,,,,,,,,,,,,,,,,,,,,,,
,,,,,,,,,,,,,,,,,,,,,,,,,,,,,,,,,,,,
,,,,,,,,,,,,,,,,,,,,,,,,,,,,,,,,,,,,
,,,,,,,,,,,,,,,,,,,,,,,,,,,,,,,,,,,,
,,,,,,,,,,,,,,,,,,,,,,,,,,,,,,,,,,,,
,,,,,,,,,,,,,,,,,,,,,,,,,,,,,,,,,,,,
,,,,,,,,,,,,,,,,,,,,,,,,,,,,,,,,,,,,
,,,,,,,,,,,,,,,,,,,,,,,,,,,,,,,,,,,,
,,,,,,,,,,,,,,,,,,,,,,,,,,,,,,,,,,,,
,,,,,,,,,,,,,,,,,,,,,,,,,,,,,,,,,,,,
,,,,,,,,,,,,,,,,,,,,,,,,,,,,,,,,,,,,
,,,,,,,,,,,,,,,,,,,,,,,,,,,,,,,,,,,,
,,,,,,,,,,,,,,,,,,,,,,,,,,,,,,,,,,,,
,,,,,,,,,,,,,,,,,,,,,,,,,,,,,,,,,,,,
,,,,,,,,,,,,,,,,,,,,,,,,,,,,,,,,,,,,
,,,,,,,,,,,,,,,,,,,,,,,,,,,,,,,,,,,,
,,,,,,,,,,,,,,,,,,,,,,,,,,,,,,,,,,,,
,,,,,,,,,,,,,,,,,,,,,,,,,,,,,,,,,,,,
,,,,,,,,,,,,,,,,,,,,,,,,,,,,,,,,,,,,
,,,,,,,,,,,,,,,,,,,,,,,,,,,,,,,,,,,,
,,,,,,,,,,,,,,,,,,,,,,,,,,,,,,,,,,,,
,,,,,,,,,,,,,,,,,,,,,,,,,,,,,,,,,,,,
,,,,,,,,,,,,,,,,,,,,,,,,,,,,,,,,,,,,
,,,,,,,,,,,,,,,,,,,,,,,,,,,,,,,,,,,,
,,,,,,,,,,,,,,,,,,,,,,,,,,,,,,,,,,,,
,,,,,,,,,,,,,,,,,,,,,,,,,,,,,,,,,,,,
,,,,,,,,,,,,,,,,,,,,,,,,,,,,,,,,,,,,
,,,,,,,,,,,,,,,,,,,,,,,,,,,,,,,,,,,,
,,,,,,,,,,,,,,,,,,,,,,,,,,,,,,,,,,,,
,,,,,,,,,,,,,,,,,,,,,,,,,,,,,,,,,,,,
,,,,,,,,,,,,,,,,,,,,,,,,,,,,,,,,,,,,
,,,,,,,,,,,,,,,,,,,,,,,,,,,,,,,,,,,,
,,,,,,,,,,,,,,,,,,,,,,,,,,,,,,,,,,,,
,,,,,,,,,,,,,,,,,,,,,,,,,,,,,,,,,,,,
,,,,,,,,,,,,,,,,,,,,,,,,,,,,,,,,,,,,
,,,,,,,,,,,,,,,,,,,,,,,,,,,,,,,,,,,,
,,,,,,,,,,,,,,,,,,,,,,,,,,,,,,,,,,,,
,,,,,,,,,,,,,,,,,,,,,,,,,,,,,,,,,,,,
,,,,,,,,,,,,,,,,,,,,,,,,,,,,,,,,,,,,
,,,,,,,,,,,,,,,,,,,,,,,,,,,,,,,,,,,,
,,,,,,,,,,,,,,,,,,,,,,,,,,,,,,,,,,,,
,,,,,,,,,,,,,,,,,,,,,,,,,,,,,,,,,,,,
,,,,,,,,,,,,,,,,,,,,,,,,,,,,,,,,,,,,
,,,,,,,,,,,,,,,,,,,,,,,,,,,,,,,,,,,,
,,,,,,,,,,,,,,,,,,,,,,,,,,,,,,,,,,,,
,,,,,,,,,,,,,,,,,,,,,,,,,,,,,,,,,,,,
,,,,,,,,,,,,,,,,,,,,,,,,,,,,,,,,,,,,
,,,,,,,,,,,,,,,,,,,,,,,,,,,,,,,,,,,,
,,,,,,,,,,,,,,,,,,,,,,,,,,,,,,,,,,,,
,,,,,,,,,,,,,,,,,,,,,,,,,,,,,,,,,,,,
,,,,,,,,,,,,,,,,,,,,,,,,,,,,,,,,,,,,
,,,,,,,,,,,,,,,,,,,,,,,,,,,,,,,,,,,,
,,,,,,,,,,,,,,,,,,,,,,,,,,,,,,,,,,,,
,,,,,,,,,,,,,,,,,,,,,,,,,,,,,,,,,,,,
,,,,,,,,,,,,,,,,,,,,,,,,,,,,,,,,,,,,
,,,,,,,,,,,,,,,,,,,,,,,,,,,,,,,,,,,,
,,,,,,,,,,,,,,,,,,,,,,,,,,,,,,,,,,,,
,,,,,,,,,,,,,,,,,,,,,,,,,,,,,,,,,,,,
,,,,,,,,,,,,,,,,,,,,,,,,,,,,,,,,,,,,
,,,,,,,,,,,,,,,,,,,,,,,,,,,,,,,,,,,,
,,,,,,,,,,,,,,,,,,,,,,,,,,,,,,,,,,,,
,,,,,,,,,,,,,,,,,,,,,,,,,,,,,,,,,,,,
,,,,,,,,,,,,,,,,,,,,,,,,,,,,,,,,,,,,
,,,,,,,,,,,,,,,,,,,,,,,,,,,,,,,,,,,,
,,,,,,,,,,,,,,,,,,,,,,,,,,,,,,,,,,,,
,,,,,,,,,,,,,,,,,,,,,,,,,,,,,,,,,,,,
,,,,,,,,,,,,,,,,,,,,,,,,,,,,,,,,,,,,
,,,,,,,,,,,,,,,,,,,,,,,,,,,,,,,,,,,,
,,,,,,,,,,,,,,,,,,,,,,,,,,,,,,,,,,,,
,,,,,,,,,,,,,,,,,,,,,,,,,,,,,,,,,,,,
,,,,,,,,,,,,,,,,,,,,,,,,,,,,,,,,,,,,
,,,,,,,,,,,,,,,,,,,,,,,,,,,,,,,,,,,,
,,,,,,,,,,,,,,,,,,,,,,,,,,,,,,,,,,,,
,,,,,,,,,,,,,,,,,,,,,,,,,,,,,,,,,,,,
,,,,,,,,,,,,,,,,,,,,,,,,,,,,,,,,,,,,
,,,,,,,,,,,,,,,,,,,,,,,,,,,,,,,,,,,,
,,,,,,,,,,,,,,,,,,,,,,,,,,,,,,,,,,,,
,,,,,,,,,,,,,,,,,,,,,,,,,,,,,,,,,,,,
,,,,,,,,,,,,,,,,,,,,,,,,,,,,,,,,,,,,
,,,,,,,,,,,,,,,,,,,,,,,,,,,,,,,,,,,,
,,,,,,,,,,,,,,,,,,,,,,,,,,,,,,,,,,,,
,,,,,,,,,,,,,,,,,,,,,,,,,,,,,,,,,,,,
,,,,,,,,,,,,,,,,,,,,,,,,,,,,,,,,,,,,
,,,,,,,,,,,,,,,,,,,,,,,,,,,,,,,,,,,,
,,,,,,,,,,,,,,,,,,,,,,,,,,,,,,,,,,,,
,,,,,,,,,,,,,,,,,,,,,,,,,,,,,,,,,,,,
,,,,,,,,,,,,,,,,,,,,,,,,,,,,,,,,,,,,
,,,,,,,,,,,,,,,,,,,,,,,,,,,,,,,,,,,,
,,,,,,,,,,,,,,,,,,,,,,,,,,,,,,,,,,,,
,,,,,,,,,,,,,,,,,,,,,,,,,,,,,,,,,,,,
,,,,,,,,,,,,,,,,,,,,,,,,,,,,,,,,,,,,
,,,,,,,,,,,,,,,,,,,,,,,,,,,,,,,,,,,,
,,,,,,,,,,,,,,,,,,,,,,,,,,,,,,,,,,,,
,,,,,,,,,,,,,,,,,,,,,,,,,,,,,,,,,,,,
,,,,,,,,,,,,,,,,,,,,,,,,,,,,,,,,,,,,
,,,,,,,,,,,,,,,,,,,,,,,,,,,,,,,,,,,,
,,,,,,,,,,,,,,,,,,,,,,,,,,,,,,,,,,,,
,,,,,,,,,,,,,,,,,,,,,,,,,,,,,,,,,,,,
,,,,,,,,,,,,,,,,,,,,,,,,,,,,,,,,,,,,
,,,,,,,,,,,,,,,,,,,,,,,,,,,,,,,,,,,,
,,,,,,,,,,,,,,,,,,,,,,,,,,,,,,,,,,,,
,,,,,,,,,,,,,,,,,,,,,,,,,,,,,,,,,,,,
,,,,,,,,,,,,,,,,,,,,,,,,,,,,,,,,,,,,
,,,,,,,,,,,,,,,,,,,,,,,,,,,,,,,,,,,,
,,,,,,,,,,,,,,,,,,,,,,,,,,,,,,,,,,,,
,,,,,,,,,,,,,,,,,,,,,,,,,,,,,,,,,,,,
,,,,,,,,,,,,,,,,,,,,,,,,,,,,,,,,,,,,
,,,,,,,,,,,,,,,,,,,,,,,,,,,,,,,,,,,,
,,,,,,,,,,,,,,,,,,,,,,,,,,,,,,,,,,,,
,,,,,,,,,,,,,,,,,,,,,,,,,,,,,,,,,,,,
,,,,,,,,,,,,,,,,,,,,,,,,,,,,,,,,,,,,
,,,,,,,,,,,,,,,,,,,,,,,,,,,,,,,,,,,,
,,,,,,,,,,,,,,,,,,,,,,,,,,,,,,,,,,,,
,,,,,,,,,,,,,,,,,,,,,,,,,,,,,,,,,,,,
,,,,,,,,,,,,,,,,,,,,,,,,,,,,,,,,,,,,
,,,,,,,,,,,,,,,,,,,,,,,,,,,,,,,,,,,,
,,,,,,,,,,,,,,,,,,,,,,,,,,,,,,,,,,,,
,,,,,,,,,,,,,,,,,,,,,,,,,,,,,,,,,,,,
,,,,,,,,,,,,,,,,,,,,,,,,,,,,,,,,,,,,
,,,,,,,,,,,,,,,,,,,,,,,,,,,,,,,,,,,,
,,,,,,,,,,,,,,,,,,,,,,,,,,,,,,,,,,,,
,,,,,,,,,,,,,,,,,,,,,,,,,,,,,,,,,,,,
,,,,,,,,,,,,,,,,,,,,,,,,,,,,,,,,,,,,
,,,,,,,,,,,,,,,,,,,,,,,,,,,,,,,,,,,,
,,,,,,,,,,,,,,,,,,,,,,,,,,,,,,,,,,,,
,,,,,,,,,,,,,,,,,,,,,,,,,,,,,,,,,,,,
,,,,,,,,,,,,,,,,,,,,,,,,,,,,,,,,,,,,
,,,,,,,,,,,,,,,,,,,,,,,,,,,,,,,,,,,,
,,,,,,,,,,,,,,,,,,,,,,,,,,,,,,,,,,,,
,,,,,,,,,,,,,,,,,,,,,,,,,,,,,,,,,,,,
,,,,,,,,,,,,,,,,,,,,,,,,,,,,,,,,,,,,
,,,,,,,,,,,,,,,,,,,,,,,,,,,,,,,,,,,,
,,,,,,,,,,,,,,,,,,,,,,,,,,,,,,,,,,,,
,,,,,,,,,,,,,,,,,,,,,,,,,,,,,,,,,,,,
,,,,,,,,,,,,,,,,,,,,,,,,,,,,,,,,,,,,
,,,,,,,,,,,,,,,,,,,,,,,,,,,,,,,,,,,,
,,,,,,,,,,,,,,,,,,,,,,,,,,,,,,,,,,,,
,,,,,,,,,,,,,,,,,,,,,,,,,,,,,,,,,,,,
,,,,,,,,,,,,,,,,,,,,,,,,,,,,,,,,,,,,
,,,,,,,,,,,,,,,,,,,,,,,,,,,,,,,,,,,,
,,,,,,,,,,,,,,,,,,,,,,,,,,,,,,,,,,,,
,,,,,,,,,,,,,,,,,,,,,,,,,,,,,,,,,,,,
,,,,,,,,,,,,,,,,,,,,,,,,,,,,,,,,,,,,
,,,,,,,,,,,,,,,,,,,,,,,,,,,,,,,,,,,,
,,,,,,,,,,,,,,,,,,,,,,,,,,,,,,,,,,,,
,,,,,,,,,,,,,,,,,,,,,,,,,,,,,,,,,,,,
,,,,,,,,,,,,,,,,,,,,,,,,,,,,,,,,,,,,
,,,,,,,,,,,,,,,,,,,,,,,,,,,,,,,,,,,,
,,,,,,,,,,,,,,,,,,,,,,,,,,,,,,,,,,,,
,,,,,,,,,,,,,,,,,,,,,,,,,,,,,,,,,,,,
,,,,,,,,,,,,,,,,,,,,,,,,,,,,,,,,,,,,
,,,,,,,,,,,,,,,,,,,,,,,,,,,,,,,,,,,,
,,,,,,,,,,,,,,,,,,,,,,,,,,,,,,,,,,,,
,,,,,,,,,,,,,,,,,,,,,,,,,,,,,,,,,,,,
,,,,,,,,,,,,,,,,,,,,,,,,,,,,,,,,,,,,
,,,,,,,,,,,,,,,,,,,,,,,,,,,,,,,,,,,,
,,,,,,,,,,,,,,,,,,,,,,,,,,,,,,,,,,,,
,,,,,,,,,,,,,,,,,,,,,,,,,,,,,,,,,,,,
,,,,,,,,,,,,,,,,,,,,,,,,,,,,,,,,,,,,
,,,,,,,,,,,,,,,,,,,,,,,,,,,,,,,,,,,,
,,,,,,,,,,,,,,,,,,,,,,,,,,,,,,,,,,,,
,,,,,,,,,,,,,,,,,,,,,,,,,,,,,,,,,,,,
,,,,,,,,,,,,,,,,,,,,,,,,,,,,,,,,,,,,
,,,,,,,,,,,,,,,,,,,,,,,,,,,,,,,,,,,,
,,,,,,,,,,,,,,,,,,,,,,,,,,,,,,,,,,,,
,,,,,,,,,,,,,,,,,,,,,,,,,,,,,,,,,,,,
,,,,,,,,,,,,,,,,,,,,,,,,,,,,,,,,,,,,
,,,,,,,,,,,,,,,,,,,,,,,,,,,,,,,,,,,,
,,,,,,,,,,,,,,,,,,,,,,,,,,,,,,,,,,,,
,,,,,,,,,,,,,,,,,,,,,,,,,,,,,,,,,,,,
,,,,,,,,,,,,,,,,,,,,,,,,,,,,,,,,,,,,
,,,,,,,,,,,,,,,,,,,,,,,,,,,,,,,,,,,,
,,,,,,,,,,,,,,,,,,,,,,,,,,,,,,,,,,,,
,,,,,,,,,,,,,,,,,,,,,,,,,,,,,,,,,,,,
,,,,,,,,,,,,,,,,,,,,,,,,,,,,,,,,,,,,
,,,,,,,,,,,,,,,,,,,,,,,,,,,,,,,,,,,,
,,,,,,,,,,,,,,,,,,,,,,,,,,,,,,,,,,,,
,,,,,,,,,,,,,,,,,,,,,,,,,,,,,,,,,,,,
,,,,,,,,,,,,,,,,,,,,,,,,,,,,,,,,,,,,
,,,,,,,,,,,,,,,,,,,,,,,,,,,,,,,,,,,,
,,,,,,,,,,,,,,,,,,,,,,,,,,,,,,,,,,,,
,,,,,,,,,,,,,,,,,,,,,,,,,,,,,,,,,,,,
,,,,,,,,,,,,,,,,,,,,,,,,,,,,,,,,,,,,
,,,,,,,,,,,,,,,,,,,,,,,,,,,,,,,,,,,,
,,,,,,,,,,,,,,,,,,,,,,,,,,,,,,,,,,,,
,,,,,,,,,,,,,,,,,,,,,,,,,,,,,,,,,,,,
,,,,,,,,,,,,,,,,,,,,,,,,,,,,,,,,,,,,
,,,,,,,,,,,,,,,,,,,,,,,,,,,,,,,,,,,,
,,,,,,,,,,,,,,,,,,,,,,,,,,,,,,,,,,,,
,,,,,,,,,,,,,,,,,,,,,,,,,,,,,,,,,,,,
,,,,,,,,,,,,,,,,,,,,,,,,,,,,,,,,,,,,
,,,,,,,,,,,,,,,,,,,,,,,,,,,,,,,,,,,,
,,,,,,,,,,,,,,,,,,,,,,,,,,,,,,,,,,,,
,,,,,,,,,,,,,,,,,,,,,,,,,,,,,,,,,,,,
,,,,,,,,,,,,,,,,,,,,,,,,,,,,,,,,,,,,
,,,,,,,,,,,,,,,,,,,,,,,,,,,,,,,,,,,,
,,,,,,,,,,,,,,,,,,,,,,,,,,,,,,,,,,,,
,,,,,,,,,,,,,,,,,,,,,,,,,,,,,,,,,,,,
,,,,,,,,,,,,,,,,,,,,,,,,,,,,,,,,,,,,
,,,,,,,,,,,,,,,,,,,,,,,,,,,,,,,,,,,,
,,,,,,,,,,,,,,,,,,,,,,,,,,,,,,,,,,,,
,,,,,,,,,,,,,,,,,,,,,,,,,,,,,,,,,,,,
,,,,,,,,,,,,,,,,,,,,,,,,,,,,,,,,,,,,
,,,,,,,,,,,,,,,,,,,,,,,,,,,,,,,,,,,,
,,,,,,,,,,,,,,,,,,,,,,,,,,,,,,,,,,,,
,,,,,,,,,,,,,,,,,,,,,,,,,,,,,,,,,,,,
,,,,,,,,,,,,,,,,,,,,,,,,,,,,,,,,,,,,
,,,,,,,,,,,,,,,,,,,,,,,,,,,,,,,,,,,,
,,,,,,,,,,,,,,,,,,,,,,,,,,,,,,,,,,,,
,,,,,,,,,,,,,,,,,,,,,,,,,,,,,,,,,,,,
,,,,,,,,,,,,,,,,,,,,,,,,,,,,,,,,,,,,
,,,,,,,,,,,,,,,,,,,,,,,,,,,,,,,,,,,,
,,,,,,,,,,,,,,,,,,,,,,,,,,,,,,,,,,,,
,,,,,,,,,,,,,,,,,,,,,,,,,,,,,,,,,,,,
,,,,,,,,,,,,,,,,,,,,,,,,,,,,,,,,,,,,
,,,,,,,,,,,,,,,,,,,,,,,,,,,,,,,,,,,,
,,,,,,,,,,,,,,,,,,,,,,,,,,,,,,,,,,,,
,,,,,,,,,,,,,,,,,,,,,,,,,,,,,,,,,,,,
,,,,,,,,,,,,,,,,,,,,,,,,,,,,,,,,,,,,
,,,,,,,,,,,,,,,,,,,,,,,,,,,,,,,,,,,,
,,,,,,,,,,,,,,,,,,,,,,,,,,,,,,,,,,,,
,,,,,,,,,,,,,,,,,,,,,,,,,,,,,,,,,,,,
,,,,,,,,,,,,,,,,,,,,,,,,,,,,,,,,,,,,
,,,,,,,,,,,,,,,,,,,,,,,,,,,,,,,,,,,,
,,,,,,,,,,,,,,,,,,,,,,,,,,,,,,,,,,,,
,,,,,,,,,,,,,,,,,,,,,,,,,,,,,,,,,,,,
,,,,,,,,,,,,,,,,,,,,,,,,,,,,,,,,,,,,
,,,,,,,,,,,,,,,,,,,,,,,,,,,,,,,,,,,,
,,,,,,,,,,,,,,,,,,,,,,,,,,,,,,,,,,,,
,,,,,,,,,,,,,,,,,,,,,,,,,,,,,,,,,,,,
,,,,,,,,,,,,,,,,,,,,,,,,,,,,,,,,,,,,
,,,,,,,,,,,,,,,,,,,,,,,,,,,,,,,,,,,,
,,,,,,,,,,,,,,,,,,,,,,,,,,,,,,,,,,,,
,,,,,,,,,,,,,,,,,,,,,,,,,,,,,,,,,,,,
,,,,,,,,,,,,,,,,,,,,,,,,,,,,,,,,,,,,
,,,,,,,,,,,,,,,,,,,,,,,,,,,,,,,,,,,,
,,,,,,,,,,,,,,,,,,,,,,,,,,,,,,,,,,,,
,,,,,,,,,,,,,,,,,,,,,,,,,,,,,,,,,,,,
,,,,,,,,,,,,,,,,,,,,,,,,,,,,,,,,,,,,
,,,,,,,,,,,,,,,,,,,,,,,,,,,,,,,,,,,,
,,,,,,,,,,,,,,,,,,,,,,,,,,,,,,,,,,,,
,,,,,,,,,,,,,,,,,,,,,,,,,,,,,,,,,,,,
,,,,,,,,,,,,,,,,,,,,,,,,,,,,,,,,,,,,
,,,,,,,,,,,,,,,,,,,,,,,,,,,,,,,,,,,,
,,,,,,,,,,,,,,,,,,,,,,,,,,,,,,,,,,,,
,,,,,,,,,,,,,,,,,,,,,,,,,,,,,,,,,,,,
,,,,,,,,,,,,,,,,,,,,,,,,,,,,,,,,,,,,
,,,,,,,,,,,,,,,,,,,,,,,,,,,,,,,,,,,,
,,,,,,,,,,,,,,,,,,,,,,,,,,,,,,,,,,,,
,,,,,,,,,,,,,,,,,,,,,,,,,,,,,,,,,,,,
,,,,,,,,,,,,,,,,,,,,,,,,,,,,,,,,,,,,
,,,,,,,,,,,,,,,,,,,,,,,,,,,,,,,,,,,,
,,,,,,,,,,,,,,,,,,,,,,,,,,,,,,,,,,,,
,,,,,,,,,,,,,,,,,,,,,,,,,,,,,,,,,,,,
,,,,,,,,,,,,,,,,,,,,,,,,,,,,,,,,,,,,
,,,,,,,,,,,,,,,,,,,,,,,,,,,,,,,,,,,,
,,,,,,,,,,,,,,,,,,,,,,,,,,,,,,,,,,,,
,,,,,,,,,,,,,,,,,,,,,,,,,,,,,,,,,,,,
,,,,,,,,,,,,,,,,,,,,,,,,,,,,,,,,,,,,
,,,,,,,,,,,,,,,,,,,,,,,,,,,,,,,,,,,,
,,,,,,,,,,,,,,,,,,,,,,,,,,,,,,,,,,,,
,,,,,,,,,,,,,,,,,,,,,,,,,,,,,,,,,,,,
,,,,,,,,,,,,,,,,,,,,,,,,,,,,,,,,,,,,
,,,,,,,,,,,,,,,,,,,,,,,,,,,,,,,,,,,,
,,,,,,,,,,,,,,,,,,,,,,,,,,,,,,,,,,,,
,,,,,,,,,,,,,,,,,,,,,,,,,,,,,,,,,,,,
,,,,,,,,,,,,,,,,,,,,,,,,,,,,,,,,,,,,
,,,,,,,,,,,,,,,,,,,,,,,,,,,,,,,,,,,,
,,,,,,,,,,,,,,,,,,,,,,,,,,,,,,,,,,,,
,,,,,,,,,,,,,,,,,,,,,,,,,,,,,,,,,,,,
,,,,,,,,,,,,,,,,,,,,,,,,,,,,,,,,,,,,
,,,,,,,,,,,,,,,,,,,,,,,,,,,,,,,,,,,,
,,,,,,,,,,,,,,,,,,,,,,,,,,,,,,,,,,,,
,,,,,,,,,,,,,,,,,,,,,,,,,,,,,,,,,,,,
,,,,,,,,,,,,,,,,,,,,,,,,,,,,,,,,,,,,
,,,,,,,,,,,,,,,,,,,,,,,,,,,,,,,,,,,,
,,,,,,,,,,,,,,,,,,,,,,,,,,,,,,,,,,,,
,,,,,,,,,,,,,,,,,,,,,,,,,,,,,,,,,,,,
,,,,,,,,,,,,,,,,,,,,,,,,,,,,,,,,,,,,
,,,,,,,,,,,,,,,,,,,,,,,,,,,,,,,,,,,,
,,,,,,,,,,,,,,,,,,,,,,,,,,,,,,,,,,,,
,,,,,,,,,,,,,,,,,,,,,,,,,,,,,,,,,,,,
,,,,,,,,,,,,,,,,,,,,,,,,,,,,,,,,,,,,
,,,,,,,,,,,,,,,,,,,,,,,,,,,,,,,,,,,,
,,,,,,,,,,,,,,,,,,,,,,,,,,,,,,,,,,,,
,,,,,,,,,,,,,,,,,,,,,,,,,,,,,,,,,,,,
,,,,,,,,,,,,,,,,,,,,,,,,,,,,,,,,,,,,
,,,,,,,,,,,,,,,,,,,,,,,,,,,,,,,,,,,,
,,,,,,,,,,,,,,,,,,,,,,,,,,,,,,,,,,,,
,,,,,,,,,,,,,,,,,,,,,,,,,,,,,,,,,,,,
,,,,,,,,,,,,,,,,,,,,,,,,,,,,,,,,,,,,
,,,,,,,,,,,,,,,,,,,,,,,,,,,,,,,,,,,,
,,,,,,,,,,,,,,,,,,,,,,,,,,,,,,,,,,,,
,,,,,,,,,,,,,,,,,,,,,,,,,,,,,,,,,,,,
,,,,,,,,,,,,,,,,,,,,,,,,,,,,,,,,,,,,
,,,,,,,,,,,,,,,,,,,,,,,,,,,,,,,,,,,,
,,,,,,,,,,,,,,,,,,,,,,,,,,,,,,,,,,,,
,,,,,,,,,,,,,,,,,,,,,,,,,,,,,,,,,,,,
,,,,,,,,,,,,,,,,,,,,,,,,,,,,,,,,,,,,
,,,,,,,,,,,,,,,,,,,,,,,,,,,,,,,,,,,,
,,,,,,,,,,,,,,,,,,,,,,,,,,,,,,,,,,,,
,,,,,,,,,,,,,,,,,,,,,,,,,,,,,,,,,,,,
,,,,,,,,,,,,,,,,,,,,,,,,,,,,,,,,,,,,
,,,,,,,,,,,,,,,,,,,,,,,,,,,,,,,,,,,,
,,,,,,,,,,,,,,,,,,,,,,,,,,,,,,,,,,,,
,,,,,,,,,,,,,,,,,,,,,,,,,,,,,,,,,,,,
,,,,,,,,,,,,,,,,,,,,,,,,,,,,,,,,,,,,
,,,,,,,,,,,,,,,,,,,,,,,,,,,,,,,,,,,,
,,,,,,,,,,,,,,,,,,,,,,,,,,,,,,,,,,,,
,,,,,,,,,,,,,,,,,,,,,,,,,,,,,,,,,,,,
,,,,,,,,,,,,,,,,,,,,,,,,,,,,,,,,,,,,
,,,,,,,,,,,,,,,,,,,,,,,,,,,,,,,,,,,,
,,,,,,,,,,,,,,,,,,,,,,,,,,,,,,,,,,,,
,,,,,,,,,,,,,,,,,,,,,,,,,,,,,,,,,,,,
,,,,,,,,,,,,,,,,,,,,,,,,,,,,,,,,,,,,
,,,,,,,,,,,,,,,,,,,,,,,,,,,,,,,,,,,,
,,,,,,,,,,,,,,,,,,,,,,,,,,,,,,,,,,,,
,,,,,,,,,,,,,,,,,,,,,,,,,,,,,,,,,,,,
,,,,,,,,,,,,,,,,,,,,,,,,,,,,,,,,,,,,
,,,,,,,,,,,,,,,,,,,,,,,,,,,,,,,,,,,,
,,,,,,,,,,,,,,,,,,,,,,,,,,,,,,,,,,,,
,,,,,,,,,,,,,,,,,,,,,,,,,,,,,,,,,,,,
,,,,,,,,,,,,,,,,,,,,,,,,,,,,,,,,,,,,
,,,,,,,,,,,,,,,,,,,,,,,,,,,,,,,,,,,,
,,,,,,,,,,,,,,,,,,,,,,,,,,,,,,,,,,,,
,,,,,,,,,,,,,,,,,,,,,,,,,,,,,,,,,,,,
,,,,,,,,,,,,,,,,,,,,,,,,,,,,,,,,,,,,
,,,,,,,,,,,,,,,,,,,,,,,,,,,,,,,,,,,,
,,,,,,,,,,,,,,,,,,,,,,,,,,,,,,,,,,,,
,,,,,,,,,,,,,,,,,,,,,,,,,,,,,,,,,,,,
,,,,,,,,,,,,,,,,,,,,,,,,,,,,,,,,,,,,
,,,,,,,,,,,,,,,,,,,,,,,,,,,,,,,,,,,,
,,,,,,,,,,,,,,,,,,,,,,,,,,,,,,,,,,,,
,,,,,,,,,,,,,,,,,,,,,,,,,,,,,,,,,,,,
,,,,,,,,,,,,,,,,,,,,,,,,,,,,,,,,,,,,
,,,,,,,,,,,,,,,,,,,,,,,,,,,,,,,,,,,,
,,,,,,,,,,,,,,,,,,,,,,,,,,,,,,,,,,,,
,,,,,,,,,,,,,,,,,,,,,,,,,,,,,,,,,,,,
,,,,,,,,,,,,,,,,,,,,,,,,,,,,,,,,,,,,
,,,,,,,,,,,,,,,,,,,,,,,,,,,,,,,,,,,,
,,,,,,,,,,,,,,,,,,,,,,,,,,,,,,,,,,,,
,,,,,,,,,,,,,,,,,,,,,,,,,,,,,,,,,,,,
,,,,,,,,,,,,,,,,,,,,,,,,,,,,,,,,,,,,
,,,,,,,,,,,,,,,,,,,,,,,,,,,,,,,,,,,,
,,,,,,,,,,,,,,,,,,,,,,,,,,,,,,,,,,,,
,,,,,,,,,,,,,,,,,,,,,,,,,,,,,,,,,,,,
,,,,,,,,,,,,,,,,,,,,,,,,,,,,,,,,,,,,
,,,,,,,,,,,,,,,,,,,,,,,,,,,,,,,,,,,,
,,,,,,,,,,,,,,,,,,,,,,,,,,,,,,,,,,,,
,,,,,,,,,,,,,,,,,,,,,,,,,,,,,,,,,,,,
,,,,,,,,,,,,,,,,,,,,,,,,,,,,,,,,,,,,
