id,pin_url,title,description,link,image,images,video,saves,repin_count,comment_count,like_count,share_count,reaction_counts,created_at,updated_at,board_url,board_name,board_pin_count,board_follower_count,board_privacy,board_category,pinner_username,pinner_name,pinner_url,pinner_pin_count,pinner_board_count,pinner_follower_count,pinner_following_count,is_repin,native_creator
61431982422838721,https://www.pinterest.com/pin/61431982422838721,Crispy and Flaky Air Fryer Cod,Crispy and Flaky Air Fryer Cod,https://lifewithmira.com/crispy-and-flaky-air-fryer-cod/,https://i.pinimg.com/736x/cf/4d/5c/cf4d5cbeb20ba4bda99b090112176ca0.jpg,cf4d5cbeb20ba4bda99b090112176ca0,0,1057,610,0,0,27,"{""1"": 5}","Fri, 08 May 2026 20:12:28 +0000",2026-06-24 14:12:55.123000,/lisaleblanc1/supper/,Supper,0,0,public,,lisaleblanc1,Lisa Leblanc,https://www.pinterest.com/lisaleblanc1/,0,0,34,0,0,
397020523421342414,https://www.pinterest.com/pin/397020523421342414,, ,https://excelitehost.com/no-bake-mint-cheesecake/,https://i.pinimg.com/736x/af/86/52/af8652b12dcbb51c7480312f483e5de0.jpg,af8652b12dcbb51c7480312f483e5de0,0,124,106,0,0,8,"{""1"": 6}","Thu, 12 Jun 2025 10:34:58 +0000",2026-06-24 14:12:55.131000,/cllnrmsy/st-patricks-day-desserts/,St. Patrick's Day desserts,0,0,public,,cllnrmsy,Colleen Ramsey,https://www.pinterest.com/cllnrmsy/,0,0,1827,0,0,"{""followed_by_me"": false, ""domain_verified"": false, ""id"": ""397020660808828245"", ""blocked_by_me"": false, ""ads_only_profile_site"": null, ""image_small_url"": ""https://s.pinimg.com/images/user/default_30.png"", ""image_medium_url"": ""https://s.pinimg.com/images/user/default_75.png"", ""is_default_image"": true, ""is_verified_merchant"": false, ""instagram_data"": null, ""verified_identity"": {}, ""username"": ""cllnrmsy"", ""first_name"": ""Colleen"", ""follower_count"": 1827, ""indexed"": true, ""domain_url"": null, ""full_name"": ""Colleen Ramsey"", ""explicitly_followed_by_me"": false, ""type"": ""user"", ""is_ads_only_profile"": false}"
1006484216742765579,https://www.pinterest.com/pin/1006484216742765579,Irresistible Mediterranean Chicken And Couscous,You have to try this Irresistible Mediterranean Chicken and Couscous! It’s full of fresh flavors and comes together fast—perfect for a quick weeknight dinner or impressing friends at your next get-together.,https://flirtyfood.com/lemony-mediterranean-chicken-and-couscous-27868/,https://i.pinimg.com/736x/94/50/ed/9450ed1686ddabbed2fe4ce8a4bcbff2.jpg,9450ed1686ddabbed2fe4ce8a4bcbff2,0,1157,656,0,0,41,"{""1"": 6}","Sat, 04 Apr 2026 06:04:20 +0000",2026-06-24 14:12:55.224000,/flirtyfood/chicken-recipes/,Chicken Recipes,0,0,public,food_drink,flirtyfood,Elenas Best Recipes (Flirtyfood.com),https://www.pinterest.com/flirtyfood/,0,0,428,0,0,"{""ads_only_profile_site"": null, ""blocked_by_me"": false, ""instagram_data"": null, ""follower_count"": 428, ""id"": ""1006484354131860004"", ""domain_verified"": false, ""is_ads_only_profile"": false, ""type"": ""user"", ""first_name"": ""Elenas Best Recipes (Flirtyfood.com)"", ""is_verified_merchant"": false, ""indexed"": true, ""followed_by_me"": false, ""username"": ""flirtyfood"", ""image_small_url"": ""https://i.pinimg.com/30x30_RS/fb/71/41/fb71413512f8ca4b2ffbbecd7f449813.jpg"", ""is_default_image"": false, ""explicitly_followed_by_me"": false, ""domain_url"": null, ""image_medium_url"": ""https://i.pinimg.com/75x75_RS/fb/71/41/fb71413512f8ca4b2ffbbecd7f449813.jpg"", ""verified_identity"": {}, ""full_name"": ""Elenas Best Recipes (Flirtyfood.com)""}"
1086704585097371339,https://www.pinterest.com/pin/1086704585097371339,10 Best Local Brands in Barcelona You Need to Check Out,"Love shopping and want to find something unique in Barcelona? This guide features the best local brands in Barcelona, from handmade fashion to shoes, bags, and accessories you’ll adore. Save this pin for later so you can shop Barcelona clothing brands and more on your next Barcelona shopping trip!",https://splendidlyspain.com/best-local-brands-in-barcelona/,https://i.pinimg.com/736x/78/8f/23/788f2351f4d41f1a17545575a8866a8e.jpg,788f2351f4d41f1a17545575a8866a8e,0,179,81,0,0,7,"{""1"": 2}","Thu, 30 Oct 2025 18:00:34 +0000",2026-06-24 14:12:55.230000,/splendidlyspain/barcelona-shopping/,Barcelona Shopping,0,0,public,,splendidlyspain,Splendidly Spain | Spain Travel Blog,https://www.pinterest.com/splendidlyspain/,0,0,50,0,0,"{""verified_identity"": {}, ""indexed"": true, ""is_verified_merchant"": false, ""follower_count"": 50, ""instagram_data"": null, ""ads_only_profile_site"": null, ""is_ads_only_profile"": false, ""username"": ""splendidlyspain"", ""domain_verified"": true, ""followed_by_me"": false, ""first_name"": ""Splendidly Spain | Spain Travel Blog"", ""image_small_url"": ""https://i.pinimg.com/30x30_RS/47/7a/9c/477a9c639077074e929d33e1dd1e560e.jpg"", ""explicitly_followed_by_me"": false, ""id"": ""1086704722494318609"", ""blocked_by_me"": false, ""type"": ""user"", ""domain_url"": ""splendidlyspain.com"", ""is_default_image"": false, ""full_name"": ""Splendidly Spain | Spain Travel Blog"", ""image_medium_url"": ""https://i.pinimg.com/75x75_RS/47/7a/9c/477a9c639077074e929d33e1dd1e560e.jpg""}"
836684437054838834,https://www.pinterest.com/pin/836684437054838834,, ,https://www.thefitpeach.com/blog/frozen-greek-chocolate-yogurt/,https://i.pinimg.com/736x/a6/f3/37/a6f337a4662cc8946072c813287f7f09.jpg,a6f337a4662cc8946072c813287f7f09,0,8497,84,5,0,6,"{""1"": 55, ""13"": 1}","Sun, 30 Jun 2024 11:18:28 +0000",2026-06-24 14:12:55.234000,/sirihjartholm/dessert/,dessert,0,0,public,food_drink,sirihjartholm,Siri,https://www.pinterest.com/sirihjartholm/,0,0,0,0,0,
503558802106563210,https://www.pinterest.com/pin/503558802106563210,,This quick and refreshing iced chai tea latte can be made with just 4 ingredients in about 5 minutes.,https://bakingmischief.com/iced-chai-latte/,https://i.pinimg.com/736x/dd/d8/c9/ddd8c9a50c02001e9e49115270c3cf4c.jpg,ddd8c9a50c02001e9e49115270c3cf4c,0,6,3,0,0,1,{},"Sun, 10 May 2026 15:26:55 +0000",2026-06-24 14:12:55.236000,/shauser8/recipes/,recipes,0,0,public,food_drink,shauser8,Sheri Makkos,https://www.pinterest.com/shauser8/,0,0,4,0,0,
1129699887804668518,https://www.pinterest.com/pin/1129699887804668518,Hot Honey Ground Beef Bowls Recipe Digital Download,Hot Honey Ground Beef Bowls,https://payhip.com/b/MvANG?pin_id=1780317604_62,https://i.pinimg.com/736x/66/cc/a3/66cca353e53c7a12949e04c3ba9a42e0.jpg,66cca353e53c7a12949e04c3ba9a42e0,0,94,83,0,0,3,"{""1"": 1}","Mon, 01 Jun 2026 13:45:58 +0000",2026-06-24 14:12:55.249000,/dakewix/recipes/,Recipes,0,0,public,food_drink,dakewix,Sweet & Savory Delights,https://www.pinterest.com/dakewix/,0,0,0,0,0,
1085649053953721800,https://www.pinterest.com/pin/1085649053953721800,Cheddar Garlic Herb Potato Soup That Makes Dinner Feel Extra Comforting for Cozy Meal Prep,"This soup recipe delivers major comfort, fresh flavor, and the kind of homemade result people save fast. Build the flavor with onion, garlic, broth, and potatoes, cheddar, and garlic, then simmer until rich, cozy, and spoonable for lunch or dinner. It is also great for meal prep cooking, and packed with creamy flavor. Great for making again. Easy to save and repeat. #CheddarGarlicHerb #EasySoup #MealPrepIdeas",https://payhip.com/b/ZeyQA,https://i.pinimg.com/736x/07/33/66/073366143e798984ae06d29368b47e75.jpg,073366143e798984ae06d29368b47e75,0,37,36,0,0,2,"{""1"": 1}","Wed, 10 Jun 2026 07:42:28 +0000",2026-06-24 14:12:55.255000,/asimonarisac/easy-meals-quick-recipes-family-dinner-ideas/,"Easy Meals, Quick Recipes & Family Dinner Ideas",0,0,public,,asimonarisac,"Meals, Easy Recipes & Everyday Home Cooking Ideas",https://www.pinterest.com/asimonarisac/,0,0,13,0,0,"{""ads_only_profile_site"": null, ""first_name"": ""Meals, Easy Recipes & Everyday Home Cooking Ideas"", ""username"": ""asimonarisac"", ""instagram_data"": null, ""full_name"": ""Meals, Easy Recipes & Everyday Home Cooking Ideas"", ""domain_verified"": false, ""verified_identity"": {}, ""indexed"": true, ""is_default_image"": false, ""blocked_by_me"": false, ""followed_by_me"": false, ""follower_count"": 13, ""image_small_url"": ""https://i.pinimg.com/30x30_RS/f3/35/30/f3353065b72bd89a84fc4f3236cc6971.jpg"", ""type"": ""user"", ""is_ads_only_profile"": false, ""explicitly_followed_by_me"": false, ""id"": ""1085649191331880949"", ""domain_url"": null, ""image_medium_url"": ""https://i.pinimg.com/75x75_RS/f3/35/30/f3353065b72bd89a84fc4f3236cc6971.jpg"", ""is_verified_merchant"": false}"
766034217908672445,https://www.pinterest.com/pin/766034217908672445,Spicy Asian Cucumber Salad,"Light and refreshing, this spicy Asian cucumber salad is packed with so much flavor. This easy 15-minute cucumber recipe features crisp cucumbers dressed in a soy sauce, rice vinegar, and chili oil sauce.",https://takestwoeggs.com/spicy-asian-cucumber-salad/,https://i.pinimg.com/736x/9d/ac/31/9dac317a5490efab50ee93574e500615.jpg,9dac317a5490efab50ee93574e500615,0,7448,4695,4,0,145,"{""1"": 157}","Sun, 20 Jul 2025 02:30:55 +0000",2026-06-24 14:12:55.311000,/takestwoeggs/asian-recipes/,Asian Recipes,0,0,public,,takestwoeggs,"Takes Two Eggs | Easy Recipes, Travel & Food Guides",https://www.pinterest.com/takestwoeggs/,0,0,10797,0,0,"{""explicitly_followed_by_me"": false, ""full_name"": ""Takes Two Eggs | Easy Recipes, Travel & Food Guides"", ""username"": ""takestwoeggs"", ""blocked_by_me"": false, ""type"": ""user"", ""id"": ""766034355276765465"", ""is_verified_merchant"": false, ""domain_verified"": true, ""instagram_data"": {""url"": ""https://www.instagram.com/takestwoeggs"", ""username"": ""takestwoeggs"", ""has_invalid_instagram_auth"": false}, ""verified_identity"": {}, ""first_name"": ""Takes Two Eggs | Easy Recipes, Travel & Food Guides"", ""image_medium_url"": ""https://i.pinimg.com/75x75_RS/27/c3/03/27c303ec8c5d3225c04c28f510afce08.jpg"", ""is_default_image"": false, ""followed_by_me"": false, ""ads_only_profile_site"": null, ""image_small_url"": ""https://i.pinimg.com/30x30_RS/27/c3/03/27c303ec8c5d3225c04c28f510afce08.jpg"", ""is_ads_only_profile"": false, ""indexed"": true, ""follower_count"": 10797, ""domain_url"": ""www.takestwoeggs.com""}"
812196114062526272,https://www.pinterest.com/pin/812196114062526272,Black Forest Cookies,"These black forest cookies are loaded with white chocolate chips, chocolate chips, and fresh cherries. They are chewy cookies with crisp edges that have all the flavor of black forest.",https://stephaniessweets.com/black-forest-cookies/,https://i.pinimg.com/736x/2d/61/76/2d6176af05e7d4f0b26e4e7d63bac483.jpg,2d6176af05e7d4f0b26e4e7d63bac483,0,1696,891,0,0,29,"{""1"": 16}","Wed, 01 Jun 2022 01:00:39 +0000",2026-06-24 14:12:55.618000,/stephaniesweettreats/stephanies-sweet-treats-recipes/,Stephanie's Sweet Treats Recipes,0,0,public,food_drink,stephaniesweettreats,Stephanie Sweet Treats,https://www.pinterest.com/stephaniesweettreats/,0,0,25302,0,0,
127367495696911062,https://www.pinterest.com/pin/127367495696911062,Spinach Artichoke Pasta,spinart,https://thecollegecookblog.wordpress.com/2013/03/04/spinach-artichoke-pasta/amp/,https://i.pinimg.com/736x/6f/3b/73/6f3b73843502a185d0042194194addec.jpg,6f3b73843502a185d0042194194addec,0,21,0,0,0,0,{},"Sat, 14 Jul 2018 13:51:13 +0000",2026-06-24 14:12:55.795000,/jerseygirl2649/card-making-ideas/,Card Making Ideas,0,0,public,diy_crafts,jerseygirl2649,Patti Priester,https://www.pinterest.com/jerseygirl2649/,0,0,36,0,0,
844847211390775494,https://www.pinterest.com/pin/844847211390775494,Spicy Bang Bang Chicken Mini Sandwiches Recipe,Explore the deliciousness of Bang Bang Chicken Sliders with this recipe from Cheff Recipes.,https://www.etsy.com/listing/1841529083/your-path-to-healthy-weight-loss-the?524579837=,https://i.pinimg.com/736x/61/a6/4f/61a64f6ec9f84020e357f9f00e723e1e.jpg,61a64f6ec9f84020e357f9f00e723e1e,0,10248,3845,9,0,144,"{""1"": 124}","Fri, 07 Mar 2025 10:25:21 +0000",2026-06-24 14:12:55.809000,/chikaemo_guitarrock/tropical-mango-chickpea-pickle-creations/,Tropical Mango Chickpea Pickle Creations,0,0,public,,chikaemo_guitarrock,Ruth Gomez,https://www.pinterest.com/chikaemo_guitarrock/,0,0,15,0,0,"{""blocked_by_me"": false, ""instagram_data"": null, ""image_small_url"": ""https://s.pinimg.com/images/user/default_30.png"", ""followed_by_me"": false, ""ads_only_profile_site"": null, ""first_name"": ""Ruth Gomez"", ""domain_url"": null, ""indexed"": true, ""type"": ""user"", ""is_verified_merchant"": false, ""id"": ""844847348755549496"", ""domain_verified"": false, ""image_medium_url"": ""https://s.pinimg.com/images/user/default_75.png"", ""username"": ""chikaemo_guitarrock"", ""verified_identity"": {}, ""is_ads_only_profile"": false, ""is_default_image"": true, ""full_name"": ""Ruth Gomez"", ""explicitly_followed_by_me"": false, ""follower_count"": 15}"
198088083606602150,https://www.pinterest.com/pin/198088083606602150,26 Retro Kitchen Ideas to Add Vintage Flair - Redo Your House,26 Retro Kitchen Ideas to Add Vintage Flair - Redo Your House,https://redoyourhouse.com/retro-kitchen-ideas/,https://i.pinimg.com/736x/17/88/c4/1788c42bd9e6fe6f86442334b198b9fd.jpg,1788c42bd9e6fe6f86442334b198b9fd,0,250,235,0,0,3,"{""1"": 7}","Mon, 23 Mar 2026 18:26:19 +0000",2026-06-24 14:12:55.822000,/hickone/appartement/,Appartement,0,0,public,,hickone,Tchuck Hickone,https://www.pinterest.com/hickone/,0,0,94,0,0,
1151584567290172083,https://www.pinterest.com/pin/1151584567290172083,What Makes Hot Honey Pepperoni and Ricotta Pizza So Irresistible?,Do you crave a new pizza night idea that brings together spicy hot honey and creamy ricotta? Your family will love how the sweet heat plays off the rich cheese on this pepperoni pizza. Use this recipe to make a delicious dinner in about 2 hours. You get all the steps to build the perfect pie with a crisp crust and bold toppings. Tap to learn more. #HotHoneyPizza #PepperoniPizza #HomemadePizza,https://dailydisheswithlove.com/hot-honey-pepperoni-pizza-with-ricotta/,https://i.pinimg.com/736x/56/ed/27/56ed2797345e964f8d0357c3c9159c10.jpg,56ed2797345e964f8d0357c3c9159c10,0,377,286,0,0,13,"{""1"": 6}","Sat, 25 Apr 2026 16:46:47 +0000",2026-06-24 14:12:55.827000,/DailyHomeCooking/comfort-food-recipes/,Comfort Food Recipes,0,0,public,,DailyHomeCooking,Daily Home Cooking,https://www.pinterest.com/DailyHomeCooking/,0,0,11,0,0,"{""followed_by_me"": false, ""verified_identity"": {}, ""domain_url"": ""dailydisheswithlove.com"", ""is_verified_merchant"": false, ""is_ads_only_profile"": false, ""id"": ""1151584704626324586"", ""type"": ""user"", ""is_default_image"": true, ""indexed"": true, ""image_small_url"": ""https://s.pinimg.com/images/user/default_30.png"", ""full_name"": ""Daily Home Cooking"", ""blocked_by_me"": false, ""follower_count"": 11, ""instagram_data"": null, ""first_name"": ""Daily Home Cooking"", ""explicitly_followed_by_me"": false, ""image_medium_url"": ""https://s.pinimg.com/images/user/default_75.png"", ""ads_only_profile_site"": null, ""domain_verified"": true, ""username"": ""DailyHomeCooking""}"
595812225749735970,https://www.pinterest.com/pin/595812225749735970,💙 Colar azul aesthetic vibes de praia 💙,"Leve a energia do mar com você 🌊✨ Esse colar azul é o detalhe perfeito para um look leve, delicado e cheio de estilo
🐚 Inspiração praiana e vibe tropical
💎 Design minimalista e super aesthetic
☀️ Combina com qualquer look de verão
Perfeito pra quem ama sentir o verão o ano inteiro 🌴💫
#AestheticPraia #ColarAzul #VibePraiana #EstiloLeve #BeachStyle #Verão2026",https://onelink.shein.com/33/5jrhkh44y7x5,https://i.pinimg.com/736x/8a/2c/63/8a2c635f320fede1af67c080f2151416.jpg,8a2c635f320fede1af67c080f2151416,0,962,927,1,0,6,"{""1"": 147}","Wed, 18 Mar 2026 20:39:01 +0000",2026-06-24 14:12:55.839000,/VitoriaVigatoo/acess%C3%B3rios/,Acessórios 👑,0,0,public,,VitoriaVigatoo,Vitoria,https://www.pinterest.com/VitoriaVigatoo/,0,0,10,0,0,"{""instagram_data"": null, ""explicitly_followed_by_me"": false, ""follower_count"": 10, ""is_verified_merchant"": false, ""type"": ""user"", ""blocked_by_me"": false, ""ads_only_profile_site"": null, ""domain_url"": null, ""verified_identity"": {}, ""followed_by_me"": false, ""image_small_url"": ""https://s.pinimg.com/images/user/default_30.png"", ""id"": ""595812363110866654"", ""image_medium_url"": ""https://s.pinimg.com/images/user/default_75.png"", ""username"": ""VitoriaVigatoo"", ""is_default_image"": true, ""full_name"": ""Vitoria"", ""is_ads_only_profile"": false, ""first_name"": ""Vitoria"", ""indexed"": true, ""domain_verified"": false}"
48343395995822934,https://www.pinterest.com/pin/48343395995822934,The Best Brownies Ever,"These one bowl, all butter, cocoa brownies are thick, chewy,  and fudgy with a shiny crackly top. Everything a brownie should be! They can easily be made gluten free too.",https://www.yammiesnoshery.com/2023/08/the-best-brownies-ever.html,https://i.pinimg.com/736x/26/62/de/2662de96156837a485eabb47a49acbf3.jpg,2662de96156837a485eabb47a49acbf3,0,897,268,0,0,10,"{""1"": 10}","Wed, 03 Sep 2025 02:58:25 +0000",2026-06-24 14:12:55.848000,/cookingclassy/food-love/,**FOOD LOVE**,0,0,public,food_drink,yammie,Yammie's Noshery,https://www.pinterest.com/yammie/,0,0,114649,0,0,"{""followed_by_me"": false, ""type"": ""user"", ""full_name"": ""Yammie's Noshery"", ""indexed"": true, ""instagram_data"": null, ""explicitly_followed_by_me"": false, ""id"": ""28288441317851342"", ""username"": ""yammie"", ""domain_verified"": true, ""is_ads_only_profile"": false, ""is_verified_merchant"": false, ""domain_url"": ""www.yammiesnoshery.com"", ""ads_only_profile_site"": null, ""image_small_url"": ""https://i.pinimg.com/30x30_RS/b9/f1/b9/b9f1b9c27393aa0c5f85cbf5d416ecda.jpg"", ""blocked_by_me"": false, ""verified_identity"": {}, ""follower_count"": 114649, ""is_default_image"": false, ""image_medium_url"": ""https://i.pinimg.com/75x75_RS/b9/f1/b9/b9f1b9c27393aa0c5f85cbf5d416ecda.jpg"", ""first_name"": ""Yammie's Noshery""}"
741405157448904299,https://www.pinterest.com/pin/741405157448904299,,"Whip up smooth, fruity blackberry frosting perfect for cupcakes or cakes. Easy to make with fresh berries and simple ingredients!",https://foodjoyful.com/blackberry-frosting-recipe/,https://i.pinimg.com/736x/5e/ff/20/5eff202084ecc62dd533e1bf7261d976.jpg,5eff202084ecc62dd533e1bf7261d976,0,2035,1922,2,0,65,"{""1"": 27}","Tue, 17 Mar 2026 01:44:10 +0000",2026-06-24 14:12:55.851000,/dugansharon12/blackberry-frosting/,Blackberry frosting,0,0,public,,dugansharon12,Sharon Dugan,https://www.pinterest.com/dugansharon12/,0,0,24,0,0,
397583473373704153,https://www.pinterest.com/pin/397583473373704153,Homemade Salmon Meatballs with Avocado Sauce: A Simple Appetizer Recipe,"Elevate your appetizer game with these homemade salmon meatballs paired with a creamy avocado sauce. Perfect for any gathering, these bite-sized delights are not only easy to make but also packed with flavor. The rich taste of salmon combined with the smooth, tangy avocado sauce creates a harmonious blend that will impress your guests. Whether you're hosting a dinner party or looking for a healthy snack option, these salmon meatballs are sure to be a hit. Enjoy a delicious and nutritious treat that's both satisfying and simple to prepare.",https://www.etsy.com/listing/1841529083/your-path-to-healthy-weight-loss-the?7678246567=,https://i.pinimg.com/736x/58/11/ba/5811baf1f9c01687232ef4c6f92424de.jpg,5811baf1f9c01687232ef4c6f92424de,0,104,102,0,0,2,"{""1"": 3}","Fri, 07 Mar 2025 09:07:42 +0000",2026-06-24 14:12:55.853000,/SCarter1107/cinnamon-rolls-with-cream-cheese-frosting/,Cinnamon Rolls with Cream Cheese Frosting,0,0,public,,SCarter1107,Latasha Elkins,https://www.pinterest.com/SCarter1107/,0,0,23,0,0,"{""full_name"": ""Latasha Elkins"", ""is_verified_merchant"": false, ""follower_count"": 23, ""domain_url"": null, ""followed_by_me"": false, ""username"": ""SCarter1107"", ""domain_verified"": false, ""ads_only_profile_site"": null, ""image_small_url"": ""https://s.pinimg.com/images/user/default_30.png"", ""type"": ""user"", ""first_name"": ""Latasha Elkins"", ""is_ads_only_profile"": false, ""blocked_by_me"": false, ""indexed"": true, ""instagram_data"": null, ""image_medium_url"": ""https://s.pinimg.com/images/user/default_75.png"", ""verified_identity"": {}, ""is_default_image"": true, ""explicitly_followed_by_me"": false, ""id"": ""397583610762247186""}"
1097189527995436063,https://www.pinterest.com/pin/1097189527995436063,Blueberry Peach Feta Salad - Crisp Tastes,Blueberry Peach Feta Salad - Crisp Tastes,https://payhip.com/b/lAvbB,https://i.pinimg.com/736x/7f/be/d4/7fbed41280be6565453401f010eb041d.jpg,7fbed41280be6565453401f010eb041d,0,688,685,0,0,22,"{""1"": 12}","Wed, 10 Jun 2026 15:16:21 +0000",2026-06-24 14:12:55.859000,/crispandgreenb/fresh-salad-recipes/,Fresh Salad Recipes,0,0,public,,crispandgreenb,Crisp & Green | Easy Salad Recipes,https://www.pinterest.com/crispandgreenb/,0,0,22,0,0,"{""username"": ""crispandgreenb"", ""image_small_url"": ""https://i.pinimg.com/30x30_RS/69/e7/15/69e7155bd015ab15c39138bfdea6c272.jpg"", ""explicitly_followed_by_me"": false, ""domain_verified"": false, ""is_ads_only_profile"": false, ""image_medium_url"": ""https://i.pinimg.com/75x75_RS/69/e7/15/69e7155bd015ab15c39138bfdea6c272.jpg"", ""followed_by_me"": false, ""ads_only_profile_site"": null, ""is_verified_merchant"": false, ""type"": ""user"", ""is_default_image"": false, ""id"": ""1097189665377063058"", ""first_name"": ""Crisp & Green | Easy Salad Recipes"", ""blocked_by_me"": false, ""verified_identity"": {}, ""full_name"": ""Crisp & Green | Easy Salad Recipes"", ""follower_count"": 22, ""indexed"": true, ""domain_url"": null, ""instagram_data"": null}"
224476362671164453,https://www.pinterest.com/pin/224476362671164453,Strawberry Banana Bread,"A quick bread for your brunch menu ideas! It's an easy breakfast recipe for strawberry banana bread with pancake mix. Soft and moist with a strawberry glaze on top, this banana strawberry bread is delicious!",https://www.crazyforcrust.com/strawberry-banana-bread-recipe/,https://i.pinimg.com/736x/8b/5d/e2/8b5de2ad4e6244dc5e8b82c11da165d5.jpg,8b5de2ad4e6244dc5e8b82c11da165d5,0,12455,1325,5,0,123,"{""1"": 209}","Mon, 06 May 2024 17:00:59 +0000",2026-06-24 14:12:55.862000,/crazyforcrust/bread-recipes/,Bread Recipes,0,0,public,food_drink,crazyforcrust,Crazy for Crust,https://www.pinterest.com/crazyforcrust/,0,0,513538,0,0,"{""explicitly_followed_by_me"": false, ""blocked_by_me"": false, ""is_verified_merchant"": false, ""indexed"": true, ""username"": ""crazyforcrust"", ""follower_count"": 513538, ""is_default_image"": false, ""image_small_url"": ""https://i.pinimg.com/30x30_RS/40/dd/bf/40ddbf09072c18f84fd19ee910236285.jpg"", ""instagram_data"": {""username"": ""crazyforcrust"", ""has_invalid_instagram_auth"": false, ""url"": ""https://www.instagram.com/crazyforcrust""}, ""first_name"": ""Crazy for Crust"", ""ads_only_profile_site"": null, ""verified_identity"": {""verified"": true}, ""id"": ""224476500085178410"", ""is_ads_only_profile"": false, ""image_medium_url"": ""https://i.pinimg.com/75x75_RS/40/dd/bf/40ddbf09072c18f84fd19ee910236285.jpg"", ""followed_by_me"": false, ""domain_verified"": true, ""type"": ""user"", ""domain_url"": ""www.crazyforcrust.com"", ""full_name"": ""Crazy for Crust""}"
498984833729230462,https://www.pinterest.com/pin/498984833729230462,, ,https://fitfoodiefinds.com/brown-sugar-shaken-espresso-overnight-oats/?tp_image_id=158160&pin_title=QnJvd24gU3VnYXIgU2hha2VuIEVzcHJlc3NvIE92ZXJuaWdodCBPYXRz&pin_description=SWYgeW91IGxvdmUgU3RhcmJ1Y2tzJyBCcm93biBTdWdhciBTaGFrZW4gRXNwcmVzc28sIHlvdSBhcmUgZ29pbmcgdG8gbG92ZSB0aGVzZSBvdmVybmlnaHQgb2F0cyEgVGhleSdyZSBtYWRlIHdpdGggZXNwcmVzc28sIGNoaWEgc2VlZHMsIGFsbW9uZCBtaWxrLCBhbmQgYnJvd24gc3VnYXIu,https://i.pinimg.com/736x/ff/ae/d3/ffaed3a09e3be97c01c1376617ca414f.jpg,ffaed3a09e3be97c01c1376617ca414f,0,6953,106,0,0,15,"{""1"": 29}","Fri, 29 Sep 2023 19:27:18 +0000",2026-06-24 14:12:55.865000,/gaiawolfwitch/vegan-recipes/,Vegan Recipes,0,0,public,food_drink,gaiawolfwitch,Ceri Clark,https://www.pinterest.com/gaiawolfwitch/,0,0,75,0,0,
1028720739891314145,https://www.pinterest.com/pin/1028720739891314145,, ,,https://i.pinimg.com/736x/1e/d2/21/1ed221b2bc82b3c0bd5c1d294b3c8e23.jpg,1ed221b2bc82b3c0bd5c1d294b3c8e23,0,368,222,0,0,1,"{""1"": 5}","Fri, 18 Jul 2025 16:52:49 +0000",2026-06-24 14:12:57.694000,/genesisgonzalez0004/recipes-to-make/,Recipes to make,0,0,public,,genesisgonzalez0004,Genesis Gonzalez,https://www.pinterest.com/genesisgonzalez0004/,0,0,1,0,0,"{""ads_only_profile_site"": null, ""follower_count"": 1, ""instagram_data"": null, ""verified_identity"": {}, ""type"": ""user"", ""explicitly_followed_by_me"": false, ""image_small_url"": ""https://i.pinimg.com/30x30_RS/46/4d/f1/464df1500bb126ec872eaab73fb2d090.jpg"", ""blocked_by_me"": false, ""domain_verified"": false, ""is_verified_merchant"": false, ""id"": ""1028720877291986577"", ""domain_url"": null, ""image_medium_url"": ""https://i.pinimg.com/75x75_RS/46/4d/f1/464df1500bb126ec872eaab73fb2d090.jpg"", ""is_default_image"": false, ""indexed"": true, ""first_name"": ""Genesis Gonzalez"", ""is_ads_only_profile"": false, ""username"": ""genesisgonzalez0004"", ""followed_by_me"": false, ""full_name"": ""Genesis Gonzalez""}"
958703839435120022,https://www.pinterest.com/pin/958703839435120022,apple crumble cake, ,,https://i.pinimg.com/736x/b9/87/3c/b9873c18ab76e002908f8955f8c2087c.jpg,b9873c18ab76e002908f8955f8c2087c,0,4861,2365,0,0,34,"{""1"": 54}","Wed, 22 Oct 2025 12:15:01 +0000",2026-06-24 14:12:57.700000,/lwork5178/cupcake-heaven/,Cupcake Heaven 🧁,0,0,public,,lwork5178,Vital Vibes,https://www.pinterest.com/lwork5178/,0,0,371,0,0,"{""verified_identity"": {}, ""indexed"": true, ""id"": ""958703976835231067"", ""is_ads_only_profile"": false, ""username"": ""lwork5178"", ""instagram_data"": null, ""is_verified_merchant"": false, ""full_name"": ""Vital Vibes"", ""explicitly_followed_by_me"": false, ""blocked_by_me"": false, ""follower_count"": 371, ""is_default_image"": false, ""image_medium_url"": ""https://i.pinimg.com/75x75_RS/0b/0d/e3/0b0de3abcdf03235dddacbaa9b62b350.jpg"", ""ads_only_profile_site"": null, ""domain_url"": null, ""domain_verified"": false, ""type"": ""user"", ""first_name"": ""Vital Vibes"", ""followed_by_me"": false, ""image_small_url"": ""https://i.pinimg.com/30x30_RS/0b/0d/e3/0b0de3abcdf03235dddacbaa9b62b350.jpg""}"
841047299202071407,https://www.pinterest.com/pin/841047299202071407,, ,,https://i.pinimg.com/736x/9a/ef/91/9aef91f298bc10b4e36a2f5c88a44d14.jpg,9aef91f298bc10b4e36a2f5c88a44d14,0,14438,1056,0,0,56,"{""1"": 247}","Mon, 19 May 2025 20:05:21 +0000",2026-06-24 14:12:57.708000,/bartlett7258/mother-of-the-bride-hair/,Mother of the bride- hair,0,0,public,,bartlett7258,Sandra Bartlett,https://www.pinterest.com/bartlett7258/,0,0,4,0,0,"{""indexed"": true, ""blocked_by_me"": false, ""is_ads_only_profile"": false, ""full_name"": ""Sandra Bartlett"", ""verified_identity"": {}, ""domain_url"": null, ""image_small_url"": ""https://s.pinimg.com/images/user/default_30.png"", ""image_medium_url"": ""https://s.pinimg.com/images/user/default_75.png"", ""domain_verified"": false, ""username"": ""bartlett7258"", ""id"": ""841047436569924536"", ""follower_count"": 4, ""followed_by_me"": false, ""is_verified_merchant"": false, ""first_name"": ""Sandra"", ""instagram_data"": null, ""ads_only_profile_site"": null, ""is_default_image"": true, ""type"": ""user"", ""explicitly_followed_by_me"": false}"
176133035424666391,https://www.pinterest.com/pin/176133035424666391,,"The Best Easy No Bake Protein Bar Recipe (Vegan, Gluten Free, No Bake)",https://chocolatecoveredkatie.com/protein-bars-recipe/,https://i.pinimg.com/736x/3b/4e/75/3b4e7591c5f5e26da2c237797ebceaad.jpg,3b4e7591c5f5e26da2c237797ebceaad,0,28,26,0,0,5,"{""1"": 1}","Thu, 15 Jan 2026 22:14:31 +0000",2026-06-24 14:12:57.783000,/karamm/yummy-yummy-in-my-tummy/,yummy yummy in my tummy,0,0,public,food_drink,karamm,Kara MacDonald,https://www.pinterest.com/karamm/,0,0,150,0,1,
716846465722160538,https://www.pinterest.com/pin/716846465722160538,Savory Carne Guisada Paired with Homemade Tortillas,"Savor the essence of Mexico with this hearty beef stew, where succulent beef pieces are gently cooked in a robust tomato sauce, perfectly paired with soft, warm flour tortillas.",https://t.me/foodsimp?8077028270=,https://i.pinimg.com/736x/3f/8a/9c/3f8a9c1c2076ab2c4433780bc886a8f6.jpg,3f8a9c1c2076ab2c4433780bc886a8f6,0,231,131,1,0,4,"{""1"": 6}","Sun, 15 Dec 2024 00:52:18 +0000",2026-06-24 14:12:57.786000,/natha_dulce_/savory-carne-guisada-homemade-tortillas/,Savory Carne Guisada & Homemade Tortillas,0,0,public,,natha_dulce_,Mamie Thomas,https://www.pinterest.com/natha_dulce_/,0,0,14,0,0,"{""username"": ""natha_dulce_"", ""is_default_image"": true, ""followed_by_me"": false, ""is_verified_merchant"": false, ""first_name"": ""Mamie Thomas"", ""id"": ""716846603096449706"", ""ads_only_profile_site"": null, ""blocked_by_me"": false, ""domain_verified"": false, ""image_medium_url"": ""https://s.pinimg.com/images/user/default_75.png"", ""image_small_url"": ""https://s.pinimg.com/images/user/default_30.png"", ""is_ads_only_profile"": false, ""follower_count"": 14, ""type"": ""user"", ""verified_identity"": {}, ""domain_url"": null, ""instagram_data"": null, ""full_name"": ""Mamie Thomas"", ""explicitly_followed_by_me"": false, ""indexed"": true}"
967781407568976369,https://www.pinterest.com/pin/967781407568976369,,Instagram,https://www.instagram.com/shewillevolve/reel/C5G0p4dJjfC/,https://i.pinimg.com/736x/b2/b2/81/b2b2819f6bd4126e8395f260342fbc3b.jpg,b2b2819f6bd4126e8395f260342fbc3b,0,37077,11163,14,0,366,"{""1"": 1362}","Fri, 13 Jun 2025 02:06:05 +0000",2026-06-24 14:12:57.791000,/skaytanner/potatoes/,Potatoes,0,0,public,,skaytanner,Skaytanner,https://www.pinterest.com/skaytanner/,0,0,2,0,0,
4597471625632267008,https://www.pinterest.com/pin/4597471625632267008,Boho Style Sandals for Women Low Heel Thick Soled Braided Hollow Casual Shoes For Outdoor Wear,Boho Style Sandals for Women Low Heel Thick Soled Braided Hollow Casual Shoes For Outdoor Wear,https://s.click.aliexpress.com/deep_link.htm?dl_target_url=https://www.aliexpress.com/ssr/300001872/pinterest-all%3FdisableNav%3DYES%26pha_manifest%3Dssr%26_immersiveMode%3Dtrue%26businessCode%3Dug%26productIds%3D3256808505403268&src=pinterest&aff_short_key=_onZ6vYN&aff_platform=true&isdl=y,https://i.pinimg.com/736x/22/00/1e/22001ebd2a3da62a7e454981630cb031.jpg,22001ebd2a3da62a7e454981630cb031,0,3,3,0,0,0,{},"Wed, 21 Jan 2026 18:58:16 +0000",2026-06-24 14:12:57.796000,/aliexpress/_products/,Products,0,0,protected,products,aliexpress,AliExpress,https://www.pinterest.com/aliexpress/,0,0,4099868,0,0,"{""is_default_image"": false, ""first_name"": ""AliExpress"", ""verified_identity"": {""verified"": true}, ""is_verified_merchant"": true, ""domain_verified"": true, ""type"": ""user"", ""image_small_url"": ""https://i.pinimg.com/30x30_RS/5c/2a/98/5c2a98ff5cc06e3a21c92138f97e1649.jpg"", ""ads_only_profile_site"": null, ""explicitly_followed_by_me"": false, ""followed_by_me"": false, ""image_medium_url"": ""https://i.pinimg.com/75x75_RS/5c/2a/98/5c2a98ff5cc06e3a21c92138f97e1649.jpg"", ""username"": ""aliexpress"", ""id"": ""807974126806387335"", ""indexed"": true, ""follower_count"": 4099868, ""domain_url"": ""www.aliexpress.com"", ""is_ads_only_profile"": false, ""blocked_by_me"": false, ""full_name"": ""AliExpress"", ""instagram_data"": null}"
485614772326143995,https://www.pinterest.com/pin/485614772326143995,"2 Ingredient Dough Garlic Knots (No yeast!)- vegan, gluten free, dairy free.","2 Ingredient Dough Garlic Knots (No yeast!)- vegan, gluten free, dairy free.",https://thebigmansworld.com/garlic-knots-recipe/,https://i.pinimg.com/736x/26/27/0e/26270e95342bc706cf53f0c7d8e39f82.jpg,26270e95342bc706cf53f0c7d8e39f82,0,266,4,1,0,0,"{""1"": 4}","Sat, 05 Sep 2020 22:35:16 +0000",2026-06-24 14:12:57.801000,/cookwithmanali/bread-recipes/,Bread Recipes,0,0,public,food_drink,cookwithmanali,Cook With Manali,https://www.pinterest.com/cookwithmanali/,0,0,63573,0,0,"{""id"": ""485614909728505898"", ""image_medium_url"": ""https://i.pinimg.com/75x75_RS/f4/e1/e8/f4e1e80c6d055816d77b7cae9fa22d33.jpg"", ""indexed"": true, ""explicitly_followed_by_me"": false, ""is_verified_merchant"": false, ""is_default_image"": false, ""followed_by_me"": false, ""verified_identity"": {""verified"": true}, ""is_ads_only_profile"": false, ""domain_verified"": true, ""ads_only_profile_site"": null, ""domain_url"": ""www.cookwithmanali.com"", ""first_name"": ""Cook With Manali"", ""full_name"": ""Cook With Manali"", ""image_small_url"": ""https://i.pinimg.com/30x30_RS/f4/e1/e8/f4e1e80c6d055816d77b7cae9fa22d33.jpg"", ""username"": ""cookwithmanali"", ""blocked_by_me"": false, ""instagram_data"": {""has_invalid_instagram_auth"": false, ""username"": ""cookwithmanali"", ""url"": ""https://www.instagram.com/cookwithmanali""}, ""follower_count"": 63573, ""type"": ""user""}"
801429696172933819,https://www.pinterest.com/pin/801429696172933819,Breakfast Eggs Avocado Hot Sauces 61 Ideas,Breakfast Eggs Avocado Hot Sauces 61 Ideas #breakfast,http://dulcebreakfast.myblogika.ru/3589229-breakfast-eggs-avocado-hot-sauces-61-ideas-inn8.html,https://i.pinimg.com/736x/79/99/47/7999479a1973b1f263868b6083a687c3.jpg,7999479a1973b1f263868b6083a687c3,0,1,0,0,0,0,{},"Sun, 04 Aug 2019 22:34:14 +0000",2026-06-24 14:12:57.891000,/averi2yib29/dairy-free-eat-breakfast/,Dairy-Free: Eat Breakfast!,0,0,public,,averi2yib29,Breakfast Ideas,https://www.pinterest.com/averi2yib29/,0,0,63,0,0,"{""is_ads_only_profile"": false, ""followed_by_me"": false, ""indexed"": true, ""first_name"": ""Breakfast Ideas"", ""is_verified_merchant"": false, ""type"": ""user"", ""blocked_by_me"": false, ""image_medium_url"": ""https://i.pinimg.com/75x75_RS/80/6c/79/806c79492891fe27bf9f172d31a8b8d0.jpg"", ""full_name"": ""Breakfast Ideas"", ""id"": ""801429833598012938"", ""explicitly_followed_by_me"": false, ""username"": ""averi2yib29"", ""instagram_data"": null, ""domain_url"": null, ""image_small_url"": ""https://i.pinimg.com/30x30_RS/80/6c/79/806c79492891fe27bf9f172d31a8b8d0.jpg"", ""verified_identity"": {}, ""follower_count"": 63, ""ads_only_profile_site"": null, ""is_default_image"": false, ""domain_verified"": false}"
353814114495554188,https://www.pinterest.com/pin/353814114495554188,Creamy Chicken Curry with Rice Recipe,"The Good Bite presents my mouthwatering One Pan Cajun Lime Chicken. It's incredibly simple to make, delightfully creamy, and strikes the perfect harmony between Cajun spices and zesty lime. Be sure to save this recipe for later!",https://www.etsy.com/listing/1841529083/your-path-to-healthy-weight-loss-the?2588127878=,https://i.pinimg.com/736x/a7/f5/98/a7f59838d615ffff6ba1ddfc7a232b6b.jpg,a7f59838d615ffff6ba1ddfc7a232b6b,0,943,449,0,0,2,"{""1"": 26}","Sat, 26 Jul 2025 19:40:03 +0000",2026-06-24 14:12:57.897000,/dockett77/easy-weeknight-dinners/,Easy Weeknight Dinners,0,0,public,,dockett77,Meisha Dockett,https://www.pinterest.com/dockett77/,0,0,129,0,1,"{""follower_count"": 51, ""followed_by_me"": false, ""image_medium_url"": ""https://s.pinimg.com/images/user/default_75.png"", ""ads_only_profile_site"": null, ""domain_url"": null, ""image_small_url"": ""https://s.pinimg.com/images/user/default_30.png"", ""instagram_data"": null, ""is_verified_merchant"": false, ""blocked_by_me"": false, ""domain_verified"": false, ""is_ads_only_profile"": false, ""is_default_image"": true, ""indexed"": true, ""explicitly_followed_by_me"": false, ""full_name"": ""Janet Poe"", ""verified_identity"": {}, ""id"": ""443464031966082992"", ""type"": ""user"", ""username"": ""khadija_angel2"", ""first_name"": ""Janet Poe""}"
1029494796084569681,https://www.pinterest.com/pin/1029494796084569681,"How To Make Air Fryer Zucchini Chips: A Crispy, Healthy Snack Recipe for Everyone","Discover how to make air fryer zucchini chips that are perfectly crispy and deliciously healthy. This easy recipe transforms fresh zucchini into a guilt-free snack that's perfect for any occasion. With minimal oil and simple seasonings, these air-fried chips are a fantastic alternative to traditional potato chips. Perfect for dipping or enjoying on their own, they are also gluten-free and vegan-friendly.",,https://i.pinimg.com/736x/d1/b6/30/d1b63032488c2c130cd3aa5f56c01bbb.jpg,d1b63032488c2c130cd3aa5f56c01bbb,0,3547,1986,3,0,15,"{""1"": 30}","Mon, 06 Oct 2025 19:19:18 +0000",2026-06-24 14:12:57.901000,/bebeecharo/recipes/,recipes,0,0,public,food_drink,bebeecharo,Savannah Williams,https://www.pinterest.com/bebeecharo/,0,0,26,0,0,"{""id"": ""1029494933477960380"", ""indexed"": true, ""full_name"": ""Savannah Williams"", ""username"": ""bebeecharo"", ""instagram_data"": null, ""image_medium_url"": ""https://s.pinimg.com/images/user/default_75.png"", ""is_ads_only_profile"": false, ""follower_count"": 26, ""blocked_by_me"": false, ""ads_only_profile_site"": null, ""explicitly_followed_by_me"": false, ""domain_url"": null, ""followed_by_me"": false, ""type"": ""user"", ""image_small_url"": ""https://s.pinimg.com/images/user/default_30.png"", ""first_name"": ""Savannah Williams"", ""domain_verified"": false, ""is_default_image"": true, ""is_verified_merchant"": false, ""verified_identity"": {}}"
84161086780686037,https://www.pinterest.com/pin/84161086780686037,,"Flavor-packed spicy chicken wrap recipe with rotisserie chicken, buffalo sauce, homemade ranch, and more! This makes two large wraps and comes together in no time! #spicychicken #spicychickenwrap via @aflavorjournal",https://aflavorjournal.com/spicy-buffalo-chicken-wraps/,https://i.pinimg.com/736x/0a/97/30/0a9730737e587b18dd2c71528110e48d.jpg,0a9730737e587b18dd2c71528110e48d,0,6078,521,11,0,13,"{""1"": 19}","Wed, 03 May 2023 06:42:40 +0000",2026-06-24 14:12:57.906000,/dianelleestrong/sandwich-wraps-pitas-paninis-recipes/,"Sandwich, Wraps, Pitas & Paninis Recipes",0,0,public,food_drink,dianelleestrong,Diane Lynn Lee-Strong,https://www.pinterest.com/dianelleestrong/,0,0,3165,0,0,
613615518022595157,https://www.pinterest.com/pin/613615518022595157,, ,,https://i.pinimg.com/736x/80/7d/0e/807d0e593d1fc93a629aa2c74fc2a41d.jpg,807d0e593d1fc93a629aa2c74fc2a41d,0,1484,305,2,0,7,"{""1"": 77}","Mon, 21 Apr 2025 19:05:32 +0000",2026-06-24 14:12:57.909000,/omarjaberjo/_quick_saves/,Quick Saves,0,0,public,,omarjaberjo,✨Sara✨,https://www.pinterest.com/omarjaberjo/,0,0,21,0,0,"{""is_ads_only_profile"": false, ""verified_identity"": {}, ""image_medium_url"": ""https://i.pinimg.com/75x75_RS/e1/1e/e7/e11ee7142e2746832775c063ea29e05a.jpg"", ""id"": ""613615655387755056"", ""domain_verified"": false, ""ads_only_profile_site"": null, ""is_verified_merchant"": false, ""domain_url"": null, ""first_name"": ""o"", ""followed_by_me"": false, ""is_default_image"": false, ""follower_count"": 21, ""username"": ""omarjaberjo"", ""indexed"": true, ""explicitly_followed_by_me"": false, ""instagram_data"": null, ""full_name"": ""\u2728Sara\u2728"", ""type"": ""user"", ""image_small_url"": ""https://i.pinimg.com/30x30_RS/e1/1e/e7/e11ee7142e2746832775c063ea29e05a.jpg"", ""blocked_by_me"": false}"
1141592205572155654,https://www.pinterest.com/pin/1141592205572155654,Healthy California Roll Sushi Bowls for Meal Prep,"Create nutritious and delicious California Roll Sushi Bowls that are perfect for meal prep! Packed with fresh ingredients like avocado, crab, and cucumber, these customizable bowls are a healthy choice for any meal. Assemble in advance for a quick, satisfying lunch or dinner that’s bursting with flavor!",https://payhip.com/b/kVbhz,https://i.pinimg.com/736x/84/8b/19/848b1907a2db5e8a67226aa49cae3355.jpg,848b1907a2db5e8a67226aa49cae3355,0,348,347,0,0,9,"{""1"": 2}","Sun, 07 Jun 2026 03:39:33 +0000",2026-06-24 14:12:57.915000,/ragonuregaso/white-fish-shellfish-light-delicate/,White Fish & Shellfish | Light & Delicate,0,0,public,,ragonuregaso,Seafood & Grill Master | Ultimate Recipe Collections,https://www.pinterest.com/ragonuregaso/,0,0,270,0,0,"{""is_ads_only_profile"": false, ""type"": ""user"", ""full_name"": ""Seafood & Grill Master | Ultimate Recipe Collections"", ""id"": ""1141592342953077088"", ""verified_identity"": {}, ""ads_only_profile_site"": null, ""explicitly_followed_by_me"": false, ""follower_count"": 270, ""indexed"": true, ""instagram_data"": null, ""first_name"": ""Seafood & Grill Master | Ultimate Recipe Collections"", ""username"": ""ragonuregaso"", ""image_small_url"": ""https://i.pinimg.com/30x30_RS/be/e5/05/bee505f69082c6d5ef1aac21d5700800.jpg"", ""blocked_by_me"": false, ""is_default_image"": false, ""is_verified_merchant"": false, ""image_medium_url"": ""https://i.pinimg.com/75x75_RS/be/e5/05/bee505f69082c6d5ef1aac21d5700800.jpg"", ""domain_verified"": false, ""domain_url"": null, ""followed_by_me"": false}"
278660295687243485,https://www.pinterest.com/pin/278660295687243485,,Ultimate Grasshopper Cookies with Andes Mints - Your Cup of Cake,https://www.yourcupofcake.com/ultimate-grasshopper-cookies/,https://i.pinimg.com/736x/74/be/92/74be923ec5117a29c1ef9923b15dcf18.jpg,74be923ec5117a29c1ef9923b15dcf18,0,16969,37,2,0,3,"{""1"": 26}","Wed, 23 Nov 2022 03:03:54 +0000",2026-06-24 14:12:57.929000,/nschafer16/desserts/,Desserts,0,0,public,food_drink,nschafer16,Noreen Schafer,https://www.pinterest.com/nschafer16/,0,0,85,0,0,
464293042858663853,https://www.pinterest.com/pin/464293042858663853,Hamburger Potato Casserole Recipe: Comfort Food Dinner (PDF Download) - Etsy,Hamburger Potato Casserole Recipe: Comfort Food Dinner (PDF Download) - Etsy,https://www.etsy.com/listing/4342757687/hamburger-potato-casserole-recipe,https://i.pinimg.com/736x/96/2b/62/962b62306b9de5726b315db8eb5c2d6f.jpg,962b62306b9de5726b315db8eb5c2d6f,0,11,10,0,0,0,{},"Mon, 22 Dec 2025 00:33:23 +0000",2026-06-24 14:12:57.962000,/suestacy792/recipes/,Recipes,0,0,public,food_drink,suestacy792,Sue Stacy,https://www.pinterest.com/suestacy792/,0,0,24,0,0,
1027242996265945828,https://www.pinterest.com/pin/1027242996265945828,Egg Roll in a Bowl Recipe Printable | Easy One-skillet Dinner | Healthy Asian-inspired Digital Recipe PDF - Etsy,Whip up a deliciously simple Egg Roll in a Bowl that's packed with flavor and ready in minutes—perfect for a quick weeknight dinner!,https://www.etsy.com/listing/4386844943/egg-roll-in-a-bowl-recipe-printable-easy,https://i.pinimg.com/736x/24/9a/41/249a417102573b83b456eb7e4d5b90e8.jpg,249a417102573b83b456eb7e4d5b90e8,0,3,2,0,0,0,{},"Thu, 16 Oct 2025 19:19:14 +0000",2026-06-24 14:12:57.968000,/srsenlbrulll3byp/fresh-easy-salads/,Fresh & Easy Salads,0,0,public,,srsenlbrulll3byp,Savor & Spice with Amelia,https://www.pinterest.com/srsenlbrulll3byp/,0,0,1,0,0,"{""is_default_image"": false, ""blocked_by_me"": false, ""followed_by_me"": false, ""type"": ""user"", ""id"": ""1027243133664275033"", ""full_name"": ""Savor & Spice with Amelia"", ""ads_only_profile_site"": null, ""first_name"": ""Savor & Spice with Amelia"", ""indexed"": true, ""domain_verified"": false, ""image_medium_url"": ""https://i.pinimg.com/75x75_RS/fc/9f/ab/fc9fab294c58bc0214006b6c43c23a16.jpg"", ""follower_count"": 1, ""instagram_data"": null, ""is_ads_only_profile"": false, ""image_small_url"": ""https://i.pinimg.com/30x30_RS/fc/9f/ab/fc9fab294c58bc0214006b6c43c23a16.jpg"", ""explicitly_followed_by_me"": false, ""domain_url"": null, ""is_verified_merchant"": false, ""username"": ""srsenlbrulll3byp"", ""verified_identity"": {}}"
881720433327037197,https://www.pinterest.com/pin/881720433327037197,Easy Greek Yogurt Marinated Chicken,"Tender Greek Yogurt Marinated Chicken — tangy yogurt marinade keeps chicken juicy while infusing garlic and herbs for effortless grilling or roasting. This Greek Yogurt Marinated Chicken recipe includes yogurt-marinated chicken thighs, greek yogurt marinade for chicken breasts, overnight tenderizing chicken method, healthy marinated chicken meal prep, and grill or bake instructions. Marinate, cook, and serve with grains — pin for tips! #grill #marinade #dinner.",https://cheatdayrecipe.com/greek-yogurt-marinated-chicken,https://i.pinimg.com/736x/d4/b7/d0/d4b7d0cf8a683100eff35c0c4e7f2d72.jpg,d4b7d0cf8a683100eff35c0c4e7f2d72,0,336,212,0,0,12,"{""1"": 1}","Wed, 18 Feb 2026 00:02:22 +0000",2026-06-24 14:12:58.445000,/CheatDayRecipe1/chicken-recipe/,Chicken Recipe,0,0,public,,CheatDayRecipe1,"CheatDayRecipe | Dessert Recipes, Cheat Day Meals",https://www.pinterest.com/CheatDayRecipe1/,0,0,166,0,0,"{""is_ads_only_profile"": false, ""is_verified_merchant"": false, ""instagram_data"": null, ""domain_verified"": false, ""explicitly_followed_by_me"": false, ""id"": ""881720570704853998"", ""type"": ""user"", ""ads_only_profile_site"": null, ""username"": ""CheatDayRecipe1"", ""image_small_url"": ""https://i.pinimg.com/30x30_RS/47/56/53/475653c47012805a8b8a2b781af8b8f3.jpg"", ""is_default_image"": false, ""domain_url"": null, ""indexed"": true, ""follower_count"": 166, ""verified_identity"": {}, ""blocked_by_me"": false, ""first_name"": ""CheatDayRecipe | Dessert Recipes, Cheat Day Meals"", ""image_medium_url"": ""https://i.pinimg.com/75x75_RS/47/56/53/475653c47012805a8b8a2b781af8b8f3.jpg"", ""followed_by_me"": false, ""full_name"": ""CheatDayRecipe | Dessert Recipes, Cheat Day Meals""}"
359443613991721807,https://www.pinterest.com/pin/359443613991721807,Thai Cashew Coconut Rice with Ginger Peanut Sauce - Host The Toast,Thai Cashew Coconut Rice with Ginger Peanut Dressing.  This rice salad is seriously addictive and always a huge hit at potlucks!  Pasta salad is so overrated.  Rice salad?  I want it for every meal. | hostthetoast.com,http://hostthetoast.com/thai-cashew-coconut-rice-ginger-peanut-sauce/,https://i.pinimg.com/736x/b2/bc/a0/b2bca0e57e422e7c204af3570cadcdd3.jpg,b2bca0e57e422e7c204af3570cadcdd3,0,8071,7,7,0,0,{},"Thu, 31 Mar 2016 00:51:21 +0000",2026-06-24 14:12:58.711000,/meg1ale2/vegan-meals/,Vegan Meals,0,0,public,,meg1ale2,Shirley Ferguson,https://www.pinterest.com/meg1ale2/,0,0,14,0,0,
550283648239604829,https://www.pinterest.com/pin/550283648239604829,Savory Butter Delight: French Onion Tart,"b'Savory Butter Delight: French Onion Tart Recipe  Ingredients:  1 sheet puff pastry  2 large onions (thinly sliced)  2 tbsp butter  1 tbsp olive oil  1 tsp sugar  1 tsp salt  1/2 tsp pepper  1/4 cup heavy cream  1/2 cup grated Gruy\xe8re cheese  1/2 cup grated Parmesan cheese  Fresh thyme (optional)  Method:  Preheat oven to 375\xb0F (190\xb0C). Roll out puff pastry on a baking sheet.  In a pan, melt butter with olive oil over medium heat. Add onions, sugar, salt, and pepper. Cook, stirring occasionally, until onions are caramelized (15-20 mins).  Add heavy cream to onions and cook for another 2-3 mins.  Spread onion mixture on pastry, sprinkle with cheeses.  Bake for 20-25 mins until golden and crisp. Garnish with thyme.  Serve warm and enjoy this rich, buttery treat!'",,https://i.pinimg.com/736x/8c/10/d5/8c10d588a2387323a038ead31dd84db4.jpg,8c10d588a2387323a038ead31dd84db4,0,2771,419,9,0,12,"{""1"": 23}","Sun, 06 Jul 2025 10:43:09 +0000",2026-06-24 14:12:58.982000,/mariana365/food/,FOOD,0,0,public,food_drink,mariana365,Maria Ana,https://www.pinterest.com/mariana365/,0,0,131,0,1,"{""explicitly_followed_by_me"": false, ""domain_verified"": false, ""instagram_data"": null, ""full_name"": ""GlowDailyLife"", ""follower_count"": 619, ""domain_url"": null, ""image_medium_url"": ""https://s.pinimg.com/images/user/default_75.png"", ""is_verified_merchant"": false, ""followed_by_me"": false, ""is_ads_only_profile"": false, ""verified_identity"": {}, ""ads_only_profile_site"": null, ""username"": ""GlowDailyLife"", ""first_name"": ""GlowDailyLife"", ""type"": ""user"", ""indexed"": true, ""id"": ""1091700903330998293"", ""blocked_by_me"": false, ""image_small_url"": ""https://s.pinimg.com/images/user/default_30.png"", ""is_default_image"": true}"
417849671695142217,https://www.pinterest.com/pin/417849671695142217,10 BREAKFAST IDEAS, ,https://www.julsweek.com/2023/10/10-breakfast-ideas.html?m=1,https://i.pinimg.com/736x/7e/f7/08/7ef708800abfce1f6b111cd2e9dbcc24.jpg,7ef708800abfce1f6b111cd2e9dbcc24,0,2987,2963,21,0,110,"{""1"": 93}","Fri, 01 Mar 2024 17:18:49 +0000",2026-06-24 14:12:58.986000,/jbochmann/smoothies/,smoothies,0,0,public,food_drink,jbochmann,Joyce Bochmann,https://www.pinterest.com/jbochmann/,0,0,250,0,0,
330803535151615789,https://www.pinterest.com/pin/330803535151615789,Sun-Dried Tomato Eggplant Ricotta Pasta,"This eggplant and sun-dried tomato ricotta pasta is a creamy, flavorful 20-minute dinner perfect for veggie lovers and busy weeknights.",https://www.servingdumplings.com/recipe/eggplant-and-sun-dried-tomato-pasta-with-ricotta/,https://i.pinimg.com/736x/86/13/b5/8613b50c4e2987fcc03665397d840de9.jpg,8613b50c4e2987fcc03665397d840de9,0,5058,1474,2,0,39,"{""1"": 29}","Sun, 04 May 2025 17:00:57 +0000",2026-06-24 14:12:59.355000,/servingdumplings/serving-dumplings-recipes/,Serving Dumplings Recipes,0,0,public,food_drink,servingdumplings,Anna’s Table | Quick & Cozy Recipes,https://www.pinterest.com/servingdumplings/,0,0,25836,0,0,"{""domain_verified"": true, ""id"": ""330803672537648600"", ""indexed"": true, ""ads_only_profile_site"": null, ""first_name"": ""Anna\u2019s Table | Quick & Cozy Recipes"", ""is_verified_merchant"": false, ""is_ads_only_profile"": false, ""blocked_by_me"": false, ""verified_identity"": {}, ""instagram_data"": {""has_invalid_instagram_auth"": false, ""username"": ""anna_s_table"", ""url"": ""https://www.instagram.com/anna_s_table""}, ""full_name"": ""Anna\u2019s Table | Quick & Cozy Recipes"", ""image_medium_url"": ""https://i.pinimg.com/75x75_RS/02/1e/67/021e67fb6624b6458402e1475d5322cb.jpg"", ""explicitly_followed_by_me"": false, ""username"": ""servingdumplings"", ""followed_by_me"": false, ""type"": ""user"", ""follower_count"": 25836, ""is_default_image"": false, ""image_small_url"": ""https://i.pinimg.com/30x30_RS/02/1e/67/021e67fb6624b6458402e1475d5322cb.jpg"", ""domain_url"": ""www.servingdumplings.com""}"
278660295687243485,https://www.pinterest.com/pin/278660295687243485,,Ultimate Grasshopper Cookies with Andes Mints - Your Cup of Cake,https://www.yourcupofcake.com/ultimate-grasshopper-cookies/,https://i.pinimg.com/736x/74/be/92/74be923ec5117a29c1ef9923b15dcf18.jpg,74be923ec5117a29c1ef9923b15dcf18,0,16969,37,2,0,3,"{""1"": 26}","Wed, 23 Nov 2022 03:03:54 +0000",2026-06-24 14:12:59.363000,/nschafer16/desserts/,Desserts,0,0,public,food_drink,nschafer16,Noreen Schafer,https://www.pinterest.com/nschafer16/,0,0,85,0,0,
1029002214837856897,https://www.pinterest.com/pin/1029002214837856897,So cute, ,,https://i.pinimg.com/736x/e7/8b/34/e78b34386c07db3f32a720889e546064.jpg,e78b34386c07db3f32a720889e546064,0,188500,186228,141,0,43342,"{""1"": 7964, ""5"": 5, ""7"": 13, ""11"": 4, ""13"": 7}","Tue, 10 Jan 2023 21:49:05 +0000",2026-06-24 14:12:59.859000,/inspiredby1Vicky1/_quick_creates/,Pins by you,0,0,public,,inspiredby1Vicky1,Vicky,https://www.pinterest.com/inspiredby1Vicky1/,0,0,12302,0,0,"{""follower_count"": 12302, ""image_small_url"": ""https://i.pinimg.com/30x30_RS/8b/ec/ac/8becac388a5ff18ce5a1fe7377e00a15.jpg"", ""instagram_data"": {""has_invalid_instagram_auth"": false, ""url"": ""https://www.instagram.com/inspiredby.vicky"", ""username"": ""inspiredby.vicky""}, ""id"": ""1029002352268521628"", ""type"": ""user"", ""ads_only_profile_site"": null, ""is_default_image"": false, ""username"": ""inspiredby1Vicky1"", ""blocked_by_me"": false, ""is_verified_merchant"": false, ""first_name"": ""Vicky"", ""indexed"": true, ""full_name"": ""Vicky"", ""explicitly_followed_by_me"": false, ""domain_verified"": false, ""domain_url"": null, ""verified_identity"": {}, ""image_medium_url"": ""https://i.pinimg.com/75x75_RS/8b/ec/ac/8becac388a5ff18ce5a1fe7377e00a15.jpg"", ""followed_by_me"": false, ""is_ads_only_profile"": false}"
1152780835889835541,https://www.pinterest.com/pin/1152780835889835541,Delicious Plant-Based Breakfasts: Easy Vegan Recipes for a Healthy Start to Your Day,"Discover a collection of vibrant vegetarian and vegan breakfast ideas that are both nutritious and satisfying. From energizing smoothie bowls to hearty oatmeals and savory avocado toasts, these recipes are perfect for anyone looking to fuel their mornings with healthy ingredients. Explore simple and quick meals that everyone will love, making it easy to embrace a plant-based lifestyle. Join our community of food lovers and share your favorite breakfast creations!",,https://i.pinimg.com/736x/2e/f5/26/2ef5267508fd4563df0169026025c6cb.jpg,2ef5267508fd4563df0169026025c6cb,0,12325,4169,2,0,58,"{""1"": 188}","Sun, 12 Oct 2025 23:31:05 +0000",2026-06-24 14:12:59.995000,/brentzmoschetto/recipes/,recipes,0,0,public,food_drink,brentzmoschetto,Abigail Taylor,https://www.pinterest.com/brentzmoschetto/,0,0,44,0,0,"{""instagram_data"": null, ""username"": ""brentzmoschetto"", ""verified_identity"": {}, ""followed_by_me"": false, ""image_medium_url"": ""https://s.pinimg.com/images/user/default_75.png"", ""indexed"": true, ""is_verified_merchant"": false, ""image_small_url"": ""https://s.pinimg.com/images/user/default_30.png"", ""domain_url"": null, ""full_name"": ""Abigail Taylor"", ""first_name"": ""Abigail Taylor"", ""type"": ""user"", ""id"": ""1152780973277255215"", ""follower_count"": 44, ""explicitly_followed_by_me"": false, ""is_ads_only_profile"": false, ""blocked_by_me"": false, ""is_default_image"": true, ""ads_only_profile_site"": null, ""domain_verified"": false}"
1002754673265270962,https://www.pinterest.com/pin/1002754673265270962,Chocolate Cake,Stay tuned with us for more idea's 💡,,https://i.pinimg.com/736x/2c/e1/a7/2ce1a7e8018dc0769bad9d7cbb99f32c.jpg,2ce1a7e8018dc0769bad9d7cbb99f32c,0,34265,33893,41,0,5395,"{""1"": 3454}","Fri, 07 Jul 2023 18:00:37 +0000",2026-06-24 14:13:00.018000,/EloiseHeadsss/cake/,Cake,0,0,public,,EloiseHeadsss,Fitwaffle Kitchen,https://www.pinterest.com/EloiseHeadsss/,0,0,594,0,0,"{""verified_identity"": {}, ""first_name"": ""Fitwaffle Kitchen"", ""image_small_url"": ""https://i.pinimg.com/30x30_RS/e0/78/1f/e0781fb615483d80c09c01ce94f81b99.jpg"", ""domain_verified"": false, ""followed_by_me"": false, ""explicitly_followed_by_me"": false, ""is_verified_merchant"": false, ""type"": ""user"", ""indexed"": true, ""follower_count"": 594, ""domain_url"": null, ""is_default_image"": false, ""ads_only_profile_site"": null, ""id"": ""1002754810690305107"", ""instagram_data"": null, ""username"": ""EloiseHeadsss"", ""image_medium_url"": ""https://i.pinimg.com/75x75_RS/e0/78/1f/e0781fb615483d80c09c01ce94f81b99.jpg"", ""is_ads_only_profile"": false, ""full_name"": ""Fitwaffle Kitchen"", ""blocked_by_me"": false}"
636555728608630210,https://www.pinterest.com/pin/636555728608630210,Iced English latte, ,,https://i.pinimg.com/736x/8f/93/56/8f9356220fab8eb52a6e2279cdf24d5b.jpg,8f9356220fab8eb52a6e2279cdf24d5b,0,421,376,0,0,7,"{""1"": 9}","Fri, 27 Oct 2023 01:59:43 +0000",2026-06-24 14:13:00.026000,/dahlilarod77/coffee/,Coffee,0,0,public,food_drink,dahlilarod77,Dahlila Creations,https://www.pinterest.com/dahlilarod77/,0,0,901,0,0,"{""first_name"": ""Dahlila Creations"", ""id"": ""636555865989713474"", ""image_medium_url"": ""https://i.pinimg.com/75x75_RS/c6/d9/02/c6d902e9b850696461de0e3c255b5777.jpg"", ""explicitly_followed_by_me"": false, ""instagram_data"": null, ""is_ads_only_profile"": false, ""verified_identity"": {}, ""blocked_by_me"": false, ""full_name"": ""Dahlila Creations"", ""domain_url"": ""dahlilar.com"", ""username"": ""dahlilarod77"", ""follower_count"": 901, ""is_default_image"": false, ""followed_by_me"": false, ""is_verified_merchant"": false, ""indexed"": true, ""domain_verified"": false, ""ads_only_profile_site"": null, ""image_small_url"": ""https://i.pinimg.com/30x30_RS/c6/d9/02/c6d902e9b850696461de0e3c255b5777.jpg"", ""type"": ""user""}"
957296464553908379,https://www.pinterest.com/pin/957296464553908379,, ,,https://i.pinimg.com/736x/d6/7e/e7/d67ee78f9d7fb6c0b81dbf5066b61c2f.jpg,d67ee78f9d7fb6c0b81dbf5066b61c2f,0,2,1,0,0,0,"{""1"": 1}","Thu, 18 Sep 2025 05:14:54 +0000",2026-06-24 14:13:34.962000,/merin018/shirt-desing/,SHIRT DESING,0,0,public,,merin018,MERIN,https://www.pinterest.com/merin018/,0,0,65,0,0,"{""first_name"": ""MERIN"", ""follower_count"": 65, ""ads_only_profile_site"": null, ""explicitly_followed_by_me"": false, ""is_verified_merchant"": false, ""username"": ""merin018"", ""type"": ""user"", ""image_medium_url"": ""https://i.pinimg.com/75x75_RS/f7/57/fd/f757fd06716b8c35fc8fcaf48ba3ea14.jpg"", ""instagram_data"": null, ""verified_identity"": {}, ""image_small_url"": ""https://i.pinimg.com/30x30_RS/f7/57/fd/f757fd06716b8c35fc8fcaf48ba3ea14.jpg"", ""full_name"": ""MERIN"", ""domain_verified"": false, ""is_default_image"": false, ""is_ads_only_profile"": false, ""id"": ""957296601951587438"", ""blocked_by_me"": false, ""followed_by_me"": false, ""indexed"": true, ""domain_url"": null}"
884183339817843200,https://www.pinterest.com/pin/884183339817843200,Sesame-Crusted Seared Ahi Tuna Platter With Soy-Citrus Sauce,"Sesame-Crusted Seared Ahi Tuna Platter With Soy-Citrus Sauce
",https://imperialpdx.com/sesame-crusted-seared-ahi-tuna-platter-with-soy-citrus-sauce/,https://i.pinimg.com/736x/0a/95/af/0a95afc1f82d477006dd8d154017b5f2.jpg,0a95afc1f82d477006dd8d154017b5f2,0,2,1,0,0,0,{},"Tue, 16 Dec 2025 20:39:18 +0000",2026-06-24 14:13:34.969000,/imperialrecipes/90-buffet-style-recipes/,90 Buffet Style Recipes,0,0,public,,imperialrecipes,Imperial Recipes,https://www.pinterest.com/imperialrecipes/,0,0,87,0,0,"{""is_verified_merchant"": false, ""ads_only_profile_site"": null, ""username"": ""imperialrecipes"", ""followed_by_me"": false, ""domain_url"": ""imperialpdx.com"", ""id"": ""884183476751091864"", ""is_default_image"": false, ""type"": ""user"", ""indexed"": true, ""image_small_url"": ""https://i.pinimg.com/30x30_RS/23/b9/d2/23b9d2b36dbbe7faa54c30e22d4c6c0b.jpg"", ""image_medium_url"": ""https://i.pinimg.com/75x75_RS/23/b9/d2/23b9d2b36dbbe7faa54c30e22d4c6c0b.jpg"", ""full_name"": ""Imperial Recipes"", ""follower_count"": 87, ""explicitly_followed_by_me"": false, ""blocked_by_me"": false, ""is_ads_only_profile"": false, ""verified_identity"": {}, ""first_name"": ""Imperial Recipes"", ""domain_verified"": true, ""instagram_data"": null}"
768778598902216067,https://www.pinterest.com/pin/768778598902216067,Moroccan Tomato Couscous,"This dish features couscous cooked in a rich tomato sauce. It is bursting with flavour and is super fluffy! This Tomato Couscous Recipe is easy-to-follow and will soon become a household favourite! Serve this delicious side with fish, meat or veggies.",https://simshomekitchen.com/moroccan-tomato-couscous-recipe/,https://i.pinimg.com/736x/37/ce/80/37ce808babc8132ad1558e3b2063d61c.jpg,37ce808babc8132ad1558e3b2063d61c,0,2477,236,0,0,2,"{""1"": 17}","Fri, 25 Mar 2022 09:34:44 +0000",2026-06-24 14:13:35.083000,/simshomekitchen/simshomekitchencom/,Simshomekitchen.com,0,0,public,food_drink,simshomekitchen,Sims Home Kitchen | Desserts | Cakes | Family Dinner I World Food,https://www.pinterest.com/simshomekitchen/,0,0,35494,0,0,"{""image_small_url"": ""https://i.pinimg.com/30x30_RS/6c/48/2b/6c482ba4c2a500aa4c65c4767fd5f467.jpg"", ""follower_count"": 35494, ""full_name"": ""Sims Home Kitchen | Desserts | Cakes | Family Dinner I World Food"", ""id"": ""768778736299505004"", ""explicitly_followed_by_me"": false, ""is_verified_merchant"": false, ""followed_by_me"": false, ""indexed"": true, ""first_name"": ""Sims Home Kitchen | Desserts | Cakes | Family Dinner I World Food"", ""domain_verified"": true, ""type"": ""user"", ""verified_identity"": {""verified"": true}, ""is_default_image"": false, ""domain_url"": ""simshomekitchen.com"", ""ads_only_profile_site"": null, ""image_medium_url"": ""https://i.pinimg.com/75x75_RS/6c/48/2b/6c482ba4c2a500aa4c65c4767fd5f467.jpg"", ""username"": ""simshomekitchen"", ""blocked_by_me"": false, ""is_ads_only_profile"": false, ""instagram_data"": {""has_invalid_instagram_auth"": false, ""username"": ""simshomekitchen"", ""url"": ""https://www.instagram.com/simshomekitchen""}}"
1090574866023653607,https://www.pinterest.com/pin/1090574866023653607,Irresistible Coconut Crusted Fish With Mango Salsa - A Taste of the Tropics,"Dive into the delectable blend of crispy coconut crust and zesty mango salsa in this Coconut Crusted Fish With Mango Salsa recipe. Bursting with flavor, it's the perfect weeknight meal or entertaining dish. #CoconutCrustedFish #MangoSalsa #EasyRecipe #SeafoodRecipe #30MinuteMeal",https://forkfulkitchen.com/coconut-crusted-fish-with-mango-salsa/,https://i.pinimg.com/736x/86/84/55/868455e323551eb00caea22532578424.jpg,868455e323551eb00caea22532578424,0,297,190,0,0,8,"{""1"": 1}","Tue, 05 Aug 2025 19:02:43 +0000",2026-06-24 14:13:35.110000,/ForkfulKitchen/healthy-recipes/,Healthy Recipes,0,0,public,food_drink,ForkfulKitchen,Forkful Kitchen,https://www.pinterest.com/ForkfulKitchen/,0,0,195,0,0,"{""is_verified_merchant"": false, ""full_name"": ""Forkful Kitchen"", ""image_medium_url"": ""https://i.pinimg.com/75x75_RS/b7/65/a1/b765a1efd1a95fc813ab8eece0bdff09.jpg"", ""followed_by_me"": false, ""indexed"": true, ""instagram_data"": null, ""type"": ""user"", ""id"": ""1090575003424166061"", ""explicitly_followed_by_me"": false, ""ads_only_profile_site"": null, ""verified_identity"": {}, ""domain_url"": ""www.forkfulkitchen.com"", ""username"": ""ForkfulKitchen"", ""is_default_image"": false, ""blocked_by_me"": false, ""follower_count"": 195, ""first_name"": ""Forkful Kitchen"", ""image_small_url"": ""https://i.pinimg.com/30x30_RS/b7/65/a1/b765a1efd1a95fc813ab8eece0bdff09.jpg"", ""domain_verified"": true, ""is_ads_only_profile"": false}"
1060457043518115319,https://www.pinterest.com/pin/1060457043518115319,One Pot Creamy Cajun Sausage Pasta Printable Recipe | Spicy Cheesy Dinner Digital E-book PDF - Etsy,Dive into a flavorful adventure with this easy one-pot creamy Cajun sausage pasta that's perfect for busy weeknights—delicious and hassle-free!,https://www.etsy.com/listing/4389738245/one-pot-creamy-cajun-sausage-pasta,https://i.pinimg.com/736x/f9/6b/f1/f96bf1200aae490c441641d4808cf8c4.jpg,f96bf1200aae490c441641d4808cf8c4,0,48,47,0,0,1,"{""1"": 1}","Sat, 25 Oct 2025 20:51:39 +0000",2026-06-24 14:13:35.126000,/tyrenoproftpsy8a/classic-dinner-recipes/,Classic Dinner Recipes,0,0,public,,tyrenoproftpsy8a,The Tasty Table with Grace,https://www.pinterest.com/tyrenoproftpsy8a/,0,0,7,0,0,"{""explicitly_followed_by_me"": false, ""blocked_by_me"": false, ""ads_only_profile_site"": null, ""is_verified_merchant"": false, ""first_name"": ""The Tasty Table with Grace"", ""is_default_image"": false, ""is_ads_only_profile"": false, ""full_name"": ""The Tasty Table with Grace"", ""image_small_url"": ""https://i.pinimg.com/30x30_RS/f4/f6/ef/f4f6ef2e7f2bbc4d679ed8fe2864fd15.jpg"", ""follower_count"": 7, ""followed_by_me"": false, ""domain_url"": ""www.etsy.com"", ""instagram_data"": null, ""domain_verified"": false, ""type"": ""user"", ""image_medium_url"": ""https://i.pinimg.com/75x75_RS/f4/f6/ef/f4f6ef2e7f2bbc4d679ed8fe2864fd15.jpg"", ""id"": ""1060457180916133253"", ""indexed"": true, ""username"": ""tyrenoproftpsy8a"", ""verified_identity"": {}}"
1077134435901507465,https://www.pinterest.com/pin/1077134435901507465,Delicious Keto Cannoli Cheesecake Recipe,"Discover how to make a delicious Keto Cannoli Cheesecake with this easy, low-carb recipe perfect for satisfying your sweet tooth guilt-free.",https://dailyrecipehaven.net/desserts/delicious-keto-cannoli-cheesecake-recipe/,https://i.pinimg.com/736x/57/d1/bc/57d1bcc1b5904330efc6b206cdb0953f.jpg,57d1bcc1b5904330efc6b206cdb0953f,0,85,70,0,0,4,"{""1"": 1}","Sun, 23 Nov 2025 16:59:39 +0000",2026-06-24 14:13:35.138000,/sandydoebler123/pie-recipes/,pie recipes,0,0,public,,sandydoebler123,Sandy Doebler,https://www.pinterest.com/sandydoebler123/,0,0,2,0,0,
1091278553482403287,https://www.pinterest.com/pin/1091278553482403287,Top Shrimp Ceviche Recipe from The Suburban Soapbox,"This refreshing shrimp ceviche is your go-to summer dish, offering a cool and light culinary experience. With just a handful of ingredients, it delivers a burst of flavor that will tantalize your taste buds. Succulent cooked shrimp, crunchy vegetables, and creamy avocado are all mixed in a delicate dressing, making it perfect as a dip or a light salad for those warm days.",https://www.etsy.com/listing/1841529083/your-path-to-healthy-weight-loss-the?8793126980=,https://i.pinimg.com/736x/89/0b/e8/890be852084402d5f71cb7319073e559.jpg,890be852084402d5f71cb7319073e559,0,597,2,0,0,0,"{""1"": 12}","Tue, 16 Jun 2026 00:56:42 +0000",2026-06-24 14:13:35.152000,/mamaluv6/salad/,Salad,0,0,public,,mamaluv6,Mama Luv,https://www.pinterest.com/mamaluv6/,0,0,0,0,1,"{""blocked_by_me"": false, ""domain_verified"": false, ""first_name"": ""Ashley Goodridge"", ""follower_count"": 96, ""is_ads_only_profile"": false, ""username"": ""chrismatthew427"", ""is_verified_merchant"": false, ""domain_url"": null, ""instagram_data"": null, ""image_small_url"": ""https://i.pinimg.com/30x30_RS/88/33/7d/88337d3fff86c824c19572ae0cf5ffa1.jpg"", ""is_default_image"": false, ""image_medium_url"": ""https://i.pinimg.com/75x75_RS/88/33/7d/88337d3fff86c824c19572ae0cf5ffa1.jpg"", ""explicitly_followed_by_me"": false, ""full_name"": ""Ashley Goodridge"", ""verified_identity"": {}, ""indexed"": true, ""type"": ""user"", ""ads_only_profile_site"": null, ""id"": ""386606086670558865"", ""followed_by_me"": false}"
1109222583261558096,https://www.pinterest.com/pin/1109222583261558096,Buttery Miso Glazed Black Cod,"This buttery miso glazed black cod is a rich and flavorful seafood recipe inspired by popular Japanese restaurant dishes. Tender black cod is coated in a savory sweet miso glaze that caramelizes beautifully while baking. Pinterest searches for miso cod recipes, Asian-inspired dinners, gourmet seafood meals, and elegant date night recipes continue to trend, making this recipe ideal for foodie audiences. The silky texture and umami-packed flavor create a restaurant-quality meal right at home. Save this impressive seafood dinner recipe for special occasions or cozy nights in. #blackcod #misorecipe #seafoodrecipes #japanesefood #dinnerideas",https://flavli.com/buttery-miso-glazed-black-cod,https://i.pinimg.com/736x/41/cd/25/41cd25204c99794cd6c1b6b1db88df88.jpg,41cd25204c99794cd6c1b6b1db88df88,0,129,71,1,0,4,"{""1"": 1}","Sat, 09 May 2026 04:05:24 +0000",2026-06-24 14:13:35.165000,/Flavli0/easy-cod-recipes/,Easy COD Recipes,0,0,public,,Flavli0,Flavli | Home Cooking & Food Ideas,https://www.pinterest.com/Flavli0/,0,0,34,0,0,"{""instagram_data"": null, ""full_name"": ""Flavli | Home Cooking & Food Ideas"", ""id"": ""1109222720631388924"", ""verified_identity"": {}, ""type"": ""user"", ""domain_url"": ""flavli.com"", ""explicitly_followed_by_me"": false, ""image_medium_url"": ""https://i.pinimg.com/75x75_RS/48/a4/d0/48a4d0bc1a90b65955f5b36c22d697d5.jpg"", ""is_default_image"": false, ""domain_verified"": false, ""blocked_by_me"": false, ""username"": ""Flavli0"", ""image_small_url"": ""https://i.pinimg.com/30x30_RS/48/a4/d0/48a4d0bc1a90b65955f5b36c22d697d5.jpg"", ""follower_count"": 34, ""indexed"": true, ""followed_by_me"": false, ""is_ads_only_profile"": false, ""ads_only_profile_site"": null, ""first_name"": ""Flavli | Home Cooking & Food Ideas"", ""is_verified_merchant"": false}"
1102256077576718604,https://www.pinterest.com/pin/1102256077576718604,Decadent Raspberry Brownies Bursting with Fresh Fruit Flavor and Rich Chocolate Delight, ,https://kulii.com/decadent-raspberry-brownies-bursting-with-fresh-fruit-flavor-and-rich-chocolate-delight/,https://i.pinimg.com/736x/5d/d5/ae/5dd5aea2e458516a864fd616427fb894.jpg,5dd5aea2e458516a864fd616427fb894,0,719,804,0,0,12,"{""1"": 6}","Sat, 16 May 2026 21:32:52 +0000",2026-06-24 14:13:35.178000,/tehifat570/dessert-ideas/,Dessert Ideas,0,0,public,,tehifat570,Talia food cooking,https://www.pinterest.com/tehifat570/,0,0,82,0,0,"{""indexed"": true, ""follower_count"": 82, ""type"": ""user"", ""is_verified_merchant"": false, ""is_ads_only_profile"": false, ""id"": ""1102256214957788989"", ""domain_url"": null, ""followed_by_me"": false, ""blocked_by_me"": false, ""verified_identity"": {}, ""full_name"": ""Talia food cooking"", ""explicitly_followed_by_me"": false, ""image_medium_url"": ""https://i.pinimg.com/75x75_RS/68/e1/7f/68e17fa59a2f1491e4c3452b659faf1b.jpg"", ""ads_only_profile_site"": null, ""username"": ""tehifat570"", ""first_name"": ""Talia food cooking"", ""instagram_data"": null, ""is_default_image"": false, ""image_small_url"": ""https://i.pinimg.com/30x30_RS/68/e1/7f/68e17fa59a2f1491e4c3452b659faf1b.jpg"", ""domain_verified"": false}"
1116118720181298207,https://www.pinterest.com/pin/1116118720181298207,The Best Easy Lemon Posset Recipe, ,https://www.etsy.com/listing/4446183606/best-recipe-for-easy-one-bowl-lemon,https://i.pinimg.com/736x/d2/0c/a2/d20ca2ab9fca19f8c1839f87b98b17ed.jpg,d20ca2ab9fca19f8c1839f87b98b17ed,0,41,40,0,0,3,{},"Fri, 08 May 2026 02:23:21 +0000",2026-06-24 14:13:35.205000,/lasayo8902/dessert-ideas/,Dessert Ideas,0,0,public,,lasayo8902,Sophia food cooking,https://www.pinterest.com/lasayo8902/,0,0,0,0,0,"{""followed_by_me"": false, ""indexed"": true, ""id"": ""1116118857560831483"", ""domain_verified"": false, ""is_default_image"": true, ""image_medium_url"": ""https://s.pinimg.com/images/user/default_75.png"", ""image_small_url"": ""https://s.pinimg.com/images/user/default_30.png"", ""domain_url"": null, ""explicitly_followed_by_me"": false, ""ads_only_profile_site"": null, ""type"": ""user"", ""verified_identity"": {}, ""is_verified_merchant"": false, ""first_name"": ""Sophia food cooking"", ""follower_count"": 0, ""blocked_by_me"": false, ""is_ads_only_profile"": false, ""instagram_data"": null, ""username"": ""lasayo8902"", ""full_name"": ""Sophia food cooking""}"
754704850083554786,https://www.pinterest.com/pin/754704850083554786,Amazing Cappuccino Cookies (White Chocolate Coffee),"Amazing Cappuccino Cookies, a unique blend of white chocolate and espresso for a sophisticated and flavorful treat.",https://bakingwithbutter.com/white-chocolate-coffee-cookies/,https://i.pinimg.com/736x/ad/92/cb/ad92cb2cb022cff762a73ffd6efb77c0.jpg,ad92cb2cb022cff762a73ffd6efb77c0,0,482,110,0,0,5,"{""1"": 1}","Mon, 04 Dec 2023 02:54:55 +0000",2026-06-24 14:13:35.295000,/lovebakingwithbutter/sweet-eats/,Sweet Eats,0,0,public,,lovebakingwithbutter,Elien - Baking With Butter,https://www.pinterest.com/lovebakingwithbutter/,0,0,5961,0,0,"{""id"": ""754704987464166455"", ""domain_url"": ""bakingwithbutter.com"", ""username"": ""lovebakingwithbutter"", ""image_medium_url"": ""https://i.pinimg.com/75x75_RS/e6/7b/8a/e67b8a9c28beacf1616dd0120d8e9ce5.jpg"", ""image_small_url"": ""https://i.pinimg.com/30x30_RS/e6/7b/8a/e67b8a9c28beacf1616dd0120d8e9ce5.jpg"", ""instagram_data"": null, ""type"": ""user"", ""is_verified_merchant"": false, ""followed_by_me"": false, ""explicitly_followed_by_me"": false, ""blocked_by_me"": false, ""follower_count"": 5961, ""first_name"": ""Elien - Baking With Butter"", ""verified_identity"": {}, ""indexed"": true, ""full_name"": ""Elien - Baking With Butter"", ""domain_verified"": false, ""is_ads_only_profile"": false, ""is_default_image"": false, ""ads_only_profile_site"": null}"
297659856608611568,https://www.pinterest.com/pin/297659856608611568,Healthy Banana Nut Bread,This deliciously moist banana nut bread that's studded with walnuts and made healthier with greek yogurt and whole wheat flour is the perfect breakfast treat or snack. Via livelytable.com,http://livelytable.com/healthy-banana-nut-bread/,https://i.pinimg.com/736x/57/f8/5b/57f85bb942f7d9a43388879710b50f8a.jpg,57f85bb942f7d9a43388879710b50f8a,0,206,86,1,0,0,"{""1"": 2}","Tue, 28 Mar 2017 04:16:12 +0000",2026-06-24 14:13:35.310000,/shirleyjackson5/sweet-breads/,sweet breads,0,0,public,,shirleyjackson5,Shirley Jackson,https://www.pinterest.com/shirleyjackson5/,0,0,103,0,0,"{""verified_identity"": {}, ""domain_url"": null, ""image_small_url"": ""https://s.pinimg.com/images/user/default_30.png"", ""is_ads_only_profile"": false, ""blocked_by_me"": false, ""followed_by_me"": false, ""is_default_image"": true, ""id"": ""297659994029955097"", ""follower_count"": 103, ""image_medium_url"": ""https://s.pinimg.com/images/user/default_75.png"", ""type"": ""user"", ""instagram_data"": null, ""username"": ""shirleyjackson5"", ""is_verified_merchant"": false, ""domain_verified"": false, ""indexed"": true, ""full_name"": ""Shirley Jackson"", ""ads_only_profile_site"": null, ""first_name"": ""Shirley"", ""explicitly_followed_by_me"": false}"
4595219867534727808,https://www.pinterest.com/pin/4595219867534727808,Andalusian Ceramic Tile Pack | Moroccan Geometric Wall Decor,"Each tile measures 16"" x 10"" Each pack holds 10 tiles Borders do not come with the pack call for availability Shipping charges will apply please call for a quote Installation tips Always follow instructions as recommended by the adhesive product manufacturers installation directions. When installing any ceramic tile it is recommended to pull tiles from several different cartons at one time to insure maximum uniformity of shade throughout the installation area. Use minimum of 1/8"" grout joint when installing floor tiles. Sanded grout works best with grout joints 1/8"" or larger. Maintenance Tips Your tile do not require any sealing, it is naturally sealed and protected. Grout joints should be sealed as per manufacturers recommendations. Sweep floor and use a mild soap cleaner for regular mai",https://www.etsy.com/listing/1449339069/pack-andalusian-ceramic-tile-moroccan,https://i.pinimg.com/736x/ee/73/ca/ee73ca67ec2132ca5cec5dfd54e54622.jpg,ee73ca67ec2132ca5cec5dfd54e54622,0,24,23,0,0,0,"{""1"": 2}","Fri, 22 May 2026 16:39:58 +0000",2026-06-24 14:13:35.354000,/etsy/_products/,Products,0,0,protected,products,etsy,Etsy,https://www.pinterest.com/etsy/,0,0,11239885,0,0,"{""first_name"": ""Etsy"", ""id"": ""155304024558534660"", ""image_small_url"": ""https://i.pinimg.com/30x30_RS/d1/84/c8/d184c8624cb409c8f6e4fcf8baf91cd2.jpg"", ""type"": ""user"", ""follower_count"": 11239885, ""full_name"": ""Etsy"", ""explicitly_followed_by_me"": false, ""blocked_by_me"": false, ""verified_identity"": {""name"": ""etsy"", ""verified"": true}, ""domain_url"": ""www.etsy.com"", ""instagram_data"": null, ""is_ads_only_profile"": false, ""is_verified_merchant"": true, ""is_default_image"": false, ""domain_verified"": true, ""image_medium_url"": ""https://i.pinimg.com/75x75_RS/d1/84/c8/d184c8624cb409c8f6e4fcf8baf91cd2.jpg"", ""followed_by_me"": false, ""ads_only_profile_site"": null, ""username"": ""etsy"", ""indexed"": true}"
61431982422838721,https://www.pinterest.com/pin/61431982422838721,Crispy and Flaky Air Fryer Cod,Crispy and Flaky Air Fryer Cod,https://lifewithmira.com/crispy-and-flaky-air-fryer-cod/,https://i.pinimg.com/736x/cf/4d/5c/cf4d5cbeb20ba4bda99b090112176ca0.jpg,cf4d5cbeb20ba4bda99b090112176ca0,0,1057,610,0,0,27,"{""1"": 5}","Fri, 08 May 2026 20:12:28 +0000",2026-06-24 14:12:55.123000,/lisaleblanc1/supper/,Supper,0,0,public,,lisaleblanc1,Lisa Leblanc,https://www.pinterest.com/lisaleblanc1/,0,0,34,0,0,
397020523421342414,https://www.pinterest.com/pin/397020523421342414,, ,https://excelitehost.com/no-bake-mint-cheesecake/,https://i.pinimg.com/736x/af/86/52/af8652b12dcbb51c7480312f483e5de0.jpg,af8652b12dcbb51c7480312f483e5de0,0,124,106,0,0,8,"{""1"": 6}","Thu, 12 Jun 2025 10:34:58 +0000",2026-06-24 14:12:55.131000,/cllnrmsy/st-patricks-day-desserts/,St. Patrick's Day desserts,0,0,public,,cllnrmsy,Colleen Ramsey,https://www.pinterest.com/cllnrmsy/,0,0,1827,0,0,"{""followed_by_me"": false, ""domain_verified"": false, ""id"": ""397020660808828245"", ""blocked_by_me"": false, ""ads_only_profile_site"": null, ""image_small_url"": ""https://s.pinimg.com/images/user/default_30.png"", ""image_medium_url"": ""https://s.pinimg.com/images/user/default_75.png"", ""is_default_image"": true, ""is_verified_merchant"": false, ""instagram_data"": null, ""verified_identity"": {}, ""username"": ""cllnrmsy"", ""first_name"": ""Colleen"", ""follower_count"": 1827, ""indexed"": true, ""domain_url"": null, ""full_name"": ""Colleen Ramsey"", ""explicitly_followed_by_me"": false, ""type"": ""user"", ""is_ads_only_profile"": false}"
1006484216742765579,https://www.pinterest.com/pin/1006484216742765579,Irresistible Mediterranean Chicken And Couscous,You have to try this Irresistible Mediterranean Chicken and Couscous! It’s full of fresh flavors and comes together fast—perfect for a quick weeknight dinner or impressing friends at your next get-together.,https://flirtyfood.com/lemony-mediterranean-chicken-and-couscous-27868/,https://i.pinimg.com/736x/94/50/ed/9450ed1686ddabbed2fe4ce8a4bcbff2.jpg,9450ed1686ddabbed2fe4ce8a4bcbff2,0,1157,656,0,0,41,"{""1"": 6}","Sat, 04 Apr 2026 06:04:20 +0000",2026-06-24 14:12:55.224000,/flirtyfood/chicken-recipes/,Chicken Recipes,0,0,public,food_drink,flirtyfood,Elenas Best Recipes (Flirtyfood.com),https://www.pinterest.com/flirtyfood/,0,0,428,0,0,"{""ads_only_profile_site"": null, ""blocked_by_me"": false, ""instagram_data"": null, ""follower_count"": 428, ""id"": ""1006484354131860004"", ""domain_verified"": false, ""is_ads_only_profile"": false, ""type"": ""user"", ""first_name"": ""Elenas Best Recipes (Flirtyfood.com)"", ""is_verified_merchant"": false, ""indexed"": true, ""followed_by_me"": false, ""username"": ""flirtyfood"", ""image_small_url"": ""https://i.pinimg.com/30x30_RS/fb/71/41/fb71413512f8ca4b2ffbbecd7f449813.jpg"", ""is_default_image"": false, ""explicitly_followed_by_me"": false, ""domain_url"": null, ""image_medium_url"": ""https://i.pinimg.com/75x75_RS/fb/71/41/fb71413512f8ca4b2ffbbecd7f449813.jpg"", ""verified_identity"": {}, ""full_name"": ""Elenas Best Recipes (Flirtyfood.com)""}"
1086704585097371339,https://www.pinterest.com/pin/1086704585097371339,10 Best Local Brands in Barcelona You Need to Check Out,"Love shopping and want to find something unique in Barcelona? This guide features the best local brands in Barcelona, from handmade fashion to shoes, bags, and accessories you’ll adore. Save this pin for later so you can shop Barcelona clothing brands and more on your next Barcelona shopping trip!",https://splendidlyspain.com/best-local-brands-in-barcelona/,https://i.pinimg.com/736x/78/8f/23/788f2351f4d41f1a17545575a8866a8e.jpg,788f2351f4d41f1a17545575a8866a8e,0,179,81,0,0,7,"{""1"": 2}","Thu, 30 Oct 2025 18:00:34 +0000",2026-06-24 14:12:55.230000,/splendidlyspain/barcelona-shopping/,Barcelona Shopping,0,0,public,,splendidlyspain,Splendidly Spain | Spain Travel Blog,https://www.pinterest.com/splendidlyspain/,0,0,50,0,0,"{""verified_identity"": {}, ""indexed"": true, ""is_verified_merchant"": false, ""follower_count"": 50, ""instagram_data"": null, ""ads_only_profile_site"": null, ""is_ads_only_profile"": false, ""username"": ""splendidlyspain"", ""domain_verified"": true, ""followed_by_me"": false, ""first_name"": ""Splendidly Spain | Spain Travel Blog"", ""image_small_url"": ""https://i.pinimg.com/30x30_RS/47/7a/9c/477a9c639077074e929d33e1dd1e560e.jpg"", ""explicitly_followed_by_me"": false, ""id"": ""1086704722494318609"", ""blocked_by_me"": false, ""type"": ""user"", ""domain_url"": ""splendidlyspain.com"", ""is_default_image"": false, ""full_name"": ""Splendidly Spain | Spain Travel Blog"", ""image_medium_url"": ""https://i.pinimg.com/75x75_RS/47/7a/9c/477a9c639077074e929d33e1dd1e560e.jpg""}"
836684437054838834,https://www.pinterest.com/pin/836684437054838834,, ,https://www.thefitpeach.com/blog/frozen-greek-chocolate-yogurt/,https://i.pinimg.com/736x/a6/f3/37/a6f337a4662cc8946072c813287f7f09.jpg,a6f337a4662cc8946072c813287f7f09,0,8497,84,5,0,6,"{""1"": 55, ""13"": 1}","Sun, 30 Jun 2024 11:18:28 +0000",2026-06-24 14:12:55.234000,/sirihjartholm/dessert/,dessert,0,0,public,food_drink,sirihjartholm,Siri,https://www.pinterest.com/sirihjartholm/,0,0,0,0,0,
503558802106563210,https://www.pinterest.com/pin/503558802106563210,,This quick and refreshing iced chai tea latte can be made with just 4 ingredients in about 5 minutes.,https://bakingmischief.com/iced-chai-latte/,https://i.pinimg.com/736x/dd/d8/c9/ddd8c9a50c02001e9e49115270c3cf4c.jpg,ddd8c9a50c02001e9e49115270c3cf4c,0,6,3,0,0,1,{},"Sun, 10 May 2026 15:26:55 +0000",2026-06-24 14:12:55.236000,/shauser8/recipes/,recipes,0,0,public,food_drink,shauser8,Sheri Makkos,https://www.pinterest.com/shauser8/,0,0,4,0,0,
1129699887804668518,https://www.pinterest.com/pin/1129699887804668518,Hot Honey Ground Beef Bowls Recipe Digital Download,Hot Honey Ground Beef Bowls,https://payhip.com/b/MvANG?pin_id=1780317604_62,https://i.pinimg.com/736x/66/cc/a3/66cca353e53c7a12949e04c3ba9a42e0.jpg,66cca353e53c7a12949e04c3ba9a42e0,0,94,83,0,0,3,"{""1"": 1}","Mon, 01 Jun 2026 13:45:58 +0000",2026-06-24 14:12:55.249000,/dakewix/recipes/,Recipes,0,0,public,food_drink,dakewix,Sweet & Savory Delights,https://www.pinterest.com/dakewix/,0,0,0,0,0,
1085649053953721800,https://www.pinterest.com/pin/1085649053953721800,Cheddar Garlic Herb Potato Soup That Makes Dinner Feel Extra Comforting for Cozy Meal Prep,"This soup recipe delivers major comfort, fresh flavor, and the kind of homemade result people save fast. Build the flavor with onion, garlic, broth, and potatoes, cheddar, and garlic, then simmer until rich, cozy, and spoonable for lunch or dinner. It is also great for meal prep cooking, and packed with creamy flavor. Great for making again. Easy to save and repeat. #CheddarGarlicHerb #EasySoup #MealPrepIdeas",https://payhip.com/b/ZeyQA,https://i.pinimg.com/736x/07/33/66/073366143e798984ae06d29368b47e75.jpg,073366143e798984ae06d29368b47e75,0,37,36,0,0,2,"{""1"": 1}","Wed, 10 Jun 2026 07:42:28 +0000",2026-06-24 14:12:55.255000,/asimonarisac/easy-meals-quick-recipes-family-dinner-ideas/,"Easy Meals, Quick Recipes & Family Dinner Ideas",0,0,public,,asimonarisac,"Meals, Easy Recipes & Everyday Home Cooking Ideas",https://www.pinterest.com/asimonarisac/,0,0,13,0,0,"{""ads_only_profile_site"": null, ""first_name"": ""Meals, Easy Recipes & Everyday Home Cooking Ideas"", ""username"": ""asimonarisac"", ""instagram_data"": null, ""full_name"": ""Meals, Easy Recipes & Everyday Home Cooking Ideas"", ""domain_verified"": false, ""verified_identity"": {}, ""indexed"": true, ""is_default_image"": false, ""blocked_by_me"": false, ""followed_by_me"": false, ""follower_count"": 13, ""image_small_url"": ""https://i.pinimg.com/30x30_RS/f3/35/30/f3353065b72bd89a84fc4f3236cc6971.jpg"", ""type"": ""user"", ""is_ads_only_profile"": false, ""explicitly_followed_by_me"": false, ""id"": ""1085649191331880949"", ""domain_url"": null, ""image_medium_url"": ""https://i.pinimg.com/75x75_RS/f3/35/30/f3353065b72bd89a84fc4f3236cc6971.jpg"", ""is_verified_merchant"": false}"
766034217908672445,https://www.pinterest.com/pin/766034217908672445,Spicy Asian Cucumber Salad,"Light and refreshing, this spicy Asian cucumber salad is packed with so much flavor. This easy 15-minute cucumber recipe features crisp cucumbers dressed in a soy sauce, rice vinegar, and chili oil sauce.",https://takestwoeggs.com/spicy-asian-cucumber-salad/,https://i.pinimg.com/736x/9d/ac/31/9dac317a5490efab50ee93574e500615.jpg,9dac317a5490efab50ee93574e500615,0,7448,4695,4,0,145,"{""1"": 157}","Sun, 20 Jul 2025 02:30:55 +0000",2026-06-24 14:12:55.311000,/takestwoeggs/asian-recipes/,Asian Recipes,0,0,public,,takestwoeggs,"Takes Two Eggs | Easy Recipes, Travel & Food Guides",https://www.pinterest.com/takestwoeggs/,0,0,10797,0,0,"{""explicitly_followed_by_me"": false, ""full_name"": ""Takes Two Eggs | Easy Recipes, Travel & Food Guides"", ""username"": ""takestwoeggs"", ""blocked_by_me"": false, ""type"": ""user"", ""id"": ""766034355276765465"", ""is_verified_merchant"": false, ""domain_verified"": true, ""instagram_data"": {""url"": ""https://www.instagram.com/takestwoeggs"", ""username"": ""takestwoeggs"", ""has_invalid_instagram_auth"": false}, ""verified_identity"": {}, ""first_name"": ""Takes Two Eggs | Easy Recipes, Travel & Food Guides"", ""image_medium_url"": ""https://i.pinimg.com/75x75_RS/27/c3/03/27c303ec8c5d3225c04c28f510afce08.jpg"", ""is_default_image"": false, ""followed_by_me"": false, ""ads_only_profile_site"": null, ""image_small_url"": ""https://i.pinimg.com/30x30_RS/27/c3/03/27c303ec8c5d3225c04c28f510afce08.jpg"", ""is_ads_only_profile"": false, ""indexed"": true, ""follower_count"": 10797, ""domain_url"": ""www.takestwoeggs.com""}"
812196114062526272,https://www.pinterest.com/pin/812196114062526272,Black Forest Cookies,"These black forest cookies are loaded with white chocolate chips, chocolate chips, and fresh cherries. They are chewy cookies with crisp edges that have all the flavor of black forest.",https://stephaniessweets.com/black-forest-cookies/,https://i.pinimg.com/736x/2d/61/76/2d6176af05e7d4f0b26e4e7d63bac483.jpg,2d6176af05e7d4f0b26e4e7d63bac483,0,1696,891,0,0,29,"{""1"": 16}","Wed, 01 Jun 2022 01:00:39 +0000",2026-06-24 14:12:55.618000,/stephaniesweettreats/stephanies-sweet-treats-recipes/,Stephanie's Sweet Treats Recipes,0,0,public,food_drink,stephaniesweettreats,Stephanie Sweet Treats,https://www.pinterest.com/stephaniesweettreats/,0,0,25302,0,0,
127367495696911062,https://www.pinterest.com/pin/127367495696911062,Spinach Artichoke Pasta,spinart,https://thecollegecookblog.wordpress.com/2013/03/04/spinach-artichoke-pasta/amp/,https://i.pinimg.com/736x/6f/3b/73/6f3b73843502a185d0042194194addec.jpg,6f3b73843502a185d0042194194addec,0,21,0,0,0,0,{},"Sat, 14 Jul 2018 13:51:13 +0000",2026-06-24 14:12:55.795000,/jerseygirl2649/card-making-ideas/,Card Making Ideas,0,0,public,diy_crafts,jerseygirl2649,Patti Priester,https://www.pinterest.com/jerseygirl2649/,0,0,36,0,0,
844847211390775494,https://www.pinterest.com/pin/844847211390775494,Spicy Bang Bang Chicken Mini Sandwiches Recipe,Explore the deliciousness of Bang Bang Chicken Sliders with this recipe from Cheff Recipes.,https://www.etsy.com/listing/1841529083/your-path-to-healthy-weight-loss-the?524579837=,https://i.pinimg.com/736x/61/a6/4f/61a64f6ec9f84020e357f9f00e723e1e.jpg,61a64f6ec9f84020e357f9f00e723e1e,0,10248,3845,9,0,144,"{""1"": 124}","Fri, 07 Mar 2025 10:25:21 +0000",2026-06-24 14:12:55.809000,/chikaemo_guitarrock/tropical-mango-chickpea-pickle-creations/,Tropical Mango Chickpea Pickle Creations,0,0,public,,chikaemo_guitarrock,Ruth Gomez,https://www.pinterest.com/chikaemo_guitarrock/,0,0,15,0,0,"{""blocked_by_me"": false, ""instagram_data"": null, ""image_small_url"": ""https://s.pinimg.com/images/user/default_30.png"", ""followed_by_me"": false, ""ads_only_profile_site"": null, ""first_name"": ""Ruth Gomez"", ""domain_url"": null, ""indexed"": true, ""type"": ""user"", ""is_verified_merchant"": false, ""id"": ""844847348755549496"", ""domain_verified"": false, ""image_medium_url"": ""https://s.pinimg.com/images/user/default_75.png"", ""username"": ""chikaemo_guitarrock"", ""verified_identity"": {}, ""is_ads_only_profile"": false, ""is_default_image"": true, ""full_name"": ""Ruth Gomez"", ""explicitly_followed_by_me"": false, ""follower_count"": 15}"
198088083606602150,https://www.pinterest.com/pin/198088083606602150,26 Retro Kitchen Ideas to Add Vintage Flair - Redo Your House,26 Retro Kitchen Ideas to Add Vintage Flair - Redo Your House,https://redoyourhouse.com/retro-kitchen-ideas/,https://i.pinimg.com/736x/17/88/c4/1788c42bd9e6fe6f86442334b198b9fd.jpg,1788c42bd9e6fe6f86442334b198b9fd,0,250,235,0,0,3,"{""1"": 7}","Mon, 23 Mar 2026 18:26:19 +0000",2026-06-24 14:12:55.822000,/hickone/appartement/,Appartement,0,0,public,,hickone,Tchuck Hickone,https://www.pinterest.com/hickone/,0,0,94,0,0,
1151584567290172083,https://www.pinterest.com/pin/1151584567290172083,What Makes Hot Honey Pepperoni and Ricotta Pizza So Irresistible?,Do you crave a new pizza night idea that brings together spicy hot honey and creamy ricotta? Your family will love how the sweet heat plays off the rich cheese on this pepperoni pizza. Use this recipe to make a delicious dinner in about 2 hours. You get all the steps to build the perfect pie with a crisp crust and bold toppings. Tap to learn more. #HotHoneyPizza #PepperoniPizza #HomemadePizza,https://dailydisheswithlove.com/hot-honey-pepperoni-pizza-with-ricotta/,https://i.pinimg.com/736x/56/ed/27/56ed2797345e964f8d0357c3c9159c10.jpg,56ed2797345e964f8d0357c3c9159c10,0,377,286,0,0,13,"{""1"": 6}","Sat, 25 Apr 2026 16:46:47 +0000",2026-06-24 14:12:55.827000,/DailyHomeCooking/comfort-food-recipes/,Comfort Food Recipes,0,0,public,,DailyHomeCooking,Daily Home Cooking,https://www.pinterest.com/DailyHomeCooking/,0,0,11,0,0,"{""followed_by_me"": false, ""verified_identity"": {}, ""domain_url"": ""dailydisheswithlove.com"", ""is_verified_merchant"": false, ""is_ads_only_profile"": false, ""id"": ""1151584704626324586"", ""type"": ""user"", ""is_default_image"": true, ""indexed"": true, ""image_small_url"": ""https://s.pinimg.com/images/user/default_30.png"", ""full_name"": ""Daily Home Cooking"", ""blocked_by_me"": false, ""follower_count"": 11, ""instagram_data"": null, ""first_name"": ""Daily Home Cooking"", ""explicitly_followed_by_me"": false, ""image_medium_url"": ""https://s.pinimg.com/images/user/default_75.png"", ""ads_only_profile_site"": null, ""domain_verified"": true, ""username"": ""DailyHomeCooking""}"
595812225749735970,https://www.pinterest.com/pin/595812225749735970,💙 Colar azul aesthetic vibes de praia 💙,"Leve a energia do mar com você 🌊✨ Esse colar azul é o detalhe perfeito para um look leve, delicado e cheio de estilo
🐚 Inspiração praiana e vibe tropical
💎 Design minimalista e super aesthetic
☀️ Combina com qualquer look de verão
Perfeito pra quem ama sentir o verão o ano inteiro 🌴💫
#AestheticPraia #ColarAzul #VibePraiana #EstiloLeve #BeachStyle #Verão2026",https://onelink.shein.com/33/5jrhkh44y7x5,https://i.pinimg.com/736x/8a/2c/63/8a2c635f320fede1af67c080f2151416.jpg,8a2c635f320fede1af67c080f2151416,0,962,927,1,0,6,"{""1"": 147}","Wed, 18 Mar 2026 20:39:01 +0000",2026-06-24 14:12:55.839000,/VitoriaVigatoo/acess%C3%B3rios/,Acessórios 👑,0,0,public,,VitoriaVigatoo,Vitoria,https://www.pinterest.com/VitoriaVigatoo/,0,0,10,0,0,"{""instagram_data"": null, ""explicitly_followed_by_me"": false, ""follower_count"": 10, ""is_verified_merchant"": false, ""type"": ""user"", ""blocked_by_me"": false, ""ads_only_profile_site"": null, ""domain_url"": null, ""verified_identity"": {}, ""followed_by_me"": false, ""image_small_url"": ""https://s.pinimg.com/images/user/default_30.png"", ""id"": ""595812363110866654"", ""image_medium_url"": ""https://s.pinimg.com/images/user/default_75.png"", ""username"": ""VitoriaVigatoo"", ""is_default_image"": true, ""full_name"": ""Vitoria"", ""is_ads_only_profile"": false, ""first_name"": ""Vitoria"", ""indexed"": true, ""domain_verified"": false}"
48343395995822934,https://www.pinterest.com/pin/48343395995822934,The Best Brownies Ever,"These one bowl, all butter, cocoa brownies are thick, chewy,  and fudgy with a shiny crackly top. Everything a brownie should be! They can easily be made gluten free too.",https://www.yammiesnoshery.com/2023/08/the-best-brownies-ever.html,https://i.pinimg.com/736x/26/62/de/2662de96156837a485eabb47a49acbf3.jpg,2662de96156837a485eabb47a49acbf3,0,897,268,0,0,10,"{""1"": 10}","Wed, 03 Sep 2025 02:58:25 +0000",2026-06-24 14:12:55.848000,/cookingclassy/food-love/,**FOOD LOVE**,0,0,public,food_drink,yammie,Yammie's Noshery,https://www.pinterest.com/yammie/,0,0,114649,0,0,"{""followed_by_me"": false, ""type"": ""user"", ""full_name"": ""Yammie's Noshery"", ""indexed"": true, ""instagram_data"": null, ""explicitly_followed_by_me"": false, ""id"": ""28288441317851342"", ""username"": ""yammie"", ""domain_verified"": true, ""is_ads_only_profile"": false, ""is_verified_merchant"": false, ""domain_url"": ""www.yammiesnoshery.com"", ""ads_only_profile_site"": null, ""image_small_url"": ""https://i.pinimg.com/30x30_RS/b9/f1/b9/b9f1b9c27393aa0c5f85cbf5d416ecda.jpg"", ""blocked_by_me"": false, ""verified_identity"": {}, ""follower_count"": 114649, ""is_default_image"": false, ""image_medium_url"": ""https://i.pinimg.com/75x75_RS/b9/f1/b9/b9f1b9c27393aa0c5f85cbf5d416ecda.jpg"", ""first_name"": ""Yammie's Noshery""}"
741405157448904299,https://www.pinterest.com/pin/741405157448904299,,"Whip up smooth, fruity blackberry frosting perfect for cupcakes or cakes. Easy to make with fresh berries and simple ingredients!",https://foodjoyful.com/blackberry-frosting-recipe/,https://i.pinimg.com/736x/5e/ff/20/5eff202084ecc62dd533e1bf7261d976.jpg,5eff202084ecc62dd533e1bf7261d976,0,2035,1922,2,0,65,"{""1"": 27}","Tue, 17 Mar 2026 01:44:10 +0000",2026-06-24 14:12:55.851000,/dugansharon12/blackberry-frosting/,Blackberry frosting,0,0,public,,dugansharon12,Sharon Dugan,https://www.pinterest.com/dugansharon12/,0,0,24,0,0,
397583473373704153,https://www.pinterest.com/pin/397583473373704153,Homemade Salmon Meatballs with Avocado Sauce: A Simple Appetizer Recipe,"Elevate your appetizer game with these homemade salmon meatballs paired with a creamy avocado sauce. Perfect for any gathering, these bite-sized delights are not only easy to make but also packed with flavor. The rich taste of salmon combined with the smooth, tangy avocado sauce creates a harmonious blend that will impress your guests. Whether you're hosting a dinner party or looking for a healthy snack option, these salmon meatballs are sure to be a hit. Enjoy a delicious and nutritious treat that's both satisfying and simple to prepare.",https://www.etsy.com/listing/1841529083/your-path-to-healthy-weight-loss-the?7678246567=,https://i.pinimg.com/736x/58/11/ba/5811baf1f9c01687232ef4c6f92424de.jpg,5811baf1f9c01687232ef4c6f92424de,0,104,102,0,0,2,"{""1"": 3}","Fri, 07 Mar 2025 09:07:42 +0000",2026-06-24 14:12:55.853000,/SCarter1107/cinnamon-rolls-with-cream-cheese-frosting/,Cinnamon Rolls with Cream Cheese Frosting,0,0,public,,SCarter1107,Latasha Elkins,https://www.pinterest.com/SCarter1107/,0,0,23,0,0,"{""full_name"": ""Latasha Elkins"", ""is_verified_merchant"": false, ""follower_count"": 23, ""domain_url"": null, ""followed_by_me"": false, ""username"": ""SCarter1107"", ""domain_verified"": false, ""ads_only_profile_site"": null, ""image_small_url"": ""https://s.pinimg.com/images/user/default_30.png"", ""type"": ""user"", ""first_name"": ""Latasha Elkins"", ""is_ads_only_profile"": false, ""blocked_by_me"": false, ""indexed"": true, ""instagram_data"": null, ""image_medium_url"": ""https://s.pinimg.com/images/user/default_75.png"", ""verified_identity"": {}, ""is_default_image"": true, ""explicitly_followed_by_me"": false, ""id"": ""397583610762247186""}"
1097189527995436063,https://www.pinterest.com/pin/1097189527995436063,Blueberry Peach Feta Salad - Crisp Tastes,Blueberry Peach Feta Salad - Crisp Tastes,https://payhip.com/b/lAvbB,https://i.pinimg.com/736x/7f/be/d4/7fbed41280be6565453401f010eb041d.jpg,7fbed41280be6565453401f010eb041d,0,688,685,0,0,22,"{""1"": 12}","Wed, 10 Jun 2026 15:16:21 +0000",2026-06-24 14:12:55.859000,/crispandgreenb/fresh-salad-recipes/,Fresh Salad Recipes,0,0,public,,crispandgreenb,Crisp & Green | Easy Salad Recipes,https://www.pinterest.com/crispandgreenb/,0,0,22,0,0,"{""username"": ""crispandgreenb"", ""image_small_url"": ""https://i.pinimg.com/30x30_RS/69/e7/15/69e7155bd015ab15c39138bfdea6c272.jpg"", ""explicitly_followed_by_me"": false, ""domain_verified"": false, ""is_ads_only_profile"": false, ""image_medium_url"": ""https://i.pinimg.com/75x75_RS/69/e7/15/69e7155bd015ab15c39138bfdea6c272.jpg"", ""followed_by_me"": false, ""ads_only_profile_site"": null, ""is_verified_merchant"": false, ""type"": ""user"", ""is_default_image"": false, ""id"": ""1097189665377063058"", ""first_name"": ""Crisp & Green | Easy Salad Recipes"", ""blocked_by_me"": false, ""verified_identity"": {}, ""full_name"": ""Crisp & Green | Easy Salad Recipes"", ""follower_count"": 22, ""indexed"": true, ""domain_url"": null, ""instagram_data"": null}"
224476362671164453,https://www.pinterest.com/pin/224476362671164453,Strawberry Banana Bread,"A quick bread for your brunch menu ideas! It's an easy breakfast recipe for strawberry banana bread with pancake mix. Soft and moist with a strawberry glaze on top, this banana strawberry bread is delicious!",https://www.crazyforcrust.com/strawberry-banana-bread-recipe/,https://i.pinimg.com/736x/8b/5d/e2/8b5de2ad4e6244dc5e8b82c11da165d5.jpg,8b5de2ad4e6244dc5e8b82c11da165d5,0,12455,1325,5,0,123,"{""1"": 209}","Mon, 06 May 2024 17:00:59 +0000",2026-06-24 14:12:55.862000,/crazyforcrust/bread-recipes/,Bread Recipes,0,0,public,food_drink,crazyforcrust,Crazy for Crust,https://www.pinterest.com/crazyforcrust/,0,0,513538,0,0,"{""explicitly_followed_by_me"": false, ""blocked_by_me"": false, ""is_verified_merchant"": false, ""indexed"": true, ""username"": ""crazyforcrust"", ""follower_count"": 513538, ""is_default_image"": false, ""image_small_url"": ""https://i.pinimg.com/30x30_RS/40/dd/bf/40ddbf09072c18f84fd19ee910236285.jpg"", ""instagram_data"": {""username"": ""crazyforcrust"", ""has_invalid_instagram_auth"": false, ""url"": ""https://www.instagram.com/crazyforcrust""}, ""first_name"": ""Crazy for Crust"", ""ads_only_profile_site"": null, ""verified_identity"": {""verified"": true}, ""id"": ""224476500085178410"", ""is_ads_only_profile"": false, ""image_medium_url"": ""https://i.pinimg.com/75x75_RS/40/dd/bf/40ddbf09072c18f84fd19ee910236285.jpg"", ""followed_by_me"": false, ""domain_verified"": true, ""type"": ""user"", ""domain_url"": ""www.crazyforcrust.com"", ""full_name"": ""Crazy for Crust""}"
498984833729230462,https://www.pinterest.com/pin/498984833729230462,, ,https://fitfoodiefinds.com/brown-sugar-shaken-espresso-overnight-oats/?tp_image_id=158160&pin_title=QnJvd24gU3VnYXIgU2hha2VuIEVzcHJlc3NvIE92ZXJuaWdodCBPYXRz&pin_description=SWYgeW91IGxvdmUgU3RhcmJ1Y2tzJyBCcm93biBTdWdhciBTaGFrZW4gRXNwcmVzc28sIHlvdSBhcmUgZ29pbmcgdG8gbG92ZSB0aGVzZSBvdmVybmlnaHQgb2F0cyEgVGhleSdyZSBtYWRlIHdpdGggZXNwcmVzc28sIGNoaWEgc2VlZHMsIGFsbW9uZCBtaWxrLCBhbmQgYnJvd24gc3VnYXIu,https://i.pinimg.com/736x/ff/ae/d3/ffaed3a09e3be97c01c1376617ca414f.jpg,ffaed3a09e3be97c01c1376617ca414f,0,6953,106,0,0,15,"{""1"": 29}","Fri, 29 Sep 2023 19:27:18 +0000",2026-06-24 14:12:55.865000,/gaiawolfwitch/vegan-recipes/,Vegan Recipes,0,0,public,food_drink,gaiawolfwitch,Ceri Clark,https://www.pinterest.com/gaiawolfwitch/,0,0,75,0,0,
1028720739891314145,https://www.pinterest.com/pin/1028720739891314145,, ,,https://i.pinimg.com/736x/1e/d2/21/1ed221b2bc82b3c0bd5c1d294b3c8e23.jpg,1ed221b2bc82b3c0bd5c1d294b3c8e23,0,368,222,0,0,1,"{""1"": 5}","Fri, 18 Jul 2025 16:52:49 +0000",2026-06-24 14:12:57.694000,/genesisgonzalez0004/recipes-to-make/,Recipes to make,0,0,public,,genesisgonzalez0004,Genesis Gonzalez,https://www.pinterest.com/genesisgonzalez0004/,0,0,1,0,0,"{""ads_only_profile_site"": null, ""follower_count"": 1, ""instagram_data"": null, ""verified_identity"": {}, ""type"": ""user"", ""explicitly_followed_by_me"": false, ""image_small_url"": ""https://i.pinimg.com/30x30_RS/46/4d/f1/464df1500bb126ec872eaab73fb2d090.jpg"", ""blocked_by_me"": false, ""domain_verified"": false, ""is_verified_merchant"": false, ""id"": ""1028720877291986577"", ""domain_url"": null, ""image_medium_url"": ""https://i.pinimg.com/75x75_RS/46/4d/f1/464df1500bb126ec872eaab73fb2d090.jpg"", ""is_default_image"": false, ""indexed"": true, ""first_name"": ""Genesis Gonzalez"", ""is_ads_only_profile"": false, ""username"": ""genesisgonzalez0004"", ""followed_by_me"": false, ""full_name"": ""Genesis Gonzalez""}"
958703839435120022,https://www.pinterest.com/pin/958703839435120022,apple crumble cake, ,,https://i.pinimg.com/736x/b9/87/3c/b9873c18ab76e002908f8955f8c2087c.jpg,b9873c18ab76e002908f8955f8c2087c,0,4861,2365,0,0,34,"{""1"": 54}","Wed, 22 Oct 2025 12:15:01 +0000",2026-06-24 14:12:57.700000,/lwork5178/cupcake-heaven/,Cupcake Heaven 🧁,0,0,public,,lwork5178,Vital Vibes,https://www.pinterest.com/lwork5178/,0,0,371,0,0,"{""verified_identity"": {}, ""indexed"": true, ""id"": ""958703976835231067"", ""is_ads_only_profile"": false, ""username"": ""lwork5178"", ""instagram_data"": null, ""is_verified_merchant"": false, ""full_name"": ""Vital Vibes"", ""explicitly_followed_by_me"": false, ""blocked_by_me"": false, ""follower_count"": 371, ""is_default_image"": false, ""image_medium_url"": ""https://i.pinimg.com/75x75_RS/0b/0d/e3/0b0de3abcdf03235dddacbaa9b62b350.jpg"", ""ads_only_profile_site"": null, ""domain_url"": null, ""domain_verified"": false, ""type"": ""user"", ""first_name"": ""Vital Vibes"", ""followed_by_me"": false, ""image_small_url"": ""https://i.pinimg.com/30x30_RS/0b/0d/e3/0b0de3abcdf03235dddacbaa9b62b350.jpg""}"
841047299202071407,https://www.pinterest.com/pin/841047299202071407,, ,,https://i.pinimg.com/736x/9a/ef/91/9aef91f298bc10b4e36a2f5c88a44d14.jpg,9aef91f298bc10b4e36a2f5c88a44d14,0,14438,1056,0,0,56,"{""1"": 247}","Mon, 19 May 2025 20:05:21 +0000",2026-06-24 14:12:57.708000,/bartlett7258/mother-of-the-bride-hair/,Mother of the bride- hair,0,0,public,,bartlett7258,Sandra Bartlett,https://www.pinterest.com/bartlett7258/,0,0,4,0,0,"{""indexed"": true, ""blocked_by_me"": false, ""is_ads_only_profile"": false, ""full_name"": ""Sandra Bartlett"", ""verified_identity"": {}, ""domain_url"": null, ""image_small_url"": ""https://s.pinimg.com/images/user/default_30.png"", ""image_medium_url"": ""https://s.pinimg.com/images/user/default_75.png"", ""domain_verified"": false, ""username"": ""bartlett7258"", ""id"": ""841047436569924536"", ""follower_count"": 4, ""followed_by_me"": false, ""is_verified_merchant"": false, ""first_name"": ""Sandra"", ""instagram_data"": null, ""ads_only_profile_site"": null, ""is_default_image"": true, ""type"": ""user"", ""explicitly_followed_by_me"": false}"
176133035424666391,https://www.pinterest.com/pin/176133035424666391,,"The Best Easy No Bake Protein Bar Recipe (Vegan, Gluten Free, No Bake)",https://chocolatecoveredkatie.com/protein-bars-recipe/,https://i.pinimg.com/736x/3b/4e/75/3b4e7591c5f5e26da2c237797ebceaad.jpg,3b4e7591c5f5e26da2c237797ebceaad,0,28,26,0,0,5,"{""1"": 1}","Thu, 15 Jan 2026 22:14:31 +0000",2026-06-24 14:12:57.783000,/karamm/yummy-yummy-in-my-tummy/,yummy yummy in my tummy,0,0,public,food_drink,karamm,Kara MacDonald,https://www.pinterest.com/karamm/,0,0,150,0,1,
716846465722160538,https://www.pinterest.com/pin/716846465722160538,Savory Carne Guisada Paired with Homemade Tortillas,"Savor the essence of Mexico with this hearty beef stew, where succulent beef pieces are gently cooked in a robust tomato sauce, perfectly paired with soft, warm flour tortillas.",https://t.me/foodsimp?8077028270=,https://i.pinimg.com/736x/3f/8a/9c/3f8a9c1c2076ab2c4433780bc886a8f6.jpg,3f8a9c1c2076ab2c4433780bc886a8f6,0,231,131,1,0,4,"{""1"": 6}","Sun, 15 Dec 2024 00:52:18 +0000",2026-06-24 14:12:57.786000,/natha_dulce_/savory-carne-guisada-homemade-tortillas/,Savory Carne Guisada & Homemade Tortillas,0,0,public,,natha_dulce_,Mamie Thomas,https://www.pinterest.com/natha_dulce_/,0,0,14,0,0,"{""username"": ""natha_dulce_"", ""is_default_image"": true, ""followed_by_me"": false, ""is_verified_merchant"": false, ""first_name"": ""Mamie Thomas"", ""id"": ""716846603096449706"", ""ads_only_profile_site"": null, ""blocked_by_me"": false, ""domain_verified"": false, ""image_medium_url"": ""https://s.pinimg.com/images/user/default_75.png"", ""image_small_url"": ""https://s.pinimg.com/images/user/default_30.png"", ""is_ads_only_profile"": false, ""follower_count"": 14, ""type"": ""user"", ""verified_identity"": {}, ""domain_url"": null, ""instagram_data"": null, ""full_name"": ""Mamie Thomas"", ""explicitly_followed_by_me"": false, ""indexed"": true}"
967781407568976369,https://www.pinterest.com/pin/967781407568976369,,Instagram,https://www.instagram.com/shewillevolve/reel/C5G0p4dJjfC/,https://i.pinimg.com/736x/b2/b2/81/b2b2819f6bd4126e8395f260342fbc3b.jpg,b2b2819f6bd4126e8395f260342fbc3b,0,37077,11163,14,0,366,"{""1"": 1362}","Fri, 13 Jun 2025 02:06:05 +0000",2026-06-24 14:12:57.791000,/skaytanner/potatoes/,Potatoes,0,0,public,,skaytanner,Skaytanner,https://www.pinterest.com/skaytanner/,0,0,2,0,0,
4597471625632267008,https://www.pinterest.com/pin/4597471625632267008,Boho Style Sandals for Women Low Heel Thick Soled Braided Hollow Casual Shoes For Outdoor Wear,Boho Style Sandals for Women Low Heel Thick Soled Braided Hollow Casual Shoes For Outdoor Wear,https://s.click.aliexpress.com/deep_link.htm?dl_target_url=https://www.aliexpress.com/ssr/300001872/pinterest-all%3FdisableNav%3DYES%26pha_manifest%3Dssr%26_immersiveMode%3Dtrue%26businessCode%3Dug%26productIds%3D3256808505403268&src=pinterest&aff_short_key=_onZ6vYN&aff_platform=true&isdl=y,https://i.pinimg.com/736x/22/00/1e/22001ebd2a3da62a7e454981630cb031.jpg,22001ebd2a3da62a7e454981630cb031,0,3,3,0,0,0,{},"Wed, 21 Jan 2026 18:58:16 +0000",2026-06-24 14:12:57.796000,/aliexpress/_products/,Products,0,0,protected,products,aliexpress,AliExpress,https://www.pinterest.com/aliexpress/,0,0,4099868,0,0,"{""is_default_image"": false, ""first_name"": ""AliExpress"", ""verified_identity"": {""verified"": true}, ""is_verified_merchant"": true, ""domain_verified"": true, ""type"": ""user"", ""image_small_url"": ""https://i.pinimg.com/30x30_RS/5c/2a/98/5c2a98ff5cc06e3a21c92138f97e1649.jpg"", ""ads_only_profile_site"": null, ""explicitly_followed_by_me"": false, ""followed_by_me"": false, ""image_medium_url"": ""https://i.pinimg.com/75x75_RS/5c/2a/98/5c2a98ff5cc06e3a21c92138f97e1649.jpg"", ""username"": ""aliexpress"", ""id"": ""807974126806387335"", ""indexed"": true, ""follower_count"": 4099868, ""domain_url"": ""www.aliexpress.com"", ""is_ads_only_profile"": false, ""blocked_by_me"": false, ""full_name"": ""AliExpress"", ""instagram_data"": null}"
485614772326143995,https://www.pinterest.com/pin/485614772326143995,"2 Ingredient Dough Garlic Knots (No yeast!)- vegan, gluten free, dairy free.","2 Ingredient Dough Garlic Knots (No yeast!)- vegan, gluten free, dairy free.",https://thebigmansworld.com/garlic-knots-recipe/,https://i.pinimg.com/736x/26/27/0e/26270e95342bc706cf53f0c7d8e39f82.jpg,26270e95342bc706cf53f0c7d8e39f82,0,266,4,1,0,0,"{""1"": 4}","Sat, 05 Sep 2020 22:35:16 +0000",2026-06-24 14:12:57.801000,/cookwithmanali/bread-recipes/,Bread Recipes,0,0,public,food_drink,cookwithmanali,Cook With Manali,https://www.pinterest.com/cookwithmanali/,0,0,63573,0,0,"{""id"": ""485614909728505898"", ""image_medium_url"": ""https://i.pinimg.com/75x75_RS/f4/e1/e8/f4e1e80c6d055816d77b7cae9fa22d33.jpg"", ""indexed"": true, ""explicitly_followed_by_me"": false, ""is_verified_merchant"": false, ""is_default_image"": false, ""followed_by_me"": false, ""verified_identity"": {""verified"": true}, ""is_ads_only_profile"": false, ""domain_verified"": true, ""ads_only_profile_site"": null, ""domain_url"": ""www.cookwithmanali.com"", ""first_name"": ""Cook With Manali"", ""full_name"": ""Cook With Manali"", ""image_small_url"": ""https://i.pinimg.com/30x30_RS/f4/e1/e8/f4e1e80c6d055816d77b7cae9fa22d33.jpg"", ""username"": ""cookwithmanali"", ""blocked_by_me"": false, ""instagram_data"": {""has_invalid_instagram_auth"": false, ""username"": ""cookwithmanali"", ""url"": ""https://www.instagram.com/cookwithmanali""}, ""follower_count"": 63573, ""type"": ""user""}"
801429696172933819,https://www.pinterest.com/pin/801429696172933819,Breakfast Eggs Avocado Hot Sauces 61 Ideas,Breakfast Eggs Avocado Hot Sauces 61 Ideas #breakfast,http://dulcebreakfast.myblogika.ru/3589229-breakfast-eggs-avocado-hot-sauces-61-ideas-inn8.html,https://i.pinimg.com/736x/79/99/47/7999479a1973b1f263868b6083a687c3.jpg,7999479a1973b1f263868b6083a687c3,0,1,0,0,0,0,{},"Sun, 04 Aug 2019 22:34:14 +0000",2026-06-24 14:12:57.891000,/averi2yib29/dairy-free-eat-breakfast/,Dairy-Free: Eat Breakfast!,0,0,public,,averi2yib29,Breakfast Ideas,https://www.pinterest.com/averi2yib29/,0,0,63,0,0,"{""is_ads_only_profile"": false, ""followed_by_me"": false, ""indexed"": true, ""first_name"": ""Breakfast Ideas"", ""is_verified_merchant"": false, ""type"": ""user"", ""blocked_by_me"": false, ""image_medium_url"": ""https://i.pinimg.com/75x75_RS/80/6c/79/806c79492891fe27bf9f172d31a8b8d0.jpg"", ""full_name"": ""Breakfast Ideas"", ""id"": ""801429833598012938"", ""explicitly_followed_by_me"": false, ""username"": ""averi2yib29"", ""instagram_data"": null, ""domain_url"": null, ""image_small_url"": ""https://i.pinimg.com/30x30_RS/80/6c/79/806c79492891fe27bf9f172d31a8b8d0.jpg"", ""verified_identity"": {}, ""follower_count"": 63, ""ads_only_profile_site"": null, ""is_default_image"": false, ""domain_verified"": false}"
353814114495554188,https://www.pinterest.com/pin/353814114495554188,Creamy Chicken Curry with Rice Recipe,"The Good Bite presents my mouthwatering One Pan Cajun Lime Chicken. It's incredibly simple to make, delightfully creamy, and strikes the perfect harmony between Cajun spices and zesty lime. Be sure to save this recipe for later!",https://www.etsy.com/listing/1841529083/your-path-to-healthy-weight-loss-the?2588127878=,https://i.pinimg.com/736x/a7/f5/98/a7f59838d615ffff6ba1ddfc7a232b6b.jpg,a7f59838d615ffff6ba1ddfc7a232b6b,0,943,449,0,0,2,"{""1"": 26}","Sat, 26 Jul 2025 19:40:03 +0000",2026-06-24 14:12:57.897000,/dockett77/easy-weeknight-dinners/,Easy Weeknight Dinners,0,0,public,,dockett77,Meisha Dockett,https://www.pinterest.com/dockett77/,0,0,129,0,1,"{""follower_count"": 51, ""followed_by_me"": false, ""image_medium_url"": ""https://s.pinimg.com/images/user/default_75.png"", ""ads_only_profile_site"": null, ""domain_url"": null, ""image_small_url"": ""https://s.pinimg.com/images/user/default_30.png"", ""instagram_data"": null, ""is_verified_merchant"": false, ""blocked_by_me"": false, ""domain_verified"": false, ""is_ads_only_profile"": false, ""is_default_image"": true, ""indexed"": true, ""explicitly_followed_by_me"": false, ""full_name"": ""Janet Poe"", ""verified_identity"": {}, ""id"": ""443464031966082992"", ""type"": ""user"", ""username"": ""khadija_angel2"", ""first_name"": ""Janet Poe""}"
1029494796084569681,https://www.pinterest.com/pin/1029494796084569681,"How To Make Air Fryer Zucchini Chips: A Crispy, Healthy Snack Recipe for Everyone","Discover how to make air fryer zucchini chips that are perfectly crispy and deliciously healthy. This easy recipe transforms fresh zucchini into a guilt-free snack that's perfect for any occasion. With minimal oil and simple seasonings, these air-fried chips are a fantastic alternative to traditional potato chips. Perfect for dipping or enjoying on their own, they are also gluten-free and vegan-friendly.",,https://i.pinimg.com/736x/d1/b6/30/d1b63032488c2c130cd3aa5f56c01bbb.jpg,d1b63032488c2c130cd3aa5f56c01bbb,0,3547,1986,3,0,15,"{""1"": 30}","Mon, 06 Oct 2025 19:19:18 +0000",2026-06-24 14:12:57.901000,/bebeecharo/recipes/,recipes,0,0,public,food_drink,bebeecharo,Savannah Williams,https://www.pinterest.com/bebeecharo/,0,0,26,0,0,"{""id"": ""1029494933477960380"", ""indexed"": true, ""full_name"": ""Savannah Williams"", ""username"": ""bebeecharo"", ""instagram_data"": null, ""image_medium_url"": ""https://s.pinimg.com/images/user/default_75.png"", ""is_ads_only_profile"": false, ""follower_count"": 26, ""blocked_by_me"": false, ""ads_only_profile_site"": null, ""explicitly_followed_by_me"": false, ""domain_url"": null, ""followed_by_me"": false, ""type"": ""user"", ""image_small_url"": ""https://s.pinimg.com/images/user/default_30.png"", ""first_name"": ""Savannah Williams"", ""domain_verified"": false, ""is_default_image"": true, ""is_verified_merchant"": false, ""verified_identity"": {}}"
84161086780686037,https://www.pinterest.com/pin/84161086780686037,,"Flavor-packed spicy chicken wrap recipe with rotisserie chicken, buffalo sauce, homemade ranch, and more! This makes two large wraps and comes together in no time! #spicychicken #spicychickenwrap via @aflavorjournal",https://aflavorjournal.com/spicy-buffalo-chicken-wraps/,https://i.pinimg.com/736x/0a/97/30/0a9730737e587b18dd2c71528110e48d.jpg,0a9730737e587b18dd2c71528110e48d,0,6078,521,11,0,13,"{""1"": 19}","Wed, 03 May 2023 06:42:40 +0000",2026-06-24 14:12:57.906000,/dianelleestrong/sandwich-wraps-pitas-paninis-recipes/,"Sandwich, Wraps, Pitas & Paninis Recipes",0,0,public,food_drink,dianelleestrong,Diane Lynn Lee-Strong,https://www.pinterest.com/dianelleestrong/,0,0,3165,0,0,
613615518022595157,https://www.pinterest.com/pin/613615518022595157,, ,,https://i.pinimg.com/736x/80/7d/0e/807d0e593d1fc93a629aa2c74fc2a41d.jpg,807d0e593d1fc93a629aa2c74fc2a41d,0,1484,305,2,0,7,"{""1"": 77}","Mon, 21 Apr 2025 19:05:32 +0000",2026-06-24 14:12:57.909000,/omarjaberjo/_quick_saves/,Quick Saves,0,0,public,,omarjaberjo,✨Sara✨,https://www.pinterest.com/omarjaberjo/,0,0,21,0,0,"{""is_ads_only_profile"": false, ""verified_identity"": {}, ""image_medium_url"": ""https://i.pinimg.com/75x75_RS/e1/1e/e7/e11ee7142e2746832775c063ea29e05a.jpg"", ""id"": ""613615655387755056"", ""domain_verified"": false, ""ads_only_profile_site"": null, ""is_verified_merchant"": false, ""domain_url"": null, ""first_name"": ""o"", ""followed_by_me"": false, ""is_default_image"": false, ""follower_count"": 21, ""username"": ""omarjaberjo"", ""indexed"": true, ""explicitly_followed_by_me"": false, ""instagram_data"": null, ""full_name"": ""\u2728Sara\u2728"", ""type"": ""user"", ""image_small_url"": ""https://i.pinimg.com/30x30_RS/e1/1e/e7/e11ee7142e2746832775c063ea29e05a.jpg"", ""blocked_by_me"": false}"
1141592205572155654,https://www.pinterest.com/pin/1141592205572155654,Healthy California Roll Sushi Bowls for Meal Prep,"Create nutritious and delicious California Roll Sushi Bowls that are perfect for meal prep! Packed with fresh ingredients like avocado, crab, and cucumber, these customizable bowls are a healthy choice for any meal. Assemble in advance for a quick, satisfying lunch or dinner that’s bursting with flavor!",https://payhip.com/b/kVbhz,https://i.pinimg.com/736x/84/8b/19/848b1907a2db5e8a67226aa49cae3355.jpg,848b1907a2db5e8a67226aa49cae3355,0,348,347,0,0,9,"{""1"": 2}","Sun, 07 Jun 2026 03:39:33 +0000",2026-06-24 14:12:57.915000,/ragonuregaso/white-fish-shellfish-light-delicate/,White Fish & Shellfish | Light & Delicate,0,0,public,,ragonuregaso,Seafood & Grill Master | Ultimate Recipe Collections,https://www.pinterest.com/ragonuregaso/,0,0,270,0,0,"{""is_ads_only_profile"": false, ""type"": ""user"", ""full_name"": ""Seafood & Grill Master | Ultimate Recipe Collections"", ""id"": ""1141592342953077088"", ""verified_identity"": {}, ""ads_only_profile_site"": null, ""explicitly_followed_by_me"": false, ""follower_count"": 270, ""indexed"": true, ""instagram_data"": null, ""first_name"": ""Seafood & Grill Master | Ultimate Recipe Collections"", ""username"": ""ragonuregaso"", ""image_small_url"": ""https://i.pinimg.com/30x30_RS/be/e5/05/bee505f69082c6d5ef1aac21d5700800.jpg"", ""blocked_by_me"": false, ""is_default_image"": false, ""is_verified_merchant"": false, ""image_medium_url"": ""https://i.pinimg.com/75x75_RS/be/e5/05/bee505f69082c6d5ef1aac21d5700800.jpg"", ""domain_verified"": false, ""domain_url"": null, ""followed_by_me"": false}"
278660295687243485,https://www.pinterest.com/pin/278660295687243485,,Ultimate Grasshopper Cookies with Andes Mints - Your Cup of Cake,https://www.yourcupofcake.com/ultimate-grasshopper-cookies/,https://i.pinimg.com/736x/74/be/92/74be923ec5117a29c1ef9923b15dcf18.jpg,74be923ec5117a29c1ef9923b15dcf18,0,16969,37,2,0,3,"{""1"": 26}","Wed, 23 Nov 2022 03:03:54 +0000",2026-06-24 14:12:57.929000,/nschafer16/desserts/,Desserts,0,0,public,food_drink,nschafer16,Noreen Schafer,https://www.pinterest.com/nschafer16/,0,0,85,0,0,
464293042858663853,https://www.pinterest.com/pin/464293042858663853,Hamburger Potato Casserole Recipe: Comfort Food Dinner (PDF Download) - Etsy,Hamburger Potato Casserole Recipe: Comfort Food Dinner (PDF Download) - Etsy,https://www.etsy.com/listing/4342757687/hamburger-potato-casserole-recipe,https://i.pinimg.com/736x/96/2b/62/962b62306b9de5726b315db8eb5c2d6f.jpg,962b62306b9de5726b315db8eb5c2d6f,0,11,10,0,0,0,{},"Mon, 22 Dec 2025 00:33:23 +0000",2026-06-24 14:12:57.962000,/suestacy792/recipes/,Recipes,0,0,public,food_drink,suestacy792,Sue Stacy,https://www.pinterest.com/suestacy792/,0,0,24,0,0,
1027242996265945828,https://www.pinterest.com/pin/1027242996265945828,Egg Roll in a Bowl Recipe Printable | Easy One-skillet Dinner | Healthy Asian-inspired Digital Recipe PDF - Etsy,Whip up a deliciously simple Egg Roll in a Bowl that's packed with flavor and ready in minutes—perfect for a quick weeknight dinner!,https://www.etsy.com/listing/4386844943/egg-roll-in-a-bowl-recipe-printable-easy,https://i.pinimg.com/736x/24/9a/41/249a417102573b83b456eb7e4d5b90e8.jpg,249a417102573b83b456eb7e4d5b90e8,0,3,2,0,0,0,{},"Thu, 16 Oct 2025 19:19:14 +0000",2026-06-24 14:12:57.968000,/srsenlbrulll3byp/fresh-easy-salads/,Fresh & Easy Salads,0,0,public,,srsenlbrulll3byp,Savor & Spice with Amelia,https://www.pinterest.com/srsenlbrulll3byp/,0,0,1,0,0,"{""is_default_image"": false, ""blocked_by_me"": false, ""followed_by_me"": false, ""type"": ""user"", ""id"": ""1027243133664275033"", ""full_name"": ""Savor & Spice with Amelia"", ""ads_only_profile_site"": null, ""first_name"": ""Savor & Spice with Amelia"", ""indexed"": true, ""domain_verified"": false, ""image_medium_url"": ""https://i.pinimg.com/75x75_RS/fc/9f/ab/fc9fab294c58bc0214006b6c43c23a16.jpg"", ""follower_count"": 1, ""instagram_data"": null, ""is_ads_only_profile"": false, ""image_small_url"": ""https://i.pinimg.com/30x30_RS/fc/9f/ab/fc9fab294c58bc0214006b6c43c23a16.jpg"", ""explicitly_followed_by_me"": false, ""domain_url"": null, ""is_verified_merchant"": false, ""username"": ""srsenlbrulll3byp"", ""verified_identity"": {}}"
881720433327037197,https://www.pinterest.com/pin/881720433327037197,Easy Greek Yogurt Marinated Chicken,"Tender Greek Yogurt Marinated Chicken — tangy yogurt marinade keeps chicken juicy while infusing garlic and herbs for effortless grilling or roasting. This Greek Yogurt Marinated Chicken recipe includes yogurt-marinated chicken thighs, greek yogurt marinade for chicken breasts, overnight tenderizing chicken method, healthy marinated chicken meal prep, and grill or bake instructions. Marinate, cook, and serve with grains — pin for tips! #grill #marinade #dinner.",https://cheatdayrecipe.com/greek-yogurt-marinated-chicken,https://i.pinimg.com/736x/d4/b7/d0/d4b7d0cf8a683100eff35c0c4e7f2d72.jpg,d4b7d0cf8a683100eff35c0c4e7f2d72,0,336,212,0,0,12,"{""1"": 1}","Wed, 18 Feb 2026 00:02:22 +0000",2026-06-24 14:12:58.445000,/CheatDayRecipe1/chicken-recipe/,Chicken Recipe,0,0,public,,CheatDayRecipe1,"CheatDayRecipe | Dessert Recipes, Cheat Day Meals",https://www.pinterest.com/CheatDayRecipe1/,0,0,166,0,0,"{""is_ads_only_profile"": false, ""is_verified_merchant"": false, ""instagram_data"": null, ""domain_verified"": false, ""explicitly_followed_by_me"": false, ""id"": ""881720570704853998"", ""type"": ""user"", ""ads_only_profile_site"": null, ""username"": ""CheatDayRecipe1"", ""image_small_url"": ""https://i.pinimg.com/30x30_RS/47/56/53/475653c47012805a8b8a2b781af8b8f3.jpg"", ""is_default_image"": false, ""domain_url"": null, ""indexed"": true, ""follower_count"": 166, ""verified_identity"": {}, ""blocked_by_me"": false, ""first_name"": ""CheatDayRecipe | Dessert Recipes, Cheat Day Meals"", ""image_medium_url"": ""https://i.pinimg.com/75x75_RS/47/56/53/475653c47012805a8b8a2b781af8b8f3.jpg"", ""followed_by_me"": false, ""full_name"": ""CheatDayRecipe | Dessert Recipes, Cheat Day Meals""}"
359443613991721807,https://www.pinterest.com/pin/359443613991721807,Thai Cashew Coconut Rice with Ginger Peanut Sauce - Host The Toast,Thai Cashew Coconut Rice with Ginger Peanut Dressing.  This rice salad is seriously addictive and always a huge hit at potlucks!  Pasta salad is so overrated.  Rice salad?  I want it for every meal. | hostthetoast.com,http://hostthetoast.com/thai-cashew-coconut-rice-ginger-peanut-sauce/,https://i.pinimg.com/736x/b2/bc/a0/b2bca0e57e422e7c204af3570cadcdd3.jpg,b2bca0e57e422e7c204af3570cadcdd3,0,8071,7,7,0,0,{},"Thu, 31 Mar 2016 00:51:21 +0000",2026-06-24 14:12:58.711000,/meg1ale2/vegan-meals/,Vegan Meals,0,0,public,,meg1ale2,Shirley Ferguson,https://www.pinterest.com/meg1ale2/,0,0,14,0,0,
550283648239604829,https://www.pinterest.com/pin/550283648239604829,Savory Butter Delight: French Onion Tart,"b'Savory Butter Delight: French Onion Tart Recipe  Ingredients:  1 sheet puff pastry  2 large onions (thinly sliced)  2 tbsp butter  1 tbsp olive oil  1 tsp sugar  1 tsp salt  1/2 tsp pepper  1/4 cup heavy cream  1/2 cup grated Gruy\xe8re cheese  1/2 cup grated Parmesan cheese  Fresh thyme (optional)  Method:  Preheat oven to 375\xb0F (190\xb0C). Roll out puff pastry on a baking sheet.  In a pan, melt butter with olive oil over medium heat. Add onions, sugar, salt, and pepper. Cook, stirring occasionally, until onions are caramelized (15-20 mins).  Add heavy cream to onions and cook for another 2-3 mins.  Spread onion mixture on pastry, sprinkle with cheeses.  Bake for 20-25 mins until golden and crisp. Garnish with thyme.  Serve warm and enjoy this rich, buttery treat!'",,https://i.pinimg.com/736x/8c/10/d5/8c10d588a2387323a038ead31dd84db4.jpg,8c10d588a2387323a038ead31dd84db4,0,2771,419,9,0,12,"{""1"": 23}","Sun, 06 Jul 2025 10:43:09 +0000",2026-06-24 14:12:58.982000,/mariana365/food/,FOOD,0,0,public,food_drink,mariana365,Maria Ana,https://www.pinterest.com/mariana365/,0,0,131,0,1,"{""explicitly_followed_by_me"": false, ""domain_verified"": false, ""instagram_data"": null, ""full_name"": ""GlowDailyLife"", ""follower_count"": 619, ""domain_url"": null, ""image_medium_url"": ""https://s.pinimg.com/images/user/default_75.png"", ""is_verified_merchant"": false, ""followed_by_me"": false, ""is_ads_only_profile"": false, ""verified_identity"": {}, ""ads_only_profile_site"": null, ""username"": ""GlowDailyLife"", ""first_name"": ""GlowDailyLife"", ""type"": ""user"", ""indexed"": true, ""id"": ""1091700903330998293"", ""blocked_by_me"": false, ""image_small_url"": ""https://s.pinimg.com/images/user/default_30.png"", ""is_default_image"": true}"
417849671695142217,https://www.pinterest.com/pin/417849671695142217,10 BREAKFAST IDEAS, ,https://www.julsweek.com/2023/10/10-breakfast-ideas.html?m=1,https://i.pinimg.com/736x/7e/f7/08/7ef708800abfce1f6b111cd2e9dbcc24.jpg,7ef708800abfce1f6b111cd2e9dbcc24,0,2987,2963,21,0,110,"{""1"": 93}","Fri, 01 Mar 2024 17:18:49 +0000",2026-06-24 14:12:58.986000,/jbochmann/smoothies/,smoothies,0,0,public,food_drink,jbochmann,Joyce Bochmann,https://www.pinterest.com/jbochmann/,0,0,250,0,0,
330803535151615789,https://www.pinterest.com/pin/330803535151615789,Sun-Dried Tomato Eggplant Ricotta Pasta,"This eggplant and sun-dried tomato ricotta pasta is a creamy, flavorful 20-minute dinner perfect for veggie lovers and busy weeknights.",https://www.servingdumplings.com/recipe/eggplant-and-sun-dried-tomato-pasta-with-ricotta/,https://i.pinimg.com/736x/86/13/b5/8613b50c4e2987fcc03665397d840de9.jpg,8613b50c4e2987fcc03665397d840de9,0,5058,1474,2,0,39,"{""1"": 29}","Sun, 04 May 2025 17:00:57 +0000",2026-06-24 14:12:59.355000,/servingdumplings/serving-dumplings-recipes/,Serving Dumplings Recipes,0,0,public,food_drink,servingdumplings,Anna’s Table | Quick & Cozy Recipes,https://www.pinterest.com/servingdumplings/,0,0,25836,0,0,"{""domain_verified"": true, ""id"": ""330803672537648600"", ""indexed"": true, ""ads_only_profile_site"": null, ""first_name"": ""Anna\u2019s Table | Quick & Cozy Recipes"", ""is_verified_merchant"": false, ""is_ads_only_profile"": false, ""blocked_by_me"": false, ""verified_identity"": {}, ""instagram_data"": {""has_invalid_instagram_auth"": false, ""username"": ""anna_s_table"", ""url"": ""https://www.instagram.com/anna_s_table""}, ""full_name"": ""Anna\u2019s Table | Quick & Cozy Recipes"", ""image_medium_url"": ""https://i.pinimg.com/75x75_RS/02/1e/67/021e67fb6624b6458402e1475d5322cb.jpg"", ""explicitly_followed_by_me"": false, ""username"": ""servingdumplings"", ""followed_by_me"": false, ""type"": ""user"", ""follower_count"": 25836, ""is_default_image"": false, ""image_small_url"": ""https://i.pinimg.com/30x30_RS/02/1e/67/021e67fb6624b6458402e1475d5322cb.jpg"", ""domain_url"": ""www.servingdumplings.com""}"
278660295687243485,https://www.pinterest.com/pin/278660295687243485,,Ultimate Grasshopper Cookies with Andes Mints - Your Cup of Cake,https://www.yourcupofcake.com/ultimate-grasshopper-cookies/,https://i.pinimg.com/736x/74/be/92/74be923ec5117a29c1ef9923b15dcf18.jpg,74be923ec5117a29c1ef9923b15dcf18,0,16969,37,2,0,3,"{""1"": 26}","Wed, 23 Nov 2022 03:03:54 +0000",2026-06-24 14:12:59.363000,/nschafer16/desserts/,Desserts,0,0,public,food_drink,nschafer16,Noreen Schafer,https://www.pinterest.com/nschafer16/,0,0,85,0,0,
1029002214837856897,https://www.pinterest.com/pin/1029002214837856897,So cute, ,,https://i.pinimg.com/736x/e7/8b/34/e78b34386c07db3f32a720889e546064.jpg,e78b34386c07db3f32a720889e546064,0,188500,186228,141,0,43342,"{""1"": 7964, ""5"": 5, ""7"": 13, ""11"": 4, ""13"": 7}","Tue, 10 Jan 2023 21:49:05 +0000",2026-06-24 14:12:59.859000,/inspiredby1Vicky1/_quick_creates/,Pins by you,0,0,public,,inspiredby1Vicky1,Vicky,https://www.pinterest.com/inspiredby1Vicky1/,0,0,12302,0,0,"{""follower_count"": 12302, ""image_small_url"": ""https://i.pinimg.com/30x30_RS/8b/ec/ac/8becac388a5ff18ce5a1fe7377e00a15.jpg"", ""instagram_data"": {""has_invalid_instagram_auth"": false, ""url"": ""https://www.instagram.com/inspiredby.vicky"", ""username"": ""inspiredby.vicky""}, ""id"": ""1029002352268521628"", ""type"": ""user"", ""ads_only_profile_site"": null, ""is_default_image"": false, ""username"": ""inspiredby1Vicky1"", ""blocked_by_me"": false, ""is_verified_merchant"": false, ""first_name"": ""Vicky"", ""indexed"": true, ""full_name"": ""Vicky"", ""explicitly_followed_by_me"": false, ""domain_verified"": false, ""domain_url"": null, ""verified_identity"": {}, ""image_medium_url"": ""https://i.pinimg.com/75x75_RS/8b/ec/ac/8becac388a5ff18ce5a1fe7377e00a15.jpg"", ""followed_by_me"": false, ""is_ads_only_profile"": false}"
1152780835889835541,https://www.pinterest.com/pin/1152780835889835541,Delicious Plant-Based Breakfasts: Easy Vegan Recipes for a Healthy Start to Your Day,"Discover a collection of vibrant vegetarian and vegan breakfast ideas that are both nutritious and satisfying. From energizing smoothie bowls to hearty oatmeals and savory avocado toasts, these recipes are perfect for anyone looking to fuel their mornings with healthy ingredients. Explore simple and quick meals that everyone will love, making it easy to embrace a plant-based lifestyle. Join our community of food lovers and share your favorite breakfast creations!",,https://i.pinimg.com/736x/2e/f5/26/2ef5267508fd4563df0169026025c6cb.jpg,2ef5267508fd4563df0169026025c6cb,0,12325,4169,2,0,58,"{""1"": 188}","Sun, 12 Oct 2025 23:31:05 +0000",2026-06-24 14:12:59.995000,/brentzmoschetto/recipes/,recipes,0,0,public,food_drink,brentzmoschetto,Abigail Taylor,https://www.pinterest.com/brentzmoschetto/,0,0,44,0,0,"{""instagram_data"": null, ""username"": ""brentzmoschetto"", ""verified_identity"": {}, ""followed_by_me"": false, ""image_medium_url"": ""https://s.pinimg.com/images/user/default_75.png"", ""indexed"": true, ""is_verified_merchant"": false, ""image_small_url"": ""https://s.pinimg.com/images/user/default_30.png"", ""domain_url"": null, ""full_name"": ""Abigail Taylor"", ""first_name"": ""Abigail Taylor"", ""type"": ""user"", ""id"": ""1152780973277255215"", ""follower_count"": 44, ""explicitly_followed_by_me"": false, ""is_ads_only_profile"": false, ""blocked_by_me"": false, ""is_default_image"": true, ""ads_only_profile_site"": null, ""domain_verified"": false}"
1002754673265270962,https://www.pinterest.com/pin/1002754673265270962,Chocolate Cake,Stay tuned with us for more idea's 💡,,https://i.pinimg.com/736x/2c/e1/a7/2ce1a7e8018dc0769bad9d7cbb99f32c.jpg,2ce1a7e8018dc0769bad9d7cbb99f32c,0,34265,33893,41,0,5395,"{""1"": 3454}","Fri, 07 Jul 2023 18:00:37 +0000",2026-06-24 14:13:00.018000,/EloiseHeadsss/cake/,Cake,0,0,public,,EloiseHeadsss,Fitwaffle Kitchen,https://www.pinterest.com/EloiseHeadsss/,0,0,594,0,0,"{""verified_identity"": {}, ""first_name"": ""Fitwaffle Kitchen"", ""image_small_url"": ""https://i.pinimg.com/30x30_RS/e0/78/1f/e0781fb615483d80c09c01ce94f81b99.jpg"", ""domain_verified"": false, ""followed_by_me"": false, ""explicitly_followed_by_me"": false, ""is_verified_merchant"": false, ""type"": ""user"", ""indexed"": true, ""follower_count"": 594, ""domain_url"": null, ""is_default_image"": false, ""ads_only_profile_site"": null, ""id"": ""1002754810690305107"", ""instagram_data"": null, ""username"": ""EloiseHeadsss"", ""image_medium_url"": ""https://i.pinimg.com/75x75_RS/e0/78/1f/e0781fb615483d80c09c01ce94f81b99.jpg"", ""is_ads_only_profile"": false, ""full_name"": ""Fitwaffle Kitchen"", ""blocked_by_me"": false}"
636555728608630210,https://www.pinterest.com/pin/636555728608630210,Iced English latte, ,,https://i.pinimg.com/736x/8f/93/56/8f9356220fab8eb52a6e2279cdf24d5b.jpg,8f9356220fab8eb52a6e2279cdf24d5b,0,421,376,0,0,7,"{""1"": 9}","Fri, 27 Oct 2023 01:59:43 +0000",2026-06-24 14:13:00.026000,/dahlilarod77/coffee/,Coffee,0,0,public,food_drink,dahlilarod77,Dahlila Creations,https://www.pinterest.com/dahlilarod77/,0,0,901,0,0,"{""first_name"": ""Dahlila Creations"", ""id"": ""636555865989713474"", ""image_medium_url"": ""https://i.pinimg.com/75x75_RS/c6/d9/02/c6d902e9b850696461de0e3c255b5777.jpg"", ""explicitly_followed_by_me"": false, ""instagram_data"": null, ""is_ads_only_profile"": false, ""verified_identity"": {}, ""blocked_by_me"": false, ""full_name"": ""Dahlila Creations"", ""domain_url"": ""dahlilar.com"", ""username"": ""dahlilarod77"", ""follower_count"": 901, ""is_default_image"": false, ""followed_by_me"": false, ""is_verified_merchant"": false, ""indexed"": true, ""domain_verified"": false, ""ads_only_profile_site"": null, ""image_small_url"": ""https://i.pinimg.com/30x30_RS/c6/d9/02/c6d902e9b850696461de0e3c255b5777.jpg"", ""type"": ""user""}"
957296464553908379,https://www.pinterest.com/pin/957296464553908379,, ,,https://i.pinimg.com/736x/d6/7e/e7/d67ee78f9d7fb6c0b81dbf5066b61c2f.jpg,d67ee78f9d7fb6c0b81dbf5066b61c2f,0,2,1,0,0,0,"{""1"": 1}","Thu, 18 Sep 2025 05:14:54 +0000",2026-06-24 14:13:34.962000,/merin018/shirt-desing/,SHIRT DESING,0,0,public,,merin018,MERIN,https://www.pinterest.com/merin018/,0,0,65,0,0,"{""first_name"": ""MERIN"", ""follower_count"": 65, ""ads_only_profile_site"": null, ""explicitly_followed_by_me"": false, ""is_verified_merchant"": false, ""username"": ""merin018"", ""type"": ""user"", ""image_medium_url"": ""https://i.pinimg.com/75x75_RS/f7/57/fd/f757fd06716b8c35fc8fcaf48ba3ea14.jpg"", ""instagram_data"": null, ""verified_identity"": {}, ""image_small_url"": ""https://i.pinimg.com/30x30_RS/f7/57/fd/f757fd06716b8c35fc8fcaf48ba3ea14.jpg"", ""full_name"": ""MERIN"", ""domain_verified"": false, ""is_default_image"": false, ""is_ads_only_profile"": false, ""id"": ""957296601951587438"", ""blocked_by_me"": false, ""followed_by_me"": false, ""indexed"": true, ""domain_url"": null}"
884183339817843200,https://www.pinterest.com/pin/884183339817843200,Sesame-Crusted Seared Ahi Tuna Platter With Soy-Citrus Sauce,"Sesame-Crusted Seared Ahi Tuna Platter With Soy-Citrus Sauce
",https://imperialpdx.com/sesame-crusted-seared-ahi-tuna-platter-with-soy-citrus-sauce/,https://i.pinimg.com/736x/0a/95/af/0a95afc1f82d477006dd8d154017b5f2.jpg,0a95afc1f82d477006dd8d154017b5f2,0,2,1,0,0,0,{},"Tue, 16 Dec 2025 20:39:18 +0000",2026-06-24 14:13:34.969000,/imperialrecipes/90-buffet-style-recipes/,90 Buffet Style Recipes,0,0,public,,imperialrecipes,Imperial Recipes,https://www.pinterest.com/imperialrecipes/,0,0,87,0,0,"{""is_verified_merchant"": false, ""ads_only_profile_site"": null, ""username"": ""imperialrecipes"", ""followed_by_me"": false, ""domain_url"": ""imperialpdx.com"", ""id"": ""884183476751091864"", ""is_default_image"": false, ""type"": ""user"", ""indexed"": true, ""image_small_url"": ""https://i.pinimg.com/30x30_RS/23/b9/d2/23b9d2b36dbbe7faa54c30e22d4c6c0b.jpg"", ""image_medium_url"": ""https://i.pinimg.com/75x75_RS/23/b9/d2/23b9d2b36dbbe7faa54c30e22d4c6c0b.jpg"", ""full_name"": ""Imperial Recipes"", ""follower_count"": 87, ""explicitly_followed_by_me"": false, ""blocked_by_me"": false, ""is_ads_only_profile"": false, ""verified_identity"": {}, ""first_name"": ""Imperial Recipes"", ""domain_verified"": true, ""instagram_data"": null}"
768778598902216067,https://www.pinterest.com/pin/768778598902216067,Moroccan Tomato Couscous,"This dish features couscous cooked in a rich tomato sauce. It is bursting with flavour and is super fluffy! This Tomato Couscous Recipe is easy-to-follow and will soon become a household favourite! Serve this delicious side with fish, meat or veggies.",https://simshomekitchen.com/moroccan-tomato-couscous-recipe/,https://i.pinimg.com/736x/37/ce/80/37ce808babc8132ad1558e3b2063d61c.jpg,37ce808babc8132ad1558e3b2063d61c,0,2477,236,0,0,2,"{""1"": 17}","Fri, 25 Mar 2022 09:34:44 +0000",2026-06-24 14:13:35.083000,/simshomekitchen/simshomekitchencom/,Simshomekitchen.com,0,0,public,food_drink,simshomekitchen,Sims Home Kitchen | Desserts | Cakes | Family Dinner I World Food,https://www.pinterest.com/simshomekitchen/,0,0,35494,0,0,"{""image_small_url"": ""https://i.pinimg.com/30x30_RS/6c/48/2b/6c482ba4c2a500aa4c65c4767fd5f467.jpg"", ""follower_count"": 35494, ""full_name"": ""Sims Home Kitchen | Desserts | Cakes | Family Dinner I World Food"", ""id"": ""768778736299505004"", ""explicitly_followed_by_me"": false, ""is_verified_merchant"": false, ""followed_by_me"": false, ""indexed"": true, ""first_name"": ""Sims Home Kitchen | Desserts | Cakes | Family Dinner I World Food"", ""domain_verified"": true, ""type"": ""user"", ""verified_identity"": {""verified"": true}, ""is_default_image"": false, ""domain_url"": ""simshomekitchen.com"", ""ads_only_profile_site"": null, ""image_medium_url"": ""https://i.pinimg.com/75x75_RS/6c/48/2b/6c482ba4c2a500aa4c65c4767fd5f467.jpg"", ""username"": ""simshomekitchen"", ""blocked_by_me"": false, ""is_ads_only_profile"": false, ""instagram_data"": {""has_invalid_instagram_auth"": false, ""username"": ""simshomekitchen"", ""url"": ""https://www.instagram.com/simshomekitchen""}}"
1090574866023653607,https://www.pinterest.com/pin/1090574866023653607,Irresistible Coconut Crusted Fish With Mango Salsa - A Taste of the Tropics,"Dive into the delectable blend of crispy coconut crust and zesty mango salsa in this Coconut Crusted Fish With Mango Salsa recipe. Bursting with flavor, it's the perfect weeknight meal or entertaining dish. #CoconutCrustedFish #MangoSalsa #EasyRecipe #SeafoodRecipe #30MinuteMeal",https://forkfulkitchen.com/coconut-crusted-fish-with-mango-salsa/,https://i.pinimg.com/736x/86/84/55/868455e323551eb00caea22532578424.jpg,868455e323551eb00caea22532578424,0,297,190,0,0,8,"{""1"": 1}","Tue, 05 Aug 2025 19:02:43 +0000",2026-06-24 14:13:35.110000,/ForkfulKitchen/healthy-recipes/,Healthy Recipes,0,0,public,food_drink,ForkfulKitchen,Forkful Kitchen,https://www.pinterest.com/ForkfulKitchen/,0,0,195,0,0,"{""is_verified_merchant"": false, ""full_name"": ""Forkful Kitchen"", ""image_medium_url"": ""https://i.pinimg.com/75x75_RS/b7/65/a1/b765a1efd1a95fc813ab8eece0bdff09.jpg"", ""followed_by_me"": false, ""indexed"": true, ""instagram_data"": null, ""type"": ""user"", ""id"": ""1090575003424166061"", ""explicitly_followed_by_me"": false, ""ads_only_profile_site"": null, ""verified_identity"": {}, ""domain_url"": ""www.forkfulkitchen.com"", ""username"": ""ForkfulKitchen"", ""is_default_image"": false, ""blocked_by_me"": false, ""follower_count"": 195, ""first_name"": ""Forkful Kitchen"", ""image_small_url"": ""https://i.pinimg.com/30x30_RS/b7/65/a1/b765a1efd1a95fc813ab8eece0bdff09.jpg"", ""domain_verified"": true, ""is_ads_only_profile"": false}"
1060457043518115319,https://www.pinterest.com/pin/1060457043518115319,One Pot Creamy Cajun Sausage Pasta Printable Recipe | Spicy Cheesy Dinner Digital E-book PDF - Etsy,Dive into a flavorful adventure with this easy one-pot creamy Cajun sausage pasta that's perfect for busy weeknights—delicious and hassle-free!,https://www.etsy.com/listing/4389738245/one-pot-creamy-cajun-sausage-pasta,https://i.pinimg.com/736x/f9/6b/f1/f96bf1200aae490c441641d4808cf8c4.jpg,f96bf1200aae490c441641d4808cf8c4,0,48,47,0,0,1,"{""1"": 1}","Sat, 25 Oct 2025 20:51:39 +0000",2026-06-24 14:13:35.126000,/tyrenoproftpsy8a/classic-dinner-recipes/,Classic Dinner Recipes,0,0,public,,tyrenoproftpsy8a,The Tasty Table with Grace,https://www.pinterest.com/tyrenoproftpsy8a/,0,0,7,0,0,"{""explicitly_followed_by_me"": false, ""blocked_by_me"": false, ""ads_only_profile_site"": null, ""is_verified_merchant"": false, ""first_name"": ""The Tasty Table with Grace"", ""is_default_image"": false, ""is_ads_only_profile"": false, ""full_name"": ""The Tasty Table with Grace"", ""image_small_url"": ""https://i.pinimg.com/30x30_RS/f4/f6/ef/f4f6ef2e7f2bbc4d679ed8fe2864fd15.jpg"", ""follower_count"": 7, ""followed_by_me"": false, ""domain_url"": ""www.etsy.com"", ""instagram_data"": null, ""domain_verified"": false, ""type"": ""user"", ""image_medium_url"": ""https://i.pinimg.com/75x75_RS/f4/f6/ef/f4f6ef2e7f2bbc4d679ed8fe2864fd15.jpg"", ""id"": ""1060457180916133253"", ""indexed"": true, ""username"": ""tyrenoproftpsy8a"", ""verified_identity"": {}}"
1077134435901507465,https://www.pinterest.com/pin/1077134435901507465,Delicious Keto Cannoli Cheesecake Recipe,"Discover how to make a delicious Keto Cannoli Cheesecake with this easy, low-carb recipe perfect for satisfying your sweet tooth guilt-free.",https://dailyrecipehaven.net/desserts/delicious-keto-cannoli-cheesecake-recipe/,https://i.pinimg.com/736x/57/d1/bc/57d1bcc1b5904330efc6b206cdb0953f.jpg,57d1bcc1b5904330efc6b206cdb0953f,0,85,70,0,0,4,"{""1"": 1}","Sun, 23 Nov 2025 16:59:39 +0000",2026-06-24 14:13:35.138000,/sandydoebler123/pie-recipes/,pie recipes,0,0,public,,sandydoebler123,Sandy Doebler,https://www.pinterest.com/sandydoebler123/,0,0,2,0,0,
1091278553482403287,https://www.pinterest.com/pin/1091278553482403287,Top Shrimp Ceviche Recipe from The Suburban Soapbox,"This refreshing shrimp ceviche is your go-to summer dish, offering a cool and light culinary experience. With just a handful of ingredients, it delivers a burst of flavor that will tantalize your taste buds. Succulent cooked shrimp, crunchy vegetables, and creamy avocado are all mixed in a delicate dressing, making it perfect as a dip or a light salad for those warm days.",https://www.etsy.com/listing/1841529083/your-path-to-healthy-weight-loss-the?8793126980=,https://i.pinimg.com/736x/89/0b/e8/890be852084402d5f71cb7319073e559.jpg,890be852084402d5f71cb7319073e559,0,597,2,0,0,0,"{""1"": 12}","Tue, 16 Jun 2026 00:56:42 +0000",2026-06-24 14:13:35.152000,/mamaluv6/salad/,Salad,0,0,public,,mamaluv6,Mama Luv,https://www.pinterest.com/mamaluv6/,0,0,0,0,1,"{""blocked_by_me"": false, ""domain_verified"": false, ""first_name"": ""Ashley Goodridge"", ""follower_count"": 96, ""is_ads_only_profile"": false, ""username"": ""chrismatthew427"", ""is_verified_merchant"": false, ""domain_url"": null, ""instagram_data"": null, ""image_small_url"": ""https://i.pinimg.com/30x30_RS/88/33/7d/88337d3fff86c824c19572ae0cf5ffa1.jpg"", ""is_default_image"": false, ""image_medium_url"": ""https://i.pinimg.com/75x75_RS/88/33/7d/88337d3fff86c824c19572ae0cf5ffa1.jpg"", ""explicitly_followed_by_me"": false, ""full_name"": ""Ashley Goodridge"", ""verified_identity"": {}, ""indexed"": true, ""type"": ""user"", ""ads_only_profile_site"": null, ""id"": ""386606086670558865"", ""followed_by_me"": false}"
1109222583261558096,https://www.pinterest.com/pin/1109222583261558096,Buttery Miso Glazed Black Cod,"This buttery miso glazed black cod is a rich and flavorful seafood recipe inspired by popular Japanese restaurant dishes. Tender black cod is coated in a savory sweet miso glaze that caramelizes beautifully while baking. Pinterest searches for miso cod recipes, Asian-inspired dinners, gourmet seafood meals, and elegant date night recipes continue to trend, making this recipe ideal for foodie audiences. The silky texture and umami-packed flavor create a restaurant-quality meal right at home. Save this impressive seafood dinner recipe for special occasions or cozy nights in. #blackcod #misorecipe #seafoodrecipes #japanesefood #dinnerideas",https://flavli.com/buttery-miso-glazed-black-cod,https://i.pinimg.com/736x/41/cd/25/41cd25204c99794cd6c1b6b1db88df88.jpg,41cd25204c99794cd6c1b6b1db88df88,0,129,71,1,0,4,"{""1"": 1}","Sat, 09 May 2026 04:05:24 +0000",2026-06-24 14:13:35.165000,/Flavli0/easy-cod-recipes/,Easy COD Recipes,0,0,public,,Flavli0,Flavli | Home Cooking & Food Ideas,https://www.pinterest.com/Flavli0/,0,0,34,0,0,"{""instagram_data"": null, ""full_name"": ""Flavli | Home Cooking & Food Ideas"", ""id"": ""1109222720631388924"", ""verified_identity"": {}, ""type"": ""user"", ""domain_url"": ""flavli.com"", ""explicitly_followed_by_me"": false, ""image_medium_url"": ""https://i.pinimg.com/75x75_RS/48/a4/d0/48a4d0bc1a90b65955f5b36c22d697d5.jpg"", ""is_default_image"": false, ""domain_verified"": false, ""blocked_by_me"": false, ""username"": ""Flavli0"", ""image_small_url"": ""https://i.pinimg.com/30x30_RS/48/a4/d0/48a4d0bc1a90b65955f5b36c22d697d5.jpg"", ""follower_count"": 34, ""indexed"": true, ""followed_by_me"": false, ""is_ads_only_profile"": false, ""ads_only_profile_site"": null, ""first_name"": ""Flavli | Home Cooking & Food Ideas"", ""is_verified_merchant"": false}"
1102256077576718604,https://www.pinterest.com/pin/1102256077576718604,Decadent Raspberry Brownies Bursting with Fresh Fruit Flavor and Rich Chocolate Delight, ,https://kulii.com/decadent-raspberry-brownies-bursting-with-fresh-fruit-flavor-and-rich-chocolate-delight/,https://i.pinimg.com/736x/5d/d5/ae/5dd5aea2e458516a864fd616427fb894.jpg,5dd5aea2e458516a864fd616427fb894,0,719,804,0,0,12,"{""1"": 6}","Sat, 16 May 2026 21:32:52 +0000",2026-06-24 14:13:35.178000,/tehifat570/dessert-ideas/,Dessert Ideas,0,0,public,,tehifat570,Talia food cooking,https://www.pinterest.com/tehifat570/,0,0,82,0,0,"{""indexed"": true, ""follower_count"": 82, ""type"": ""user"", ""is_verified_merchant"": false, ""is_ads_only_profile"": false, ""id"": ""1102256214957788989"", ""domain_url"": null, ""followed_by_me"": false, ""blocked_by_me"": false, ""verified_identity"": {}, ""full_name"": ""Talia food cooking"", ""explicitly_followed_by_me"": false, ""image_medium_url"": ""https://i.pinimg.com/75x75_RS/68/e1/7f/68e17fa59a2f1491e4c3452b659faf1b.jpg"", ""ads_only_profile_site"": null, ""username"": ""tehifat570"", ""first_name"": ""Talia food cooking"", ""instagram_data"": null, ""is_default_image"": false, ""image_small_url"": ""https://i.pinimg.com/30x30_RS/68/e1/7f/68e17fa59a2f1491e4c3452b659faf1b.jpg"", ""domain_verified"": false}"
1116118720181298207,https://www.pinterest.com/pin/1116118720181298207,The Best Easy Lemon Posset Recipe, ,https://www.etsy.com/listing/4446183606/best-recipe-for-easy-one-bowl-lemon,https://i.pinimg.com/736x/d2/0c/a2/d20ca2ab9fca19f8c1839f87b98b17ed.jpg,d20ca2ab9fca19f8c1839f87b98b17ed,0,41,40,0,0,3,{},"Fri, 08 May 2026 02:23:21 +0000",2026-06-24 14:13:35.205000,/lasayo8902/dessert-ideas/,Dessert Ideas,0,0,public,,lasayo8902,Sophia food cooking,https://www.pinterest.com/lasayo8902/,0,0,0,0,0,"{""followed_by_me"": false, ""indexed"": true, ""id"": ""1116118857560831483"", ""domain_verified"": false, ""is_default_image"": true, ""image_medium_url"": ""https://s.pinimg.com/images/user/default_75.png"", ""image_small_url"": ""https://s.pinimg.com/images/user/default_30.png"", ""domain_url"": null, ""explicitly_followed_by_me"": false, ""ads_only_profile_site"": null, ""type"": ""user"", ""verified_identity"": {}, ""is_verified_merchant"": false, ""first_name"": ""Sophia food cooking"", ""follower_count"": 0, ""blocked_by_me"": false, ""is_ads_only_profile"": false, ""instagram_data"": null, ""username"": ""lasayo8902"", ""full_name"": ""Sophia food cooking""}"
754704850083554786,https://www.pinterest.com/pin/754704850083554786,Amazing Cappuccino Cookies (White Chocolate Coffee),"Amazing Cappuccino Cookies, a unique blend of white chocolate and espresso for a sophisticated and flavorful treat.",https://bakingwithbutter.com/white-chocolate-coffee-cookies/,https://i.pinimg.com/736x/ad/92/cb/ad92cb2cb022cff762a73ffd6efb77c0.jpg,ad92cb2cb022cff762a73ffd6efb77c0,0,482,110,0,0,5,"{""1"": 1}","Mon, 04 Dec 2023 02:54:55 +0000",2026-06-24 14:13:35.295000,/lovebakingwithbutter/sweet-eats/,Sweet Eats,0,0,public,,lovebakingwithbutter,Elien - Baking With Butter,https://www.pinterest.com/lovebakingwithbutter/,0,0,5961,0,0,"{""id"": ""754704987464166455"", ""domain_url"": ""bakingwithbutter.com"", ""username"": ""lovebakingwithbutter"", ""image_medium_url"": ""https://i.pinimg.com/75x75_RS/e6/7b/8a/e67b8a9c28beacf1616dd0120d8e9ce5.jpg"", ""image_small_url"": ""https://i.pinimg.com/30x30_RS/e6/7b/8a/e67b8a9c28beacf1616dd0120d8e9ce5.jpg"", ""instagram_data"": null, ""type"": ""user"", ""is_verified_merchant"": false, ""followed_by_me"": false, ""explicitly_followed_by_me"": false, ""blocked_by_me"": false, ""follower_count"": 5961, ""first_name"": ""Elien - Baking With Butter"", ""verified_identity"": {}, ""indexed"": true, ""full_name"": ""Elien - Baking With Butter"", ""domain_verified"": false, ""is_ads_only_profile"": false, ""is_default_image"": false, ""ads_only_profile_site"": null}"
297659856608611568,https://www.pinterest.com/pin/297659856608611568,Healthy Banana Nut Bread,This deliciously moist banana nut bread that's studded with walnuts and made healthier with greek yogurt and whole wheat flour is the perfect breakfast treat or snack. Via livelytable.com,http://livelytable.com/healthy-banana-nut-bread/,https://i.pinimg.com/736x/57/f8/5b/57f85bb942f7d9a43388879710b50f8a.jpg,57f85bb942f7d9a43388879710b50f8a,0,206,86,1,0,0,"{""1"": 2}","Tue, 28 Mar 2017 04:16:12 +0000",2026-06-24 14:13:35.310000,/shirleyjackson5/sweet-breads/,sweet breads,0,0,public,,shirleyjackson5,Shirley Jackson,https://www.pinterest.com/shirleyjackson5/,0,0,103,0,0,"{""verified_identity"": {}, ""domain_url"": null, ""image_small_url"": ""https://s.pinimg.com/images/user/default_30.png"", ""is_ads_only_profile"": false, ""blocked_by_me"": false, ""followed_by_me"": false, ""is_default_image"": true, ""id"": ""297659994029955097"", ""follower_count"": 103, ""image_medium_url"": ""https://s.pinimg.com/images/user/default_75.png"", ""type"": ""user"", ""instagram_data"": null, ""username"": ""shirleyjackson5"", ""is_verified_merchant"": false, ""domain_verified"": false, ""indexed"": true, ""full_name"": ""Shirley Jackson"", ""ads_only_profile_site"": null, ""first_name"": ""Shirley"", ""explicitly_followed_by_me"": false}"
4595219867534727808,https://www.pinterest.com/pin/4595219867534727808,Andalusian Ceramic Tile Pack | Moroccan Geometric Wall Decor,"Each tile measures 16"" x 10"" Each pack holds 10 tiles Borders do not come with the pack call for availability Shipping charges will apply please call for a quote Installation tips Always follow instructions as recommended by the adhesive product manufacturers installation directions. When installing any ceramic tile it is recommended to pull tiles from several different cartons at one time to insure maximum uniformity of shade throughout the installation area. Use minimum of 1/8"" grout joint when installing floor tiles. Sanded grout works best with grout joints 1/8"" or larger. Maintenance Tips Your tile do not require any sealing, it is naturally sealed and protected. Grout joints should be sealed as per manufacturers recommendations. Sweep floor and use a mild soap cleaner for regular mai",https://www.etsy.com/listing/1449339069/pack-andalusian-ceramic-tile-moroccan,https://i.pinimg.com/736x/ee/73/ca/ee73ca67ec2132ca5cec5dfd54e54622.jpg,ee73ca67ec2132ca5cec5dfd54e54622,0,24,23,0,0,0,"{""1"": 2}","Fri, 22 May 2026 16:39:58 +0000",2026-06-24 14:13:35.354000,/etsy/_products/,Products,0,0,protected,products,etsy,Etsy,https://www.pinterest.com/etsy/,0,0,11239885,0,0,"{""first_name"": ""Etsy"", ""id"": ""155304024558534660"", ""image_small_url"": ""https://i.pinimg.com/30x30_RS/d1/84/c8/d184c8624cb409c8f6e4fcf8baf91cd2.jpg"", ""type"": ""user"", ""follower_count"": 11239885, ""full_name"": ""Etsy"", ""explicitly_followed_by_me"": false, ""blocked_by_me"": false, ""verified_identity"": {""name"": ""etsy"", ""verified"": true}, ""domain_url"": ""www.etsy.com"", ""instagram_data"": null, ""is_ads_only_profile"": false, ""is_verified_merchant"": true, ""is_default_image"": false, ""domain_verified"": true, ""image_medium_url"": ""https://i.pinimg.com/75x75_RS/d1/84/c8/d184c8624cb409c8f6e4fcf8baf91cd2.jpg"", ""followed_by_me"": false, ""ads_only_profile_site"": null, ""username"": ""etsy"", ""indexed"": true}"
28288303883789824,https://www.pinterest.com/pin/28288303883789824,Shirley Temple Cake {7-up Cake with Whipped Cherry Buttercream},Yammie's Noshery: Shirley Temple Cake {7-up Cake with Whipped Cherry Buttercream},http://www.yammiesnoshery.com/2014/02/shirley-temple-cake-7-up-cake-with.html#more,https://i.pinimg.com/736x/f5/9d/f5/f59df572f9d2c70904bbe4beee93bdd4.jpg,f59df572f9d2c70904bbe4beee93bdd4,0,72,37,0,0,0,{},"Thu, 13 Feb 2014 02:07:19 +0000",2026-06-25 05:46:09.104000,/yammie/desserts/,Desserts,0,0,public,food_drink,yammie,Yammie's Noshery,https://www.pinterest.com/yammie/,0,0,114649,0,0,"{""indexed"": true, ""is_verified_merchant"": false, ""first_name"": ""Yammie's Noshery"", ""is_ads_only_profile"": false, ""follower_count"": 114649, ""followed_by_me"": false, ""instagram_data"": null, ""domain_url"": ""www.yammiesnoshery.com"", ""is_default_image"": false, ""type"": ""user"", ""blocked_by_me"": false, ""image_medium_url"": ""https://i.pinimg.com/75x75_RS/b9/f1/b9/b9f1b9c27393aa0c5f85cbf5d416ecda.jpg"", ""full_name"": ""Yammie's Noshery"", ""id"": ""28288441317851342"", ""username"": ""yammie"", ""explicitly_followed_by_me"": false, ""image_small_url"": ""https://i.pinimg.com/30x30_RS/b9/f1/b9/b9f1b9c27393aa0c5f85cbf5d416ecda.jpg"", ""domain_verified"": true, ""ads_only_profile_site"": null, ""verified_identity"": {}}"
28288303883789755,https://www.pinterest.com/pin/28288303883789755,Shirley Temple Cake {7-up Cake with Whipped Cherry Buttercream},Yammie's Noshery: Shirley Temple Cake {7-up Cake with Whipped Cherry Buttercream},http://www.yammiesnoshery.com/2014/02/shirley-temple-cake-7-up-cake-with.html#F1ulW6SjEOPwV6rm.32,https://i.pinimg.com/736x/b7/5b/4d/b75b4da58fbf51540f7063b29c8e36ee.jpg,b75b4da58fbf51540f7063b29c8e36ee,0,3581,40,0,0,0,{},"Thu, 13 Feb 2014 02:00:51 +0000",2026-06-25 05:46:09.132000,/yammie/desserts/,Desserts,0,0,public,food_drink,yammie,Yammie's Noshery,https://www.pinterest.com/yammie/,0,0,114649,0,0,
48343395974410845,https://www.pinterest.com/pin/48343395974410845,Shirley Temple Cake {7-up Cake with Whipped Cherry Buttercream},Yammie's Noshery: Whipped Cherry Buttercream,http://www.yammiesnoshery.com/2014/02/shirley-temple-cake-7-up-cake-with.html,https://i.pinimg.com/736x/50/ba/b4/50bab4044394a6a2100515896632109e.jpg,50bab4044394a6a2100515896632109e,0,2830,68,0,0,0,{},"Wed, 12 Feb 2014 18:15:53 +0000",2026-06-25 05:46:09.143000,/cookingclassy/food-love/,**FOOD LOVE**,0,0,public,food_drink,yammie,Yammie's Noshery,https://www.pinterest.com/yammie/,0,0,114649,0,0,
48343395974410843,https://www.pinterest.com/pin/48343395974410843,Shirley Temple Cake {7-up Cake with Whipped Cherry Buttercream},Yammie's Noshery: Shirley Temple Cake {7-up Cake with Whipped Cherry Buttercream},http://www.yammiesnoshery.com/2014/02/shirley-temple-cake-7-up-cake-with.html,https://i.pinimg.com/736x/0b/ec/1a/0bec1afc0b175bfeb9de6c2631c1fbc5.jpg,0bec1afc0b175bfeb9de6c2631c1fbc5,0,1085,142,1,0,0,{},"Wed, 12 Feb 2014 18:15:27 +0000",2026-06-25 05:46:09.162000,/cookingclassy/food-love/,**FOOD LOVE**,0,0,public,food_drink,yammie,Yammie's Noshery,https://www.pinterest.com/yammie/,0,0,114649,0,0,
28288303883786895,https://www.pinterest.com/pin/28288303883786895,Shirley Temple Cake {7-up Cake with Whipped Cherry Buttercream},Yammie's Noshery: Shirley Temple Cake {7-up Cake with Whipped Cherry Buttercream},http://www.yammiesnoshery.com/2014/02/shirley-temple-cake-7-up-cake-with.html,https://i.pinimg.com/736x/50/ba/b4/50bab4044394a6a2100515896632109e.jpg,50bab4044394a6a2100515896632109e,0,2830,65,0,0,0,{},"Wed, 12 Feb 2014 17:57:46 +0000",2026-06-25 05:46:09.181000,/yammie/yammies-noshery/,Yammie's Noshery,0,0,public,food_drink,yammie,Yammie's Noshery,https://www.pinterest.com/yammie/,0,0,114649,0,0,
28288303883786861,https://www.pinterest.com/pin/28288303883786861,Shirley Temple Cake {7-up Cake with Whipped Cherry Buttercream},Yammie's Noshery: Shirley Temple Cake {7-up Cake with Whipped Cherry Buttercream},http://www.yammiesnoshery.com/2014/02/shirley-temple-cake-7-up-cake-with.html,https://i.pinimg.com/736x/b7/5b/4d/b75b4da58fbf51540f7063b29c8e36ee.jpg,b75b4da58fbf51540f7063b29c8e36ee,0,3581,99,0,0,0,{},"Wed, 12 Feb 2014 17:45:00 +0000",2026-06-25 05:46:09.281000,/yammie/yammies-noshery/,Yammie's Noshery,0,0,public,food_drink,yammie,Yammie's Noshery,https://www.pinterest.com/yammie/,0,0,114649,0,0,
28288303883755585,https://www.pinterest.com/pin/28288303883755585,Homemade Hot Fudge and Salted Caramel Sundaes,Yammie's Noshery: Homemade Hot Fudge and Salted Caramel Sundaes,http://www.yammiesnoshery.com/2014/02/homemade-hot-fudge-and-salted-caramel.html,https://i.pinimg.com/736x/f1/b8/74/f1b87459a2e9540133fc7c286dbf13c1.jpg,f1b87459a2e9540133fc7c286dbf13c1,0,528,44,0,0,0,{},"Fri, 07 Feb 2014 19:21:59 +0000",2026-06-25 05:46:09.305000,/yammie/desserts/,Desserts,0,0,public,food_drink,yammie,Yammie's Noshery,https://www.pinterest.com/yammie/,0,0,114649,0,0,
48343395974361956,https://www.pinterest.com/pin/48343395974361956,Homemade Hot Fudge and Salted Caramel Sundaes,Yammie's Noshery: Homemade Hot Fudge and Salted Caramel Sundaes,http://www.yammiesnoshery.com/2014/02/homemade-hot-fudge-and-salted-caramel.html,https://i.pinimg.com/736x/54/6b/db/546bdbd5afc31990a4b6eb457a68fa0a.jpg,546bdbd5afc31990a4b6eb457a68fa0a,0,97,48,0,0,0,{},"Wed, 05 Feb 2014 16:32:45 +0000",2026-06-25 05:46:09.305000,/cookingclassy/food-love/,**FOOD LOVE**,0,0,public,food_drink,yammie,Yammie's Noshery,https://www.pinterest.com/yammie/,0,0,114649,0,0,
1061371837201846999,https://www.pinterest.com/pin/1061371837201846999,Artisan Strawberry/Grape Cluster Soap, ,https://www.bemagold.com/products/cluster-soap-dt1f9cef5e-dd48-42ad-be9d-edc263e4a925068673bc-3a5a-423d-853e-d87a9e3d86c7?st=,https://i.pinimg.com/736x/92/e0/de/92e0def919eff58d94bef079b83420ce.jpg,92e0def919eff58d94bef079b83420ce,0,198,196,0,0,13,"{""1"": 159}","Wed, 03 Jun 2026 10:55:52 +0000",2026-06-25 05:27:34.708000,/bemagold0157/home-decoration/,Home Decoration,0,0,public,,bemagold0157,bemagold,https://www.pinterest.com/bemagold0157/,0,0,6183,0,0,"{""ads_only_profile_site"": null, ""domain_verified"": true, ""followed_by_me"": false, ""type"": ""user"", ""blocked_by_me"": false, ""explicitly_followed_by_me"": false, ""first_name"": ""bemagold"", ""is_default_image"": false, ""instagram_data"": null, ""is_verified_merchant"": true, ""indexed"": true, ""username"": ""bemagold0157"", ""id"": ""1061371974590348857"", ""verified_identity"": {}, ""image_medium_url"": ""https://i.pinimg.com/75x75_RS/2f/5e/37/2f5e3714695ca58067c975c5d97c3dae.jpg"", ""domain_url"": ""www.bemagold.com"", ""is_ads_only_profile"": false, ""follower_count"": 6183, ""image_small_url"": ""https://i.pinimg.com/30x30_RS/2f/5e/37/2f5e3714695ca58067c975c5d97c3dae.jpg"", ""full_name"": ""bemagold""}"
1097611740460215103,https://www.pinterest.com/pin/1097611740460215103,Watermelon Nail Decals – Juicy Slice Water Slide Nail Art | Viral Summer Fruit Nails 2026,"Bring the sweetest summer vibes to any manicure with these playful watermelon slice water slide nail decals — ultra-thin, waterproof, works with gel, acrylic, dip powder, and press-ons for a bright, juicy finish that lasts several weeks with gel top coat. These viral watermelon nail art designs are perfect for summer nails 2026, vacation nail art, tropical manicures, and fun fruit-inspired nail designs that are dominating Pinterest all season long. Shop UASLIDER premium nail decals now and make every manicure a summer party at uaslider.com.
",https://uaslider.com/products/nail-water-decal-cf-609,https://i.pinimg.com/736x/19/cc/eb/19cceb597b6a771460bb123cc0d9a6ff.jpg,19cceb597b6a771460bb123cc0d9a6ff,0,2,2,0,0,0,{},"Mon, 15 Jun 2026 05:53:23 +0000",2026-06-25 05:27:04.002000,/uaslider/uaslider-nail-decals/,UASLIDER Nail Decals,0,0,public,,uaslider,UASLIDER,https://www.pinterest.com/uaslider/,0,0,3,0,0,"{""image_small_url"": ""https://i.pinimg.com/30x30_RS/74/8e/87/748e876606e2eae137912f811a7ee9df.jpg"", ""blocked_by_me"": false, ""followed_by_me"": false, ""full_name"": ""UASLIDER"", ""instagram_data"": null, ""type"": ""user"", ""indexed"": true, ""first_name"": ""UASLIDER"", ""is_default_image"": false, ""is_ads_only_profile"": false, ""domain_verified"": true, ""ads_only_profile_site"": null, ""verified_identity"": {}, ""domain_url"": ""www.uaslider.com"", ""id"": ""1097611877842058661"", ""image_medium_url"": ""https://i.pinimg.com/75x75_RS/74/8e/87/748e876606e2eae137912f811a7ee9df.jpg"", ""follower_count"": 3, ""explicitly_followed_by_me"": false, ""username"": ""uaslider"", ""is_verified_merchant"": true}"
1103944927411244048,https://www.pinterest.com/pin/1103944927411244048,,What’s not to love?  -Bubble blobs pattern is available on my(@crochet_bymia ) Etsy and @joellacrafts website! -The product is also available on my(@crochet_bymia ) etsy!  #satisfying #art #crochet #stressball #fidget,https://www.instagram.com/reel/DFv5NP0OylB/,https://i.pinimg.com/736x/74/93/d4/7493d4ce6b1098e755bd5889e7bb2775.jpg,7493d4ce6b1098e755bd5889e7bb2775,0,1327,637,32,0,113,"{""1"": 291}","Thu, 27 Feb 2025 01:06:29 +0000",2026-06-25 05:27:04.403000,/sandytbueno/llaveros/,llaveros,0,0,public,,sandytbueno,Sandy Tbueno,https://www.pinterest.com/sandytbueno/,0,0,2,0,1,"{""followed_by_me"": false, ""full_name"": ""Crochet By Mia"", ""is_default_image"": false, ""image_medium_url"": ""https://i.pinimg.com/75x75_RS/0c/8c/b8/0c8cb879f7a331909184f4a270ecb758.jpg"", ""is_verified_merchant"": false, ""username"": ""basilemia"", ""explicitly_followed_by_me"": false, ""is_ads_only_profile"": false, ""domain_verified"": false, ""instagram_data"": {""username"": ""crochet_bymia"", ""url"": ""https://www.instagram.com/crochet_bymia"", ""has_invalid_instagram_auth"": false}, ""blocked_by_me"": false, ""domain_url"": ""shopcrochetbymia.etsy.com"", ""verified_identity"": {}, ""indexed"": true, ""ads_only_profile_site"": null, ""image_small_url"": ""https://i.pinimg.com/30x30_RS/0c/8c/b8/0c8cb879f7a331909184f4a270ecb758.jpg"", ""follower_count"": 181, ""id"": ""844354767546418519"", ""type"": ""user"", ""first_name"": ""Crochet By Mia""}"
1111615120537733999,https://www.pinterest.com/pin/1111615120537733999,Touch-Dimmable Lamps That Redefine Modern Serenity,"Designed to ground. Built to glow. 🌙

The Nuvé® Luma Harmonia is where calm design meets radiant beauty — cordless, touch-dimmable, and crafted for harmony.

#NuveLighting #WarmWhiteGlow #DesignThatBelongs #ModernCalm",https://thenuvestore.com/products/nuve-luma-harmonia,https://i.pinimg.com/736x/df/39/35/df3935a0317aae5bf27ff1d11125fc75.jpg,df3935a0317aae5bf27ff1d11125fc75,0,13,7,0,0,1,"{""1"": 7}","Mon, 01 Dec 2025 23:37:04 +0000",2026-06-25 05:27:34.694000,/shopnuvestudio/balanced-brilliance-nuv%C3%A9-luma-harmonia-light/,b'Balanced Brilliance - Nuv\xe9\xae Luma Harmonia Light',0,0,public,,shopnuvestudio,Nuve,https://www.pinterest.com/shopnuvestudio/,0,0,414,0,0,"{""indexed"": true, ""is_default_image"": false, ""is_ads_only_profile"": false, ""explicitly_followed_by_me"": false, ""is_verified_merchant"": true, ""full_name"": ""Nuve"", ""first_name"": ""Nuve"", ""blocked_by_me"": false, ""domain_url"": ""thenuvestore.com"", ""followed_by_me"": false, ""image_small_url"": ""https://i.pinimg.com/30x30_RS/c2/00/bf/c200bf69161f762de1e369af07ea02e5.jpg"", ""type"": ""user"", ""instagram_data"": {""url"": ""https://www.instagram.com/shopnuvestudio"", ""has_invalid_instagram_auth"": false, ""username"": ""shopnuvestudio""}, ""username"": ""shopnuvestudio"", ""domain_verified"": true, ""follower_count"": 414, ""image_medium_url"": ""https://i.pinimg.com/75x75_RS/c2/00/bf/c200bf69161f762de1e369af07ea02e5.jpg"", ""ads_only_profile_site"": null, ""id"": ""1111615257933293421"", ""verified_identity"": {}}"
1120622319757955543,https://www.pinterest.com/pin/1120622319757955543,Your favorite frozen set,Wyt??? 🥹🥹🥹 #pressonnails #frozen #frozen2 #elsa #anna #arendelle #olaf #sven #disneynails #disney #disneyprincess #glowinthedarknails #nailart #artist #tiktokartist #arttok #nails #nailsoftiktok,https://pampernailgallery.com/collections/pop-culture-new/products/custom-3d-animation-press-ons,https://i.pinimg.com/736x/02/51/8a/02518a9a63a19789a11655ef28adeafd.jpg,02518a9a63a19789a11655ef28adeafd,0,1122,1118,85,0,67,"{""1"": 1891}","Tue, 31 Jan 2023 01:31:48 +0000",2026-06-25 05:27:04.945000,/pampernailgallery/as-seen-on-vivxue-tiktok/,As Seen on @VIVXUE Tiktok!,0,0,public,,pampernailgallery,pampernailgallery,https://www.pinterest.com/pampernailgallery/,0,0,2572,0,0,"{""is_ads_only_profile"": false, ""image_small_url"": ""https://i.pinimg.com/30x30_RS/2e/66/06/2e6606562ce13e982f2bf175cfe684ea.jpg"", ""type"": ""user"", ""blocked_by_me"": false, ""instagram_data"": null, ""followed_by_me"": false, ""verified_identity"": {}, ""is_verified_merchant"": true, ""image_medium_url"": ""https://i.pinimg.com/75x75_RS/2e/66/06/2e6606562ce13e982f2bf175cfe684ea.jpg"", ""is_default_image"": false, ""first_name"": ""pampernailgallery"", ""indexed"": true, ""domain_verified"": true, ""username"": ""pampernailgallery"", ""ads_only_profile_site"": null, ""explicitly_followed_by_me"": false, ""id"": ""1120622457187826921"", ""domain_url"": ""pampernailgallery.com"", ""full_name"": ""pampernailgallery"", ""follower_count"": 2572}"
1130544312736902530,https://www.pinterest.com/pin/1130544312736902530,🛁🔥 50% OFF – Bath Bombs with a Surprise Inside!,"Each bath bomb hides a unique toy — turns every bath into a magical adventure! 🐳 12 different animals 🌸 12 natural scents for fun & relaxing bubble baths 💥 Fizzes & bubbles fast — surprise toy floats in 4–6 minutes 🧼 Handmade & residue-free — no stain, safe for kids  🎁 Beautiful gift box + storage boxPerfect for Valentine’s, Easter, birthdays & daily bath fun! Make bath time the best time!👉 Grab yours now!",https://tiktrove.com/products/bath-bombs-for-kids-with-surprise-inside?utm_source=pinterest&utm_campaign=%7Bcampaignname%7D&utm_content=%7Badname%7D,https://i.pinimg.com/736x/fa/71/ac/fa71ac2687f18aff42f9229852eea14c.jpg,fa71ac2687f18aff42f9229852eea14c,0,18505,27,204,0,12,"{""1"": 17794, ""5"": 1}","Wed, 17 Jun 2026 00:47:40 +0000",2026-06-25 05:27:04.286000,/alturkosama7/_quick_saves/,مرات الحفظ السريع,0,0,public,,alturkosama7,Osama,https://www.pinterest.com/alturkosama7/,0,0,0,0,1,"{""ads_only_profile_site"": null, ""followed_by_me"": false, ""blocked_by_me"": false, ""explicitly_followed_by_me"": false, ""is_verified_merchant"": false, ""image_medium_url"": ""https://i.pinimg.com/75x75_RS/1c/3b/5a/1c3b5a64605f0f645fa8c219e10b1bff.jpg"", ""instagram_data"": null, ""indexed"": true, ""first_name"": ""Tiktrove"", ""domain_verified"": true, ""is_ads_only_profile"": false, ""type"": ""user"", ""verified_identity"": {}, ""is_default_image"": false, ""domain_url"": ""tiktrove.com"", ""follower_count"": 4244, ""image_small_url"": ""https://i.pinimg.com/30x30_RS/1c/3b/5a/1c3b5a64605f0f645fa8c219e10b1bff.jpg"", ""username"": ""Tiktrove"", ""id"": ""930415741675804662"", ""full_name"": ""Tiktrove""}"
1135540493568519195,https://www.pinterest.com/pin/1135540493568519195,"12/24 Colors Nail Art Pens – DIY 3D Markers for Drawing, Dotting & Manicure","If you want to say goodbye to regular polish, why don’t try this amazing polish pens instead 🫵🏻",https://www.popuo.com/products/nail-art-fbsn,https://i.pinimg.com/736x/86/1c/a5/861ca583ff7115168941cdcc19168dd4.jpg,861ca583ff7115168941cdcc19168dd4,0,122,123,24,0,37,"{""1"": 96}","Fri, 22 May 2026 09:01:39 +0000",2026-06-25 05:27:03.985000,/popuo01/beauty/,Beauty,0,0,public,hair_beauty,popuo01,Popuo,https://www.pinterest.com/popuo01/,0,0,1852,0,0,"{""username"": ""popuo01"", ""ads_only_profile_site"": null, ""domain_url"": ""popuo.com"", ""is_ads_only_profile"": false, ""blocked_by_me"": false, ""is_verified_merchant"": false, ""follower_count"": 1852, ""instagram_data"": null, ""is_default_image"": false, ""type"": ""user"", ""verified_identity"": {}, ""id"": ""1135540630953477923"", ""image_medium_url"": ""https://i.pinimg.com/75x75_RS/c2/6a/97/c26a975384519402643bbf6b87a97f0e.jpg"", ""image_small_url"": ""https://i.pinimg.com/30x30_RS/c2/6a/97/c26a975384519402643bbf6b87a97f0e.jpg"", ""explicitly_followed_by_me"": false, ""followed_by_me"": false, ""full_name"": ""Popuo"", ""first_name"": ""Popuo"", ""indexed"": true, ""domain_verified"": true}"
1149966086138920778,https://www.pinterest.com/pin/1149966086138920778,,This makes my Bath shine in Waves 🌊#room #sleep #lampandlight,https://lumenalamps.shop/products/lumena-jelly-lamp,https://i.pinimg.com/736x/78/8b/b3/788bb32ce938d645c1853a1f3f9551e8.jpg,788bb32ce938d645c1853a1f3f9551e8,0,95,94,1,0,6,"{""1"": 66}","Wed, 03 Jun 2026 23:44:46 +0000",2026-06-25 05:27:35.099000,/lumenalighting/_tpd_social/,Social,0,0,public,,lumenalighting,Lumena Lamps | Ocean-Inspired Lighting,https://www.pinterest.com/lumenalighting/,0,0,35,0,0,"{""instagram_data"": {""url"": ""https://www.instagram.com/lumena.lamps"", ""username"": ""lumena.lamps"", ""has_invalid_instagram_auth"": false}, ""explicitly_followed_by_me"": false, ""id"": ""1149966223510296874"", ""domain_url"": ""lumenalamps.shop"", ""blocked_by_me"": false, ""domain_verified"": true, ""is_ads_only_profile"": false, ""full_name"": ""Lumena Lamps | Ocean-Inspired Lighting"", ""image_medium_url"": ""https://i.pinimg.com/75x75_RS/ab/e7/b1/abe7b13fc35f489995796b7a5871f446.jpg"", ""ads_only_profile_site"": null, ""indexed"": true, ""is_default_image"": false, ""type"": ""user"", ""verified_identity"": {}, ""username"": ""lumenalighting"", ""first_name"": ""Lumena Lamps | Ocean-Inspired Lighting"", ""followed_by_me"": false, ""image_small_url"": ""https://i.pinimg.com/30x30_RS/ab/e7/b1/abe7b13fc35f489995796b7a5871f446.jpg"", ""follower_count"": 35, ""is_verified_merchant"": true}"
116460340361329464,https://www.pinterest.com/pin/116460340361329464,Celestial Blue - Liquid Nail Powder, ,https://www.leminimacaron.com/products/celestial-blue?variant=41407755124784&pins_campaign_id=626753396241,https://i.pinimg.com/736x/ef/5f/98/ef5f98b604172d1e96d5b0cf98879114.jpg,ef5f98b604172d1e96d5b0cf98879114,0,24,6,0,0,0,"{""1"": 5}","Sun, 15 Feb 2026 07:08:39 +0000",2026-06-25 05:27:04.953000,/feltsuit_/wormwood/,Wormwood.,0,0,public,,feltsuit_,K M,https://www.pinterest.com/feltsuit_/,0,0,364,0,1,
155303887277129790,https://www.pinterest.com/pin/155303887277129790,Rainbow Press On Nails,"Switch up your look on the fly with press on rainbow tip nails - perfect for Pride Month or summer vacation. Press on, take off, and reuse up to three times.",https://www.etsy.com/listing/804201888/pride-tips-set-rainbow-nails-press-on?utm_medium=social_organic&utm_source=pinterest&utm_campaign=global_item&utm_content=rainbow_nails,https://i.pinimg.com/736x/88/51/a2/8851a2f079c16225aa20e70cfc246889.jpg,8851a2f079c16225aa20e70cfc246889,0,535,155,0,0,0,"{""1"": 1}","Tue, 23 Feb 2021 18:43:01 +0000",2026-06-25 05:27:09.262000,/etsy/bath-and-beauty/,Bath and Beauty,0,0,public,hair_beauty,etsy,Etsy,https://www.pinterest.com/etsy/,0,0,11239299,0,0,"{""first_name"": ""Etsy"", ""indexed"": true, ""is_ads_only_profile"": false, ""followed_by_me"": false, ""username"": ""etsy"", ""instagram_data"": null, ""image_small_url"": ""https://i.pinimg.com/30x30_RS/d1/84/c8/d184c8624cb409c8f6e4fcf8baf91cd2.jpg"", ""blocked_by_me"": false, ""domain_url"": ""www.etsy.com"", ""explicitly_followed_by_me"": false, ""follower_count"": 11239299, ""ads_only_profile_site"": null, ""id"": ""155304024558534660"", ""verified_identity"": {""name"": ""etsy"", ""verified"": true}, ""domain_verified"": true, ""image_medium_url"": ""https://i.pinimg.com/75x75_RS/d1/84/c8/d184c8624cb409c8f6e4fcf8baf91cd2.jpg"", ""is_verified_merchant"": true, ""full_name"": ""Etsy"", ""type"": ""user"", ""is_default_image"": false}"
155303887278630465,https://www.pinterest.com/pin/155303887278630465,Relaxing Shower Steamers,Add to your self-care routine with a relaxing shower steamer. Made with eucalyptus and tea tree oils to instantly relax and soothe your shower routine.,https://www.etsy.com/listing/858567965/relieving-shower-steamers-eucalyptus-tea?utm_medium=social_organic&utm_source=pinterest&utm_campaign=global_item&utm_content=shower_steamers,https://i.pinimg.com/736x/4e/99/9a/4e999a9d7ce7408ade37c344eb80408f.jpg,4e999a9d7ce7408ade37c344eb80408f,0,10,10,0,0,0,"{""1"": 1}","Thu, 04 Mar 2021 18:18:02 +0000",2026-06-25 05:27:09.332000,/etsy/bath-and-beauty/,Bath and Beauty,0,0,public,hair_beauty,etsy,Etsy,https://www.pinterest.com/etsy/,0,0,11239299,0,0,"{""is_ads_only_profile"": false, ""id"": ""155304024558534660"", ""instagram_data"": null, ""follower_count"": 11239299, ""image_medium_url"": ""https://i.pinimg.com/75x75_RS/d1/84/c8/d184c8624cb409c8f6e4fcf8baf91cd2.jpg"", ""followed_by_me"": false, ""verified_identity"": {""name"": ""etsy"", ""verified"": true}, ""type"": ""user"", ""ads_only_profile_site"": null, ""domain_url"": ""www.etsy.com"", ""indexed"": true, ""explicitly_followed_by_me"": false, ""full_name"": ""Etsy"", ""blocked_by_me"": false, ""is_verified_merchant"": true, ""image_small_url"": ""https://i.pinimg.com/30x30_RS/d1/84/c8/d184c8624cb409c8f6e4fcf8baf91cd2.jpg"", ""first_name"": ""Etsy"", ""is_default_image"": false, ""username"": ""etsy"", ""domain_verified"": true}"
155303887280100979,https://www.pinterest.com/pin/155303887280100979,Spa Set Distance Gift,Are you looking for long distance gift to send to your best friend? This French lavender spa gift set will allow her much needed deep relaxation with amazing skin benefits. Let your best friend know you are thinking of them with a spa gift that arrives right to their house.,https://www.etsy.com/listing/732218661/i-love-you-bff-i-best-friend-gifts-long?utm_medium=social_organic&utm_source=pinterest&utm_campaign=global_item&utm_content=bff_distance_gift,https://i.pinimg.com/736x/7b/50/b2/7b50b2b6ff467f6124fa9b92f9e7afd4.jpg,7b50b2b6ff467f6124fa9b92f9e7afd4,0,26,30,0,0,0,"{""1"": 1}","Thu, 11 Mar 2021 18:17:02 +0000",2026-06-25 05:27:09.270000,/etsy/bath-and-beauty/,Bath and Beauty,0,0,public,hair_beauty,etsy,Etsy,https://www.pinterest.com/etsy/,0,0,11239299,0,0,"{""domain_verified"": true, ""type"": ""user"", ""first_name"": ""Etsy"", ""verified_identity"": {""name"": ""etsy"", ""verified"": true}, ""id"": ""155304024558534660"", ""image_small_url"": ""https://i.pinimg.com/30x30_RS/d1/84/c8/d184c8624cb409c8f6e4fcf8baf91cd2.jpg"", ""is_default_image"": false, ""username"": ""etsy"", ""ads_only_profile_site"": null, ""indexed"": true, ""full_name"": ""Etsy"", ""blocked_by_me"": false, ""followed_by_me"": false, ""instagram_data"": null, ""follower_count"": 11239299, ""is_ads_only_profile"": false, ""explicitly_followed_by_me"": false, ""is_verified_merchant"": true, ""image_medium_url"": ""https://i.pinimg.com/75x75_RS/d1/84/c8/d184c8624cb409c8f6e4fcf8baf91cd2.jpg"", ""domain_url"": ""www.etsy.com""}"
155303887281355789,https://www.pinterest.com/pin/155303887281355789,Rainbow Highlighter,Subtle rainbow highlighter that highlights areas on your face and lets the light reflect a rainbow. Use the individual colors for eyes and/or brow bone or all the colors together to make a rainbow effect on your cheeks.,https://www.etsy.com/listing/387538510/opalescent-rainbow-highlighter-mineral?utm_medium=social_organic&utm_source=pinterest&utm_campaign=global_item&utm_content=rainbow_highlighter,https://i.pinimg.com/736x/f7/2b/13/f72b1399c4e09fd490f7ec6422d9839b.jpg,f72b1399c4e09fd490f7ec6422d9839b,0,35,29,0,0,0,"{""1"": 2}","Sat, 20 Mar 2021 20:17:01 +0000",2026-06-25 05:27:09.312000,/etsy/bath-and-beauty/,Bath and Beauty,0,0,public,hair_beauty,etsy,Etsy,https://www.pinterest.com/etsy/,0,0,11239299,0,0,"{""is_verified_merchant"": true, ""follower_count"": 11239299, ""username"": ""etsy"", ""followed_by_me"": false, ""image_medium_url"": ""https://i.pinimg.com/75x75_RS/d1/84/c8/d184c8624cb409c8f6e4fcf8baf91cd2.jpg"", ""image_small_url"": ""https://i.pinimg.com/30x30_RS/d1/84/c8/d184c8624cb409c8f6e4fcf8baf91cd2.jpg"", ""indexed"": true, ""is_default_image"": false, ""first_name"": ""Etsy"", ""type"": ""user"", ""full_name"": ""Etsy"", ""id"": ""155304024558534660"", ""ads_only_profile_site"": null, ""verified_identity"": {""name"": ""etsy"", ""verified"": true}, ""instagram_data"": null, ""blocked_by_me"": false, ""domain_url"": ""www.etsy.com"", ""explicitly_followed_by_me"": false, ""is_ads_only_profile"": false, ""domain_verified"": true}"
155303887283448694,https://www.pinterest.com/pin/155303887283448694,T-shirt hair towel wrap,"Prevent split ends and get full frizz control with a stylish, lightweight, super absorbent, cotton interlock, t-shirt hair towel wrap. Simply attach the elastic to the coconut shell button. They are great to help keep natural natural hair healthy.",https://www.etsy.com/listing/271351435/t-shirt-hair-towel-wrap-forest-green?utm_medium=social_organic&utm_source=pinterest&utm_campaign=global_item&utm_content=green_hair_towel,https://i.pinimg.com/736x/5d/95/5c/5d955c5a8b96d4202d8c2080f91b2b8f.jpg,5d955c5a8b96d4202d8c2080f91b2b8f,0,9,7,0,0,1,"{""1"": 7}","Sat, 03 Apr 2021 20:00:02 +0000",2026-06-25 05:27:09.346000,/etsy/bath-and-beauty/,Bath and Beauty,0,0,public,hair_beauty,etsy,Etsy,https://www.pinterest.com/etsy/,0,0,11239299,0,0,"{""verified_identity"": {""name"": ""etsy"", ""verified"": true}, ""type"": ""user"", ""is_verified_merchant"": true, ""domain_url"": ""www.etsy.com"", ""indexed"": true, ""instagram_data"": null, ""is_default_image"": false, ""first_name"": ""Etsy"", ""domain_verified"": true, ""blocked_by_me"": false, ""is_ads_only_profile"": false, ""username"": ""etsy"", ""image_small_url"": ""https://i.pinimg.com/30x30_RS/d1/84/c8/d184c8624cb409c8f6e4fcf8baf91cd2.jpg"", ""full_name"": ""Etsy"", ""id"": ""155304024558534660"", ""image_medium_url"": ""https://i.pinimg.com/75x75_RS/d1/84/c8/d184c8624cb409c8f6e4fcf8baf91cd2.jpg"", ""followed_by_me"": false, ""explicitly_followed_by_me"": false, ""follower_count"": 11239299, ""ads_only_profile_site"": null}"
155303887287115067,https://www.pinterest.com/pin/155303887287115067,Press-on Galaxy Nails,"Get a stunning nail design, at home! Reusable press-on nails in a galaxy design are sure to impress. This set of reusable nails are hand-painted for a truly custom look.",https://www.etsy.com/listing/896882493/galaxy-nails-custom-size-reusable-apres?utm_medium=social_organic&utm_source=pinterest&utm_campaign=global_item&utm_content=galaxy_nails,https://i.pinimg.com/736x/ad/a0/0f/ada00f04c506a05d9bd129539e886618.jpg,ada00f04c506a05d9bd129539e886618,0,44,42,0,0,0,"{""1"": 29}","Sun, 02 May 2021 23:30:00 +0000",2026-06-25 05:27:08.188000,/etsy/bath-and-beauty/,Bath and Beauty,0,0,public,hair_beauty,etsy,Etsy,https://www.pinterest.com/etsy/,0,0,11239299,0,0,"{""is_verified_merchant"": true, ""followed_by_me"": false, ""blocked_by_me"": false, ""domain_url"": ""www.etsy.com"", ""explicitly_followed_by_me"": false, ""verified_identity"": {""name"": ""etsy"", ""verified"": true}, ""domain_verified"": true, ""first_name"": ""Etsy"", ""image_small_url"": ""https://i.pinimg.com/30x30_RS/d1/84/c8/d184c8624cb409c8f6e4fcf8baf91cd2.jpg"", ""image_medium_url"": ""https://i.pinimg.com/75x75_RS/d1/84/c8/d184c8624cb409c8f6e4fcf8baf91cd2.jpg"", ""instagram_data"": null, ""type"": ""user"", ""follower_count"": 11239299, ""id"": ""155304024558534660"", ""username"": ""etsy"", ""ads_only_profile_site"": null, ""indexed"": true, ""full_name"": ""Etsy"", ""is_ads_only_profile"": false, ""is_default_image"": false}"
155303887310896598,https://www.pinterest.com/pin/155303887310896598,At-home nail kit,Pink floral press on nails for an easy-to-apply stylish nail design. Skip the salon and do your nails at home with the hand-painted press on nail set.,https://www.etsy.com/listing/257797012/pink-floral-fake-nails-faux-nails-glue?utm_medium=social_organic&utm_source=pinterest&utm_campaign=global_item&utm_content=floral_press_on_nails,https://i.pinimg.com/736x/07/b2/18/07b2183a45570329bc67478329737dac.jpg,07b2183a45570329bc67478329737dac,0,32,31,1,0,0,"{""1"": 1}","Thu, 24 Jun 2021 02:05:01 +0000",2026-06-25 05:27:08.204000,/etsy/bath-and-beauty/,Bath and Beauty,0,0,public,hair_beauty,etsy,Etsy,https://www.pinterest.com/etsy/,0,0,11239299,0,0,"{""image_medium_url"": ""https://i.pinimg.com/75x75_RS/d1/84/c8/d184c8624cb409c8f6e4fcf8baf91cd2.jpg"", ""blocked_by_me"": false, ""is_verified_merchant"": true, ""followed_by_me"": false, ""indexed"": true, ""type"": ""user"", ""image_small_url"": ""https://i.pinimg.com/30x30_RS/d1/84/c8/d184c8624cb409c8f6e4fcf8baf91cd2.jpg"", ""full_name"": ""Etsy"", ""username"": ""etsy"", ""id"": ""155304024558534660"", ""explicitly_followed_by_me"": false, ""instagram_data"": null, ""ads_only_profile_site"": null, ""domain_url"": ""www.etsy.com"", ""follower_count"": 11239299, ""verified_identity"": {""name"": ""etsy"", ""verified"": true}, ""domain_verified"": true, ""is_ads_only_profile"": false, ""first_name"": ""Etsy"", ""is_default_image"": false}"
155303887449593341,https://www.pinterest.com/pin/155303887449593341,Strawberry Nail Art,Adorable strawberry nail tattoos to upgrade your at-home mani! You can completely customize the placement of the strawberries to create a one-of-a-kind manicure and nail design.,https://www.etsy.com/listing/812310345/strawberry-nail-tattoos-strawberry-nail?utm_medium=social_organic&utm_source=pinterest&utm_campaign=global_item&utm_content=strawberry_nail_decals,https://i.pinimg.com/736x/2b/8b/e0/2b8be078573fba09b9373fa7fa002c7a.jpg,2b8be078573fba09b9373fa7fa002c7a,0,153,39,1,0,0,"{""1"": 3}","Thu, 22 Jul 2021 21:10:02 +0000",2026-06-25 05:27:08.196000,/etsy/bath-and-beauty/,Bath and Beauty,0,0,public,hair_beauty,etsy,Etsy,https://www.pinterest.com/etsy/,0,0,11239299,0,0,"{""domain_url"": ""www.etsy.com"", ""is_verified_merchant"": true, ""ads_only_profile_site"": null, ""id"": ""155304024558534660"", ""indexed"": true, ""explicitly_followed_by_me"": false, ""first_name"": ""Etsy"", ""is_ads_only_profile"": false, ""blocked_by_me"": false, ""type"": ""user"", ""image_medium_url"": ""https://i.pinimg.com/75x75_RS/d1/84/c8/d184c8624cb409c8f6e4fcf8baf91cd2.jpg"", ""image_small_url"": ""https://i.pinimg.com/30x30_RS/d1/84/c8/d184c8624cb409c8f6e4fcf8baf91cd2.jpg"", ""follower_count"": 11239299, ""username"": ""etsy"", ""verified_identity"": {""name"": ""etsy"", ""verified"": true}, ""followed_by_me"": false, ""domain_verified"": true, ""full_name"": ""Etsy"", ""instagram_data"": null, ""is_default_image"": false}"
155303887484458989,https://www.pinterest.com/pin/155303887484458989,Blue Marble Pressed On Nails,Bright blue marbled press on nails for you next at-home manicure! Reuse up to three times to easily switch up your nails.,https://www.etsy.com/listing/1032527552/thirsty-press-on-nails-false-nails-matte?utm_medium=social_organic&utm_source=pinterest&utm_campaign=global_item&utm_content=blue_press_on_nails_video,https://i.pinimg.com/736x/9c/6c/0b/9c6c0bf128817370511c40322d46d2fe.jpg,9c6c0bf128817370511c40322d46d2fe,0,17,16,0,0,1,"{""1"": 13}","Sun, 15 Aug 2021 15:00:02 +0000",2026-06-25 05:27:07.197000,/etsy/bath-and-beauty/,Bath and Beauty,0,0,public,hair_beauty,etsy,Etsy,https://www.pinterest.com/etsy/,0,0,11239299,0,0,"{""is_ads_only_profile"": false, ""id"": ""155304024558534660"", ""domain_verified"": true, ""followed_by_me"": false, ""is_default_image"": false, ""image_small_url"": ""https://i.pinimg.com/30x30_RS/d1/84/c8/d184c8624cb409c8f6e4fcf8baf91cd2.jpg"", ""instagram_data"": null, ""verified_identity"": {""name"": ""etsy"", ""verified"": true}, ""blocked_by_me"": false, ""ads_only_profile_site"": null, ""full_name"": ""Etsy"", ""follower_count"": 11239299, ""domain_url"": ""www.etsy.com"", ""explicitly_followed_by_me"": false, ""is_verified_merchant"": true, ""first_name"": ""Etsy"", ""username"": ""etsy"", ""type"": ""user"", ""indexed"": true, ""image_medium_url"": ""https://i.pinimg.com/75x75_RS/d1/84/c8/d184c8624cb409c8f6e4fcf8baf91cd2.jpg""}"
155303887491223721,https://www.pinterest.com/pin/155303887491223721,Home Manicure Eye Nail Decals,"Minimalist eyes nail decals to create a little accent for your next manicure. Simple, by eye-catching, these easy to apply decals will upgrade your nail design.",https://www.etsy.com/listing/886809383/eye-nail-decals-eyes-nail-decals?utm_medium=social_organic&utm_source=pinterest&utm_campaign=global_item&utm_content=eye_nail_decal,https://i.pinimg.com/736x/4f/85/fb/4f85fb65b001e99288b0f4c2cbcb1f6a.jpg,4f85fb65b001e99288b0f4c2cbcb1f6a,0,61,51,1,0,2,{},"Tue, 31 Aug 2021 18:17:03 +0000",2026-06-25 05:27:07.278000,/etsy/bath-and-beauty/,Bath and Beauty,0,0,public,hair_beauty,etsy,Etsy,https://www.pinterest.com/etsy/,0,0,11239299,0,0,"{""explicitly_followed_by_me"": false, ""ads_only_profile_site"": null, ""image_small_url"": ""https://i.pinimg.com/30x30_RS/d1/84/c8/d184c8624cb409c8f6e4fcf8baf91cd2.jpg"", ""followed_by_me"": false, ""id"": ""155304024558534660"", ""follower_count"": 11239299, ""type"": ""user"", ""domain_verified"": true, ""image_medium_url"": ""https://i.pinimg.com/75x75_RS/d1/84/c8/d184c8624cb409c8f6e4fcf8baf91cd2.jpg"", ""verified_identity"": {""name"": ""etsy"", ""verified"": true}, ""domain_url"": ""www.etsy.com"", ""instagram_data"": null, ""indexed"": true, ""is_verified_merchant"": true, ""is_ads_only_profile"": false, ""username"": ""etsy"", ""blocked_by_me"": false, ""first_name"": ""Etsy"", ""is_default_image"": false, ""full_name"": ""Etsy""}"
155303887727948409,https://www.pinterest.com/pin/155303887727948409,The Perfect  Stocking Gift: Handmade Soap 🍊," 

Watch the mesmerizing process of cutting handmade soap by Etsy seller WillowandMyrtle. 

.
 • Soap, soap making process, soap making inspiration, soap making ideas, gift baskets, holiday gifts, stocking stuffer
 • 

",,https://i.pinimg.com/736x/c3/31/bc/c331bcaf981c8df3b390dfbb4b892775.jpg,c331bcaf981c8df3b390dfbb4b892775,0,153,151,3,0,80,"{""1"": 334, ""7"": 2, ""11"": 4}","Fri, 25 Nov 2022 19:15:20 +0000",2026-06-25 05:26:58.177000,/etsy/bath-and-beauty/,Bath and Beauty,0,0,public,hair_beauty,etsy,Etsy,https://www.pinterest.com/etsy/,0,0,11239301,0,0,"{""blocked_by_me"": false, ""domain_verified"": true, ""image_medium_url"": ""https://i.pinimg.com/75x75_RS/d1/84/c8/d184c8624cb409c8f6e4fcf8baf91cd2.jpg"", ""username"": ""etsy"", ""ads_only_profile_site"": null, ""image_small_url"": ""https://i.pinimg.com/30x30_RS/d1/84/c8/d184c8624cb409c8f6e4fcf8baf91cd2.jpg"", ""is_default_image"": false, ""type"": ""user"", ""full_name"": ""Etsy"", ""is_verified_merchant"": true, ""indexed"": true, ""explicitly_followed_by_me"": false, ""instagram_data"": null, ""followed_by_me"": false, ""is_ads_only_profile"": false, ""verified_identity"": {""name"": ""etsy"", ""verified"": true}, ""id"": ""155304024558534660"", ""follower_count"": 11239301, ""domain_url"": ""www.etsy.com"", ""first_name"": ""Etsy""}"
155303887783638946,https://www.pinterest.com/pin/155303887783638946,How to Make Your Shower Feel Like A Spa,"Elevate your shower routine theses with easy DIY tips

DIY herbs, DIY shower, herb bundles, fall candles, spa day

",https://etsy.me/3rxrfss,https://i.pinimg.com/736x/a3/d9/62/a3d962c8520a35dca12f3b664a2dcb13.jpg,a3d962c8520a35dca12f3b664a2dcb13,0,189,281,11,0,50,"{""1"": 74, ""5"": 1}","Wed, 27 Sep 2023 21:00:48 +0000",2026-06-25 05:26:58.253000,/etsy/bath-and-beauty/,Bath and Beauty,0,0,public,hair_beauty,etsy,Etsy,https://www.pinterest.com/etsy/,0,0,11239301,0,0,"{""type"": ""user"", ""blocked_by_me"": false, ""follower_count"": 11239301, ""full_name"": ""Etsy"", ""verified_identity"": {""name"": ""etsy"", ""verified"": true}, ""is_ads_only_profile"": false, ""domain_verified"": true, ""instagram_data"": null, ""is_verified_merchant"": true, ""domain_url"": ""www.etsy.com"", ""followed_by_me"": false, ""ads_only_profile_site"": null, ""username"": ""etsy"", ""is_default_image"": false, ""indexed"": true, ""explicitly_followed_by_me"": false, ""image_small_url"": ""https://i.pinimg.com/30x30_RS/d1/84/c8/d184c8624cb409c8f6e4fcf8baf91cd2.jpg"", ""image_medium_url"": ""https://i.pinimg.com/75x75_RS/d1/84/c8/d184c8624cb409c8f6e4fcf8baf91cd2.jpg"", ""first_name"": ""Etsy"", ""id"": ""155304024558534660""}"
155303888013545217,https://www.pinterest.com/pin/155303888013545217,Resin Honeycomb Coasters,There’s no such thing as scraps! Etsy seller createdbyjenni uses wood and resin to create gorgeous pieces like these honeycomb coasters 🍯,https://www.etsy.com/listing/1676697871/875x10-walnut-and-honeycomb-resin?click_key=e1a0d28c8339b9244fb48a4203dc66b574f748af:1676697871&click_sum=5fbf973b&ref=shop_home_active_5&sts=1&utm_medium=social_organic&utm_source=pinterest&utm_campaign=global_items&utm_content=resin%20wooden%20coasters,https://i.pinimg.com/736x/0c/a8/b4/0ca8b4aa77ecb3a4c2104123ed1cad2a.jpg,0ca8b4aa77ecb3a4c2104123ed1cad2a,0,181,180,8,0,41,"{""1"": 83}","Tue, 27 Feb 2024 20:00:30 +0000",2026-06-25 05:26:57.736000,/etsy/bath-and-beauty/,Bath and Beauty,0,0,public,hair_beauty,etsy,Etsy,https://www.pinterest.com/etsy/,0,0,11239301,0,0,"{""followed_by_me"": false, ""is_default_image"": false, ""first_name"": ""Etsy"", ""image_medium_url"": ""https://i.pinimg.com/75x75_RS/d1/84/c8/d184c8624cb409c8f6e4fcf8baf91cd2.jpg"", ""indexed"": true, ""type"": ""user"", ""username"": ""etsy"", ""image_small_url"": ""https://i.pinimg.com/30x30_RS/d1/84/c8/d184c8624cb409c8f6e4fcf8baf91cd2.jpg"", ""full_name"": ""Etsy"", ""domain_verified"": true, ""verified_identity"": {""name"": ""etsy"", ""verified"": true}, ""domain_url"": ""www.etsy.com"", ""id"": ""155304024558534660"", ""explicitly_followed_by_me"": false, ""follower_count"": 11239301, ""is_verified_merchant"": true, ""blocked_by_me"": false, ""ads_only_profile_site"": null, ""is_ads_only_profile"": false, ""instagram_data"": null}"
155303888204555408,https://www.pinterest.com/pin/155303888204555408,"Beeswax Taper Candles Pure Beeswax Candles, Pink Taper Candles, Spring Decor, Easter Table Candles, Handmade in USA, Easter - Etsy", ,https://www.etsy.com/listing/944446559/rose-pink-pure-beeswax-candles-pair,https://i.pinimg.com/736x/7b/fb/f3/7bfbf3bea9c9d0f9668ebca1b87ba722.jpg,7bfbf3bea9c9d0f9668ebca1b87ba722,0,2,1,1,0,0,"{""1"": 1}","Mon, 04 Nov 2024 21:28:22 +0000",2026-06-25 05:27:33.590000,/etsy/_products_you_tagged/,Products you tagged,0,0,protected,,etsy,Etsy,https://www.pinterest.com/etsy/,0,0,11239299,0,0,
155303888204555463,https://www.pinterest.com/pin/155303888204555463,, ,https://www.etsy.com/listing/79286653/long-linen-robe-linen-bathrobe-linen,https://i.pinimg.com/736x/9e/34/f8/9e34f8056dc6cc2b52ca30266577d21d.jpg,9e34f8056dc6cc2b52ca30266577d21d,0,2,0,0,0,0,{},"Mon, 04 Nov 2024 21:28:33 +0000",2026-06-25 05:27:34.049000,/etsy/_products_you_tagged/,Products you tagged,0,0,protected,,etsy,Etsy,https://www.pinterest.com/etsy/,0,0,11239299,0,0,
155303888204555723,https://www.pinterest.com/pin/155303888204555723,Bathtime ASMR,"Volume up for the soothing sounds of a luxe bathtime ritual featuring all the essentials: a cute mug, cozy bathrobe, moody candles, and a billion bubbles. ",https://etsy.me/3YCJoSa,https://i.pinimg.com/736x/19/95/74/199574eb38d55479e75655b348ec898e.jpg,199574eb38d55479e75655b348ec898e,0,33,32,3,0,37,"{""1"": 34}","Mon, 04 Nov 2024 21:29:23 +0000",2026-06-25 05:26:57.680000,/etsy/bath-and-beauty/,Bath and Beauty,0,0,public,hair_beauty,etsy,Etsy,https://www.pinterest.com/etsy/,0,0,11239301,0,0,"{""type"": ""user"", ""verified_identity"": {""name"": ""etsy"", ""verified"": true}, ""is_default_image"": false, ""blocked_by_me"": false, ""domain_verified"": true, ""id"": ""155304024558534660"", ""is_ads_only_profile"": false, ""instagram_data"": null, ""username"": ""etsy"", ""explicitly_followed_by_me"": false, ""follower_count"": 11239301, ""image_medium_url"": ""https://i.pinimg.com/75x75_RS/d1/84/c8/d184c8624cb409c8f6e4fcf8baf91cd2.jpg"", ""is_verified_merchant"": true, ""ads_only_profile_site"": null, ""full_name"": ""Etsy"", ""domain_url"": ""www.etsy.com"", ""indexed"": true, ""followed_by_me"": false, ""image_small_url"": ""https://i.pinimg.com/30x30_RS/d1/84/c8/d184c8624cb409c8f6e4fcf8baf91cd2.jpg"", ""first_name"": ""Etsy""}"
155303888235464128,https://www.pinterest.com/pin/155303888235464128,Upgrading My Towels in 2025,"Upgrade your bathtime routine with the waffle linen bath towel from Etsy seller Linenfox!  It combines a cozy and charming feel with enduring durability, made to last for morning, after morning, after morning...",https://etsy.me/3ZLt0zt,https://i.pinimg.com/736x/9c/7f/47/9c7f47c4254b55a787b35a25969dddda.jpg,9c7f47c4254b55a787b35a25969dddda,0,39,37,0,0,26,"{""1"": 8}","Sat, 21 Dec 2024 22:01:33 +0000",2026-06-25 05:26:57.847000,/etsy/bath-and-beauty/,Bath and Beauty,0,0,public,hair_beauty,etsy,Etsy,https://www.pinterest.com/etsy/,0,0,11239301,0,0,"{""explicitly_followed_by_me"": false, ""is_ads_only_profile"": false, ""follower_count"": 11239301, ""type"": ""user"", ""indexed"": true, ""full_name"": ""Etsy"", ""verified_identity"": {""name"": ""etsy"", ""verified"": true}, ""image_medium_url"": ""https://i.pinimg.com/75x75_RS/d1/84/c8/d184c8624cb409c8f6e4fcf8baf91cd2.jpg"", ""domain_url"": ""www.etsy.com"", ""username"": ""etsy"", ""first_name"": ""Etsy"", ""is_default_image"": false, ""blocked_by_me"": false, ""is_verified_merchant"": true, ""followed_by_me"": false, ""domain_verified"": true, ""image_small_url"": ""https://i.pinimg.com/30x30_RS/d1/84/c8/d184c8624cb409c8f6e4fcf8baf91cd2.jpg"", ""id"": ""155304024558534660"", ""ads_only_profile_site"": null, ""instagram_data"": null}"
155303888276751243,https://www.pinterest.com/pin/155303888276751243,Tiny Paper Butterflies,Festival season is coming in hot and it's time to start planning your outfits and makeup looks! Tiny paper butterflies will add a fresh pop of color to your boho outfit of the day.,https://etsy.me/4i6DQHI,https://i.pinimg.com/736x/90/41/2a/90412acab39cdbd6415bb0972bc99fe6.jpg,90412acab39cdbd6415bb0972bc99fe6,0,20,19,0,0,12,"{""1"": 12}","Fri, 21 Feb 2025 02:30:13 +0000",2026-06-25 05:26:57.835000,/etsy/bath-and-beauty/,Bath and Beauty,0,0,public,hair_beauty,etsy,Etsy,https://www.pinterest.com/etsy/,0,0,11239301,0,0,"{""ads_only_profile_site"": null, ""id"": ""155304024558534660"", ""image_medium_url"": ""https://i.pinimg.com/75x75_RS/d1/84/c8/d184c8624cb409c8f6e4fcf8baf91cd2.jpg"", ""indexed"": true, ""blocked_by_me"": false, ""domain_url"": ""www.etsy.com"", ""is_verified_merchant"": true, ""explicitly_followed_by_me"": false, ""first_name"": ""Etsy"", ""full_name"": ""Etsy"", ""domain_verified"": true, ""username"": ""etsy"", ""verified_identity"": {""name"": ""etsy"", ""verified"": true}, ""type"": ""user"", ""image_small_url"": ""https://i.pinimg.com/30x30_RS/d1/84/c8/d184c8624cb409c8f6e4fcf8baf91cd2.jpg"", ""followed_by_me"": false, ""follower_count"": 11239301, ""is_default_image"": false, ""instagram_data"": null, ""is_ads_only_profile"": false}"
155303888284523392,https://www.pinterest.com/pin/155303888284523392,Personalized Checkered Pouch,"Get your grad gifts sorted now with ultra-cute personalized pouches they'll actually use. Great for traveling, or keeping their dorm room organized, you can't go wrong with these.",https://etsy.me/4jYXAy4,https://i.pinimg.com/736x/a1/34/ce/a134ce984ebe2e6e0c6062226b35cb39.jpg,a134ce984ebe2e6e0c6062226b35cb39,0,20,19,0,0,32,"{""1"": 15}","Tue, 06 May 2025 23:30:49 +0000",2026-06-25 05:26:57.628000,/etsy/bath-and-beauty/,Bath and Beauty,0,0,public,hair_beauty,etsy,Etsy,https://www.pinterest.com/etsy/,0,0,11239301,0,0,"{""first_name"": ""Etsy"", ""full_name"": ""Etsy"", ""ads_only_profile_site"": null, ""domain_url"": ""www.etsy.com"", ""indexed"": true, ""is_default_image"": false, ""blocked_by_me"": false, ""image_medium_url"": ""https://i.pinimg.com/75x75_RS/d1/84/c8/d184c8624cb409c8f6e4fcf8baf91cd2.jpg"", ""verified_identity"": {""name"": ""etsy"", ""verified"": true}, ""id"": ""155304024558534660"", ""followed_by_me"": false, ""is_verified_merchant"": true, ""instagram_data"": null, ""is_ads_only_profile"": false, ""username"": ""etsy"", ""type"": ""user"", ""explicitly_followed_by_me"": false, ""follower_count"": 11239301, ""domain_verified"": true, ""image_small_url"": ""https://i.pinimg.com/30x30_RS/d1/84/c8/d184c8624cb409c8f6e4fcf8baf91cd2.jpg""}"
155303888284849712,https://www.pinterest.com/pin/155303888284849712,Glam Dragonfly Nail Art,"Gorgeous, glam nail art requires a lot of upkeep, but buying press-on nail art from small businesses on Etsy?  That we can get behind.  These last multiple uses and the designs are stunning and intricate.",https://etsy.me/4fwAUnO,https://i.pinimg.com/736x/f4/8c/f5/f48cf5d8cc9ca70600cb000fc6dd9658.jpg,f48cf5d8cc9ca70600cb000fc6dd9658,0,25,24,5,0,20,"{""1"": 12}","Fri, 15 Aug 2025 23:30:34 +0000",2026-06-25 05:26:57.633000,/etsy/bath-and-beauty/,Bath and Beauty,0,0,public,hair_beauty,etsy,Etsy,https://www.pinterest.com/etsy/,0,0,11239301,0,0,"{""indexed"": true, ""first_name"": ""Etsy"", ""is_verified_merchant"": true, ""image_medium_url"": ""https://i.pinimg.com/75x75_RS/d1/84/c8/d184c8624cb409c8f6e4fcf8baf91cd2.jpg"", ""followed_by_me"": false, ""image_small_url"": ""https://i.pinimg.com/30x30_RS/d1/84/c8/d184c8624cb409c8f6e4fcf8baf91cd2.jpg"", ""username"": ""etsy"", ""ads_only_profile_site"": null, ""type"": ""user"", ""full_name"": ""Etsy"", ""follower_count"": 11239301, ""is_default_image"": false, ""instagram_data"": null, ""explicitly_followed_by_me"": false, ""domain_url"": ""www.etsy.com"", ""id"": ""155304024558534660"", ""domain_verified"": true, ""blocked_by_me"": false, ""verified_identity"": {""name"": ""etsy"", ""verified"": true}, ""is_ads_only_profile"": false}"
155303888284894125,https://www.pinterest.com/pin/155303888284894125,Nails Micro Crochet Nails. Set of 10 Crochet Rainbow Nails - Etsy, ,https://etsy.me/3Vpsp4A,https://i.pinimg.com/736x/7b/31/b4/7b31b4c954062f7f26cfcc1ee47b06f5.jpg,7b31b4c954062f7f26cfcc1ee47b06f5,0,2,1,0,0,0,{},"Fri, 29 Aug 2025 18:03:35 +0000",2026-06-25 05:27:02.575000,/etsy/_products_you_tagged/,Products you tagged,0,0,protected,,etsy,Etsy,https://www.pinterest.com/etsy/,0,0,11239300,0,0,
155303888284904856,https://www.pinterest.com/pin/155303888284904856,Autumn Floral Nail Set,Embrace the moodier hues of autumn and winter with this gorgeous press-on nail set featuring beautiful burgundy and orange florals. They're the perfect accessory to your fall wardrobe!,https://etsy.me/47ehcev,https://i.pinimg.com/736x/d8/10/75/d810755d8e18ef13ef708901e70937ae.jpg,d810755d8e18ef13ef708901e70937ae,0,90,83,5,0,18,"{""1"": 21}","Mon, 01 Sep 2025 16:01:57 +0000",2026-06-25 05:26:57.993000,/etsy/bath-and-beauty/,Bath and Beauty,0,0,public,hair_beauty,etsy,Etsy,https://www.pinterest.com/etsy/,0,0,11239301,0,0,"{""domain_url"": ""www.etsy.com"", ""image_small_url"": ""https://i.pinimg.com/30x30_RS/d1/84/c8/d184c8624cb409c8f6e4fcf8baf91cd2.jpg"", ""instagram_data"": null, ""id"": ""155304024558534660"", ""follower_count"": 11239301, ""followed_by_me"": false, ""full_name"": ""Etsy"", ""is_ads_only_profile"": false, ""indexed"": true, ""verified_identity"": {""name"": ""etsy"", ""verified"": true}, ""username"": ""etsy"", ""is_default_image"": false, ""type"": ""user"", ""is_verified_merchant"": true, ""first_name"": ""Etsy"", ""blocked_by_me"": false, ""image_medium_url"": ""https://i.pinimg.com/75x75_RS/d1/84/c8/d184c8624cb409c8f6e4fcf8baf91cd2.jpg"", ""ads_only_profile_site"": null, ""explicitly_followed_by_me"": false, ""domain_verified"": true}"
155303888284916915,https://www.pinterest.com/pin/155303888284916915,Crochet Nail Set? Yes Please!,"Wearing a crochet sweater isn't enough, it's time to try it on your nails too!  Etsy seller MicroCrochetArt is an expert at miniature pieces of art and this special edition nail kit is the perfect addition to your fall style.",https://etsy.me/3Vpsp4A,https://i.pinimg.com/736x/a9/77/c5/a977c51062c35854b4c485fbda696d6c.jpg,a977c51062c35854b4c485fbda696d6c,0,26,25,0,0,40,"{""1"": 23}","Fri, 05 Sep 2025 00:30:26 +0000",2026-06-25 05:26:57.684000,/etsy/bath-and-beauty/,Bath and Beauty,0,0,public,hair_beauty,etsy,Etsy,https://www.pinterest.com/etsy/,0,0,11239301,0,0,"{""is_default_image"": false, ""id"": ""155304024558534660"", ""image_medium_url"": ""https://i.pinimg.com/75x75_RS/d1/84/c8/d184c8624cb409c8f6e4fcf8baf91cd2.jpg"", ""domain_url"": ""www.etsy.com"", ""blocked_by_me"": false, ""followed_by_me"": false, ""image_small_url"": ""https://i.pinimg.com/30x30_RS/d1/84/c8/d184c8624cb409c8f6e4fcf8baf91cd2.jpg"", ""verified_identity"": {""name"": ""etsy"", ""verified"": true}, ""instagram_data"": null, ""type"": ""user"", ""domain_verified"": true, ""indexed"": true, ""explicitly_followed_by_me"": false, ""full_name"": ""Etsy"", ""follower_count"": 11239301, ""ads_only_profile_site"": null, ""username"": ""etsy"", ""is_verified_merchant"": true, ""first_name"": ""Etsy"", ""is_ads_only_profile"": false}"
155303888285098929,https://www.pinterest.com/pin/155303888285098929,Etsy’s Top 100 Gifts,"Shop Etsy’s Top 100 Gifts and discover something special for everyone on your list. Find expertly-curated gifts for women, men, kids, pets and more for the holiday season.","https://www.etsy.com/r/curated/top-100-gifts?sections=1412989769685&anchor_listings=1419158876,1794329278,1799692110,1790818588,890693272,1177686620,1803755127,4320638302,894645347,1819988761,761650370,1341507273",https://i.pinimg.com/736x/95/93/68/9593681b4a666e4726c35705af6d04ee.jpg,9593681b4a666e4726c35705af6d04ee,0,34,34,2,0,14,"{""1"": 20}","Wed, 29 Oct 2025 16:08:46 +0000",2026-06-25 05:17:34.252000,/etsy/_quick_saves/,Quick Saves,0,0,public,,etsy,Etsy,https://www.pinterest.com/etsy/,0,0,11239312,0,0,"{""domain_verified"": true, ""follower_count"": 11239312, ""ads_only_profile_site"": null, ""is_default_image"": false, ""image_small_url"": ""https://i.pinimg.com/30x30_RS/d1/84/c8/d184c8624cb409c8f6e4fcf8baf91cd2.jpg"", ""type"": ""user"", ""full_name"": ""Etsy"", ""image_medium_url"": ""https://i.pinimg.com/75x75_RS/d1/84/c8/d184c8624cb409c8f6e4fcf8baf91cd2.jpg"", ""domain_url"": ""www.etsy.com"", ""blocked_by_me"": false, ""id"": ""155304024558534660"", ""indexed"": true, ""username"": ""etsy"", ""is_ads_only_profile"": false, ""instagram_data"": null, ""first_name"": ""Etsy"", ""is_verified_merchant"": true, ""followed_by_me"": false, ""verified_identity"": {""name"": ""etsy"", ""verified"": true}, ""explicitly_followed_by_me"": false}"
155303888285275631,https://www.pinterest.com/pin/155303888285275631,Hand-poured Espresso Martini Candle,"Not every night calls for an espresso martini, but every night can call for a candle. Set the mood with this hand-poured candle that looks like the classic drink, complete with a frothy top and three coffee bean ""garnishes.""  The rich espresso scent, will make your space smell like your favorite cafe.",https://etsy.me/3KSVCU8,https://i.pinimg.com/736x/38/6f/ca/386fca559124fe166e5ec2ea2db0f393.jpg,386fca559124fe166e5ec2ea2db0f393,0,24,22,0,0,0,"{""1"": 10}","Sat, 27 Dec 2025 01:00:44 +0000",2026-06-25 05:26:57.732000,/etsy/bath-and-beauty/,Bath and Beauty,0,0,public,hair_beauty,etsy,Etsy,https://www.pinterest.com/etsy/,0,0,11239301,0,0,"{""is_ads_only_profile"": false, ""username"": ""etsy"", ""ads_only_profile_site"": null, ""indexed"": true, ""verified_identity"": {""name"": ""etsy"", ""verified"": true}, ""type"": ""user"", ""image_small_url"": ""https://i.pinimg.com/30x30_RS/d1/84/c8/d184c8624cb409c8f6e4fcf8baf91cd2.jpg"", ""instagram_data"": null, ""id"": ""155304024558534660"", ""blocked_by_me"": false, ""domain_url"": ""www.etsy.com"", ""image_medium_url"": ""https://i.pinimg.com/75x75_RS/d1/84/c8/d184c8624cb409c8f6e4fcf8baf91cd2.jpg"", ""is_verified_merchant"": true, ""followed_by_me"": false, ""is_default_image"": false, ""first_name"": ""Etsy"", ""full_name"": ""Etsy"", ""explicitly_followed_by_me"": false, ""domain_verified"": true, ""follower_count"": 11239301}"
155303888285618107,https://www.pinterest.com/pin/155303888285618107,Spring Nail Art Set,"Seasonal nail designs are a fabulous way to celebrate the season and Etsy seller LilyNailsArt creates wearable art just for you. This set features seasonal blooms, bees and a hand-painted duck for spring.",https://etsy.me/4vAULKn,https://i.pinimg.com/736x/8e/7e/c1/8e7ec1dfe9616e4830022c2056a07e11.jpg,8e7ec1dfe9616e4830022c2056a07e11,0,18,17,4,0,11,"{""1"": 21}","Sun, 12 Apr 2026 23:02:07 +0000",2026-06-25 05:26:57.614000,/etsy/bath-and-beauty/,Bath and Beauty,0,0,public,hair_beauty,etsy,Etsy,https://www.pinterest.com/etsy/,0,0,11239301,0,0,"{""blocked_by_me"": false, ""explicitly_followed_by_me"": false, ""id"": ""155304024558534660"", ""is_ads_only_profile"": false, ""domain_verified"": true, ""image_medium_url"": ""https://i.pinimg.com/75x75_RS/d1/84/c8/d184c8624cb409c8f6e4fcf8baf91cd2.jpg"", ""is_default_image"": false, ""first_name"": ""Etsy"", ""follower_count"": 11239301, ""is_verified_merchant"": true, ""domain_url"": ""www.etsy.com"", ""ads_only_profile_site"": null, ""verified_identity"": {""name"": ""etsy"", ""verified"": true}, ""image_small_url"": ""https://i.pinimg.com/30x30_RS/d1/84/c8/d184c8624cb409c8f6e4fcf8baf91cd2.jpg"", ""instagram_data"": null, ""type"": ""user"", ""username"": ""etsy"", ""full_name"": ""Etsy"", ""indexed"": true, ""followed_by_me"": false}"
155303888285736882,https://www.pinterest.com/pin/155303888285736882,Quirky Summer Jewelry,"Shellfish lovers, these earrings are for you!  Whimsical shrimp cocktail earrings made from polymer clay are a quirky way to play with your jewelry and accessories this season.  Style them with your favorite summer dress for a brunch with girlfriends and wait for the compliments to pour in.",https://etsy.me/3Rk0mVG,https://i.pinimg.com/736x/35/df/53/35df5391e60c96e5f077fbb782eb3031.jpg,35df5391e60c96e5f077fbb782eb3031,0,11,10,0,0,4,"{""1"": 5}","Sat, 23 May 2026 23:30:30 +0000",2026-06-25 05:25:45.071000,/etsy/etsy-jewelry/,Etsy Jewelry,0,0,public,womens_fashion,etsy,Etsy,https://www.pinterest.com/etsy/,0,0,11239300,0,0,"{""domain_url"": ""www.etsy.com"", ""domain_verified"": true, ""instagram_data"": null, ""first_name"": ""Etsy"", ""verified_identity"": {""name"": ""etsy"", ""verified"": true}, ""followed_by_me"": false, ""username"": ""etsy"", ""is_default_image"": false, ""type"": ""user"", ""blocked_by_me"": false, ""is_verified_merchant"": true, ""explicitly_followed_by_me"": false, ""follower_count"": 11239300, ""id"": ""155304024558534660"", ""is_ads_only_profile"": false, ""ads_only_profile_site"": null, ""indexed"": true, ""image_small_url"": ""https://i.pinimg.com/30x30_RS/d1/84/c8/d184c8624cb409c8f6e4fcf8baf91cd2.jpg"", ""image_medium_url"": ""https://i.pinimg.com/75x75_RS/d1/84/c8/d184c8624cb409c8f6e4fcf8baf91cd2.jpg"", ""full_name"": ""Etsy""}"
155303888285738983,https://www.pinterest.com/pin/155303888285738983,Father's Day Gift Idea,"Get your the whole squad matching tees for Father's Day this year, from the rule-breakers, to the rule makers, they'll be looking adorable all summer long.",https://etsy.me/3PR4Lim,https://i.pinimg.com/736x/8b/aa/e2/8baae24c4e29241073d88c49a6348d7b.jpg,8baae24c4e29241073d88c49a6348d7b,0,7,6,2,0,2,"{""1"": 12}","Sun, 24 May 2026 18:30:24 +0000",2026-06-25 05:25:44.967000,/etsy/gift-mode/,Gift Mode,0,0,public,products,etsy,Etsy,https://www.pinterest.com/etsy/,0,0,11239300,0,0,"{""explicitly_followed_by_me"": false, ""domain_url"": ""www.etsy.com"", ""first_name"": ""Etsy"", ""indexed"": true, ""blocked_by_me"": false, ""is_default_image"": false, ""image_medium_url"": ""https://i.pinimg.com/75x75_RS/d1/84/c8/d184c8624cb409c8f6e4fcf8baf91cd2.jpg"", ""full_name"": ""Etsy"", ""id"": ""155304024558534660"", ""instagram_data"": null, ""is_verified_merchant"": true, ""username"": ""etsy"", ""is_ads_only_profile"": false, ""domain_verified"": true, ""verified_identity"": {""name"": ""etsy"", ""verified"": true}, ""image_small_url"": ""https://i.pinimg.com/30x30_RS/d1/84/c8/d184c8624cb409c8f6e4fcf8baf91cd2.jpg"", ""follower_count"": 11239300, ""type"": ""user"", ""ads_only_profile_site"": null, ""followed_by_me"": false}"
155303888285741928,https://www.pinterest.com/pin/155303888285741928,Duck Stuffed Animal Pattern,Sew your own soft and playful duck toy with this beginner-friendly sewing pattern that comes together quickly with the cutest result. Time to download the pattern and start quackin'!,https://etsy.me/4upWmS7,https://i.pinimg.com/736x/30/bc/69/30bc695593207b4ae67d4b586818a27e.jpg,30bc695593207b4ae67d4b586818a27e,0,16,15,1,0,2,"{""1"": 6}","Mon, 25 May 2026 17:04:24 +0000",2026-06-25 05:25:45.085000,/etsy/diy-kits-patterns-and-more/,"DIY Kits, Patterns and More",0,0,public,diy_crafts,etsy,Etsy,https://www.pinterest.com/etsy/,0,0,11239300,0,0,"{""id"": ""155304024558534660"", ""follower_count"": 11239300, ""type"": ""user"", ""is_ads_only_profile"": false, ""image_small_url"": ""https://i.pinimg.com/30x30_RS/d1/84/c8/d184c8624cb409c8f6e4fcf8baf91cd2.jpg"", ""username"": ""etsy"", ""instagram_data"": null, ""followed_by_me"": false, ""explicitly_followed_by_me"": false, ""first_name"": ""Etsy"", ""domain_verified"": true, ""image_medium_url"": ""https://i.pinimg.com/75x75_RS/d1/84/c8/d184c8624cb409c8f6e4fcf8baf91cd2.jpg"", ""ads_only_profile_site"": null, ""is_default_image"": false, ""indexed"": true, ""verified_identity"": {""name"": ""etsy"", ""verified"": true}, ""full_name"": ""Etsy"", ""blocked_by_me"": false, ""is_verified_merchant"": true, ""domain_url"": ""www.etsy.com""}"
155303888285743228,https://www.pinterest.com/pin/155303888285743228,Custom Embroidered Kids Jacket,"This personalised unicorn denim jacket features a whimsical design with delicate floral details and your child’s name hand-embroidered with a chunky chainstitch. Every jean jacket is individually embroidered by hand, making each jacket truly one-of-a-kind, with a sprinkling of unicorn magic.",https://etsy.me/4v8aOy9,https://i.pinimg.com/736x/4f/fe/8a/4ffe8ab651994aab5a25e6e05ee9d594.jpg,4ffe8ab651994aab5a25e6e05ee9d594,0,11,10,1,0,1,"{""1"": 6}","Tue, 26 May 2026 01:00:42 +0000",2026-06-25 05:25:44.981000,/etsy/etsy-kids/,Etsy Kids,0,0,public,kids,etsy,Etsy,https://www.pinterest.com/etsy/,0,0,11239300,0,0,"{""instagram_data"": null, ""is_ads_only_profile"": false, ""image_small_url"": ""https://i.pinimg.com/30x30_RS/d1/84/c8/d184c8624cb409c8f6e4fcf8baf91cd2.jpg"", ""indexed"": true, ""id"": ""155304024558534660"", ""domain_url"": ""www.etsy.com"", ""type"": ""user"", ""verified_identity"": {""name"": ""etsy"", ""verified"": true}, ""domain_verified"": true, ""full_name"": ""Etsy"", ""ads_only_profile_site"": null, ""explicitly_followed_by_me"": false, ""is_default_image"": false, ""is_verified_merchant"": true, ""followed_by_me"": false, ""username"": ""etsy"", ""first_name"": ""Etsy"", ""follower_count"": 11239300, ""image_medium_url"": ""https://i.pinimg.com/75x75_RS/d1/84/c8/d184c8624cb409c8f6e4fcf8baf91cd2.jpg"", ""blocked_by_me"": false}"
155303888285745040,https://www.pinterest.com/pin/155303888285745040,Ceramic Cowboy Tumbler,"Introducing the perfect gift for your friend who loves vintage western films, can't stop saying y'all, and has a collection of well-worn vintage denim.  The Cool It Cowboy ceramic tumbler from Etsy seller MishaCeramics will fit their aesthetic, and makes a great morning coffee companion.",https://etsy.me/49fndYA,https://i.pinimg.com/736x/8d/9a/a6/8d9aa6279fb6598915ba03adfc8e4eef.jpg,8d9aa6279fb6598915ba03adfc8e4eef,0,10,9,0,0,2,"{""1"": 3}","Tue, 26 May 2026 16:02:34 +0000",2026-06-25 05:25:44.963000,/etsy/kitchen-must-haves/,Kitchen Must-Haves,0,0,public,food_drink,etsy,Etsy,https://www.pinterest.com/etsy/,0,0,11239300,0,0,"{""domain_url"": ""www.etsy.com"", ""id"": ""155304024558534660"", ""ads_only_profile_site"": null, ""image_medium_url"": ""https://i.pinimg.com/75x75_RS/d1/84/c8/d184c8624cb409c8f6e4fcf8baf91cd2.jpg"", ""is_default_image"": false, ""is_ads_only_profile"": false, ""username"": ""etsy"", ""follower_count"": 11239300, ""indexed"": true, ""is_verified_merchant"": true, ""verified_identity"": {""name"": ""etsy"", ""verified"": true}, ""domain_verified"": true, ""blocked_by_me"": false, ""first_name"": ""Etsy"", ""type"": ""user"", ""followed_by_me"": false, ""image_small_url"": ""https://i.pinimg.com/30x30_RS/d1/84/c8/d184c8624cb409c8f6e4fcf8baf91cd2.jpg"", ""instagram_data"": null, ""full_name"": ""Etsy"", ""explicitly_followed_by_me"": false}"
155303888285746141,https://www.pinterest.com/pin/155303888285746141,How To Use A Vintage Cigarette Case,"Vintage cigarette cases can be used in any number of ways, maybe you always want sprinkles at hand, easy access to your business cards, or a little bit of confetti for celebrating the big and small occasions.  Find your new niche accessory on Etsy.",https://etsy.me/4wNPL5G,https://i.pinimg.com/736x/4b/37/63/4b376303b0c8769dbcb200a139ffbed9.jpg,4b376303b0c8769dbcb200a139ffbed9,0,6,5,1,0,2,"{""1"": 4}","Tue, 26 May 2026 23:01:33 +0000",2026-06-25 05:25:02.852000,/etsy/etsy-finds/,Etsy Finds,0,0,public,products,etsy,Etsy,https://www.pinterest.com/etsy/,0,0,11239301,0,0,"{""id"": ""155304024558534660"", ""domain_url"": ""www.etsy.com"", ""ads_only_profile_site"": null, ""first_name"": ""Etsy"", ""verified_identity"": {""name"": ""etsy"", ""verified"": true}, ""is_verified_merchant"": true, ""type"": ""user"", ""is_default_image"": false, ""blocked_by_me"": false, ""image_medium_url"": ""https://i.pinimg.com/75x75_RS/d1/84/c8/d184c8624cb409c8f6e4fcf8baf91cd2.jpg"", ""is_ads_only_profile"": false, ""follower_count"": 11239301, ""image_small_url"": ""https://i.pinimg.com/30x30_RS/d1/84/c8/d184c8624cb409c8f6e4fcf8baf91cd2.jpg"", ""explicitly_followed_by_me"": false, ""full_name"": ""Etsy"", ""followed_by_me"": false, ""username"": ""etsy"", ""domain_verified"": true, ""instagram_data"": null, ""indexed"": true}"
155303888285747882,https://www.pinterest.com/pin/155303888285747882,Colorful Felt Moth DIY,"Colorful and eclectic, these moth ornaments are a fun felt craft to save for a rainy day. The downloadable tutorial includes detailed steps with stitch and color guides to help you achieve the beautiful final product that looks great hung up around your home, or in a colorful kids room.",https://etsy.me/4dW6a09,https://i.pinimg.com/736x/27/cd/69/27cd69d6fb2a75bca174527af97555a1.jpg,27cd69d6fb2a75bca174527af97555a1,0,42,43,0,0,8,"{""1"": 8}","Wed, 27 May 2026 17:30:59 +0000",2026-06-25 05:25:03.226000,/etsy/diy-kits-patterns-and-more/,"DIY Kits, Patterns and More",0,0,public,diy_crafts,etsy,Etsy,https://www.pinterest.com/etsy/,0,0,11239301,0,0,"{""id"": ""155304024558534660"", ""image_small_url"": ""https://i.pinimg.com/30x30_RS/d1/84/c8/d184c8624cb409c8f6e4fcf8baf91cd2.jpg"", ""verified_identity"": {""name"": ""etsy"", ""verified"": true}, ""explicitly_followed_by_me"": false, ""first_name"": ""Etsy"", ""domain_url"": ""www.etsy.com"", ""instagram_data"": null, ""full_name"": ""Etsy"", ""followed_by_me"": false, ""type"": ""user"", ""indexed"": true, ""is_ads_only_profile"": false, ""ads_only_profile_site"": null, ""username"": ""etsy"", ""domain_verified"": true, ""blocked_by_me"": false, ""is_default_image"": false, ""is_verified_merchant"": true, ""follower_count"": 11239301, ""image_medium_url"": ""https://i.pinimg.com/75x75_RS/d1/84/c8/d184c8624cb409c8f6e4fcf8baf91cd2.jpg""}"
155303888285748725,https://www.pinterest.com/pin/155303888285748725,Ceramic Watercolor Palette,"A piece of art for the artist! This watercolor palette was thoughtfully made by ceramicist and Etsy seller MistCeramics, and plays the perfect host to vibrant paints for artistic expression of another kind.",https://etsy.me/4dOy11d,https://i.pinimg.com/736x/6e/d5/58/6ed558df40965906f5eb5c481251af36.jpg,6ed558df40965906f5eb5c481251af36,0,28,27,0,0,6,"{""1"": 21}","Thu, 28 May 2026 00:31:26 +0000",2026-06-25 05:25:02.875000,/etsy/etsy-finds/,Etsy Finds,0,0,public,products,etsy,Etsy,https://www.pinterest.com/etsy/,0,0,11239301,0,0,"{""id"": ""155304024558534660"", ""blocked_by_me"": false, ""indexed"": true, ""explicitly_followed_by_me"": false, ""follower_count"": 11239301, ""followed_by_me"": false, ""full_name"": ""Etsy"", ""is_verified_merchant"": true, ""is_ads_only_profile"": false, ""image_medium_url"": ""https://i.pinimg.com/75x75_RS/d1/84/c8/d184c8624cb409c8f6e4fcf8baf91cd2.jpg"", ""ads_only_profile_site"": null, ""instagram_data"": null, ""first_name"": ""Etsy"", ""domain_verified"": true, ""image_small_url"": ""https://i.pinimg.com/30x30_RS/d1/84/c8/d184c8624cb409c8f6e4fcf8baf91cd2.jpg"", ""domain_url"": ""www.etsy.com"", ""username"": ""etsy"", ""is_default_image"": false, ""verified_identity"": {""name"": ""etsy"", ""verified"": true}, ""type"": ""user""}"
155303888285750203,https://www.pinterest.com/pin/155303888285750203,Floral Cottagecore Dress,"Look no further for your ideal cottagecore dress. Crafted from 100% cotton muslin fabric, it has a summer-ready easy-breezy fit. Style it with your favorite sandals and summer bag for an afternoon in the park, brunch with friends, or attending a bridal or baby shower.",https://etsy.me/3RAlZRB,https://i.pinimg.com/736x/18/3f/ee/183feeafbee54aa3b0292f8386cf78d7.jpg,183feeafbee54aa3b0292f8386cf78d7,0,12,11,0,0,7,"{""1"": 8}","Thu, 28 May 2026 16:01:30 +0000",2026-06-25 05:25:02.986000,/etsy/etsy-fashion/,Etsy Fashion,0,0,public,womens_fashion,etsy,Etsy,https://www.pinterest.com/etsy/,0,0,11239301,0,0,"{""indexed"": true, ""blocked_by_me"": false, ""image_small_url"": ""https://i.pinimg.com/30x30_RS/d1/84/c8/d184c8624cb409c8f6e4fcf8baf91cd2.jpg"", ""is_ads_only_profile"": false, ""id"": ""155304024558534660"", ""image_medium_url"": ""https://i.pinimg.com/75x75_RS/d1/84/c8/d184c8624cb409c8f6e4fcf8baf91cd2.jpg"", ""full_name"": ""Etsy"", ""first_name"": ""Etsy"", ""domain_verified"": true, ""is_verified_merchant"": true, ""followed_by_me"": false, ""explicitly_followed_by_me"": false, ""verified_identity"": {""name"": ""etsy"", ""verified"": true}, ""domain_url"": ""www.etsy.com"", ""follower_count"": 11239301, ""username"": ""etsy"", ""is_default_image"": false, ""type"": ""user"", ""instagram_data"": null, ""ads_only_profile_site"": null}"
155303888285751579,https://www.pinterest.com/pin/155303888285751579,Personalized Beach Towels and More,"The best way to prevent your sister from stealing all your beach gear is to personalize your towels, totes, sunhats, sunglasses and everything in-between.",https://etsy.me/3S4emD6,https://i.pinimg.com/736x/de/e5/51/dee5514bd6d9068e341d0eab8e9d8b60.jpg,dee5514bd6d9068e341d0eab8e9d8b60,0,6,5,0,0,2,"{""1"": 8}","Fri, 29 May 2026 01:01:47 +0000",2026-06-25 05:25:03.161000,/etsy/etsy-finds/,Etsy Finds,0,0,public,products,etsy,Etsy,https://www.pinterest.com/etsy/,0,0,11239301,0,0,"{""username"": ""etsy"", ""type"": ""user"", ""explicitly_followed_by_me"": false, ""indexed"": true, ""image_medium_url"": ""https://i.pinimg.com/75x75_RS/d1/84/c8/d184c8624cb409c8f6e4fcf8baf91cd2.jpg"", ""image_small_url"": ""https://i.pinimg.com/30x30_RS/d1/84/c8/d184c8624cb409c8f6e4fcf8baf91cd2.jpg"", ""instagram_data"": null, ""domain_url"": ""www.etsy.com"", ""full_name"": ""Etsy"", ""followed_by_me"": false, ""id"": ""155304024558534660"", ""ads_only_profile_site"": null, ""is_ads_only_profile"": false, ""first_name"": ""Etsy"", ""is_default_image"": false, ""domain_verified"": true, ""is_verified_merchant"": true, ""verified_identity"": {""name"": ""etsy"", ""verified"": true}, ""follower_count"": 11239301, ""blocked_by_me"": false}"
155303888285754213,https://www.pinterest.com/pin/155303888285754213,Vibrant Beaded Bag Charms,"Add a dash of color and whimsy to your purses and cell phones this season with these cute floral bag charms. Handmade with a selection of crystal, plastic, and stone beads, each charm is one-of-a-kind and made just for you.",https://etsy.me/3RKZHfZ,https://i.pinimg.com/736x/3b/e5/88/3be58800245340bff038cc38ef527d16.jpg,3be58800245340bff038cc38ef527d16,0,25,24,0,0,2,"{""1"": 9}","Fri, 29 May 2026 22:00:40 +0000",2026-06-25 05:25:44.889000,/etsy/etsy-fashion/,Etsy Fashion,0,0,public,womens_fashion,etsy,Etsy,https://www.pinterest.com/etsy/,0,0,11239300,0,0,"{""image_medium_url"": ""https://i.pinimg.com/75x75_RS/d1/84/c8/d184c8624cb409c8f6e4fcf8baf91cd2.jpg"", ""id"": ""155304024558534660"", ""domain_url"": ""www.etsy.com"", ""instagram_data"": null, ""image_small_url"": ""https://i.pinimg.com/30x30_RS/d1/84/c8/d184c8624cb409c8f6e4fcf8baf91cd2.jpg"", ""is_default_image"": false, ""explicitly_followed_by_me"": false, ""full_name"": ""Etsy"", ""username"": ""etsy"", ""followed_by_me"": false, ""domain_verified"": true, ""first_name"": ""Etsy"", ""blocked_by_me"": false, ""verified_identity"": {""name"": ""etsy"", ""verified"": true}, ""type"": ""user"", ""indexed"": true, ""is_verified_merchant"": true, ""ads_only_profile_site"": null, ""follower_count"": 11239300, ""is_ads_only_profile"": false}"
155303888285756871,https://www.pinterest.com/pin/155303888285756871,Unique Felt Crafts and Ornaments,"Oh my gourd, it's a squash playing squash!  For the cutest incredibly detailed, and most irreverent felted ornaments and gifts, shop Craftspring on Etsy.",https://etsy.me/4ac9eD4,https://i.pinimg.com/736x/51/7e/56/517e566f566a5cef5431cba656876238.jpg,517e566f566a5cef5431cba656876238,0,10,9,1,0,8,"{""1"": 2}","Sun, 31 May 2026 00:04:15 +0000",2026-06-25 05:25:44.924000,/etsy/home-decor/,Home Decor,0,0,public,home_decor,etsy,Etsy,https://www.pinterest.com/etsy/,0,0,11239300,0,0,"{""follower_count"": 11239300, ""type"": ""user"", ""ads_only_profile_site"": null, ""image_medium_url"": ""https://i.pinimg.com/75x75_RS/d1/84/c8/d184c8624cb409c8f6e4fcf8baf91cd2.jpg"", ""domain_verified"": true, ""is_default_image"": false, ""is_ads_only_profile"": false, ""instagram_data"": null, ""explicitly_followed_by_me"": false, ""domain_url"": ""www.etsy.com"", ""verified_identity"": {""name"": ""etsy"", ""verified"": true}, ""followed_by_me"": false, ""first_name"": ""Etsy"", ""blocked_by_me"": false, ""indexed"": true, ""is_verified_merchant"": true, ""id"": ""155304024558534660"", ""image_small_url"": ""https://i.pinimg.com/30x30_RS/d1/84/c8/d184c8624cb409c8f6e4fcf8baf91cd2.jpg"", ""username"": ""etsy"", ""full_name"": ""Etsy""}"
155303888285759027,https://www.pinterest.com/pin/155303888285759027,Vibrant Linocut Artwork,"Mysterious colorful animals dance through the night in this original handmade linocut print, by Etsy seller SashaBoioArt. The piece was crafted and carved layer-by-layer to create eight limited-edition prints.",https://etsy.me/4nVh21N,https://i.pinimg.com/736x/db/b8/dc/dbb8dc9e4f8f9427b6161c18fab582d6.jpg,dbb8dc9e4f8f9427b6161c18fab582d6,0,16,15,2,0,5,"{""1"": 9}","Sun, 31 May 2026 18:33:10 +0000",2026-06-25 05:25:44.954000,/etsy/artwork-for-your-home/,Artwork for Your Home,0,0,public,art,etsy,Etsy,https://www.pinterest.com/etsy/,0,0,11239300,0,0,"{""blocked_by_me"": false, ""first_name"": ""Etsy"", ""indexed"": true, ""is_default_image"": false, ""type"": ""user"", ""full_name"": ""Etsy"", ""followed_by_me"": false, ""image_small_url"": ""https://i.pinimg.com/30x30_RS/d1/84/c8/d184c8624cb409c8f6e4fcf8baf91cd2.jpg"", ""instagram_data"": null, ""explicitly_followed_by_me"": false, ""image_medium_url"": ""https://i.pinimg.com/75x75_RS/d1/84/c8/d184c8624cb409c8f6e4fcf8baf91cd2.jpg"", ""id"": ""155304024558534660"", ""is_verified_merchant"": true, ""verified_identity"": {""name"": ""etsy"", ""verified"": true}, ""ads_only_profile_site"": null, ""follower_count"": 11239300, ""domain_verified"": true, ""is_ads_only_profile"": false, ""domain_url"": ""www.etsy.com"", ""username"": ""etsy""}"
155303888285761267,https://www.pinterest.com/pin/155303888285761267,"Little Lamp, Big Vibe Shift","The best way to add a cozy touch to your kitchen is to add a small countertop lamp. Search for handmade, vintage, and one-of-a-kind lighting only on Etsy to turn your kitchen into the coziest room in your house.",https://etsy.me/4uI6PbS,https://i.pinimg.com/736x/f7/51/4c/f7514c812ea2ed30041a3763d78fd76a.jpg,f7514c812ea2ed30041a3763d78fd76a,0,5,4,0,0,1,"{""1"": 10}","Mon, 01 Jun 2026 15:32:52 +0000",2026-06-25 05:25:44.912000,/etsy/home-decor/,Home Decor,0,0,public,home_decor,etsy,Etsy,https://www.pinterest.com/etsy/,0,0,11239300,0,0,"{""first_name"": ""Etsy"", ""blocked_by_me"": false, ""image_medium_url"": ""https://i.pinimg.com/75x75_RS/d1/84/c8/d184c8624cb409c8f6e4fcf8baf91cd2.jpg"", ""full_name"": ""Etsy"", ""username"": ""etsy"", ""ads_only_profile_site"": null, ""verified_identity"": {""name"": ""etsy"", ""verified"": true}, ""is_verified_merchant"": true, ""domain_verified"": true, ""instagram_data"": null, ""is_default_image"": false, ""type"": ""user"", ""indexed"": true, ""explicitly_followed_by_me"": false, ""follower_count"": 11239300, ""is_ads_only_profile"": false, ""image_small_url"": ""https://i.pinimg.com/30x30_RS/d1/84/c8/d184c8624cb409c8f6e4fcf8baf91cd2.jpg"", ""id"": ""155304024558534660"", ""domain_url"": ""www.etsy.com"", ""followed_by_me"": false}"
155303888285762482,https://www.pinterest.com/pin/155303888285762482,Crochet Bandana Set for Dogs and Owners,You'll be the stars of the dog park when you show up for pup playdates in coordinating handmade crochet daisy bandanas. Match with your fur baby all year long thanks to Etsy seller MyCottonAccessories.,https://etsy.me/4vf17Op,https://i.pinimg.com/736x/0c/9b/22/0c9b22f25717458f60446e67036f4aa7.jpg,0c9b22f25717458f60446e67036f4aa7,0,15,14,0,0,4,"{""1"": 11}","Mon, 01 Jun 2026 23:30:17 +0000",2026-06-25 05:25:03.028000,/etsy/etsy-pets/,Etsy Pets,0,0,public,animals,etsy,Etsy,https://www.pinterest.com/etsy/,0,0,11239301,0,0,"{""first_name"": ""Etsy"", ""blocked_by_me"": false, ""indexed"": true, ""followed_by_me"": false, ""image_small_url"": ""https://i.pinimg.com/30x30_RS/d1/84/c8/d184c8624cb409c8f6e4fcf8baf91cd2.jpg"", ""image_medium_url"": ""https://i.pinimg.com/75x75_RS/d1/84/c8/d184c8624cb409c8f6e4fcf8baf91cd2.jpg"", ""type"": ""user"", ""id"": ""155304024558534660"", ""follower_count"": 11239301, ""explicitly_followed_by_me"": false, ""instagram_data"": null, ""domain_url"": ""www.etsy.com"", ""username"": ""etsy"", ""domain_verified"": true, ""is_default_image"": false, ""is_verified_merchant"": true, ""verified_identity"": {""name"": ""etsy"", ""verified"": true}, ""full_name"": ""Etsy"", ""ads_only_profile_site"": null, ""is_ads_only_profile"": false}"
155303888285764261,https://www.pinterest.com/pin/155303888285764261,Quirky Grilled Cheese Wall Hanging,"b'Consider your search for cool, not clich\xe9 kitchen art over. Why hang an ""eat"" sign that everyone else has when you can decorate with a hand-tufted grilled cheese? This one is guaranteed to make your guests hungry!'",https://etsy.me/4e87hdm,https://i.pinimg.com/736x/d8/52/c0/d852c0d6883bb7b885f449bfdcb64bf2.jpg,d852c0d6883bb7b885f449bfdcb64bf2,0,8,7,1,0,4,"{""1"": 16}","Tue, 02 Jun 2026 16:00:19 +0000",2026-06-25 05:25:44.932000,/etsy/home-decor/,Home Decor,0,0,public,home_decor,etsy,Etsy,https://www.pinterest.com/etsy/,0,0,11239300,0,0,"{""full_name"": ""Etsy"", ""image_small_url"": ""https://i.pinimg.com/30x30_RS/d1/84/c8/d184c8624cb409c8f6e4fcf8baf91cd2.jpg"", ""instagram_data"": null, ""image_medium_url"": ""https://i.pinimg.com/75x75_RS/d1/84/c8/d184c8624cb409c8f6e4fcf8baf91cd2.jpg"", ""is_default_image"": false, ""followed_by_me"": false, ""is_verified_merchant"": true, ""verified_identity"": {""name"": ""etsy"", ""verified"": true}, ""explicitly_followed_by_me"": false, ""follower_count"": 11239300, ""domain_verified"": true, ""type"": ""user"", ""blocked_by_me"": false, ""id"": ""155304024558534660"", ""indexed"": true, ""ads_only_profile_site"": null, ""first_name"": ""Etsy"", ""domain_url"": ""www.etsy.com"", ""is_ads_only_profile"": false, ""username"": ""etsy""}"
155303888285765253,https://www.pinterest.com/pin/155303888285765253,World's Best Dad Mug,Throw it back with this groovy Father's Day gift.  Your old man can relive the glory days of a one buck diner brew with every sip of morning coffee from this funky ceramic mug.,https://etsy.me/49oxce6,https://i.pinimg.com/736x/22/d8/cf/22d8cf3df811c385a392170de8e1501e.jpg,22d8cf3df811c385a392170de8e1501e,0,6,5,0,0,0,"{""1"": 7}","Wed, 03 Jun 2026 01:01:54 +0000",2026-06-25 05:25:03.267000,/etsy/gift-mode/,Gift Mode,0,0,public,products,etsy,Etsy,https://www.pinterest.com/etsy/,0,0,11239301,0,0,"{""followed_by_me"": false, ""domain_url"": ""www.etsy.com"", ""type"": ""user"", ""domain_verified"": true, ""is_ads_only_profile"": false, ""follower_count"": 11239301, ""ads_only_profile_site"": null, ""indexed"": true, ""first_name"": ""Etsy"", ""image_small_url"": ""https://i.pinimg.com/30x30_RS/d1/84/c8/d184c8624cb409c8f6e4fcf8baf91cd2.jpg"", ""blocked_by_me"": false, ""is_verified_merchant"": true, ""username"": ""etsy"", ""image_medium_url"": ""https://i.pinimg.com/75x75_RS/d1/84/c8/d184c8624cb409c8f6e4fcf8baf91cd2.jpg"", ""is_default_image"": false, ""full_name"": ""Etsy"", ""explicitly_followed_by_me"": false, ""id"": ""155304024558534660"", ""instagram_data"": null, ""verified_identity"": {""name"": ""etsy"", ""verified"": true}}"
155303888285767128,https://www.pinterest.com/pin/155303888285767128,Baroque Pearl Taper Candles,"Pearl girl tablescape incoming! Meticulously hand-formed, each taper candle is a unique piece of sculptural art. Etsy seller CaiCaiHandmade transforms ordinary wax into a mesmerizing silhouette that perfectly mimics the beauty of natural baroque pearls.  Perfect for your bridal celebrations, romantic tablescapes, and so much more.",https://etsy.me/4dYjaRI,https://i.pinimg.com/736x/52/83/44/5283443a42f37e0f3e631edda5d06b24.jpg,5283443a42f37e0f3e631edda5d06b24,0,5,4,0,0,5,"{""1"": 5}","Wed, 03 Jun 2026 17:05:43 +0000",2026-06-25 05:25:03.107000,/etsy/etsy-finds/,Etsy Finds,0,0,public,products,etsy,Etsy,https://www.pinterest.com/etsy/,0,0,11239301,0,0,"{""indexed"": true, ""is_verified_merchant"": true, ""id"": ""155304024558534660"", ""image_medium_url"": ""https://i.pinimg.com/75x75_RS/d1/84/c8/d184c8624cb409c8f6e4fcf8baf91cd2.jpg"", ""domain_url"": ""www.etsy.com"", ""explicitly_followed_by_me"": false, ""type"": ""user"", ""first_name"": ""Etsy"", ""verified_identity"": {""name"": ""etsy"", ""verified"": true}, ""domain_verified"": true, ""username"": ""etsy"", ""instagram_data"": null, ""blocked_by_me"": false, ""is_default_image"": false, ""image_small_url"": ""https://i.pinimg.com/30x30_RS/d1/84/c8/d184c8624cb409c8f6e4fcf8baf91cd2.jpg"", ""full_name"": ""Etsy"", ""ads_only_profile_site"": null, ""follower_count"": 11239301, ""followed_by_me"": false, ""is_ads_only_profile"": false}"
155303888285768382,https://www.pinterest.com/pin/155303888285768382,Hypnotic Swirl Earrings,Oversized spiral statement earrings create a hypnotizing effect with their cool spiral design. Each earring is handmade from brass or stearling silver and will finish each outfit with style.,https://etsy.me/4vqRc8x,https://i.pinimg.com/736x/4b/73/85/4b7385bca9a06c032c94d069f55df058.jpg,4b7385bca9a06c032c94d069f55df058,0,13,12,0,0,3,"{""1"": 3}","Thu, 04 Jun 2026 00:32:17 +0000",2026-06-25 05:25:44.766000,/etsy/etsy-jewelry/,Etsy Jewelry,0,0,public,womens_fashion,etsy,Etsy,https://www.pinterest.com/etsy/,0,0,11239300,0,0,"{""full_name"": ""Etsy"", ""is_default_image"": false, ""instagram_data"": null, ""image_medium_url"": ""https://i.pinimg.com/75x75_RS/d1/84/c8/d184c8624cb409c8f6e4fcf8baf91cd2.jpg"", ""ads_only_profile_site"": null, ""blocked_by_me"": false, ""domain_verified"": true, ""id"": ""155304024558534660"", ""image_small_url"": ""https://i.pinimg.com/30x30_RS/d1/84/c8/d184c8624cb409c8f6e4fcf8baf91cd2.jpg"", ""verified_identity"": {""name"": ""etsy"", ""verified"": true}, ""explicitly_followed_by_me"": false, ""is_ads_only_profile"": false, ""indexed"": true, ""first_name"": ""Etsy"", ""is_verified_merchant"": true, ""follower_count"": 11239300, ""followed_by_me"": false, ""domain_url"": ""www.etsy.com"", ""type"": ""user"", ""username"": ""etsy""}"
155303888285770267,https://www.pinterest.com/pin/155303888285770267,Quirky Summer Serveware,"These unique ceramic plates, bowls and serving dishes are certified fresh! Summer produce, grill classics, and ice cream pair nicely with vintage and handmade dishes that will liven up your kitchen.  ",https://etsy.me/49FJS0k,https://i.pinimg.com/736x/6a/ed/09/6aed09181a104477cb1c725d28f3811e.jpg,6aed09181a104477cb1c725d28f3811e,0,10,9,0,0,1,"{""1"": 10}","Thu, 04 Jun 2026 19:11:45 +0000",2026-06-25 05:25:44.746000,/etsy/kitchen-must-haves/,Kitchen Must-Haves,0,0,public,food_drink,etsy,Etsy,https://www.pinterest.com/etsy/,0,0,11239300,0,0,"{""instagram_data"": null, ""explicitly_followed_by_me"": false, ""domain_url"": ""www.etsy.com"", ""image_medium_url"": ""https://i.pinimg.com/75x75_RS/d1/84/c8/d184c8624cb409c8f6e4fcf8baf91cd2.jpg"", ""is_verified_merchant"": true, ""username"": ""etsy"", ""blocked_by_me"": false, ""follower_count"": 11239300, ""id"": ""155304024558534660"", ""followed_by_me"": false, ""verified_identity"": {""name"": ""etsy"", ""verified"": true}, ""ads_only_profile_site"": null, ""domain_verified"": true, ""full_name"": ""Etsy"", ""is_ads_only_profile"": false, ""indexed"": true, ""first_name"": ""Etsy"", ""is_default_image"": false, ""type"": ""user"", ""image_small_url"": ""https://i.pinimg.com/30x30_RS/d1/84/c8/d184c8624cb409c8f6e4fcf8baf91cd2.jpg""}"
155303888285770867,https://www.pinterest.com/pin/155303888285770867,Tennis Ball Candles,"Serve up some serious style with this unique set of 3 hand-poured soy wax candles, shaped like tennis balls and packed in a real, repurposed tennis ball tube! These make a great gifts for tennis fanatics, coaches, and a must-have for grand slam watch parties.",https://etsy.me/4uP10t9,https://i.pinimg.com/736x/a3/ba/15/a3ba1560da01031ea0a2d934e1522eed.jpg,a3ba1560da01031ea0a2d934e1522eed,0,4,3,1,0,5,"{""1"": 5}","Fri, 05 Jun 2026 00:04:06 +0000",2026-06-25 05:25:03.009000,/etsy/home-decor/,Home Decor,0,0,public,home_decor,etsy,Etsy,https://www.pinterest.com/etsy/,0,0,11239301,0,0,"{""ads_only_profile_site"": null, ""domain_verified"": true, ""followed_by_me"": false, ""username"": ""etsy"", ""domain_url"": ""www.etsy.com"", ""full_name"": ""Etsy"", ""is_ads_only_profile"": false, ""image_small_url"": ""https://i.pinimg.com/30x30_RS/d1/84/c8/d184c8624cb409c8f6e4fcf8baf91cd2.jpg"", ""explicitly_followed_by_me"": false, ""id"": ""155304024558534660"", ""verified_identity"": {""name"": ""etsy"", ""verified"": true}, ""image_medium_url"": ""https://i.pinimg.com/75x75_RS/d1/84/c8/d184c8624cb409c8f6e4fcf8baf91cd2.jpg"", ""first_name"": ""Etsy"", ""is_default_image"": false, ""blocked_by_me"": false, ""indexed"": true, ""follower_count"": 11239301, ""is_verified_merchant"": true, ""type"": ""user"", ""instagram_data"": null}"
155303888285773543,https://www.pinterest.com/pin/155303888285773543,Summer Style and Shopping at Etsy,"Travel-ready outfits are easy to find if you know where to look, and Etsy has everything you need.  From easy breezy dresses to frilly, coquette tops, chic accessories, and so much more, you'll be ready for takeoff in no time.",https://etsy.me/4v2dihC,https://i.pinimg.com/736x/53/6d/6b/536d6b9eb1114b3252162abe7ebd6b78.jpg,536d6b9eb1114b3252162abe7ebd6b78,0,10,9,1,0,0,"{""1"": 2}","Sat, 06 Jun 2026 00:33:51 +0000",2026-06-25 05:25:44.772000,/etsy/etsy-fashion/,Etsy Fashion,0,0,public,womens_fashion,etsy,Etsy,https://www.pinterest.com/etsy/,0,0,11239300,0,0,"{""indexed"": true, ""is_default_image"": false, ""ads_only_profile_site"": null, ""is_ads_only_profile"": false, ""image_medium_url"": ""https://i.pinimg.com/75x75_RS/d1/84/c8/d184c8624cb409c8f6e4fcf8baf91cd2.jpg"", ""is_verified_merchant"": true, ""verified_identity"": {""name"": ""etsy"", ""verified"": true}, ""domain_url"": ""www.etsy.com"", ""image_small_url"": ""https://i.pinimg.com/30x30_RS/d1/84/c8/d184c8624cb409c8f6e4fcf8baf91cd2.jpg"", ""domain_verified"": true, ""first_name"": ""Etsy"", ""followed_by_me"": false, ""type"": ""user"", ""instagram_data"": null, ""explicitly_followed_by_me"": false, ""username"": ""etsy"", ""blocked_by_me"": false, ""follower_count"": 11239300, ""id"": ""155304024558534660"", ""full_name"": ""Etsy""}"
155303888285774821,https://www.pinterest.com/pin/155303888285774821,Personalized Child's Chair,"Bring a little woodland magic to your baby’s nursery decor, or your little one's new big kid room with this personalized children’s chair. Each chair is hand-painted and features their name with a cozy fox and forest themes like mushrooms, acorns, oak, and bluebells, and so many options for customization.",https://etsy.me/4fQWc1C,https://i.pinimg.com/736x/fb/43/66/fb4366872b9a68a8957b56de5671d01b.jpg,fb4366872b9a68a8957b56de5671d01b,0,18,17,0,0,2,"{""1"": 4}","Sat, 06 Jun 2026 16:32:50 +0000",2026-06-25 05:25:02.970000,/etsy/etsy-kids/,Etsy Kids,0,0,public,kids,etsy,Etsy,https://www.pinterest.com/etsy/,0,0,11239301,0,0,"{""is_default_image"": false, ""blocked_by_me"": false, ""full_name"": ""Etsy"", ""ads_only_profile_site"": null, ""domain_url"": ""www.etsy.com"", ""is_ads_only_profile"": false, ""verified_identity"": {""name"": ""etsy"", ""verified"": true}, ""username"": ""etsy"", ""is_verified_merchant"": true, ""image_small_url"": ""https://i.pinimg.com/30x30_RS/d1/84/c8/d184c8624cb409c8f6e4fcf8baf91cd2.jpg"", ""instagram_data"": null, ""followed_by_me"": false, ""type"": ""user"", ""domain_verified"": true, ""first_name"": ""Etsy"", ""explicitly_followed_by_me"": false, ""indexed"": true, ""image_medium_url"": ""https://i.pinimg.com/75x75_RS/d1/84/c8/d184c8624cb409c8f6e4fcf8baf91cd2.jpg"", ""id"": ""155304024558534660"", ""follower_count"": 11239301}"
155303888285778376,https://www.pinterest.com/pin/155303888285778376,Cross-Stitch Embroidery Stickers,"You're going to want to add these cross-stitch designs by Etsy seller StitchinWithSamantha to every blank tee, sweatshirt, and piece of denim in your closet. These cute stick-and-stitch designs are beginner-friendly and rinse off when you're done embroidering.",https://etsy.me/4e1eURy,https://i.pinimg.com/736x/42/54/db/4254db526b2b2e9cceef59564fbd79e7.jpg,4254db526b2b2e9cceef59564fbd79e7,0,26,25,4,0,5,"{""1"": 12}","Sun, 07 Jun 2026 22:02:56 +0000",2026-06-25 05:25:03.201000,/etsy/diy-kits-patterns-and-more/,"DIY Kits, Patterns and More",0,0,public,diy_crafts,etsy,Etsy,https://www.pinterest.com/etsy/,0,0,11239301,0,0,"{""followed_by_me"": false, ""explicitly_followed_by_me"": false, ""ads_only_profile_site"": null, ""is_default_image"": false, ""indexed"": true, ""blocked_by_me"": false, ""instagram_data"": null, ""is_verified_merchant"": true, ""id"": ""155304024558534660"", ""follower_count"": 11239301, ""is_ads_only_profile"": false, ""domain_url"": ""www.etsy.com"", ""first_name"": ""Etsy"", ""username"": ""etsy"", ""image_medium_url"": ""https://i.pinimg.com/75x75_RS/d1/84/c8/d184c8624cb409c8f6e4fcf8baf91cd2.jpg"", ""full_name"": ""Etsy"", ""verified_identity"": {""name"": ""etsy"", ""verified"": true}, ""type"": ""user"", ""image_small_url"": ""https://i.pinimg.com/30x30_RS/d1/84/c8/d184c8624cb409c8f6e4fcf8baf91cd2.jpg"", ""domain_verified"": true}"
155303888285780857,https://www.pinterest.com/pin/155303888285780857,Ice Cream Crafternoon,"Summer calls for ice cream, and parties call for fun crafts to keep everyone busy. These craft kits come with everything you need to make your own colorful yarn ice cream cone. They're a great party activity, or make perfect party decor decor, and each kit includes the materials you need.",https://etsy.me/3S23KER,https://i.pinimg.com/736x/65/1d/4e/651d4e00620abc9aee973a2823c47ad1.jpg,651d4e00620abc9aee973a2823c47ad1,0,20,19,0,0,6,"{""1"": 5}","Mon, 08 Jun 2026 15:04:56 +0000",2026-06-25 05:25:44.906000,/etsy/diy-kits-patterns-and-more/,"DIY Kits, Patterns and More",0,0,public,diy_crafts,etsy,Etsy,https://www.pinterest.com/etsy/,0,0,11239300,0,0,"{""username"": ""etsy"", ""id"": ""155304024558534660"", ""verified_identity"": {""name"": ""etsy"", ""verified"": true}, ""image_medium_url"": ""https://i.pinimg.com/75x75_RS/d1/84/c8/d184c8624cb409c8f6e4fcf8baf91cd2.jpg"", ""explicitly_followed_by_me"": false, ""is_verified_merchant"": true, ""followed_by_me"": false, ""is_ads_only_profile"": false, ""blocked_by_me"": false, ""first_name"": ""Etsy"", ""ads_only_profile_site"": null, ""follower_count"": 11239300, ""domain_verified"": true, ""indexed"": true, ""image_small_url"": ""https://i.pinimg.com/30x30_RS/d1/84/c8/d184c8624cb409c8f6e4fcf8baf91cd2.jpg"", ""instagram_data"": null, ""is_default_image"": false, ""type"": ""user"", ""full_name"": ""Etsy"", ""domain_url"": ""www.etsy.com""}"
155303888285782114,https://www.pinterest.com/pin/155303888285782114,Vintage Lace Top,"Add a touch of '90's flair to your wardrobe with this vintage tie-front tan lace crop top. Featuring long sleeves, ruffles around the neckline and cuffs, and a chic tie-front design, this top is perfect for both casual and dressy occasions, and maybe even a bachelorette party!",https://etsy.me/3Sg94o8,https://i.pinimg.com/736x/52/8b/18/528b18fe01e269b63fc6b04af26a83d1.jpg,528b18fe01e269b63fc6b04af26a83d1,0,7,6,0,0,2,"{""1"": 4}","Tue, 09 Jun 2026 00:01:34 +0000",2026-06-25 05:25:44.586000,/etsy/etsy-fashion/,Etsy Fashion,0,0,public,womens_fashion,etsy,Etsy,https://www.pinterest.com/etsy/,0,0,11239300,0,0,"{""instagram_data"": null, ""id"": ""155304024558534660"", ""verified_identity"": {""name"": ""etsy"", ""verified"": true}, ""is_verified_merchant"": true, ""image_medium_url"": ""https://i.pinimg.com/75x75_RS/d1/84/c8/d184c8624cb409c8f6e4fcf8baf91cd2.jpg"", ""full_name"": ""Etsy"", ""username"": ""etsy"", ""explicitly_followed_by_me"": false, ""domain_url"": ""www.etsy.com"", ""followed_by_me"": false, ""is_ads_only_profile"": false, ""type"": ""user"", ""follower_count"": 11239300, ""ads_only_profile_site"": null, ""indexed"": true, ""blocked_by_me"": false, ""domain_verified"": true, ""first_name"": ""Etsy"", ""image_small_url"": ""https://i.pinimg.com/30x30_RS/d1/84/c8/d184c8624cb409c8f6e4fcf8baf91cd2.jpg"", ""is_default_image"": false}"
155303888285783570,https://www.pinterest.com/pin/155303888285783570,Floral Sterling Silver Ring,"A refined blue bloom ring for everyday, or the most special events. Handcrafted in New York, this sterling-silver flower ring features a beautiful lapis lazuli stone inside of a sculpted floral design, and is made-to-order for the perfect fit.",https://etsy.me/4fi7iMX,https://i.pinimg.com/736x/da/d7/0c/dad70c1e28cb36029f23798fbd47613d.jpg,dad70c1e28cb36029f23798fbd47613d,0,5,4,1,0,2,"{""1"": 2}","Tue, 09 Jun 2026 16:33:29 +0000",2026-06-25 05:25:44.436000,/etsy/etsy-jewelry/,Etsy Jewelry,0,0,public,womens_fashion,etsy,Etsy,https://www.pinterest.com/etsy/,0,0,11239300,0,0,"{""full_name"": ""Etsy"", ""username"": ""etsy"", ""is_default_image"": false, ""ads_only_profile_site"": null, ""blocked_by_me"": false, ""domain_url"": ""www.etsy.com"", ""image_medium_url"": ""https://i.pinimg.com/75x75_RS/d1/84/c8/d184c8624cb409c8f6e4fcf8baf91cd2.jpg"", ""type"": ""user"", ""first_name"": ""Etsy"", ""image_small_url"": ""https://i.pinimg.com/30x30_RS/d1/84/c8/d184c8624cb409c8f6e4fcf8baf91cd2.jpg"", ""explicitly_followed_by_me"": false, ""domain_verified"": true, ""indexed"": true, ""is_verified_merchant"": true, ""verified_identity"": {""name"": ""etsy"", ""verified"": true}, ""instagram_data"": null, ""followed_by_me"": false, ""is_ads_only_profile"": false, ""follower_count"": 11239300, ""id"": ""155304024558534660""}"
155303888285784557,https://www.pinterest.com/pin/155303888285784557,Hosting a Hot Dog Party,"Hot dogs are the unofficial meal of a perfect summer, and that calls for a themed outdoor dinner party complete with hot dog place settings, custom banners, balloons, thematic serving platters and more.  Get your summer barbecue merch, only on Etsy.",https://etsy.me/4x0q1Df,https://i.pinimg.com/736x/6f/08/e9/6f08e9a753c806a430c54a5163000836.jpg,6f08e9a753c806a430c54a5163000836,0,7,6,0,0,2,"{""1"": 5}","Wed, 10 Jun 2026 00:30:25 +0000",2026-06-25 05:25:44.426000,/etsy/etsy-finds/,Etsy Finds,0,0,public,products,etsy,Etsy,https://www.pinterest.com/etsy/,0,0,11239300,0,0,"{""blocked_by_me"": false, ""is_verified_merchant"": true, ""indexed"": true, ""image_medium_url"": ""https://i.pinimg.com/75x75_RS/d1/84/c8/d184c8624cb409c8f6e4fcf8baf91cd2.jpg"", ""explicitly_followed_by_me"": false, ""username"": ""etsy"", ""ads_only_profile_site"": null, ""id"": ""155304024558534660"", ""is_ads_only_profile"": false, ""first_name"": ""Etsy"", ""follower_count"": 11239300, ""type"": ""user"", ""domain_url"": ""www.etsy.com"", ""verified_identity"": {""name"": ""etsy"", ""verified"": true}, ""is_default_image"": false, ""full_name"": ""Etsy"", ""domain_verified"": true, ""instagram_data"": null, ""image_small_url"": ""https://i.pinimg.com/30x30_RS/d1/84/c8/d184c8624cb409c8f6e4fcf8baf91cd2.jpg"", ""followed_by_me"": false}"
155303888285786269,https://www.pinterest.com/pin/155303888285786269,Vibrant Art Print,"Your walls have been asking for a burst of color, and Etsy seller MikDuds has you covered!  Vibrant hues, a nun playing the keyboard and an infusion of southwestern details make this a showstopping addition to your gallery walls.",https://etsy.me/4vpkN26,https://i.pinimg.com/736x/d0/c7/83/d0c7834904f25eb3f02f42478ab99c4f.jpg,d0c7834904f25eb3f02f42478ab99c4f,0,13,11,7,0,2,"{""1"": 12}","Wed, 10 Jun 2026 17:02:41 +0000",2026-06-25 05:25:44.457000,/etsy/artwork-for-your-home/,Artwork for Your Home,0,0,public,art,etsy,Etsy,https://www.pinterest.com/etsy/,0,0,11239300,0,0,"{""ads_only_profile_site"": null, ""type"": ""user"", ""blocked_by_me"": false, ""image_medium_url"": ""https://i.pinimg.com/75x75_RS/d1/84/c8/d184c8624cb409c8f6e4fcf8baf91cd2.jpg"", ""domain_url"": ""www.etsy.com"", ""is_default_image"": false, ""indexed"": true, ""first_name"": ""Etsy"", ""explicitly_followed_by_me"": false, ""is_verified_merchant"": true, ""followed_by_me"": false, ""id"": ""155304024558534660"", ""follower_count"": 11239300, ""instagram_data"": null, ""is_ads_only_profile"": false, ""image_small_url"": ""https://i.pinimg.com/30x30_RS/d1/84/c8/d184c8624cb409c8f6e4fcf8baf91cd2.jpg"", ""domain_verified"": true, ""verified_identity"": {""name"": ""etsy"", ""verified"": true}, ""username"": ""etsy"", ""full_name"": ""Etsy""}"
155303888285787320,https://www.pinterest.com/pin/155303888285787320,Stylish Summer Shell Earrings,"Whether you're a beach bride, or just love coastal-inspired style, these nautilus shell earrings were made for you. Handmade with genuine rainbow nautilus shells, the natural iridescence will highlight your chic style with each wear.",https://etsy.me/4vmApmV,https://i.pinimg.com/736x/25/8f/d7/258fd720f711da06ed0d6e3447339f0e.jpg,258fd720f711da06ed0d6e3447339f0e,0,1,0,2,0,2,"{""1"": 3}","Thu, 11 Jun 2026 00:33:23 +0000",2026-06-25 05:25:03.042000,/etsy/etsy-jewelry/,Etsy Jewelry,0,0,public,womens_fashion,etsy,Etsy,https://www.pinterest.com/etsy/,0,0,11239301,0,0,"{""indexed"": true, ""image_medium_url"": ""https://i.pinimg.com/75x75_RS/d1/84/c8/d184c8624cb409c8f6e4fcf8baf91cd2.jpg"", ""is_ads_only_profile"": false, ""is_verified_merchant"": true, ""image_small_url"": ""https://i.pinimg.com/30x30_RS/d1/84/c8/d184c8624cb409c8f6e4fcf8baf91cd2.jpg"", ""domain_verified"": true, ""explicitly_followed_by_me"": false, ""domain_url"": ""www.etsy.com"", ""full_name"": ""Etsy"", ""is_default_image"": false, ""verified_identity"": {""name"": ""etsy"", ""verified"": true}, ""instagram_data"": null, ""username"": ""etsy"", ""first_name"": ""Etsy"", ""type"": ""user"", ""id"": ""155304024558534660"", ""ads_only_profile_site"": null, ""followed_by_me"": false, ""blocked_by_me"": false, ""follower_count"": 11239301}"
155303888285789342,https://www.pinterest.com/pin/155303888285789342,Handmade Happy Face Ceramics,"Bring a smile to your kitchen space with this spoonrest and utensil holder set. Handmade from natural clay, and painted by hand, this whimsical set will brighten up the everyday.  It also makes a fabulous housewarming gift.",https://etsy.me/4uM13Wn,https://i.pinimg.com/736x/58/b1/d9/58b1d9ca3f3433dc9c4dfebbe6c14e8d.jpg,58b1d9ca3f3433dc9c4dfebbe6c14e8d,0,7,6,1,0,1,"{""1"": 4}","Thu, 11 Jun 2026 16:05:30 +0000",2026-06-25 05:25:44.415000,/etsy/kitchen-must-haves/,Kitchen Must-Haves,0,0,public,food_drink,etsy,Etsy,https://www.pinterest.com/etsy/,0,0,11239300,0,0,"{""follower_count"": 11239300, ""image_medium_url"": ""https://i.pinimg.com/75x75_RS/d1/84/c8/d184c8624cb409c8f6e4fcf8baf91cd2.jpg"", ""explicitly_followed_by_me"": false, ""followed_by_me"": false, ""image_small_url"": ""https://i.pinimg.com/30x30_RS/d1/84/c8/d184c8624cb409c8f6e4fcf8baf91cd2.jpg"", ""id"": ""155304024558534660"", ""instagram_data"": null, ""verified_identity"": {""name"": ""etsy"", ""verified"": true}, ""type"": ""user"", ""ads_only_profile_site"": null, ""indexed"": true, ""username"": ""etsy"", ""first_name"": ""Etsy"", ""is_ads_only_profile"": false, ""blocked_by_me"": false, ""full_name"": ""Etsy"", ""is_default_image"": false, ""is_verified_merchant"": true, ""domain_url"": ""www.etsy.com"", ""domain_verified"": true}"
155303888285790678,https://www.pinterest.com/pin/155303888285790678,Novelty Tennis Racket Art,"This is what happens when you pair a vintage tennis racket with unique hand-embroidery. Inspired by beach days and effortless cabana style, this piece adds just the right amount of charm and color to your walls.",https://etsy.me/4x0pUrj,https://i.pinimg.com/736x/0a/16/9c/0a169c0d4d0d01b8a39bf4fbb7c679fa.jpg,0a169c0d4d0d01b8a39bf4fbb7c679fa,0,8,7,0,0,3,"{""1"": 6}","Fri, 12 Jun 2026 01:03:13 +0000",2026-06-25 05:25:02.957000,/etsy/home-decor/,Home Decor,0,0,public,home_decor,etsy,Etsy,https://www.pinterest.com/etsy/,0,0,11239301,0,0,"{""first_name"": ""Etsy"", ""domain_url"": ""www.etsy.com"", ""image_medium_url"": ""https://i.pinimg.com/75x75_RS/d1/84/c8/d184c8624cb409c8f6e4fcf8baf91cd2.jpg"", ""image_small_url"": ""https://i.pinimg.com/30x30_RS/d1/84/c8/d184c8624cb409c8f6e4fcf8baf91cd2.jpg"", ""instagram_data"": null, ""domain_verified"": true, ""explicitly_followed_by_me"": false, ""followed_by_me"": false, ""full_name"": ""Etsy"", ""is_verified_merchant"": true, ""is_ads_only_profile"": false, ""is_default_image"": false, ""type"": ""user"", ""blocked_by_me"": false, ""indexed"": true, ""ads_only_profile_site"": null, ""username"": ""etsy"", ""id"": ""155304024558534660"", ""verified_identity"": {""name"": ""etsy"", ""verified"": true}, ""follower_count"": 11239301}"
155303888285793067,https://www.pinterest.com/pin/155303888285793067,Embroidered Aprons For Everyone,"Get the whole family in the kitchen with embroidered personalized aprons for kids and adults. Let everyone pick their own color and font, and enjoy cozy afternoons baking, or summer afternoons at the grill in style.",https://etsy.me/4xiBHkF,https://i.pinimg.com/736x/89/c9/67/89c96763986af5b59eba3c6bd356adb8.jpg,89c96763986af5b59eba3c6bd356adb8,0,1,0,4,0,0,"{""1"": 6}","Fri, 12 Jun 2026 21:31:51 +0000",2026-06-25 05:25:02.938000,/etsy/_quick_creates/,Pins by you,0,0,public,,etsy,Etsy,https://www.pinterest.com/etsy/,0,0,11239301,0,0,"{""first_name"": ""Etsy"", ""followed_by_me"": false, ""verified_identity"": {""name"": ""etsy"", ""verified"": true}, ""instagram_data"": null, ""full_name"": ""Etsy"", ""is_verified_merchant"": true, ""username"": ""etsy"", ""explicitly_followed_by_me"": false, ""blocked_by_me"": false, ""id"": ""155304024558534660"", ""domain_url"": ""www.etsy.com"", ""indexed"": true, ""domain_verified"": true, ""follower_count"": 11239301, ""image_medium_url"": ""https://i.pinimg.com/75x75_RS/d1/84/c8/d184c8624cb409c8f6e4fcf8baf91cd2.jpg"", ""type"": ""user"", ""image_small_url"": ""https://i.pinimg.com/30x30_RS/d1/84/c8/d184c8624cb409c8f6e4fcf8baf91cd2.jpg"", ""ads_only_profile_site"": null, ""is_ads_only_profile"": false, ""is_default_image"": false}"
155303888285795959,https://www.pinterest.com/pin/155303888285795959,Craft Projects to Save,"Save these DIY projects for your next rainy day and get into your craft era. Vintage buttons can transform a thrifted hat, a vintage doily gets new life in a picture frame, the whole gallery wall gets a glow-up with vintage frames, and brooches aren't just for wearing, but for customizing a basic lamp.",https://etsy.me/4aU1SoV,https://i.pinimg.com/736x/ea/d9/11/ead9116fbe782bf2f025f8c4fb857c0e.jpg,ead9116fbe782bf2f025f8c4fb857c0e,0,7,6,0,0,6,"{""1"": 5}","Sun, 14 Jun 2026 01:32:58 +0000",2026-06-25 05:25:44.428000,/etsy/diy-kits-patterns-and-more/,"DIY Kits, Patterns and More",0,0,public,diy_crafts,etsy,Etsy,https://www.pinterest.com/etsy/,0,0,11239300,0,0,"{""first_name"": ""Etsy"", ""followed_by_me"": false, ""instagram_data"": null, ""domain_verified"": true, ""is_ads_only_profile"": false, ""ads_only_profile_site"": null, ""image_small_url"": ""https://i.pinimg.com/30x30_RS/d1/84/c8/d184c8624cb409c8f6e4fcf8baf91cd2.jpg"", ""type"": ""user"", ""blocked_by_me"": false, ""indexed"": true, ""id"": ""155304024558534660"", ""explicitly_followed_by_me"": false, ""is_verified_merchant"": true, ""image_medium_url"": ""https://i.pinimg.com/75x75_RS/d1/84/c8/d184c8624cb409c8f6e4fcf8baf91cd2.jpg"", ""username"": ""etsy"", ""is_default_image"": false, ""follower_count"": 11239300, ""verified_identity"": {""name"": ""etsy"", ""verified"": true}, ""domain_url"": ""www.etsy.com"", ""full_name"": ""Etsy""}"
155303888285798442,https://www.pinterest.com/pin/155303888285798442,Daisy Print Linen Napkins,"Bring a bold pop of color to the table all season long with block-printed daisy napkins from Etsy seller JuliePeach. These linens are all handmade, will get better with age, and make a great housewarming gift.",https://etsy.me/4xmh5YP,https://i.pinimg.com/736x/c6/71/fe/c671fe97cf7da1f361775080b64ed7a4.jpg,c671fe97cf7da1f361775080b64ed7a4,0,6,5,0,0,2,"{""1"": 5}","Sun, 14 Jun 2026 22:33:22 +0000",2026-06-25 05:25:02.919000,/etsy/kitchen-must-haves/,Kitchen Must-Haves,0,0,public,food_drink,etsy,Etsy,https://www.pinterest.com/etsy/,0,0,11239301,0,0,"{""first_name"": ""Etsy"", ""verified_identity"": {""name"": ""etsy"", ""verified"": true}, ""is_default_image"": false, ""image_small_url"": ""https://i.pinimg.com/30x30_RS/d1/84/c8/d184c8624cb409c8f6e4fcf8baf91cd2.jpg"", ""ads_only_profile_site"": null, ""indexed"": true, ""is_verified_merchant"": true, ""blocked_by_me"": false, ""username"": ""etsy"", ""instagram_data"": null, ""follower_count"": 11239301, ""explicitly_followed_by_me"": false, ""type"": ""user"", ""followed_by_me"": false, ""domain_verified"": true, ""id"": ""155304024558534660"", ""full_name"": ""Etsy"", ""domain_url"": ""www.etsy.com"", ""is_ads_only_profile"": false, ""image_medium_url"": ""https://i.pinimg.com/75x75_RS/d1/84/c8/d184c8624cb409c8f6e4fcf8baf91cd2.jpg""}"
155303888285800628,https://www.pinterest.com/pin/155303888285800628,Polymer Clay Hair Pin,"Made to emulate a painter's palette, this hair accessory pins into your hair thanks to a real paintbrush. Etsy seller TreasureHuntStudio hand-shapes and places each detailed flower petal to create a completely one-of-a-kind piece to that turns your hair into a work of art.",https://etsy.me/49P2smU,https://i.pinimg.com/736x/72/c9/24/72c924ae22cb2088fc25c0a63df030e8.jpg,72c924ae22cb2088fc25c0a63df030e8,0,14,13,0,0,2,"{""1"": 4}","Mon, 15 Jun 2026 16:03:39 +0000",2026-06-25 05:25:44.468000,/etsy/stylish-hair-accessories/,Stylish Hair Accessories,0,0,public,womens_fashion,etsy,Etsy,https://www.pinterest.com/etsy/,0,0,11239300,0,0,"{""domain_url"": ""www.etsy.com"", ""is_ads_only_profile"": false, ""username"": ""etsy"", ""instagram_data"": null, ""id"": ""155304024558534660"", ""verified_identity"": {""name"": ""etsy"", ""verified"": true}, ""follower_count"": 11239300, ""first_name"": ""Etsy"", ""full_name"": ""Etsy"", ""image_medium_url"": ""https://i.pinimg.com/75x75_RS/d1/84/c8/d184c8624cb409c8f6e4fcf8baf91cd2.jpg"", ""ads_only_profile_site"": null, ""image_small_url"": ""https://i.pinimg.com/30x30_RS/d1/84/c8/d184c8624cb409c8f6e4fcf8baf91cd2.jpg"", ""indexed"": true, ""is_verified_merchant"": true, ""is_default_image"": false, ""domain_verified"": true, ""explicitly_followed_by_me"": false, ""blocked_by_me"": false, ""type"": ""user"", ""followed_by_me"": false}"
155303888285801802,https://www.pinterest.com/pin/155303888285801802,Summer Sailor Style,"Whether you plan to spend the summer boating, or just want to embrace a nautical vibe, these sailor-style boxy cropped tanks from Etsy seller StudioVSM are a must for casual summer outfits.",https://etsy.me/4fYybWH,https://i.pinimg.com/736x/0a/ea/75/0aea758bfd10953ddef7f31a63372ac1.jpg,0aea758bfd10953ddef7f31a63372ac1,0,5,4,0,0,0,"{""1"": 4}","Tue, 16 Jun 2026 00:32:20 +0000",2026-06-25 05:25:03.085000,/etsy/etsy-fashion/,Etsy Fashion,0,0,public,womens_fashion,etsy,Etsy,https://www.pinterest.com/etsy/,0,0,11239301,0,0,"{""domain_verified"": true, ""first_name"": ""Etsy"", ""type"": ""user"", ""image_medium_url"": ""https://i.pinimg.com/75x75_RS/d1/84/c8/d184c8624cb409c8f6e4fcf8baf91cd2.jpg"", ""indexed"": true, ""explicitly_followed_by_me"": false, ""ads_only_profile_site"": null, ""is_default_image"": false, ""id"": ""155304024558534660"", ""full_name"": ""Etsy"", ""domain_url"": ""www.etsy.com"", ""username"": ""etsy"", ""followed_by_me"": false, ""verified_identity"": {""name"": ""etsy"", ""verified"": true}, ""is_verified_merchant"": true, ""blocked_by_me"": false, ""instagram_data"": null, ""is_ads_only_profile"": false, ""follower_count"": 11239301, ""image_small_url"": ""https://i.pinimg.com/30x30_RS/d1/84/c8/d184c8624cb409c8f6e4fcf8baf91cd2.jpg""}"
155303888285803288,https://www.pinterest.com/pin/155303888285803288,Peanut Butter & Jelly Artwork,Peanut butter and jelly gets the all-star treatment in this original oil painting from artist and Etsy seller JuliaStanArt. This ultra-detailed painting was made for your kitchen walls.,https://etsy.me/3RYK98I,https://i.pinimg.com/736x/02/0e/c3/020ec39538397055d22ace11115c539c.jpg,020ec39538397055d22ace11115c539c,0,10,9,0,0,3,"{""1"": 6}","Tue, 16 Jun 2026 14:30:55 +0000",2026-06-25 05:25:44.444000,/etsy/home-decor/,Home Decor,0,0,public,home_decor,etsy,Etsy,https://www.pinterest.com/etsy/,0,0,11239300,0,0,"{""first_name"": ""Etsy"", ""blocked_by_me"": false, ""image_small_url"": ""https://i.pinimg.com/30x30_RS/d1/84/c8/d184c8624cb409c8f6e4fcf8baf91cd2.jpg"", ""is_ads_only_profile"": false, ""full_name"": ""Etsy"", ""type"": ""user"", ""is_default_image"": false, ""followed_by_me"": false, ""id"": ""155304024558534660"", ""follower_count"": 11239300, ""explicitly_followed_by_me"": false, ""domain_url"": ""www.etsy.com"", ""username"": ""etsy"", ""image_medium_url"": ""https://i.pinimg.com/75x75_RS/d1/84/c8/d184c8624cb409c8f6e4fcf8baf91cd2.jpg"", ""is_verified_merchant"": true, ""instagram_data"": null, ""ads_only_profile_site"": null, ""indexed"": true, ""domain_verified"": true, ""verified_identity"": {""name"": ""etsy"", ""verified"": true}}"
155303888285804679,https://www.pinterest.com/pin/155303888285804679,Unique Colorful Frames,"Display your favorite photos with a punchy, monochromatic frame that will pop on your gallery wall.  Available for multiple photo sizes, each mat is cut from acid-free board to match its frame, and make your photos stand out.",https://etsy.me/4gcGa2b,https://i.pinimg.com/736x/ba/aa/d8/baaad84e067d329a937313a327d7a9aa.jpg,baaad84e067d329a937313a327d7a9aa,0,17,16,0,0,1,"{""1"": 4}","Wed, 17 Jun 2026 00:02:49 +0000",2026-06-25 05:25:03.213000,/etsy/home-decor/,Home Decor,0,0,public,home_decor,etsy,Etsy,https://www.pinterest.com/etsy/,0,0,11239301,0,0,"{""indexed"": true, ""followed_by_me"": false, ""type"": ""user"", ""is_ads_only_profile"": false, ""follower_count"": 11239301, ""verified_identity"": {""name"": ""etsy"", ""verified"": true}, ""blocked_by_me"": false, ""id"": ""155304024558534660"", ""image_small_url"": ""https://i.pinimg.com/30x30_RS/d1/84/c8/d184c8624cb409c8f6e4fcf8baf91cd2.jpg"", ""explicitly_followed_by_me"": false, ""domain_verified"": true, ""domain_url"": ""www.etsy.com"", ""is_default_image"": false, ""image_medium_url"": ""https://i.pinimg.com/75x75_RS/d1/84/c8/d184c8624cb409c8f6e4fcf8baf91cd2.jpg"", ""instagram_data"": null, ""first_name"": ""Etsy"", ""full_name"": ""Etsy"", ""username"": ""etsy"", ""is_verified_merchant"": true, ""ads_only_profile_site"": null}"
155303888285806680,https://www.pinterest.com/pin/155303888285806680,Bridesmaid Gifts for Every Style,"Gifts for your best girls should be as unique as they are. From sporty to thrifty, girly and preppy, Etsy has personalized and unique gifts for everyone in your bridal party.",https://etsy.me/4owhp3b,https://i.pinimg.com/736x/09/fe/3d/09fe3de9354c366075b71723add855bb.jpg,09fe3de9354c366075b71723add855bb,0,10,7,0,0,2,"{""1"": 6}","Wed, 17 Jun 2026 16:07:13 +0000",2026-06-25 05:25:44.437000,/etsy/etsy-weddings/,Etsy Weddings,0,0,public,weddings,etsy,Etsy,https://www.pinterest.com/etsy/,0,0,11239300,0,0,"{""id"": ""155304024558534660"", ""follower_count"": 11239300, ""is_verified_merchant"": true, ""blocked_by_me"": false, ""full_name"": ""Etsy"", ""ads_only_profile_site"": null, ""instagram_data"": null, ""username"": ""etsy"", ""verified_identity"": {""name"": ""etsy"", ""verified"": true}, ""first_name"": ""Etsy"", ""is_ads_only_profile"": false, ""image_medium_url"": ""https://i.pinimg.com/75x75_RS/d1/84/c8/d184c8624cb409c8f6e4fcf8baf91cd2.jpg"", ""followed_by_me"": false, ""indexed"": true, ""type"": ""user"", ""domain_url"": ""www.etsy.com"", ""image_small_url"": ""https://i.pinimg.com/30x30_RS/d1/84/c8/d184c8624cb409c8f6e4fcf8baf91cd2.jpg"", ""is_default_image"": false, ""explicitly_followed_by_me"": false, ""domain_verified"": true}"
155303888285807923,https://www.pinterest.com/pin/155303888285807923,Embroidered Lace Wedding Place Cards,"Lace is known for its timeless elegance, and it adds an effortlessly romantic touch to every space and tablescape. Finish off your wedding tablescapes with these custom embroidered tulle name tags that will add a personal touch and make a beautiful favor for each guest.",https://etsy.me/4fFKjM6,https://i.pinimg.com/736x/6c/c3/83/6cc383b7b8da2d8bc79bde112269ef6c.jpg,6cc383b7b8da2d8bc79bde112269ef6c,0,3,2,1,0,1,"{""1"": 3}","Thu, 18 Jun 2026 00:31:31 +0000",2026-06-25 05:25:03.255000,/etsy/etsy-weddings/,Etsy Weddings,0,0,public,weddings,etsy,Etsy,https://www.pinterest.com/etsy/,0,0,11239301,0,0,"{""first_name"": ""Etsy"", ""explicitly_followed_by_me"": false, ""domain_verified"": true, ""indexed"": true, ""domain_url"": ""www.etsy.com"", ""is_verified_merchant"": true, ""is_default_image"": false, ""verified_identity"": {""name"": ""etsy"", ""verified"": true}, ""is_ads_only_profile"": false, ""instagram_data"": null, ""username"": ""etsy"", ""followed_by_me"": false, ""id"": ""155304024558534660"", ""blocked_by_me"": false, ""image_small_url"": ""https://i.pinimg.com/30x30_RS/d1/84/c8/d184c8624cb409c8f6e4fcf8baf91cd2.jpg"", ""image_medium_url"": ""https://i.pinimg.com/75x75_RS/d1/84/c8/d184c8624cb409c8f6e4fcf8baf91cd2.jpg"", ""type"": ""user"", ""ads_only_profile_site"": null, ""full_name"": ""Etsy"", ""follower_count"": 11239301}"
155303888285810000,https://www.pinterest.com/pin/155303888285810000,Throw Yourself a Ballet Birthday Party,"Long live girlhood, and a ballet themed birthday party for you and all your besties. Ballet flats and tutus are not required, but highly encouraged, while party decor, and favors will be personalized and highly nostalgic.",https://etsy.me/49Sgx2R,https://i.pinimg.com/736x/e8/2d/1a/e82d1a3dc8ca1cfd9132ef1558b3ef8e.jpg,e82d1a3dc8ca1cfd9132ef1558b3ef8e,0,5,4,1,0,0,"{""1"": 13}","Thu, 18 Jun 2026 16:03:44 +0000",2026-06-25 05:25:03.062000,/etsy/etsy-weddings/,Etsy Weddings,0,0,public,weddings,etsy,Etsy,https://www.pinterest.com/etsy/,0,0,11239301,0,0,"{""instagram_data"": null, ""id"": ""155304024558534660"", ""image_small_url"": ""https://i.pinimg.com/30x30_RS/d1/84/c8/d184c8624cb409c8f6e4fcf8baf91cd2.jpg"", ""verified_identity"": {""name"": ""etsy"", ""verified"": true}, ""domain_url"": ""www.etsy.com"", ""domain_verified"": true, ""username"": ""etsy"", ""follower_count"": 11239301, ""is_default_image"": false, ""ads_only_profile_site"": null, ""type"": ""user"", ""indexed"": true, ""blocked_by_me"": false, ""full_name"": ""Etsy"", ""is_verified_merchant"": true, ""followed_by_me"": false, ""is_ads_only_profile"": false, ""first_name"": ""Etsy"", ""image_medium_url"": ""https://i.pinimg.com/75x75_RS/d1/84/c8/d184c8624cb409c8f6e4fcf8baf91cd2.jpg"", ""explicitly_followed_by_me"": false}"
155303888285811197,https://www.pinterest.com/pin/155303888285811197,Silly Goose Charm Necklace,"Didn't think a charm necklace could get any cuter? Think again!  Etsy seller ShelleandJune paints miniature portraits of geese for these beautiful handmade beaded necklaces, each piece is made to order and naturally one-of-a-kind.",https://etsy.me/442n5sd,https://i.pinimg.com/736x/97/3a/d8/973ad83cabffb69610bc2363e884e8b6.jpg,973ad83cabffb69610bc2363e884e8b6,0,17,16,2,0,3,"{""1"": 9}","Fri, 19 Jun 2026 00:33:19 +0000",2026-06-25 05:25:03.242000,/etsy/etsy-jewelry/,Etsy Jewelry,0,0,public,womens_fashion,etsy,Etsy,https://www.pinterest.com/etsy/,0,0,11239301,0,0,"{""is_ads_only_profile"": false, ""domain_url"": ""www.etsy.com"", ""is_default_image"": false, ""explicitly_followed_by_me"": false, ""first_name"": ""Etsy"", ""follower_count"": 11239301, ""username"": ""etsy"", ""domain_verified"": true, ""indexed"": true, ""ads_only_profile_site"": null, ""verified_identity"": {""name"": ""etsy"", ""verified"": true}, ""followed_by_me"": false, ""full_name"": ""Etsy"", ""image_small_url"": ""https://i.pinimg.com/30x30_RS/d1/84/c8/d184c8624cb409c8f6e4fcf8baf91cd2.jpg"", ""instagram_data"": null, ""image_medium_url"": ""https://i.pinimg.com/75x75_RS/d1/84/c8/d184c8624cb409c8f6e4fcf8baf91cd2.jpg"", ""blocked_by_me"": false, ""id"": ""155304024558534660"", ""type"": ""user"", ""is_verified_merchant"": true}"
155303888285813910,https://www.pinterest.com/pin/155303888285813910,Stunning Vintage Lipstick Holder,"Romanticize your everyday with a beautiful vintage lipstick carousel. These ornate pieces were made for both form and function, and they effortlessly add a beautiful vintage touch to your dressing room, closet or vanity.",https://etsy.me/4oEscbB,https://i.pinimg.com/736x/ca/a1/45/caa145a8291aa5cb72df9df760062b0d.jpg,caa145a8291aa5cb72df9df760062b0d,0,10,8,2,0,1,"{""1"": 10}","Fri, 19 Jun 2026 23:02:16 +0000",2026-06-25 05:25:03.126000,/etsy/vintage-treasures/,Vintage Treasures,0,0,public,products,etsy,Etsy,https://www.pinterest.com/etsy/,0,0,11239301,0,0,"{""blocked_by_me"": false, ""instagram_data"": null, ""username"": ""etsy"", ""full_name"": ""Etsy"", ""ads_only_profile_site"": null, ""verified_identity"": {""name"": ""etsy"", ""verified"": true}, ""domain_verified"": true, ""image_small_url"": ""https://i.pinimg.com/30x30_RS/d1/84/c8/d184c8624cb409c8f6e4fcf8baf91cd2.jpg"", ""is_ads_only_profile"": false, ""image_medium_url"": ""https://i.pinimg.com/75x75_RS/d1/84/c8/d184c8624cb409c8f6e4fcf8baf91cd2.jpg"", ""domain_url"": ""www.etsy.com"", ""explicitly_followed_by_me"": false, ""follower_count"": 11239301, ""id"": ""155304024558534660"", ""followed_by_me"": false, ""indexed"": true, ""first_name"": ""Etsy"", ""is_default_image"": false, ""is_verified_merchant"": true, ""type"": ""user""}"
155303888285815829,https://www.pinterest.com/pin/155303888285815829,Ceramic Quilt Charm,"The old school charm of quilting, but this time in a cute ceramic charm!  Add one to the charm bracelet you've been curating for years, or give the perfect gift to the quilt lover in your life.",https://etsy.me/49XRNGy,https://i.pinimg.com/736x/c7/57/5c/c7575cefa0b1ebe104e1f3fe6bf42803.jpg,c7575cefa0b1ebe104e1f3fe6bf42803,0,4,3,1,0,41,"{""1"": 3}","Sat, 20 Jun 2026 21:02:03 +0000",2026-06-25 05:25:02.891000,/etsy/etsy-jewelry/,Etsy Jewelry,0,0,public,womens_fashion,etsy,Etsy,https://www.pinterest.com/etsy/,0,0,11239301,0,0,"{""is_verified_merchant"": true, ""ads_only_profile_site"": null, ""image_medium_url"": ""https://i.pinimg.com/75x75_RS/d1/84/c8/d184c8624cb409c8f6e4fcf8baf91cd2.jpg"", ""is_default_image"": false, ""domain_url"": ""www.etsy.com"", ""username"": ""etsy"", ""first_name"": ""Etsy"", ""image_small_url"": ""https://i.pinimg.com/30x30_RS/d1/84/c8/d184c8624cb409c8f6e4fcf8baf91cd2.jpg"", ""type"": ""user"", ""verified_identity"": {""name"": ""etsy"", ""verified"": true}, ""explicitly_followed_by_me"": false, ""follower_count"": 11239301, ""id"": ""155304024558534660"", ""indexed"": true, ""is_ads_only_profile"": false, ""followed_by_me"": false, ""instagram_data"": null, ""full_name"": ""Etsy"", ""blocked_by_me"": false, ""domain_verified"": true}"
155303888285817876,https://www.pinterest.com/pin/155303888285817876,Matcha Green Summer Set,"Get ready for your garden party, Eurotrip, girls night out, honeymoon, or all of the above, with this flirty handmade set from Etsy seller AllisPatterns.  Scalloped edges add whimsy to this two-piece 100% cotton outfit, and the matcha green will feel fresh all season long.",https://etsy.me/3RU1srx,https://i.pinimg.com/736x/a4/9a/b8/a49ab809bcdf24e7fcdd5c6c63212a6e.jpg,a49ab809bcdf24e7fcdd5c6c63212a6e,0,2,1,0,0,6,"{""1"": 10}","Sun, 21 Jun 2026 16:01:33 +0000",2026-06-25 05:25:02.820000,/etsy/etsy-fashion/,Etsy Fashion,0,0,public,womens_fashion,etsy,Etsy,https://www.pinterest.com/etsy/,0,0,11239301,0,0,"{""full_name"": ""Etsy"", ""follower_count"": 11239301, ""image_medium_url"": ""https://i.pinimg.com/75x75_RS/d1/84/c8/d184c8624cb409c8f6e4fcf8baf91cd2.jpg"", ""domain_verified"": true, ""is_default_image"": false, ""is_verified_merchant"": true, ""instagram_data"": null, ""domain_url"": ""www.etsy.com"", ""followed_by_me"": false, ""indexed"": true, ""username"": ""etsy"", ""first_name"": ""Etsy"", ""id"": ""155304024558534660"", ""blocked_by_me"": false, ""type"": ""user"", ""explicitly_followed_by_me"": false, ""ads_only_profile_site"": null, ""is_ads_only_profile"": false, ""image_small_url"": ""https://i.pinimg.com/30x30_RS/d1/84/c8/d184c8624cb409c8f6e4fcf8baf91cd2.jpg"", ""verified_identity"": {""name"": ""etsy"", ""verified"": true}}"
155303888285820646,https://www.pinterest.com/pin/155303888285820646,Ceramic Cloud Pill Organizer,"Best. Find. Ever. Just because a pill organizer is practical, doesn't mean it can't be cute!  This cloud shaped handmade ceramic pill organizer is discreet, and makes your daily routine feel calm, plus it stays on the table like decor and doubles as trinket storage.",https://etsy.me/4v753Bh,https://i.pinimg.com/736x/1b/31/e1/1b31e1c4b736b448a02ab7fe101e88ed.jpg,1b31e1c4b736b448a02ab7fe101e88ed,0,1,0,1,0,1,"{""1"": 1}","Mon, 22 Jun 2026 15:04:26 +0000",2026-06-25 05:25:02.793000,/etsy/etsy-finds/,Etsy Finds,0,0,public,products,etsy,Etsy,https://www.pinterest.com/etsy/,0,0,11239301,0,0,"{""type"": ""user"", ""follower_count"": 11239301, ""verified_identity"": {""name"": ""etsy"", ""verified"": true}, ""image_small_url"": ""https://i.pinimg.com/30x30_RS/d1/84/c8/d184c8624cb409c8f6e4fcf8baf91cd2.jpg"", ""domain_url"": ""www.etsy.com"", ""indexed"": true, ""is_ads_only_profile"": false, ""explicitly_followed_by_me"": false, ""ads_only_profile_site"": null, ""is_verified_merchant"": true, ""blocked_by_me"": false, ""is_default_image"": false, ""id"": ""155304024558534660"", ""image_medium_url"": ""https://i.pinimg.com/75x75_RS/d1/84/c8/d184c8624cb409c8f6e4fcf8baf91cd2.jpg"", ""domain_verified"": true, ""full_name"": ""Etsy"", ""instagram_data"": null, ""first_name"": ""Etsy"", ""username"": ""etsy"", ""followed_by_me"": false}"
155303888285821723,https://www.pinterest.com/pin/155303888285821723,Functional Flower Pin,"If you've ever wondered where to put your sunglasses so you don't misplace them, this ceramic floral pin is the solution with it's colorful, whimsical, functional design! Pin the flower to your shirt, or bag strap, slide the glasses arm in, and look cute while you do it.",https://etsy.me/3S6q8wU,https://i.pinimg.com/736x/96/1b/fb/961bfb6fe6a51ecd81eb11f2e20011de.jpg,961bfb6fe6a51ecd81eb11f2e20011de,0,20,19,1,0,0,"{""1"": 10}","Mon, 22 Jun 2026 23:32:57 +0000",2026-06-25 05:25:02.842000,/etsy/etsy-finds/,Etsy Finds,0,0,public,products,etsy,Etsy,https://www.pinterest.com/etsy/,0,0,11239301,0,0,"{""is_ads_only_profile"": false, ""explicitly_followed_by_me"": false, ""ads_only_profile_site"": null, ""type"": ""user"", ""domain_verified"": true, ""followed_by_me"": false, ""domain_url"": ""www.etsy.com"", ""image_small_url"": ""https://i.pinimg.com/30x30_RS/d1/84/c8/d184c8624cb409c8f6e4fcf8baf91cd2.jpg"", ""is_default_image"": false, ""image_medium_url"": ""https://i.pinimg.com/75x75_RS/d1/84/c8/d184c8624cb409c8f6e4fcf8baf91cd2.jpg"", ""verified_identity"": {""name"": ""etsy"", ""verified"": true}, ""follower_count"": 11239301, ""blocked_by_me"": false, ""full_name"": ""Etsy"", ""is_verified_merchant"": true, ""indexed"": true, ""first_name"": ""Etsy"", ""id"": ""155304024558534660"", ""username"": ""etsy"", ""instagram_data"": null}"
155303888285826494,https://www.pinterest.com/pin/155303888285826494,Oversized Squiggle Statement Earrings,"These squiggle earrings from Etsy shop ByChavelli are super funky, and insanely cool! The statement style packs a punch, but they're very lightweight and all-day wearable. Add them to your bridal brunch look, or girls night outfit for endless compliments.",https://etsy.me/4vqOgZR,https://i.pinimg.com/736x/20/2c/49/202c49d08e74303a957c84edf36dfa4e.jpg,202c49d08e74303a957c84edf36dfa4e,0,1,0,0,0,0,{},"Wed, 24 Jun 2026 20:33:12 +0000",2026-06-25 05:25:02.806000,/etsy/etsy-jewelry/,Etsy Jewelry,0,0,public,womens_fashion,etsy,Etsy,https://www.pinterest.com/etsy/,0,0,11239301,0,0,"{""domain_verified"": true, ""blocked_by_me"": false, ""explicitly_followed_by_me"": false, ""is_ads_only_profile"": false, ""image_small_url"": ""https://i.pinimg.com/30x30_RS/d1/84/c8/d184c8624cb409c8f6e4fcf8baf91cd2.jpg"", ""first_name"": ""Etsy"", ""type"": ""user"", ""username"": ""etsy"", ""indexed"": true, ""is_default_image"": false, ""follower_count"": 11239301, ""is_verified_merchant"": true, ""verified_identity"": {""name"": ""etsy"", ""verified"": true}, ""instagram_data"": null, ""image_medium_url"": ""https://i.pinimg.com/75x75_RS/d1/84/c8/d184c8624cb409c8f6e4fcf8baf91cd2.jpg"", ""domain_url"": ""www.etsy.com"", ""ads_only_profile_site"": null, ""full_name"": ""Etsy"", ""id"": ""155304024558534660"", ""followed_by_me"": false}"
155303888285827046,https://www.pinterest.com/pin/155303888285827046,Whimsical Crochet Bookmark DIY,"It's a bookmark, it's a bikini, it's a BOOKINI! You can show off your favorite hobby while you read, with this whimsical bookmark that doubles as a book lover's book cover. Download the pattern made for beginning to intermediate crocheters, create your own, and jazz it up to your own specifications with lace, or beads.",https://etsy.me/4eJq2mC,https://i.pinimg.com/736x/49/fe/87/49fe8730c7c7fa1fbc0caaa570766c9e.jpg,49fe8730c7c7fa1fbc0caaa570766c9e,0,1,0,0,0,0,{},"Thu, 25 Jun 2026 02:31:28 +0000",2026-06-25 05:25:02.775000,/etsy/diy-kits-patterns-and-more/,"DIY Kits, Patterns and More",0,0,public,diy_crafts,etsy,Etsy,https://www.pinterest.com/etsy/,0,0,11239301,0,0,"{""domain_url"": ""www.etsy.com"", ""type"": ""user"", ""image_small_url"": ""https://i.pinimg.com/30x30_RS/d1/84/c8/d184c8624cb409c8f6e4fcf8baf91cd2.jpg"", ""is_verified_merchant"": true, ""instagram_data"": null, ""is_default_image"": false, ""ads_only_profile_site"": null, ""full_name"": ""Etsy"", ""id"": ""155304024558534660"", ""followed_by_me"": false, ""follower_count"": 11239301, ""blocked_by_me"": false, ""is_ads_only_profile"": false, ""first_name"": ""Etsy"", ""domain_verified"": true, ""image_medium_url"": ""https://i.pinimg.com/75x75_RS/d1/84/c8/d184c8624cb409c8f6e4fcf8baf91cd2.jpg"", ""explicitly_followed_by_me"": false, ""verified_identity"": {""name"": ""etsy"", ""verified"": true}, ""indexed"": true, ""username"": ""etsy""}"
171347960817593221,https://www.pinterest.com/pin/171347960817593221,Dry skin & Frizzy Hair fixed,"Frustrated by skin & frizzy hair? Try this simple solution: a Jolie shower filter. It was easy to install too. The Jolie showerhead with the included shower water filter is amazing. The Jolie Filtered Showerhead removes chlorine, heavy chemicals 

Discount code: GLAMAMAMA1",http://jolieskinco.com/GLAMAMAMA1,https://i.pinimg.com/736x/70/0a/ff/700aff60b2dadc7551da1ca91519a13a.jpg,700aff60b2dadc7551da1ca91519a13a,0,1,4,0,0,2,{},"Sat, 01 Jun 2024 01:29:10 +0000",2026-06-25 05:27:34.726000,/glamamama1/beauty-gorgeous-makeup-ideas/,Beauty & Gorgeous Makeup Ideas,0,0,public,hair_beauty,glamamama1,Betsy K.,https://www.pinterest.com/glamamama1/,0,0,968,0,0,"{""domain_verified"": false, ""is_ads_only_profile"": false, ""username"": ""glamamama1"", ""followed_by_me"": false, ""blocked_by_me"": false, ""explicitly_followed_by_me"": false, ""instagram_data"": {""url"": ""https://www.instagram.com/glamamama1"", ""username"": ""glamamama1"", ""has_invalid_instagram_auth"": false}, ""ads_only_profile_site"": null, ""first_name"": ""Betsy K."", ""type"": ""user"", ""is_default_image"": false, ""domain_url"": null, ""full_name"": ""Betsy K."", ""image_small_url"": ""https://i.pinimg.com/30x30_RS/e2/3a/0e/e23a0efabe601961be098191599afc47.jpg"", ""is_verified_merchant"": false, ""indexed"": true, ""id"": ""171348098231043415"", ""image_medium_url"": ""https://i.pinimg.com/75x75_RS/e2/3a/0e/e23a0efabe601961be098191599afc47.jpg"", ""verified_identity"": {}, ""follower_count"": 968}"
224476362667709784,https://www.pinterest.com/pin/224476362667709784,, ,https://princesspinkygirl.com/stuffed-peppers/,https://i.pinimg.com/736x/7f/33/c7/7f33c7819cb0dec4a266e01b9f8d1157.jpg,7f33c7819cb0dec4a266e01b9f8d1157,0,11438,7,32,0,3,"{""1"": 7}","Thu, 12 Aug 2021 01:49:14 +0000",2026-06-25 05:33:43.151000,/crazyforcrust/_quick_saves/,Quick Saves,0,0,public,,crazyforcrust,Crazy for Crust,https://www.pinterest.com/crazyforcrust/,0,0,513430,0,1,
246431410857653392,https://www.pinterest.com/pin/246431410857653392,Festival-Ready Gem Nails You Can Create at Home ,"Take your festival look to the next level with gem-adorned nails ✨ The Beauty Secrets Gem Kit makes it easy to create custom nail designs that match your outfit—whether you’re going for soft sparkle or bold, statement glam.",https://spr.ly/6492B6xXg0,https://i.pinimg.com/736x/ee/13/4c/ee134c26fed13b79d46fac2951b30c69.jpg,ee134c26fed13b79d46fac2951b30c69,0,12,11,0,0,0,"{""1"": 10}","Tue, 14 Apr 2026 14:01:05 +0000",2026-06-25 05:27:06.588000,/sallybeauty/festivals/,Festivals,0,0,public,,sallybeauty,Sally Beauty,https://www.pinterest.com/sallybeauty/,0,0,86257,0,0,"{""explicitly_followed_by_me"": false, ""is_ads_only_profile"": false, ""indexed"": true, ""image_medium_url"": ""https://i.pinimg.com/75x75_RS/90/e0/4e/90e04e68ede34e9800c4a7874face893.jpg"", ""id"": ""246431548268612382"", ""verified_identity"": {}, ""domain_verified"": true, ""blocked_by_me"": false, ""full_name"": ""Sally Beauty"", ""is_verified_merchant"": true, ""is_default_image"": false, ""type"": ""user"", ""image_small_url"": ""https://i.pinimg.com/30x30_RS/90/e0/4e/90e04e68ede34e9800c4a7874face893.jpg"", ""followed_by_me"": false, ""first_name"": ""Sally Beauty"", ""ads_only_profile_site"": null, ""username"": ""sallybeauty"", ""follower_count"": 86257, ""domain_url"": ""www.sallybeauty.com"", ""instagram_data"": {""username"": ""sallybeauty"", ""url"": ""https://www.instagram.com/sallybeauty"", ""has_invalid_instagram_auth"": false}}"
28288303883830275,https://www.pinterest.com/pin/28288303883830275,"Peanut Butter Brownies {NO Flour, Butter, or Dairy and Low Sugar!}","Yammie's Noshery: Peanut Butter Brownies {NO Flour, Butter, or Dairy and Low Sugar!}",http://www.yammiesnoshery.com/2014/02/peanut-butter-brownies-no-flour-butter.html,https://i.pinimg.com/736x/41/ac/e9/41ace923edde769eee442468cc15482b.jpg,41ace923edde769eee442468cc15482b,0,357,93,0,0,0,{},"Wed, 19 Feb 2014 17:48:47 +0000",2026-06-25 05:45:07.654000,/yammie/brownies-and-bars/,Brownies and Bars,0,0,public,food_drink,yammie,Yammie's Noshery,https://www.pinterest.com/yammie/,0,0,114649,0,0,"{""indexed"": true, ""domain_url"": ""www.yammiesnoshery.com"", ""first_name"": ""Yammie's Noshery"", ""id"": ""28288441317851342"", ""is_ads_only_profile"": false, ""followed_by_me"": false, ""instagram_data"": null, ""explicitly_followed_by_me"": false, ""domain_verified"": true, ""is_verified_merchant"": false, ""image_medium_url"": ""https://i.pinimg.com/75x75_RS/b9/f1/b9/b9f1b9c27393aa0c5f85cbf5d416ecda.jpg"", ""blocked_by_me"": false, ""image_small_url"": ""https://i.pinimg.com/30x30_RS/b9/f1/b9/b9f1b9c27393aa0c5f85cbf5d416ecda.jpg"", ""type"": ""user"", ""ads_only_profile_site"": null, ""verified_identity"": {}, ""is_default_image"": false, ""username"": ""yammie"", ""full_name"": ""Yammie's Noshery"", ""follower_count"": 114649}"
28288303883865996,https://www.pinterest.com/pin/28288303883865996,,PACZKI,,https://i.pinimg.com/736x/3b/83/78/3b8378b12dcdf5c2e8e8b84eef50b6c3.jpg,3b8378b12dcdf5c2e8e8b84eef50b6c3,0,4,3,0,0,0,{},"Tue, 25 Feb 2014 13:14:52 +0000",2026-06-25 05:45:07.518000,/yammie/breakfast/,Breakfast,0,0,public,food_drink,yammie,Yammie's Noshery,https://www.pinterest.com/yammie/,0,0,114649,0,0,"{""type"": ""user"", ""indexed"": true, ""verified_identity"": {}, ""instagram_data"": null, ""explicitly_followed_by_me"": false, ""is_verified_merchant"": false, ""image_small_url"": ""https://i.pinimg.com/30x30_RS/b9/f1/b9/b9f1b9c27393aa0c5f85cbf5d416ecda.jpg"", ""username"": ""yammie"", ""id"": ""28288441317851342"", ""full_name"": ""Yammie's Noshery"", ""is_default_image"": false, ""first_name"": ""Yammie's Noshery"", ""is_ads_only_profile"": false, ""ads_only_profile_site"": null, ""image_medium_url"": ""https://i.pinimg.com/75x75_RS/b9/f1/b9/b9f1b9c27393aa0c5f85cbf5d416ecda.jpg"", ""domain_url"": ""www.yammiesnoshery.com"", ""blocked_by_me"": false, ""domain_verified"": true, ""followed_by_me"": false, ""follower_count"": 114649}"
28288303883882385,https://www.pinterest.com/pin/28288303883882385,,Yammie's Noshery: Mini Cherry Filled Paczkis for Fat Tuesday!,http://www.yammiesnoshery.com/2014/02/mini-cherry-filled-paczkis-for-fat.html,https://i.pinimg.com/736x/94/c0/84/94c084e4d23d259de80f4c53e5e95fcd.jpg,94c084e4d23d259de80f4c53e5e95fcd,0,2128,507,0,0,0,{},"Fri, 28 Feb 2014 02:05:58 +0000",2026-06-25 05:45:07.556000,/yammie/yammies-noshery/,Yammie's Noshery,0,0,public,food_drink,yammie,Yammie's Noshery,https://www.pinterest.com/yammie/,0,0,114649,0,0,
28288303883924235,https://www.pinterest.com/pin/28288303883924235,,Yammie's Noshery: Confetti Macaroni in Spicy Cream Sauce,http://www.yammiesnoshery.com/2014/03/confetti-macaroni-in-spicy-cream-sauce.html,https://i.pinimg.com/736x/a7/4f/25/a74f25eec26323096fece32f67647894.jpg,a74f25eec26323096fece32f67647894,0,298,88,0,0,0,{},"Thu, 06 Mar 2014 16:38:48 +0000",2026-06-25 05:45:07.311000,/yammie/yammies-noshery/,Yammie's Noshery,0,0,public,food_drink,yammie,Yammie's Noshery,https://www.pinterest.com/yammie/,0,0,114649,0,0,
28288303883965959,https://www.pinterest.com/pin/28288303883965959,Boozy Birthday Cake Hot Chocolate,Yammie's Noshery: Boozy Birthday Cake Hot Chocolate,http://www.yammiesnoshery.com/2014/03/boozy-birthday-cake-hot-chocolate.html#more,https://i.pinimg.com/736x/f9/01/09/f90109c8bdf93a1263a7e7c40f0ba33e.jpg,f90109c8bdf93a1263a7e7c40f0ba33e,0,175,53,0,0,0,{},"Thu, 13 Mar 2014 14:36:25 +0000",2026-06-25 05:45:07.214000,/yammie/yammies-noshery/,Yammie's Noshery,0,0,public,food_drink,yammie,Yammie's Noshery,https://www.pinterest.com/yammie/,0,0,114649,0,0,
28288303884004311,https://www.pinterest.com/pin/28288303884004311,Salted Caramel Cups {Homemade Buttery Caramel in a Shell of Dark Chocolate},Yammie's Noshery: Salted Caramel Cups {Homemade Buttery Caramel in a Shell of Dark Chocolate},http://www.yammiesnoshery.com/2014/03/salted-caramel-cups-homemade-buttery.html,https://i.pinimg.com/736x/f1/a8/97/f1a897af4995639f0b151377974cc850.jpg,f1a897af4995639f0b151377974cc850,0,11069,608,0,0,0,"{""1"": 2}","Wed, 19 Mar 2014 19:28:22 +0000",2026-06-25 05:45:03.397000,/yammie/yammies-noshery/,Yammie's Noshery,0,0,public,food_drink,yammie,Yammie's Noshery,https://www.pinterest.com/yammie/,0,0,114649,0,0,"{""is_ads_only_profile"": false, ""image_small_url"": ""https://i.pinimg.com/30x30_RS/b9/f1/b9/b9f1b9c27393aa0c5f85cbf5d416ecda.jpg"", ""type"": ""user"", ""username"": ""yammie"", ""id"": ""28288441317851342"", ""instagram_data"": null, ""is_default_image"": false, ""explicitly_followed_by_me"": false, ""blocked_by_me"": false, ""domain_url"": ""www.yammiesnoshery.com"", ""image_medium_url"": ""https://i.pinimg.com/75x75_RS/b9/f1/b9/b9f1b9c27393aa0c5f85cbf5d416ecda.jpg"", ""ads_only_profile_site"": null, ""follower_count"": 114649, ""verified_identity"": {}, ""first_name"": ""Yammie's Noshery"", ""followed_by_me"": false, ""is_verified_merchant"": false, ""full_name"": ""Yammie's Noshery"", ""indexed"": true, ""domain_verified"": true}"
28288303884051008,https://www.pinterest.com/pin/28288303884051008,Cheesecake Swirl Brownies,Yammie's Noshery: Cheesecake Swirl Brownies,http://www.yammiesnoshery.com/2014/03/cheesecake-swirl-brownies.html,https://i.pinimg.com/736x/03/27/dc/0327dc1ee9d1ed32e856493614437934.jpg,0327dc1ee9d1ed32e856493614437934,0,6943,301,2,0,0,"{""1"": 1}","Thu, 27 Mar 2014 21:01:56 +0000",2026-06-25 05:44:58.468000,/yammie/yammies-noshery/,Yammie's Noshery,0,0,public,food_drink,yammie,Yammie's Noshery,https://www.pinterest.com/yammie/,0,0,114649,0,0,
28288303884085254,https://www.pinterest.com/pin/28288303884085254,M&M Cheesecake with Chocolate Covered Pretzel Crust,Yammie's Noshery: M&M Cheesecake with Chocolate Covered Pretzel Crust,http://www.yammiesnoshery.com/2014/04/mandmcheesecake.html,https://i.pinimg.com/736x/4a/90/ba/4a90ba9debec1b626fa4b5ffdf4cf4d6.jpg,4a90ba9debec1b626fa4b5ffdf4cf4d6,0,614,121,0,0,0,{},"Wed, 02 Apr 2014 14:24:52 +0000",2026-06-25 05:44:56.516000,/yammie/yammies-noshery/,Yammie's Noshery,0,0,public,food_drink,yammie,Yammie's Noshery,https://www.pinterest.com/yammie/,0,0,114649,0,0,
28288303884125086,https://www.pinterest.com/pin/28288303884125086,Chocolate Peanut Butter Pretzel Granola,Yammie's Noshery: Chocolate Peanut Butter Pretzel Granola,http://www.yammiesnoshery.com/2014/04/chocolate-peanut-butter-pretzel-granola.html,https://i.pinimg.com/736x/e4/31/64/e43164be5f7ec69e33df2fd124ddeba2.jpg,e43164be5f7ec69e33df2fd124ddeba2,0,1979,91,0,0,0,{},"Wed, 09 Apr 2014 18:49:56 +0000",2026-06-25 05:44:52.982000,/yammie/yammies-noshery/,Yammie's Noshery,0,0,public,food_drink,yammie,Yammie's Noshery,https://www.pinterest.com/yammie/,0,0,114649,0,0,"{""blocked_by_me"": false, ""image_small_url"": ""https://i.pinimg.com/30x30_RS/b9/f1/b9/b9f1b9c27393aa0c5f85cbf5d416ecda.jpg"", ""instagram_data"": null, ""indexed"": true, ""explicitly_followed_by_me"": false, ""verified_identity"": {}, ""followed_by_me"": false, ""is_default_image"": false, ""domain_verified"": true, ""first_name"": ""Yammie's Noshery"", ""username"": ""yammie"", ""image_medium_url"": ""https://i.pinimg.com/75x75_RS/b9/f1/b9/b9f1b9c27393aa0c5f85cbf5d416ecda.jpg"", ""id"": ""28288441317851342"", ""is_ads_only_profile"": false, ""is_verified_merchant"": false, ""full_name"": ""Yammie's Noshery"", ""type"": ""user"", ""follower_count"": 114649, ""ads_only_profile_site"": null, ""domain_url"": ""www.yammiesnoshery.com""}"
28288303884161378,https://www.pinterest.com/pin/28288303884161378,Peep S'mores!,Yammie's Noshery: Peep S'mores!,http://www.yammiesnoshery.com/2014/04/peep-smores.html,https://i.pinimg.com/736x/02/2f/a6/022fa6f3a97b8c686bb5b49fd05d4037.jpg,022fa6f3a97b8c686bb5b49fd05d4037,0,481,40,0,0,0,"{""1"": 1}","Wed, 16 Apr 2014 14:37:35 +0000",2026-06-25 05:44:51.217000,/yammie/yammies-noshery/,Yammie's Noshery,0,0,public,food_drink,yammie,Yammie's Noshery,https://www.pinterest.com/yammie/,0,0,114649,0,0,
28288303884161380,https://www.pinterest.com/pin/28288303884161380,Peep S'mores!,Yammie's Noshery: Peep S'mores!,http://www.yammiesnoshery.com/2014/04/peep-smores.html,https://i.pinimg.com/736x/9e/b6/ff/9eb6ff652ebd00384ede92f1c0f3d638.jpg,9eb6ff652ebd00384ede92f1c0f3d638,0,96,28,0,0,0,{},"Wed, 16 Apr 2014 14:37:52 +0000",2026-06-25 05:44:51.188000,/yammie/desserts/,Desserts,0,0,public,food_drink,yammie,Yammie's Noshery,https://www.pinterest.com/yammie/,0,0,114649,0,0,
28288303884172870,https://www.pinterest.com/pin/28288303884172870,The Best Carrot Cake Ever {With Fluffy Cream Cheese Frosting},Yammie's Noshery: The Best Carrot Cake Ever {With Fluffy Cream Cheese Frosting},http://www.yammiesnoshery.com/2014/04/the-best-carrot-cake-ever-with-fluffy.html,https://i.pinimg.com/736x/93/13/7e/93137eb5c91621400742e18736a4fd6a.jpg,93137eb5c91621400742e18736a4fd6a,0,465,137,0,0,0,{},"Fri, 18 Apr 2014 13:38:37 +0000",2026-06-25 05:44:49.027000,/yammie/yammies-noshery/,Yammie's Noshery,0,0,public,food_drink,yammie,Yammie's Noshery,https://www.pinterest.com/yammie/,0,0,114649,0,0,
28288303884204947,https://www.pinterest.com/pin/28288303884204947,Copycat Quaker Chewy Peanut Butter Chocolate Chip Granola Bars,Yammie's Noshery: Copycat Quaker Chewy Peanut Butter Chocolate Chip Granola Bars (Truly the best granola bars ever),http://www.yammiesnoshery.com/2014/04/copycat-quaker-chewy-peanut-butter.html,https://i.pinimg.com/736x/53/51/02/53510225d37ed3332933943e1f89fc22.jpg,53510225d37ed3332933943e1f89fc22,0,521,53,0,0,0,{},"Thu, 24 Apr 2014 15:35:07 +0000",2026-06-25 05:44:48.800000,/yammie/yammies-noshery/,Yammie's Noshery,0,0,public,food_drink,yammie,Yammie's Noshery,https://www.pinterest.com/yammie/,0,0,114649,0,0,
28288303884239197,https://www.pinterest.com/pin/28288303884239197,,Yammie's Noshery: Caramel Toffee Crunch Cheesecake,http://www.yammiesnoshery.com/2012/04/caramel-toffee-crunch-cheesecake.html#IDComment352426763,https://i.pinimg.com/736x/a9/cf/ac/a9cfac359c2e1a4f84f6d5074dafd25b.jpg,a9cfac359c2e1a4f84f6d5074dafd25b,0,1237,104,0,0,0,{},"Wed, 30 Apr 2014 15:19:52 +0000",2026-06-25 05:44:33.969000,/yammie/yammies-noshery/,Yammie's Noshery,0,0,public,food_drink,yammie,Yammie's Noshery,https://www.pinterest.com/yammie/,0,0,114649,0,0,
28288303884250319,https://www.pinterest.com/pin/28288303884250319,Ombre Wedding Cake with Buttercream Roses,Yammie's Noshery: Ombre Wedding Cake with Buttercream Roses,http://www.yammiesnoshery.com/2014/05/ombre-wedding-cake.html#UKObYJwvestKuO1E.32,https://i.pinimg.com/736x/80/1f/14/801f146ee6cd13470bd382e52cd17cdd.jpg,801f146ee6cd13470bd382e52cd17cdd,0,7,6,0,0,0,{},"Fri, 02 May 2014 13:27:02 +0000",2026-06-25 05:44:31.181000,/yammie/yammies-noshery/,Yammie's Noshery,0,0,public,food_drink,yammie,Yammie's Noshery,https://www.pinterest.com/yammie/,0,0,114649,0,0,"{""first_name"": ""Yammie's Noshery"", ""explicitly_followed_by_me"": false, ""full_name"": ""Yammie's Noshery"", ""image_small_url"": ""https://i.pinimg.com/30x30_RS/b9/f1/b9/b9f1b9c27393aa0c5f85cbf5d416ecda.jpg"", ""is_verified_merchant"": false, ""followed_by_me"": false, ""domain_url"": ""www.yammiesnoshery.com"", ""is_ads_only_profile"": false, ""type"": ""user"", ""image_medium_url"": ""https://i.pinimg.com/75x75_RS/b9/f1/b9/b9f1b9c27393aa0c5f85cbf5d416ecda.jpg"", ""blocked_by_me"": false, ""instagram_data"": null, ""ads_only_profile_site"": null, ""domain_verified"": true, ""indexed"": true, ""id"": ""28288441317851342"", ""is_default_image"": false, ""username"": ""yammie"", ""verified_identity"": {}, ""follower_count"": 114649}"
28288303884275341,https://www.pinterest.com/pin/28288303884275341,Redirecting,Darling and Bloom: Confetti Cupcakes,http://darlingandbloom.blogspot.com/2014/05/confetti-cupcakes-with-vanilla.html,https://i.pinimg.com/736x/99/ac/cd/99accd6e72d7f9c6734c49383ab50e13.jpg,99accd6e72d7f9c6734c49383ab50e13,0,10,9,0,0,0,{},"Wed, 07 May 2014 12:11:19 +0000",2026-06-25 05:44:29.588000,/yammie/desserts/,Desserts,0,0,public,food_drink,yammie,Yammie's Noshery,https://www.pinterest.com/yammie/,0,0,114649,0,0,"{""image_medium_url"": ""https://i.pinimg.com/75x75_RS/b9/f1/b9/b9f1b9c27393aa0c5f85cbf5d416ecda.jpg"", ""domain_verified"": true, ""follower_count"": 114649, ""indexed"": true, ""domain_url"": ""www.yammiesnoshery.com"", ""first_name"": ""Yammie's Noshery"", ""is_verified_merchant"": false, ""type"": ""user"", ""instagram_data"": null, ""is_ads_only_profile"": false, ""image_small_url"": ""https://i.pinimg.com/30x30_RS/b9/f1/b9/b9f1b9c27393aa0c5f85cbf5d416ecda.jpg"", ""full_name"": ""Yammie's Noshery"", ""followed_by_me"": false, ""ads_only_profile_site"": null, ""explicitly_followed_by_me"": false, ""blocked_by_me"": false, ""id"": ""28288441317851342"", ""verified_identity"": {}, ""username"": ""yammie"", ""is_default_image"": false}"
28288303884281116,https://www.pinterest.com/pin/28288303884281116,The Best Oven Fried Chicken Ever {with Creamy Honey Mustard},Yammie's Noshery: The Best Oven Fried Chicken Ever {with Creamy Honey Mustard},http://www.yammiesnoshery.com/2014/05/the-best-oven-fried-chicken-ever-with.html#D1gy6xjBGCvugR8i.32,https://i.pinimg.com/736x/2a/42/f8/2a42f8e9320d7b781750a9d56833d67a.jpg,2a42f8e9320d7b781750a9d56833d67a,0,13787,215,4,0,0,"{""1"": 1}","Thu, 08 May 2014 12:50:45 +0000",2026-06-25 05:44:29.564000,/yammie/yammies-noshery/,Yammie's Noshery,0,0,public,food_drink,yammie,Yammie's Noshery,https://www.pinterest.com/yammie/,0,0,114649,0,0,"{""is_ads_only_profile"": false, ""follower_count"": 114649, ""blocked_by_me"": false, ""type"": ""user"", ""verified_identity"": {}, ""username"": ""yammie"", ""first_name"": ""Yammie's Noshery"", ""indexed"": true, ""id"": ""28288441317851342"", ""image_small_url"": ""https://i.pinimg.com/30x30_RS/b9/f1/b9/b9f1b9c27393aa0c5f85cbf5d416ecda.jpg"", ""instagram_data"": null, ""domain_url"": ""www.yammiesnoshery.com"", ""explicitly_followed_by_me"": false, ""is_verified_merchant"": false, ""ads_only_profile_site"": null, ""domain_verified"": true, ""is_default_image"": false, ""image_medium_url"": ""https://i.pinimg.com/75x75_RS/b9/f1/b9/b9f1b9c27393aa0c5f85cbf5d416ecda.jpg"", ""followed_by_me"": false, ""full_name"": ""Yammie's Noshery""}"
28288303884306063,https://www.pinterest.com/pin/28288303884306063,Brownie Cookie Sandwiches {With Fluffy Peanut Butter Buttercream},Yammie's Noshery: Brownie Cookie Sandwiches {With Fluffy Peanut Butter Buttercream},http://www.yammiesnoshery.com/2014/05/brownie-cookie-sandwiches-with-fluffy.html,https://i.pinimg.com/736x/19/80/39/198039d11d4e07ddea74f0d63278a088.jpg,198039d11d4e07ddea74f0d63278a088,0,2354,418,1,0,0,"{""1"": 2}","Tue, 13 May 2014 13:49:31 +0000",2026-06-25 05:44:27.774000,/yammie/yammies-noshery/,Yammie's Noshery,0,0,public,food_drink,yammie,Yammie's Noshery,https://www.pinterest.com/yammie/,0,0,114649,0,0,
28288303884356292,https://www.pinterest.com/pin/28288303884356292,The Best Spinach Artichoke Dip Ever,Yammie's Noshery: The Best Spinach Artichoke Dip Ever,http://www.yammiesnoshery.com/2014/05/the-best-spinach-artichoke-dip-ever.html#kZyd4kr1ezuYhHbS.32,https://i.pinimg.com/736x/99/7a/d3/997ad33abf743e40ad249de5611cc4da.jpg,997ad33abf743e40ad249de5611cc4da,0,59577,12398,26,0,6,"{""1"": 9}","Thu, 22 May 2014 18:34:45 +0000",2026-06-25 05:44:26.018000,/yammie/yammies-noshery/,Yammie's Noshery,0,0,public,food_drink,yammie,Yammie's Noshery,https://www.pinterest.com/yammie/,0,0,114649,0,0,"{""blocked_by_me"": false, ""first_name"": ""Yammie's Noshery"", ""type"": ""user"", ""instagram_data"": null, ""is_ads_only_profile"": false, ""ads_only_profile_site"": null, ""image_medium_url"": ""https://i.pinimg.com/75x75_RS/b9/f1/b9/b9f1b9c27393aa0c5f85cbf5d416ecda.jpg"", ""is_verified_merchant"": false, ""is_default_image"": false, ""full_name"": ""Yammie's Noshery"", ""domain_url"": ""www.yammiesnoshery.com"", ""explicitly_followed_by_me"": false, ""username"": ""yammie"", ""domain_verified"": true, ""follower_count"": 114649, ""id"": ""28288441317851342"", ""verified_identity"": {}, ""followed_by_me"": false, ""image_small_url"": ""https://i.pinimg.com/30x30_RS/b9/f1/b9/b9f1b9c27393aa0c5f85cbf5d416ecda.jpg"", ""indexed"": true}"
28288303884397036,https://www.pinterest.com/pin/28288303884397036,Roasted Cheesy Potato and Ham Soup {In Pretzel Bowls!},Yammie's Noshery: Roasted Cheesy Potato and Ham Soup {In Prezel Bowls!},http://www.yammiesnoshery.com/2014/05/cheesy-potato-soup.html#CgCSUzgr3VPmeFc8.32,https://i.pinimg.com/736x/e1/af/c5/e1afc50562e9f62efb7d06bd313ced6e.jpg,e1afc50562e9f62efb7d06bd313ced6e,0,234,125,0,0,0,{},"Fri, 30 May 2014 12:42:19 +0000",2026-06-25 05:44:22.986000,/yammie/yammies-noshery/,Yammie's Noshery,0,0,public,food_drink,yammie,Yammie's Noshery,https://www.pinterest.com/yammie/,0,0,114649,0,0,"{""follower_count"": 114649, ""blocked_by_me"": false, ""is_ads_only_profile"": false, ""explicitly_followed_by_me"": false, ""type"": ""user"", ""instagram_data"": null, ""domain_verified"": true, ""indexed"": true, ""verified_identity"": {}, ""id"": ""28288441317851342"", ""is_default_image"": false, ""domain_url"": ""www.yammiesnoshery.com"", ""first_name"": ""Yammie's Noshery"", ""followed_by_me"": false, ""image_small_url"": ""https://i.pinimg.com/30x30_RS/b9/f1/b9/b9f1b9c27393aa0c5f85cbf5d416ecda.jpg"", ""username"": ""yammie"", ""image_medium_url"": ""https://i.pinimg.com/75x75_RS/b9/f1/b9/b9f1b9c27393aa0c5f85cbf5d416ecda.jpg"", ""full_name"": ""Yammie's Noshery"", ""ads_only_profile_site"": null, ""is_verified_merchant"": false}"
28288303884430273,https://www.pinterest.com/pin/28288303884430273,Pretzel Bread Bowls,Yammie's Noshery: Pretzel Bread Bowls,http://www.yammiesnoshery.com/2014/06/pretzel-bread-bowls.html#u1s7r5bQhrtIOV2j.32,https://i.pinimg.com/736x/a9/b4/58/a9b458fab8b020018649a180fb303b0b.jpg,a9b458fab8b020018649a180fb303b0b,0,1106,118,1,0,0,"{""1"": 1}","Thu, 05 Jun 2014 18:00:00 +0000",2026-06-25 05:44:21.486000,/yammie/yammies-noshery/,Yammie's Noshery,0,0,public,food_drink,yammie,Yammie's Noshery,https://www.pinterest.com/yammie/,0,0,114649,0,0,"{""domain_url"": ""www.yammiesnoshery.com"", ""indexed"": true, ""image_medium_url"": ""https://i.pinimg.com/75x75_RS/b9/f1/b9/b9f1b9c27393aa0c5f85cbf5d416ecda.jpg"", ""explicitly_followed_by_me"": false, ""first_name"": ""Yammie's Noshery"", ""username"": ""yammie"", ""image_small_url"": ""https://i.pinimg.com/30x30_RS/b9/f1/b9/b9f1b9c27393aa0c5f85cbf5d416ecda.jpg"", ""is_default_image"": false, ""blocked_by_me"": false, ""id"": ""28288441317851342"", ""is_ads_only_profile"": false, ""type"": ""user"", ""ads_only_profile_site"": null, ""instagram_data"": null, ""domain_verified"": true, ""follower_count"": 114649, ""full_name"": ""Yammie's Noshery"", ""followed_by_me"": false, ""verified_identity"": {}, ""is_verified_merchant"": false}"
28288303884466193,https://www.pinterest.com/pin/28288303884466193,Peanut Butter Gooey Crunch Bars,Yammie's Noshery: Peanut Butter Gooey Crunch Bars,http://www.yammiesnoshery.com/2014/06/peanut-butter-gooey-crunch-bars.html#h274hXJJh0gZCFy8.32,https://i.pinimg.com/736x/9a/af/6f/9aaf6f888eba75ffaa10ca070c5ca95c.jpg,9aaf6f888eba75ffaa10ca070c5ca95c,0,328,74,0,0,1,{},"Thu, 12 Jun 2014 16:33:26 +0000",2026-06-25 05:44:18.156000,/yammie/yammies-noshery/,Yammie's Noshery,0,0,public,food_drink,yammie,Yammie's Noshery,https://www.pinterest.com/yammie/,0,0,114649,0,0,"{""domain_verified"": true, ""verified_identity"": {}, ""instagram_data"": null, ""indexed"": true, ""domain_url"": ""www.yammiesnoshery.com"", ""is_ads_only_profile"": false, ""username"": ""yammie"", ""full_name"": ""Yammie's Noshery"", ""image_small_url"": ""https://i.pinimg.com/30x30_RS/b9/f1/b9/b9f1b9c27393aa0c5f85cbf5d416ecda.jpg"", ""explicitly_followed_by_me"": false, ""type"": ""user"", ""is_default_image"": false, ""followed_by_me"": false, ""follower_count"": 114649, ""id"": ""28288441317851342"", ""first_name"": ""Yammie's Noshery"", ""ads_only_profile_site"": null, ""image_medium_url"": ""https://i.pinimg.com/75x75_RS/b9/f1/b9/b9f1b9c27393aa0c5f85cbf5d416ecda.jpg"", ""is_verified_merchant"": false, ""blocked_by_me"": false}"
28288303884491211,https://www.pinterest.com/pin/28288303884491211,,Yammie's Noshery: Easy Chocolate Peanut Butter Swirl Ice Cream {Can be Vegan and Dairy Free!},http://www.yammiesnoshery.com/2014/06/chocolate-peanut-butter-swirl-ice-cream.html#tQ5ERZJbmoigTBo2.32,https://i.pinimg.com/736x/de/1c/c6/de1cc6b52e552d6347c32e0f59bed2e1.jpg,de1cc6b52e552d6347c32e0f59bed2e1,0,291,96,0,0,0,{},"Tue, 17 Jun 2014 16:18:12 +0000",2026-06-25 05:44:16.706000,/yammie/yammies-noshery/,Yammie's Noshery,0,0,public,food_drink,yammie,Yammie's Noshery,https://www.pinterest.com/yammie/,0,0,114649,0,0,"{""domain_verified"": true, ""followed_by_me"": false, ""is_verified_merchant"": false, ""domain_url"": ""www.yammiesnoshery.com"", ""follower_count"": 114649, ""id"": ""28288441317851342"", ""image_small_url"": ""https://i.pinimg.com/30x30_RS/b9/f1/b9/b9f1b9c27393aa0c5f85cbf5d416ecda.jpg"", ""type"": ""user"", ""is_ads_only_profile"": false, ""verified_identity"": {}, ""is_default_image"": false, ""instagram_data"": null, ""first_name"": ""Yammie's Noshery"", ""ads_only_profile_site"": null, ""full_name"": ""Yammie's Noshery"", ""image_medium_url"": ""https://i.pinimg.com/75x75_RS/b9/f1/b9/b9f1b9c27393aa0c5f85cbf5d416ecda.jpg"", ""username"": ""yammie"", ""blocked_by_me"": false, ""indexed"": true, ""explicitly_followed_by_me"": false}"
28288303884544358,https://www.pinterest.com/pin/28288303884544358,BBQ Pulled Pork Cashew Salad with Blue Cheese,Yammie's Noshery: BBQ Pulled Pork Cashew Salad with Blue Cheese,http://www.yammiesnoshery.com/2014/06/bbq-pulled-pork-salad.html,https://i.pinimg.com/736x/22/3b/65/223b652fe290b8bbcae9db020159c1f9.jpg,223b652fe290b8bbcae9db020159c1f9,0,228,39,0,0,0,{},"Fri, 27 Jun 2014 14:12:09 +0000",2026-06-25 05:44:15.047000,/yammie/yammies-noshery/,Yammie's Noshery,0,0,public,food_drink,yammie,Yammie's Noshery,https://www.pinterest.com/yammie/,0,0,114649,0,0,"{""domain_url"": ""www.yammiesnoshery.com"", ""is_default_image"": false, ""image_small_url"": ""https://i.pinimg.com/30x30_RS/b9/f1/b9/b9f1b9c27393aa0c5f85cbf5d416ecda.jpg"", ""follower_count"": 114649, ""first_name"": ""Yammie's Noshery"", ""domain_verified"": true, ""ads_only_profile_site"": null, ""is_ads_only_profile"": false, ""id"": ""28288441317851342"", ""verified_identity"": {}, ""is_verified_merchant"": false, ""followed_by_me"": false, ""full_name"": ""Yammie's Noshery"", ""blocked_by_me"": false, ""indexed"": true, ""instagram_data"": null, ""username"": ""yammie"", ""image_medium_url"": ""https://i.pinimg.com/75x75_RS/b9/f1/b9/b9f1b9c27393aa0c5f85cbf5d416ecda.jpg"", ""explicitly_followed_by_me"": false, ""type"": ""user""}"
28288303884544691,https://www.pinterest.com/pin/28288303884544691,BBQ Pulled Pork Cashew Salad with Blue Cheese,Yammie's Noshery: BBQ Pulled Pork Cashew Salad with Blue Cheese,http://www.yammiesnoshery.com/2014/06/bbq-pulled-pork-salad.html#p34OOPHwQIvpSYDf.32,https://i.pinimg.com/736x/22/3b/65/223b652fe290b8bbcae9db020159c1f9.jpg,223b652fe290b8bbcae9db020159c1f9,0,228,42,0,0,0,{},"Fri, 27 Jun 2014 15:40:21 +0000",2026-06-25 05:44:15.022000,/yammie/yammies-noshery/,Yammie's Noshery,0,0,public,food_drink,yammie,Yammie's Noshery,https://www.pinterest.com/yammie/,0,0,114649,0,0,"{""id"": ""28288441317851342"", ""ads_only_profile_site"": null, ""blocked_by_me"": false, ""first_name"": ""Yammie's Noshery"", ""full_name"": ""Yammie's Noshery"", ""domain_verified"": true, ""instagram_data"": null, ""username"": ""yammie"", ""domain_url"": ""www.yammiesnoshery.com"", ""followed_by_me"": false, ""image_small_url"": ""https://i.pinimg.com/30x30_RS/b9/f1/b9/b9f1b9c27393aa0c5f85cbf5d416ecda.jpg"", ""is_default_image"": false, ""follower_count"": 114649, ""explicitly_followed_by_me"": false, ""is_verified_merchant"": false, ""verified_identity"": {}, ""indexed"": true, ""image_medium_url"": ""https://i.pinimg.com/75x75_RS/b9/f1/b9/b9f1b9c27393aa0c5f85cbf5d416ecda.jpg"", ""type"": ""user"", ""is_ads_only_profile"": false}"
28288303884575991,https://www.pinterest.com/pin/28288303884575991,Blueberry Bagel French Toast with Cream Cheese Glaze,Yammie's Noshery: Blueberry Bagel French Toast with Cream Cheese Glaze,http://www.yammiesnoshery.com/2014/07/blueberry-bagel-french-toast.html#Z0VFUQjoVVp75zZf.32,https://i.pinimg.com/736x/28/0b/a5/280ba5cd9953e36b8cebf0ab3ff97141.jpg,280ba5cd9953e36b8cebf0ab3ff97141,0,1282,77,0,0,0,{},"Thu, 03 Jul 2014 17:55:51 +0000",2026-06-25 05:44:11.690000,/yammie/yammies-noshery/,Yammie's Noshery,0,0,public,food_drink,yammie,Yammie's Noshery,https://www.pinterest.com/yammie/,0,0,114649,0,0,"{""blocked_by_me"": false, ""username"": ""yammie"", ""verified_identity"": {}, ""id"": ""28288441317851342"", ""domain_url"": ""www.yammiesnoshery.com"", ""is_verified_merchant"": false, ""image_medium_url"": ""https://i.pinimg.com/75x75_RS/b9/f1/b9/b9f1b9c27393aa0c5f85cbf5d416ecda.jpg"", ""domain_verified"": true, ""indexed"": true, ""is_default_image"": false, ""type"": ""user"", ""ads_only_profile_site"": null, ""instagram_data"": null, ""first_name"": ""Yammie's Noshery"", ""explicitly_followed_by_me"": false, ""is_ads_only_profile"": false, ""image_small_url"": ""https://i.pinimg.com/30x30_RS/b9/f1/b9/b9f1b9c27393aa0c5f85cbf5d416ecda.jpg"", ""followed_by_me"": false, ""full_name"": ""Yammie's Noshery"", ""follower_count"": 114649}"
28288303884637392,https://www.pinterest.com/pin/28288303884637392,Lemon White Chocolate Biscotti,Yammie's Noshery: Lemon White Chocolate Biscotti,http://www.yammiesnoshery.com/2014/07/lemon-white-chocolate-biscotti.html#MYWipVxYaX8Xh7Ve.32,https://i.pinimg.com/736x/9a/5f/1d/9a5f1d2eb265d1b9dee5a5bd173d57ac.jpg,9a5f1d2eb265d1b9dee5a5bd173d57ac,0,6871,4174,0,0,0,{},"Tue, 15 Jul 2014 19:55:35 +0000",2026-06-25 05:44:11.644000,/yammie/yammies-noshery/,Yammie's Noshery,0,0,public,food_drink,yammie,Yammie's Noshery,https://www.pinterest.com/yammie/,0,0,114649,0,0,"{""id"": ""28288441317851342"", ""follower_count"": 114649, ""first_name"": ""Yammie's Noshery"", ""explicitly_followed_by_me"": false, ""full_name"": ""Yammie's Noshery"", ""domain_verified"": true, ""image_medium_url"": ""https://i.pinimg.com/75x75_RS/b9/f1/b9/b9f1b9c27393aa0c5f85cbf5d416ecda.jpg"", ""ads_only_profile_site"": null, ""image_small_url"": ""https://i.pinimg.com/30x30_RS/b9/f1/b9/b9f1b9c27393aa0c5f85cbf5d416ecda.jpg"", ""blocked_by_me"": false, ""username"": ""yammie"", ""followed_by_me"": false, ""verified_identity"": {}, ""domain_url"": ""www.yammiesnoshery.com"", ""instagram_data"": null, ""is_ads_only_profile"": false, ""type"": ""user"", ""indexed"": true, ""is_verified_merchant"": false, ""is_default_image"": false}"
28288303884689896,https://www.pinterest.com/pin/28288303884689896,Cheddar Bacon Stuffed Pretzel Buns,Yammie's Noshery: Cheddar Bacon Stuffed Pretzel Buns,http://www.yammiesnoshery.com/2014/07/cheddar-bacon-stuffed-pretzel-buns.html#qH75qrpt7hl8Ixv3.32,https://i.pinimg.com/736x/fe/5c/cb/fe5ccb2dc64900d5dbce53da10dfacd7.jpg,fe5ccb2dc64900d5dbce53da10dfacd7,0,1762,224,0,0,0,"{""1"": 1}","Fri, 25 Jul 2014 16:52:18 +0000",2026-06-25 05:44:09.911000,/yammie/yammies-noshery/,Yammie's Noshery,0,0,public,food_drink,yammie,Yammie's Noshery,https://www.pinterest.com/yammie/,0,0,114649,0,0,"{""domain_verified"": true, ""type"": ""user"", ""is_ads_only_profile"": false, ""blocked_by_me"": false, ""id"": ""28288441317851342"", ""explicitly_followed_by_me"": false, ""full_name"": ""Yammie's Noshery"", ""is_default_image"": false, ""ads_only_profile_site"": null, ""indexed"": true, ""verified_identity"": {}, ""username"": ""yammie"", ""image_medium_url"": ""https://i.pinimg.com/75x75_RS/b9/f1/b9/b9f1b9c27393aa0c5f85cbf5d416ecda.jpg"", ""first_name"": ""Yammie's Noshery"", ""followed_by_me"": false, ""domain_url"": ""www.yammiesnoshery.com"", ""is_verified_merchant"": false, ""follower_count"": 114649, ""image_small_url"": ""https://i.pinimg.com/30x30_RS/b9/f1/b9/b9f1b9c27393aa0c5f85cbf5d416ecda.jpg"", ""instagram_data"": null}"
28288303884722948,https://www.pinterest.com/pin/28288303884722948,Giant Chewy Chocolate Chip M&M Cookie Cake (GF),Yammie's Noshery: Giant Chewy Chocolate Chip M&M Cookie Cake (GF),http://www.yammiesnoshery.com/2014/07/chocolate-chip-cookie-cake.html#jM7D0ayrhVEQJ2s8.32,https://i.pinimg.com/736x/cc/a3/4c/cca34c5562e52d6599a83534ca751d80.jpg,cca34c5562e52d6599a83534ca751d80,0,588,84,0,0,0,"{""1"": 4}","Thu, 31 Jul 2014 17:41:27 +0000",2026-06-25 05:44:08.221000,/yammie/yammies-noshery/,Yammie's Noshery,0,0,public,food_drink,yammie,Yammie's Noshery,https://www.pinterest.com/yammie/,0,0,114649,0,0,"{""followed_by_me"": false, ""type"": ""user"", ""id"": ""28288441317851342"", ""instagram_data"": null, ""is_default_image"": false, ""verified_identity"": {}, ""is_ads_only_profile"": false, ""first_name"": ""Yammie's Noshery"", ""is_verified_merchant"": false, ""explicitly_followed_by_me"": false, ""domain_url"": ""www.yammiesnoshery.com"", ""image_medium_url"": ""https://i.pinimg.com/75x75_RS/b9/f1/b9/b9f1b9c27393aa0c5f85cbf5d416ecda.jpg"", ""username"": ""yammie"", ""image_small_url"": ""https://i.pinimg.com/30x30_RS/b9/f1/b9/b9f1b9c27393aa0c5f85cbf5d416ecda.jpg"", ""domain_verified"": true, ""ads_only_profile_site"": null, ""indexed"": true, ""follower_count"": 114649, ""blocked_by_me"": false, ""full_name"": ""Yammie's Noshery""}"
28288303884764273,https://www.pinterest.com/pin/28288303884764273,Sarah's Super Crunchy Caramel Corn,Yammie's Noshery: Sarah's Super Crunchy Caramel Corn,http://www.yammiesnoshery.com/2014/08/sarahs-super-crunchy-caramel-corn.html#smPjK9IdgAg8yhup.32,https://i.pinimg.com/736x/5a/73/45/5a734548fc217f5173e76c4b384eaab9.jpg,5a734548fc217f5173e76c4b384eaab9,0,1303,80,0,0,0,{},"Fri, 08 Aug 2014 15:35:33 +0000",2026-06-25 05:44:06.537000,/yammie/yammies-noshery/,Yammie's Noshery,0,0,public,food_drink,yammie,Yammie's Noshery,https://www.pinterest.com/yammie/,0,0,114649,0,0,"{""blocked_by_me"": false, ""domain_verified"": true, ""verified_identity"": {}, ""id"": ""28288441317851342"", ""indexed"": true, ""domain_url"": ""www.yammiesnoshery.com"", ""image_small_url"": ""https://i.pinimg.com/30x30_RS/b9/f1/b9/b9f1b9c27393aa0c5f85cbf5d416ecda.jpg"", ""username"": ""yammie"", ""first_name"": ""Yammie's Noshery"", ""type"": ""user"", ""is_ads_only_profile"": false, ""follower_count"": 114649, ""is_verified_merchant"": false, ""instagram_data"": null, ""is_default_image"": false, ""full_name"": ""Yammie's Noshery"", ""ads_only_profile_site"": null, ""image_medium_url"": ""https://i.pinimg.com/75x75_RS/b9/f1/b9/b9f1b9c27393aa0c5f85cbf5d416ecda.jpg"", ""explicitly_followed_by_me"": false, ""followed_by_me"": false}"
28288303884798812,https://www.pinterest.com/pin/28288303884798812,Zucchini Bars with Browned Butter Frosting,Yammie's Noshery: Zucchini Bars with Browned Butter Frosting,http://www.yammiesnoshery.com/2014/08/zucchini-bread-bars.html,https://i.pinimg.com/736x/0b/28/77/0b2877bd239956209af5a14cf3c71ac5.jpg,0b2877bd239956209af5a14cf3c71ac5,0,9987,149,2,0,0,"{""1"": 1}","Fri, 15 Aug 2014 21:12:39 +0000",2026-06-25 05:44:03.354000,/yammie/yammies-noshery/,Yammie's Noshery,0,0,public,food_drink,yammie,Yammie's Noshery,https://www.pinterest.com/yammie/,0,0,114649,0,0,
28288303884834895,https://www.pinterest.com/pin/28288303884834895,Secretly Healthy 87 Calorie Brownies!,Yammie's Noshery: Secretly Healthy 87 Calorie Brownies!,http://www.yammiesnoshery.com/2014/08/secretly-healthy-zucchini-brownies.html#mv3bo4VYtT5HFSlU.32,https://i.pinimg.com/736x/b9/96/47/b9964710373906199447ef6388f161f5.jpg,b9964710373906199447ef6388f161f5,0,4750,1002,0,0,0,{},"Fri, 22 Aug 2014 15:57:55 +0000",2026-06-25 05:44:01.745000,/yammie/yammies-noshery/,Yammie's Noshery,0,0,public,food_drink,yammie,Yammie's Noshery,https://www.pinterest.com/yammie/,0,0,114649,0,0,"{""verified_identity"": {}, ""domain_verified"": true, ""explicitly_followed_by_me"": false, ""blocked_by_me"": false, ""follower_count"": 114649, ""full_name"": ""Yammie's Noshery"", ""username"": ""yammie"", ""image_medium_url"": ""https://i.pinimg.com/75x75_RS/b9/f1/b9/b9f1b9c27393aa0c5f85cbf5d416ecda.jpg"", ""is_default_image"": false, ""type"": ""user"", ""is_ads_only_profile"": false, ""instagram_data"": null, ""is_verified_merchant"": false, ""first_name"": ""Yammie's Noshery"", ""followed_by_me"": false, ""image_small_url"": ""https://i.pinimg.com/30x30_RS/b9/f1/b9/b9f1b9c27393aa0c5f85cbf5d416ecda.jpg"", ""ads_only_profile_site"": null, ""indexed"": true, ""domain_url"": ""www.yammiesnoshery.com"", ""id"": ""28288441317851342""}"
28288303884860807,https://www.pinterest.com/pin/28288303884860807,,Yammie's Noshery: Flourless Chocolate Peanut Butter Cup Cake,http://www.yammiesnoshery.com/2014/08/flourless-chocolate-peanut-butter-cake.html,https://i.pinimg.com/736x/c0/61/94/c061945a6f9e399d1ea65d189815f080.jpg,c061945a6f9e399d1ea65d189815f080,0,1762,151,0,0,0,{},"Wed, 27 Aug 2014 16:28:09 +0000",2026-06-25 05:44:00.225000,/yammie/yammies-noshery/,Yammie's Noshery,0,0,public,food_drink,yammie,Yammie's Noshery,https://www.pinterest.com/yammie/,0,0,114649,0,0,
28288303884904483,https://www.pinterest.com/pin/28288303884904483,Chipotle Lime Chicken Bacon Flatbread Tacos,Yammie's Noshery: Chipotle Lime Chicken Bacon Flatbread Tacos,http://www.yammiesnoshery.com/2014/09/chipotle-lime-chicken-bacon-flatbread-tacos.html,https://i.pinimg.com/736x/80/7a/45/807a4569f598dec740b603215cb3542f.jpg,807a4569f598dec740b603215cb3542f,0,2185,129,0,0,0,{},"Thu, 04 Sep 2014 18:23:54 +0000",2026-06-25 05:43:58.620000,/yammie/yammies-noshery/,Yammie's Noshery,0,0,public,food_drink,yammie,Yammie's Noshery,https://www.pinterest.com/yammie/,0,0,114649,0,0,
28288303884944456,https://www.pinterest.com/pin/28288303884944456,Apple Cinnamon Pretzel Bites with Caramel Dipping Sauce,Yammie's Noshery: Apple Cinnamon Pretzel Bites with Caramel Dipping Sauce,http://www.yammiesnoshery.com/2014/09/apple-cinnamon-pretzel-bites.html,https://i.pinimg.com/736x/9e/53/58/9e5358bfbeeb000aba34a6832dcdeb59.jpg,9e5358bfbeeb000aba34a6832dcdeb59,0,1649,94,0,0,0,{},"Thu, 11 Sep 2014 17:00:36 +0000",2026-06-25 05:43:58.571000,/yammie/yammies-noshery/,Yammie's Noshery,0,0,public,food_drink,yammie,Yammie's Noshery,https://www.pinterest.com/yammie/,0,0,114649,0,0,
28288303884984567,https://www.pinterest.com/pin/28288303884984567,Chewy Peanut Butter Apple Granola Bars,Yammie's Noshery: Chewy Peanut Butter Apple Granola Bars,http://www.yammiesnoshery.com/2014/09/peanut-butter-apple-granola-bars.html,https://i.pinimg.com/736x/70/f8/9f/70f89f94726813881d810765ace36dda.jpg,70f89f94726813881d810765ace36dda,0,87,42,0,0,0,{},"Thu, 18 Sep 2014 15:30:27 +0000",2026-06-25 05:43:58.387000,/yammie/yammies-noshery/,Yammie's Noshery,0,0,public,food_drink,yammie,Yammie's Noshery,https://www.pinterest.com/yammie/,0,0,114649,0,0,
28288303885029944,https://www.pinterest.com/pin/28288303885029944,Chewy Pumpkin Chocolate Chip Cookies,Yammie's Noshery: Chewy Pumpkin Chocolate Chip Cookies,http://www.yammiesnoshery.com/2014/09/chewy-pumpkin-chocolate-chip-cookies.html#ckVofjiw4CeJzCXP.32,https://i.pinimg.com/736x/2b/65/66/2b65664d03ea3ed36ecb388b96882ce7.jpg,2b65664d03ea3ed36ecb388b96882ce7,0,3314,69,2,0,0,{},"Fri, 26 Sep 2014 17:33:23 +0000",2026-06-25 05:43:45.471000,/yammie/yammies-noshery/,Yammie's Noshery,0,0,public,food_drink,yammie,Yammie's Noshery,https://www.pinterest.com/yammie/,0,0,114649,0,0,"{""type"": ""user"", ""is_ads_only_profile"": false, ""full_name"": ""Yammie's Noshery"", ""is_default_image"": false, ""first_name"": ""Yammie's Noshery"", ""verified_identity"": {}, ""domain_url"": ""www.yammiesnoshery.com"", ""follower_count"": 114649, ""id"": ""28288441317851342"", ""ads_only_profile_site"": null, ""image_small_url"": ""https://i.pinimg.com/30x30_RS/b9/f1/b9/b9f1b9c27393aa0c5f85cbf5d416ecda.jpg"", ""domain_verified"": true, ""blocked_by_me"": false, ""image_medium_url"": ""https://i.pinimg.com/75x75_RS/b9/f1/b9/b9f1b9c27393aa0c5f85cbf5d416ecda.jpg"", ""username"": ""yammie"", ""indexed"": true, ""instagram_data"": null, ""explicitly_followed_by_me"": false, ""followed_by_me"": false, ""is_verified_merchant"": false}"
28288303885064245,https://www.pinterest.com/pin/28288303885064245,Pumpkin Cupcakes with Browned Butter Cream Cheese Frosting and Sugared Pecans,Yammie's Noshery: Pumpkin Cupcakes with Browned Butter Cream Cheese Frosting and Sugared Pecans,http://www.yammiesnoshery.com/2014/10/pumpkin-cupcakes-with-browned-butter.html#w1117Hx3xcDZBfKt.32,https://i.pinimg.com/736x/8b/de/ad/8bdead8f114220bc54ce24fd434f2a8e.jpg,8bdead8f114220bc54ce24fd434f2a8e,0,808,180,1,0,0,{},"Thu, 02 Oct 2014 18:37:05 +0000",2026-06-25 05:43:45.366000,/yammie/yammies-noshery/,Yammie's Noshery,0,0,public,food_drink,yammie,Yammie's Noshery,https://www.pinterest.com/yammie/,0,0,114649,0,0,"{""follower_count"": 114649, ""first_name"": ""Yammie's Noshery"", ""is_ads_only_profile"": false, ""domain_verified"": true, ""type"": ""user"", ""followed_by_me"": false, ""is_verified_merchant"": false, ""blocked_by_me"": false, ""domain_url"": ""www.yammiesnoshery.com"", ""instagram_data"": null, ""indexed"": true, ""is_default_image"": false, ""ads_only_profile_site"": null, ""full_name"": ""Yammie's Noshery"", ""image_medium_url"": ""https://i.pinimg.com/75x75_RS/b9/f1/b9/b9f1b9c27393aa0c5f85cbf5d416ecda.jpg"", ""username"": ""yammie"", ""verified_identity"": {}, ""explicitly_followed_by_me"": false, ""id"": ""28288441317851342"", ""image_small_url"": ""https://i.pinimg.com/30x30_RS/b9/f1/b9/b9f1b9c27393aa0c5f85cbf5d416ecda.jpg""}"
28288303885104257,https://www.pinterest.com/pin/28288303885104257,Caramel Toffee Cheesecake Apple Dip,Yammie's Noshery: Caramel Toffee Cheesecake Apple Dip,http://www.yammiesnoshery.com/2014/10/caramel-toffee-cheesecake-apple-dip.html#u3hBr2uks06XuJph.32,https://i.pinimg.com/736x/ad/ee/9d/adee9d01a91833fa7681ff3ea8758c1e.jpg,adee9d01a91833fa7681ff3ea8758c1e,0,305,69,0,0,0,{},"Thu, 09 Oct 2014 17:08:14 +0000",2026-06-25 05:43:45.137000,/yammie/yammies-noshery/,Yammie's Noshery,0,0,public,food_drink,yammie,Yammie's Noshery,https://www.pinterest.com/yammie/,0,0,114649,0,0,"{""followed_by_me"": false, ""follower_count"": 114649, ""id"": ""28288441317851342"", ""is_ads_only_profile"": false, ""image_small_url"": ""https://i.pinimg.com/30x30_RS/b9/f1/b9/b9f1b9c27393aa0c5f85cbf5d416ecda.jpg"", ""verified_identity"": {}, ""explicitly_followed_by_me"": false, ""indexed"": true, ""image_medium_url"": ""https://i.pinimg.com/75x75_RS/b9/f1/b9/b9f1b9c27393aa0c5f85cbf5d416ecda.jpg"", ""is_default_image"": false, ""domain_url"": ""www.yammiesnoshery.com"", ""type"": ""user"", ""first_name"": ""Yammie's Noshery"", ""domain_verified"": true, ""is_verified_merchant"": false, ""full_name"": ""Yammie's Noshery"", ""ads_only_profile_site"": null, ""blocked_by_me"": false, ""instagram_data"": null, ""username"": ""yammie""}"
28288303885148745,https://www.pinterest.com/pin/28288303885148745,Cream Cheese Apple Coffee Cake,Yammie's Noshery: Cream Cheese Apple Coffee Cake,http://www.yammiesnoshery.com/2014/10/cream-cheese-apple-coffee-cake.html#6GyV3AoGSYEpvou0.32,https://i.pinimg.com/736x/f7/68/41/f76841db0e0b99497576d941177ea3e1.jpg,f76841db0e0b99497576d941177ea3e1,0,2270,138,1,0,0,{},"Thu, 16 Oct 2014 21:52:34 +0000",2026-06-25 05:43:45.107000,/yammie/yammies-noshery/,Yammie's Noshery,0,0,public,food_drink,yammie,Yammie's Noshery,https://www.pinterest.com/yammie/,0,0,114649,0,0,"{""type"": ""user"", ""follower_count"": 114649, ""verified_identity"": {}, ""indexed"": true, ""domain_url"": ""www.yammiesnoshery.com"", ""first_name"": ""Yammie's Noshery"", ""explicitly_followed_by_me"": false, ""id"": ""28288441317851342"", ""username"": ""yammie"", ""image_small_url"": ""https://i.pinimg.com/30x30_RS/b9/f1/b9/b9f1b9c27393aa0c5f85cbf5d416ecda.jpg"", ""ads_only_profile_site"": null, ""is_ads_only_profile"": false, ""domain_verified"": true, ""full_name"": ""Yammie's Noshery"", ""followed_by_me"": false, ""is_verified_merchant"": false, ""blocked_by_me"": false, ""image_medium_url"": ""https://i.pinimg.com/75x75_RS/b9/f1/b9/b9f1b9c27393aa0c5f85cbf5d416ecda.jpg"", ""is_default_image"": false, ""instagram_data"": null}"
28288303885193572,https://www.pinterest.com/pin/28288303885193572,Spicy Pumpkin Soup with Bacon and Spicy Fried Chickpeas,Yammie's Noshery: Spicy Pumpkin Soup with Bacon and Spicy Fried Chickpeas,http://www.yammiesnoshery.com/2014/10/spicy-pumpkin-soup-with-bacon-and-spicy.html#irp5kIlWDyI6fjjT.32,https://i.pinimg.com/736x/f6/c0/ed/f6c0edbb833912d7e423fdb480c55ef1.jpg,f6c0edbb833912d7e423fdb480c55ef1,0,591,173,0,0,0,{},"Fri, 24 Oct 2014 18:22:01 +0000",2026-06-25 05:43:44.719000,/yammie/yammies-noshery/,Yammie's Noshery,0,0,public,food_drink,yammie,Yammie's Noshery,https://www.pinterest.com/yammie/,0,0,114649,0,0,"{""id"": ""28288441317851342"", ""first_name"": ""Yammie's Noshery"", ""image_medium_url"": ""https://i.pinimg.com/75x75_RS/b9/f1/b9/b9f1b9c27393aa0c5f85cbf5d416ecda.jpg"", ""full_name"": ""Yammie's Noshery"", ""domain_verified"": true, ""blocked_by_me"": false, ""explicitly_followed_by_me"": false, ""instagram_data"": null, ""domain_url"": ""www.yammiesnoshery.com"", ""username"": ""yammie"", ""type"": ""user"", ""indexed"": true, ""image_small_url"": ""https://i.pinimg.com/30x30_RS/b9/f1/b9/b9f1b9c27393aa0c5f85cbf5d416ecda.jpg"", ""follower_count"": 114649, ""is_default_image"": false, ""ads_only_profile_site"": null, ""is_ads_only_profile"": false, ""is_verified_merchant"": false, ""verified_identity"": {}, ""followed_by_me"": false}"
28288303885233476,https://www.pinterest.com/pin/28288303885233476,Sausage Queso Dip,Yammie's Noshery: Sausage Queso Dip,http://www.yammiesnoshery.com/2014/10/sausage-queso-dip.html#Oa6zCxtoXiB1VcOP.32,https://i.pinimg.com/736x/c3/4c/2e/c34c2e128f8375a4933a9e0b2c75d1cc.jpg,c34c2e128f8375a4933a9e0b2c75d1cc,0,54,31,0,0,0,{},"Fri, 31 Oct 2014 16:52:04 +0000",2026-06-25 05:43:43.491000,/yammie/yammies-noshery/,Yammie's Noshery,0,0,public,food_drink,yammie,Yammie's Noshery,https://www.pinterest.com/yammie/,0,0,114649,0,0,"{""username"": ""yammie"", ""followed_by_me"": false, ""type"": ""user"", ""domain_verified"": true, ""is_default_image"": false, ""is_verified_merchant"": false, ""blocked_by_me"": false, ""first_name"": ""Yammie's Noshery"", ""verified_identity"": {}, ""image_medium_url"": ""https://i.pinimg.com/75x75_RS/b9/f1/b9/b9f1b9c27393aa0c5f85cbf5d416ecda.jpg"", ""indexed"": true, ""is_ads_only_profile"": false, ""domain_url"": ""www.yammiesnoshery.com"", ""id"": ""28288441317851342"", ""explicitly_followed_by_me"": false, ""follower_count"": 114649, ""full_name"": ""Yammie's Noshery"", ""ads_only_profile_site"": null, ""image_small_url"": ""https://i.pinimg.com/30x30_RS/b9/f1/b9/b9f1b9c27393aa0c5f85cbf5d416ecda.jpg"", ""instagram_data"": null}"
28288303885233479,https://www.pinterest.com/pin/28288303885233479,Sausage Queso Dip,Yammie's Noshery: Sausage Queso Dip,http://www.yammiesnoshery.com/2014/10/sausage-queso-dip.html#ogR9umr1dj81XbeX.32,https://i.pinimg.com/736x/8b/a5/6f/8ba56ffdf2f2c701e02315a074713b40.jpg,8ba56ffdf2f2c701e02315a074713b40,0,166,25,0,0,0,{},"Fri, 31 Oct 2014 16:52:43 +0000",2026-06-25 05:43:43.207000,/yammie/yammies-noshery/,Yammie's Noshery,0,0,public,food_drink,yammie,Yammie's Noshery,https://www.pinterest.com/yammie/,0,0,114649,0,0,"{""verified_identity"": {}, ""is_default_image"": false, ""image_medium_url"": ""https://i.pinimg.com/75x75_RS/b9/f1/b9/b9f1b9c27393aa0c5f85cbf5d416ecda.jpg"", ""explicitly_followed_by_me"": false, ""type"": ""user"", ""blocked_by_me"": false, ""indexed"": true, ""ads_only_profile_site"": null, ""first_name"": ""Yammie's Noshery"", ""username"": ""yammie"", ""full_name"": ""Yammie's Noshery"", ""is_verified_merchant"": false, ""is_ads_only_profile"": false, ""followed_by_me"": false, ""image_small_url"": ""https://i.pinimg.com/30x30_RS/b9/f1/b9/b9f1b9c27393aa0c5f85cbf5d416ecda.jpg"", ""follower_count"": 114649, ""domain_verified"": true, ""domain_url"": ""www.yammiesnoshery.com"", ""instagram_data"": null, ""id"": ""28288441317851342""}"
28288303885270129,https://www.pinterest.com/pin/28288303885270129,Dark Chocolate Salted Caramel Pretzel Brownies,Yammie's Noshery: Dark Chocolate Salted Caramel Pretzel Brownies,http://www.yammiesnoshery.com/2014/11/dark-chocolate-salted-caramel-pretzel-brownies.html#LRoBavrAWEIkH4Al.32,https://i.pinimg.com/736x/80/a5/17/80a517037b5cd56f3e57ebfbbd1996dd.jpg,80a517037b5cd56f3e57ebfbbd1996dd,0,3805,111,1,0,0,{},"Thu, 06 Nov 2014 21:06:01 +0000",2026-06-25 05:43:43.153000,/yammie/yammies-noshery/,Yammie's Noshery,0,0,public,food_drink,yammie,Yammie's Noshery,https://www.pinterest.com/yammie/,0,0,114649,0,0,"{""ads_only_profile_site"": null, ""explicitly_followed_by_me"": false, ""indexed"": true, ""type"": ""user"", ""blocked_by_me"": false, ""domain_url"": ""www.yammiesnoshery.com"", ""image_small_url"": ""https://i.pinimg.com/30x30_RS/b9/f1/b9/b9f1b9c27393aa0c5f85cbf5d416ecda.jpg"", ""is_default_image"": false, ""first_name"": ""Yammie's Noshery"", ""instagram_data"": null, ""follower_count"": 114649, ""followed_by_me"": false, ""id"": ""28288441317851342"", ""full_name"": ""Yammie's Noshery"", ""username"": ""yammie"", ""is_verified_merchant"": false, ""verified_identity"": {}, ""domain_verified"": true, ""is_ads_only_profile"": false, ""image_medium_url"": ""https://i.pinimg.com/75x75_RS/b9/f1/b9/b9f1b9c27393aa0c5f85cbf5d416ecda.jpg""}"
28288303885321763,https://www.pinterest.com/pin/28288303885321763,Creamy Cheesy White Chicken Chili,Yammie's Noshery: Creamy Cheesy White Chicken Chili,http://www.yammiesnoshery.com/2014/11/white-chicken-chili.html#SimCUpXwXZcmvkUb.32,https://i.pinimg.com/736x/c1/f1/12/c1f11252680fd7c64abd92c2dc2da9c5.jpg,c1f11252680fd7c64abd92c2dc2da9c5,0,769,118,0,0,0,"{""1"": 2}","Fri, 14 Nov 2014 20:46:38 +0000",2026-06-25 05:43:39.016000,/yammie/yammies-noshery/,Yammie's Noshery,0,0,public,food_drink,yammie,Yammie's Noshery,https://www.pinterest.com/yammie/,0,0,114649,0,0,"{""ads_only_profile_site"": null, ""indexed"": true, ""image_medium_url"": ""https://i.pinimg.com/75x75_RS/b9/f1/b9/b9f1b9c27393aa0c5f85cbf5d416ecda.jpg"", ""blocked_by_me"": false, ""username"": ""yammie"", ""is_default_image"": false, ""domain_verified"": true, ""first_name"": ""Yammie's Noshery"", ""instagram_data"": null, ""domain_url"": ""www.yammiesnoshery.com"", ""image_small_url"": ""https://i.pinimg.com/30x30_RS/b9/f1/b9/b9f1b9c27393aa0c5f85cbf5d416ecda.jpg"", ""follower_count"": 114649, ""id"": ""28288441317851342"", ""is_ads_only_profile"": false, ""type"": ""user"", ""explicitly_followed_by_me"": false, ""verified_identity"": {}, ""is_verified_merchant"": false, ""followed_by_me"": false, ""full_name"": ""Yammie's Noshery""}"
28288303885359032,https://www.pinterest.com/pin/28288303885359032,Cheesy Bacon Mashed Potatoes,Yammie's Noshery: Cheesy Bacon Mashed Potatoes,http://www.yammiesnoshery.com/2014/11/cheesy-bacon-mashed-potatoes.html#GjO43L6xj9MJrKRM.32,https://i.pinimg.com/736x/bd/b9/fc/bdb9fc7cf8f336ef7a3780605ef93e87.jpg,bdb9fc7cf8f336ef7a3780605ef93e87,0,416,235,0,0,0,{},"Thu, 20 Nov 2014 19:59:07 +0000",2026-06-25 05:43:35.751000,/yammie/yammies-noshery/,Yammie's Noshery,0,0,public,food_drink,yammie,Yammie's Noshery,https://www.pinterest.com/yammie/,0,0,114649,0,0,"{""verified_identity"": {}, ""is_verified_merchant"": false, ""image_small_url"": ""https://i.pinimg.com/30x30_RS/b9/f1/b9/b9f1b9c27393aa0c5f85cbf5d416ecda.jpg"", ""blocked_by_me"": false, ""first_name"": ""Yammie's Noshery"", ""id"": ""28288441317851342"", ""domain_url"": ""www.yammiesnoshery.com"", ""followed_by_me"": false, ""indexed"": true, ""follower_count"": 114649, ""is_ads_only_profile"": false, ""explicitly_followed_by_me"": false, ""is_default_image"": false, ""username"": ""yammie"", ""domain_verified"": true, ""type"": ""user"", ""image_medium_url"": ""https://i.pinimg.com/75x75_RS/b9/f1/b9/b9f1b9c27393aa0c5f85cbf5d416ecda.jpg"", ""ads_only_profile_site"": null, ""full_name"": ""Yammie's Noshery"", ""instagram_data"": null}"
28288303885422262,https://www.pinterest.com/pin/28288303885422262,Reindeer Chow,Yammie's Noshery: Reindeer Chow,http://www.yammiesnoshery.com/2014/12/reindeer-chow.html#IDHftTJ4MkcDHY5o.32,https://i.pinimg.com/736x/65/28/04/6528047b6ca29dc3199dfc61111828df.jpg,6528047b6ca29dc3199dfc61111828df,0,989,61,2,0,0,{},"Mon, 01 Dec 2014 17:45:32 +0000",2026-06-25 05:43:34.356000,/yammie/yammies-noshery/,Yammie's Noshery,0,0,public,food_drink,yammie,Yammie's Noshery,https://www.pinterest.com/yammie/,0,0,114649,0,0,"{""is_verified_merchant"": false, ""username"": ""yammie"", ""indexed"": true, ""image_small_url"": ""https://i.pinimg.com/30x30_RS/b9/f1/b9/b9f1b9c27393aa0c5f85cbf5d416ecda.jpg"", ""is_default_image"": false, ""image_medium_url"": ""https://i.pinimg.com/75x75_RS/b9/f1/b9/b9f1b9c27393aa0c5f85cbf5d416ecda.jpg"", ""type"": ""user"", ""explicitly_followed_by_me"": false, ""follower_count"": 114649, ""blocked_by_me"": false, ""domain_url"": ""www.yammiesnoshery.com"", ""instagram_data"": null, ""verified_identity"": {}, ""ads_only_profile_site"": null, ""first_name"": ""Yammie's Noshery"", ""full_name"": ""Yammie's Noshery"", ""is_ads_only_profile"": false, ""id"": ""28288441317851342"", ""followed_by_me"": false, ""domain_verified"": true}"
28288303885472606,https://www.pinterest.com/pin/28288303885472606,Maple Walnut Macarons,Yammie's Noshery: Maple Walnut Macaron,http://www.yammiesnoshery.com/2014/12/maple-walnut-macaron.html#ED4P4zs3Ke1yjmm8.32,https://i.pinimg.com/736x/c7/bf/e8/c7bfe8385ae96f9f59f1776143290a1b.jpg,c7bfe8385ae96f9f59f1776143290a1b,0,10156,68,0,0,0,{},"Wed, 10 Dec 2014 21:17:25 +0000",2026-06-25 05:43:33.085000,/yammie/yammies-noshery/,Yammie's Noshery,0,0,public,food_drink,yammie,Yammie's Noshery,https://www.pinterest.com/yammie/,0,0,114649,0,0,"{""type"": ""user"", ""is_ads_only_profile"": false, ""image_small_url"": ""https://i.pinimg.com/30x30_RS/b9/f1/b9/b9f1b9c27393aa0c5f85cbf5d416ecda.jpg"", ""image_medium_url"": ""https://i.pinimg.com/75x75_RS/b9/f1/b9/b9f1b9c27393aa0c5f85cbf5d416ecda.jpg"", ""follower_count"": 114649, ""is_default_image"": false, ""verified_identity"": {}, ""domain_verified"": true, ""is_verified_merchant"": false, ""instagram_data"": null, ""indexed"": true, ""blocked_by_me"": false, ""ads_only_profile_site"": null, ""username"": ""yammie"", ""first_name"": ""Yammie's Noshery"", ""id"": ""28288441317851342"", ""explicitly_followed_by_me"": false, ""domain_url"": ""www.yammiesnoshery.com"", ""full_name"": ""Yammie's Noshery"", ""followed_by_me"": false}"
28288303885513911,https://www.pinterest.com/pin/28288303885513911,Candy Cane Crunch Brownie Cookies,Yammie's Noshery: Candy Cane Crunch Brownie Cookies,http://www.yammiesnoshery.com/2014/12/candy-cane-crunch-brownie-cookies.html#Gg1k1qlVyU5xRCpp.32,https://i.pinimg.com/736x/7a/13/cc/7a13ccc5f8926dda5b5836be5f2aab15.jpg,7a13ccc5f8926dda5b5836be5f2aab15,0,107,29,0,0,0,{},"Thu, 18 Dec 2014 19:14:04 +0000",2026-06-25 05:43:30.325000,/yammie/yammies-noshery/,Yammie's Noshery,0,0,public,food_drink,yammie,Yammie's Noshery,https://www.pinterest.com/yammie/,0,0,114649,0,0,"{""is_ads_only_profile"": false, ""domain_url"": ""www.yammiesnoshery.com"", ""first_name"": ""Yammie's Noshery"", ""follower_count"": 114649, ""followed_by_me"": false, ""type"": ""user"", ""blocked_by_me"": false, ""username"": ""yammie"", ""is_verified_merchant"": false, ""image_small_url"": ""https://i.pinimg.com/30x30_RS/b9/f1/b9/b9f1b9c27393aa0c5f85cbf5d416ecda.jpg"", ""image_medium_url"": ""https://i.pinimg.com/75x75_RS/b9/f1/b9/b9f1b9c27393aa0c5f85cbf5d416ecda.jpg"", ""full_name"": ""Yammie's Noshery"", ""domain_verified"": true, ""ads_only_profile_site"": null, ""id"": ""28288441317851342"", ""verified_identity"": {}, ""indexed"": true, ""instagram_data"": null, ""is_default_image"": false, ""explicitly_followed_by_me"": false}"
28288303885513915,https://www.pinterest.com/pin/28288303885513915,Candy Cane Crunch Brownie Cookies,Yammie's Noshery: Candy Cane Crunch Brownie Cookies,http://www.yammiesnoshery.com/2014/12/candy-cane-crunch-brownie-cookies.html,https://i.pinimg.com/736x/e1/cf/da/e1cfda1e5bec1cc0ca07dc6152390faf.jpg,e1cfda1e5bec1cc0ca07dc6152390faf,0,76,22,0,0,0,{},"Thu, 18 Dec 2014 19:15:40 +0000",2026-06-25 05:43:30.180000,/yammie/cookies/,Cookies,0,0,public,food_drink,yammie,Yammie's Noshery,https://www.pinterest.com/yammie/,0,0,114649,0,0,
28288303885573426,https://www.pinterest.com/pin/28288303885573426,Top Recipes of 2014,Yammie's Noshery: Top Recipes of 2014,http://www.yammiesnoshery.com/2014/12/top-recipes-of-2014.html?m=1,https://i.pinimg.com/736x/79/0b/9f/790b9f2a65aa2487a2e9e3370d674aa3.jpg,790b9f2a65aa2487a2e9e3370d674aa3,0,65,25,0,0,0,{},"Mon, 29 Dec 2014 20:44:39 +0000",2026-06-25 05:43:29.038000,/yammie/yammies-noshery/,Yammie's Noshery,0,0,public,food_drink,yammie,Yammie's Noshery,https://www.pinterest.com/yammie/,0,0,114649,0,0,
28288303885621859,https://www.pinterest.com/pin/28288303885621859,Chewy No Bake Peanut Butter Granola Bars,Yammie's Noshery: Chewy No Bake Peanut Butter Granola Bars,http://www.yammiesnoshery.com/2015/01/no-bake-granola-bars.html#COZURGvkqxUFvRCK.32,https://i.pinimg.com/736x/5a/d6/11/5ad6111b5aec759c5063d07288e14a4e.jpg,5ad6111b5aec759c5063d07288e14a4e,0,472,58,0,0,0,{},"Mon, 05 Jan 2015 19:12:51 +0000",2026-06-25 05:43:27.935000,/yammie/yammies-noshery/,Yammie's Noshery,0,0,public,food_drink,yammie,Yammie's Noshery,https://www.pinterest.com/yammie/,0,0,114649,0,0,"{""is_default_image"": false, ""is_ads_only_profile"": false, ""follower_count"": 114649, ""instagram_data"": null, ""domain_verified"": true, ""full_name"": ""Yammie's Noshery"", ""is_verified_merchant"": false, ""image_medium_url"": ""https://i.pinimg.com/75x75_RS/b9/f1/b9/b9f1b9c27393aa0c5f85cbf5d416ecda.jpg"", ""blocked_by_me"": false, ""followed_by_me"": false, ""username"": ""yammie"", ""ads_only_profile_site"": null, ""indexed"": true, ""domain_url"": ""www.yammiesnoshery.com"", ""explicitly_followed_by_me"": false, ""type"": ""user"", ""verified_identity"": {}, ""image_small_url"": ""https://i.pinimg.com/30x30_RS/b9/f1/b9/b9f1b9c27393aa0c5f85cbf5d416ecda.jpg"", ""id"": ""28288441317851342"", ""first_name"": ""Yammie's Noshery""}"
28288303885621860,https://www.pinterest.com/pin/28288303885621860,Chewy No Bake Peanut Butter Granola Bars,Yammie's Noshery: Chewy No Bake Peanut Butter Granola Bars,http://www.yammiesnoshery.com/2015/01/no-bake-granola-bars.html#TQ5bOvxkEf4J3hGF.32,https://i.pinimg.com/736x/24/38/21/2438218ae0e3326d1a7b12695192d7f8.jpg,2438218ae0e3326d1a7b12695192d7f8,0,2828,75,1,0,0,{},"Mon, 05 Jan 2015 19:13:50 +0000",2026-06-25 05:43:26.886000,/yammie/glutenfreedom/,Glutenfreedom,0,0,public,food_drink,yammie,Yammie's Noshery,https://www.pinterest.com/yammie/,0,0,114649,0,0,"{""username"": ""yammie"", ""first_name"": ""Yammie's Noshery"", ""id"": ""28288441317851342"", ""type"": ""user"", ""indexed"": true, ""is_default_image"": false, ""full_name"": ""Yammie's Noshery"", ""instagram_data"": null, ""followed_by_me"": false, ""image_small_url"": ""https://i.pinimg.com/30x30_RS/b9/f1/b9/b9f1b9c27393aa0c5f85cbf5d416ecda.jpg"", ""image_medium_url"": ""https://i.pinimg.com/75x75_RS/b9/f1/b9/b9f1b9c27393aa0c5f85cbf5d416ecda.jpg"", ""domain_verified"": true, ""is_verified_merchant"": false, ""follower_count"": 114649, ""verified_identity"": {}, ""domain_url"": ""www.yammiesnoshery.com"", ""is_ads_only_profile"": false, ""blocked_by_me"": false, ""ads_only_profile_site"": null, ""explicitly_followed_by_me"": false}"
28288303885680726,https://www.pinterest.com/pin/28288303885680726,Spinach Artichoke Macaroni and Cheese,Yammie's Noshery: Spinach Artichoke Macaroni and Cheese,http://www.yammiesnoshery.com/2015/01/spinach-artichoke-macaroni-and-cheese.html#Um4OX4GFDcsETTED.32,https://i.pinimg.com/736x/20/92/38/209238a6fcdc3ed93c7c632f11a8d326.jpg,209238a6fcdc3ed93c7c632f11a8d326,0,40845,214,8,0,0,"{""1"": 3}","Wed, 14 Jan 2015 15:07:54 +0000",2026-06-25 05:43:25.405000,/yammie/yammies-noshery/,Yammie's Noshery,0,0,public,food_drink,yammie,Yammie's Noshery,https://www.pinterest.com/yammie/,0,0,114649,0,0,"{""followed_by_me"": false, ""username"": ""yammie"", ""ads_only_profile_site"": null, ""domain_verified"": true, ""is_default_image"": false, ""domain_url"": ""www.yammiesnoshery.com"", ""image_small_url"": ""https://i.pinimg.com/30x30_RS/b9/f1/b9/b9f1b9c27393aa0c5f85cbf5d416ecda.jpg"", ""explicitly_followed_by_me"": false, ""follower_count"": 114649, ""full_name"": ""Yammie's Noshery"", ""type"": ""user"", ""is_verified_merchant"": false, ""first_name"": ""Yammie's Noshery"", ""indexed"": true, ""id"": ""28288441317851342"", ""instagram_data"": null, ""blocked_by_me"": false, ""verified_identity"": {}, ""is_ads_only_profile"": false, ""image_medium_url"": ""https://i.pinimg.com/75x75_RS/b9/f1/b9/b9f1b9c27393aa0c5f85cbf5d416ecda.jpg""}"
28288303885733274,https://www.pinterest.com/pin/28288303885733274,The Best Gluten Free Oatmeal Cookies {With Dark Chocolate and Cherries},Yammie's Noshery: The Best Gluten Free Oatmeal Cookies {With Dark Chocolate and Cherries},http://www.yammiesnoshery.com/2015/01/the-best-gluten-free-oatmeal-cookies.html#Q6yvEKx5kXppDReo.32,https://i.pinimg.com/736x/85/6d/fc/856dfcacdf7b5f041c0bd325f4b119c0.jpg,856dfcacdf7b5f041c0bd325f4b119c0,0,470,203,0,0,0,{},"Thu, 22 Jan 2015 20:18:23 +0000",2026-06-25 05:43:24.102000,/yammie/yammies-noshery/,Yammie's Noshery,0,0,public,food_drink,yammie,Yammie's Noshery,https://www.pinterest.com/yammie/,0,0,114649,0,0,"{""is_ads_only_profile"": false, ""indexed"": true, ""explicitly_followed_by_me"": false, ""image_small_url"": ""https://i.pinimg.com/30x30_RS/b9/f1/b9/b9f1b9c27393aa0c5f85cbf5d416ecda.jpg"", ""instagram_data"": null, ""domain_verified"": true, ""first_name"": ""Yammie's Noshery"", ""username"": ""yammie"", ""ads_only_profile_site"": null, ""is_default_image"": false, ""full_name"": ""Yammie's Noshery"", ""domain_url"": ""www.yammiesnoshery.com"", ""is_verified_merchant"": false, ""id"": ""28288441317851342"", ""image_medium_url"": ""https://i.pinimg.com/75x75_RS/b9/f1/b9/b9f1b9c27393aa0c5f85cbf5d416ecda.jpg"", ""type"": ""user"", ""follower_count"": 114649, ""blocked_by_me"": false, ""verified_identity"": {}, ""followed_by_me"": false}"
28288303885779730,https://www.pinterest.com/pin/28288303885779730,,Yammie's Noshery: The Best Blueberry Muffins Ever,http://www.yammiesnoshery.com/2015/01/the-best-blueberry-muffins-ever.html#tRFDrfRv8I2w8pJf.32,https://i.pinimg.com/736x/07/95/3a/07953a1e175580b99511f41c460671df.jpg,07953a1e175580b99511f41c460671df,0,22981,12181,36,0,8,"{""1"": 3}","Thu, 29 Jan 2015 16:48:59 +0000",2026-06-25 05:43:24.061000,/yammie/breakfast/,Breakfast,0,0,public,food_drink,yammie,Yammie's Noshery,https://www.pinterest.com/yammie/,0,0,114649,0,0,"{""domain_url"": ""www.yammiesnoshery.com"", ""blocked_by_me"": false, ""is_default_image"": false, ""full_name"": ""Yammie's Noshery"", ""follower_count"": 114649, ""instagram_data"": null, ""image_small_url"": ""https://i.pinimg.com/30x30_RS/b9/f1/b9/b9f1b9c27393aa0c5f85cbf5d416ecda.jpg"", ""id"": ""28288441317851342"", ""is_verified_merchant"": false, ""explicitly_followed_by_me"": false, ""username"": ""yammie"", ""first_name"": ""Yammie's Noshery"", ""followed_by_me"": false, ""domain_verified"": true, ""type"": ""user"", ""image_medium_url"": ""https://i.pinimg.com/75x75_RS/b9/f1/b9/b9f1b9c27393aa0c5f85cbf5d416ecda.jpg"", ""verified_identity"": {}, ""indexed"": true, ""is_ads_only_profile"": false, ""ads_only_profile_site"": null}"
28288303885779732,https://www.pinterest.com/pin/28288303885779732,,Yammie's Noshery: The Best Blueberry Muffins Ever,http://www.yammiesnoshery.com/2015/01/the-best-blueberry-muffins-ever.html#DZymWGoXIzyRSFsp.32,https://i.pinimg.com/736x/da/b9/26/dab9264ee6b1674983366f49dad764cd.jpg,dab9264ee6b1674983366f49dad764cd,0,3087,226,2,0,0,"{""1"": 2}","Thu, 29 Jan 2015 16:49:27 +0000",2026-06-25 05:43:23.915000,/yammie/yammies-noshery/,Yammie's Noshery,0,0,public,food_drink,yammie,Yammie's Noshery,https://www.pinterest.com/yammie/,0,0,114649,0,0,"{""explicitly_followed_by_me"": false, ""full_name"": ""Yammie's Noshery"", ""followed_by_me"": false, ""blocked_by_me"": false, ""follower_count"": 114649, ""verified_identity"": {}, ""domain_url"": ""www.yammiesnoshery.com"", ""id"": ""28288441317851342"", ""image_medium_url"": ""https://i.pinimg.com/75x75_RS/b9/f1/b9/b9f1b9c27393aa0c5f85cbf5d416ecda.jpg"", ""is_default_image"": false, ""is_verified_merchant"": false, ""domain_verified"": true, ""instagram_data"": null, ""username"": ""yammie"", ""image_small_url"": ""https://i.pinimg.com/30x30_RS/b9/f1/b9/b9f1b9c27393aa0c5f85cbf5d416ecda.jpg"", ""first_name"": ""Yammie's Noshery"", ""indexed"": true, ""is_ads_only_profile"": false, ""ads_only_profile_site"": null, ""type"": ""user""}"
28288303885832948,https://www.pinterest.com/pin/28288303885832948,b'Dark Chocolate Cheesecake with Kahl\xfaa Truffles',"b""Yammie's Noshery: Dark Chocolate Cheesecake with Kahl\xfaa Truffles""",http://www.yammiesnoshery.com/2015/02/dark-chocolate-cheesecake-with-kahlua-truffles.html#54Ue6PW3zlTg4JHD.32,https://i.pinimg.com/736x/31/94/f9/3194f93d5988ebc35985bce698d13053.jpg,3194f93d5988ebc35985bce698d13053,0,632,123,0,0,0,{},"Fri, 06 Feb 2015 14:36:50 +0000",2026-06-25 05:43:22.429000,/yammie/yammies-noshery/,Yammie's Noshery,0,0,public,food_drink,yammie,Yammie's Noshery,https://www.pinterest.com/yammie/,0,0,114649,0,0,"{""domain_url"": ""www.yammiesnoshery.com"", ""ads_only_profile_site"": null, ""username"": ""yammie"", ""image_medium_url"": ""https://i.pinimg.com/75x75_RS/b9/f1/b9/b9f1b9c27393aa0c5f85cbf5d416ecda.jpg"", ""id"": ""28288441317851342"", ""verified_identity"": {}, ""blocked_by_me"": false, ""full_name"": ""Yammie's Noshery"", ""is_ads_only_profile"": false, ""instagram_data"": null, ""domain_verified"": true, ""is_default_image"": false, ""type"": ""user"", ""indexed"": true, ""is_verified_merchant"": false, ""first_name"": ""Yammie's Noshery"", ""explicitly_followed_by_me"": false, ""followed_by_me"": false, ""follower_count"": 114649, ""image_small_url"": ""https://i.pinimg.com/30x30_RS/b9/f1/b9/b9f1b9c27393aa0c5f85cbf5d416ecda.jpg""}"
28288303885832951,https://www.pinterest.com/pin/28288303885832951,b'Dark Chocolate Cheesecake with Kahl\xfaa Truffles',"b""Yammie's Noshery: Dark Chocolate Cheesecake with Kahl\xfaa Truffles""",http://www.yammiesnoshery.com/2015/02/dark-chocolate-cheesecake-with-kahlua-truffles.html#Ahdm0LritpuBeIzh.32,https://i.pinimg.com/736x/ee/79/0f/ee790fb0f70974d5176e11b0b938f994.jpg,ee790fb0f70974d5176e11b0b938f994,0,749,34,0,0,0,{},"Fri, 06 Feb 2015 14:37:06 +0000",2026-06-25 05:43:21.304000,/yammie/desserts/,Desserts,0,0,public,food_drink,yammie,Yammie's Noshery,https://www.pinterest.com/yammie/,0,0,114649,0,0,"{""domain_verified"": true, ""is_default_image"": false, ""is_ads_only_profile"": false, ""id"": ""28288441317851342"", ""followed_by_me"": false, ""follower_count"": 114649, ""ads_only_profile_site"": null, ""verified_identity"": {}, ""instagram_data"": null, ""first_name"": ""Yammie's Noshery"", ""image_medium_url"": ""https://i.pinimg.com/75x75_RS/b9/f1/b9/b9f1b9c27393aa0c5f85cbf5d416ecda.jpg"", ""image_small_url"": ""https://i.pinimg.com/30x30_RS/b9/f1/b9/b9f1b9c27393aa0c5f85cbf5d416ecda.jpg"", ""blocked_by_me"": false, ""domain_url"": ""www.yammiesnoshery.com"", ""explicitly_followed_by_me"": false, ""is_verified_merchant"": false, ""username"": ""yammie"", ""full_name"": ""Yammie's Noshery"", ""type"": ""user"", ""indexed"": true}"
28288303885868977,https://www.pinterest.com/pin/28288303885868977,,Yammie's Noshery: Quick and Easy Basic Quesadillas,http://www.yammiesnoshery.com/2015/02/quick-and-easy-basic-quesadillas.html#SlUd1gY4CI5IkPxO.32,https://i.pinimg.com/736x/a6/38/8d/a6388dc70bbf531144aabae5c535a273.jpg,a6388dc70bbf531144aabae5c535a273,0,293,74,0,0,0,{},"Thu, 12 Feb 2015 15:03:34 +0000",2026-06-25 05:43:19.422000,/yammie/yammies-noshery/,Yammie's Noshery,0,0,public,food_drink,yammie,Yammie's Noshery,https://www.pinterest.com/yammie/,0,0,114649,0,0,"{""ads_only_profile_site"": null, ""domain_url"": ""www.yammiesnoshery.com"", ""followed_by_me"": false, ""domain_verified"": true, ""is_ads_only_profile"": false, ""username"": ""yammie"", ""image_medium_url"": ""https://i.pinimg.com/75x75_RS/b9/f1/b9/b9f1b9c27393aa0c5f85cbf5d416ecda.jpg"", ""first_name"": ""Yammie's Noshery"", ""follower_count"": 114649, ""is_verified_merchant"": false, ""verified_identity"": {}, ""blocked_by_me"": false, ""image_small_url"": ""https://i.pinimg.com/30x30_RS/b9/f1/b9/b9f1b9c27393aa0c5f85cbf5d416ecda.jpg"", ""type"": ""user"", ""id"": ""28288441317851342"", ""is_default_image"": false, ""explicitly_followed_by_me"": false, ""instagram_data"": null, ""indexed"": true, ""full_name"": ""Yammie's Noshery""}"
28288303885905823,https://www.pinterest.com/pin/28288303885905823,Fat Chewy Peanut Butter Banana Cookies,Yammie's Noshery: Fat Chewy Peanut Butter Banana Cookies,http://www.yammiesnoshery.com/2015/02/fat-chewy-peanut-butter-banana-cookies.html#RY7cZCRVmhSPFVu7.32,https://i.pinimg.com/736x/9d/21/c3/9d21c3cbb9ad145212fb6d765d25cd65.jpg,9d21c3cbb9ad145212fb6d765d25cd65,0,151,85,0,0,0,{},"Wed, 18 Feb 2015 17:32:01 +0000",2026-06-25 05:43:16.690000,/yammie/yammies-noshery/,Yammie's Noshery,0,0,public,food_drink,yammie,Yammie's Noshery,https://www.pinterest.com/yammie/,0,0,114649,0,0,"{""is_verified_merchant"": false, ""instagram_data"": null, ""full_name"": ""Yammie's Noshery"", ""username"": ""yammie"", ""type"": ""user"", ""image_medium_url"": ""https://i.pinimg.com/75x75_RS/b9/f1/b9/b9f1b9c27393aa0c5f85cbf5d416ecda.jpg"", ""indexed"": true, ""verified_identity"": {}, ""explicitly_followed_by_me"": false, ""image_small_url"": ""https://i.pinimg.com/30x30_RS/b9/f1/b9/b9f1b9c27393aa0c5f85cbf5d416ecda.jpg"", ""is_ads_only_profile"": false, ""follower_count"": 114649, ""followed_by_me"": false, ""domain_url"": ""www.yammiesnoshery.com"", ""domain_verified"": true, ""is_default_image"": false, ""blocked_by_me"": false, ""id"": ""28288441317851342"", ""ads_only_profile_site"": null, ""first_name"": ""Yammie's Noshery""}"
28288303885905830,https://www.pinterest.com/pin/28288303885905830,Fat Chewy Peanut Butter Banana Cookies,Yammie's Noshery: Fat Chewy Peanut Butter Banana Cookies,http://www.yammiesnoshery.com/2015/02/fat-chewy-peanut-butter-banana-cookies.html#ykfef3AOWVQAJbzY.32,https://i.pinimg.com/736x/62/76/24/62762481ad2db538be43c75efc824b32.jpg,62762481ad2db538be43c75efc824b32,0,402,31,0,0,0,{},"Wed, 18 Feb 2015 17:33:51 +0000",2026-06-25 05:43:16.564000,/yammie/cookies/,Cookies,0,0,public,food_drink,yammie,Yammie's Noshery,https://www.pinterest.com/yammie/,0,0,114649,0,0,"{""instagram_data"": null, ""ads_only_profile_site"": null, ""id"": ""28288441317851342"", ""explicitly_followed_by_me"": false, ""is_ads_only_profile"": false, ""full_name"": ""Yammie's Noshery"", ""is_default_image"": false, ""followed_by_me"": false, ""type"": ""user"", ""image_small_url"": ""https://i.pinimg.com/30x30_RS/b9/f1/b9/b9f1b9c27393aa0c5f85cbf5d416ecda.jpg"", ""indexed"": true, ""follower_count"": 114649, ""is_verified_merchant"": false, ""verified_identity"": {}, ""domain_verified"": true, ""blocked_by_me"": false, ""username"": ""yammie"", ""first_name"": ""Yammie's Noshery"", ""domain_url"": ""www.yammiesnoshery.com"", ""image_medium_url"": ""https://i.pinimg.com/75x75_RS/b9/f1/b9/b9f1b9c27393aa0c5f85cbf5d416ecda.jpg""}"
28288303885951628,https://www.pinterest.com/pin/28288303885951628,Copycat Kimberley's Bakeshoppe Granola,Yammie's Noshery: Copycat Kimberley's Bakeshoppe Granola,http://www.yammiesnoshery.com/2015/02/copycat-kimberleys-bakeshoppe-granola.html?m=1,https://i.pinimg.com/736x/c0/3d/18/c03d183bf3e72c73fa061fd10db24b96.jpg,c03d183bf3e72c73fa061fd10db24b96,0,375,161,1,0,0,{},"Wed, 25 Feb 2015 20:11:16 +0000",2026-06-25 05:43:13.942000,/yammie/yammies-noshery/,Yammie's Noshery,0,0,public,food_drink,yammie,Yammie's Noshery,https://www.pinterest.com/yammie/,0,0,114649,0,0,
28288303885951629,https://www.pinterest.com/pin/28288303885951629,Copycat Kimberley's Bakeshoppe Granola,Yammie's Noshery: Copycat Kimberley's Bakeshoppe Granola,http://www.yammiesnoshery.com/2015/02/copycat-kimberleys-bakeshoppe-granola.html?m=1,https://i.pinimg.com/736x/c1/06/15/c106159f0d73867c02d2e2feea4914f0.jpg,c106159f0d73867c02d2e2feea4914f0,0,2662,30,2,0,0,"{""1"": 1}","Wed, 25 Feb 2015 20:11:23 +0000",2026-06-25 05:43:11.914000,/yammie/breakfast/,Breakfast,0,0,public,food_drink,yammie,Yammie's Noshery,https://www.pinterest.com/yammie/,0,0,114649,0,0,
28288303886071466,https://www.pinterest.com/pin/28288303886071466,Outrageous Reese's Peanut Butter Cup Cake,Yammie's Noshery: Outrageous Reese's Peanut Butter Cup Cake,http://www.yammiesnoshery.com/2015/03/outrageous-reeses-peanut-butter-cup-cake.html,https://i.pinimg.com/736x/6b/f1/96/6bf1963fbc09873123683e2d1d3012dc.jpg,6bf1963fbc09873123683e2d1d3012dc,0,1078,95,0,0,0,"{""1"": 1}","Tue, 17 Mar 2015 20:29:22 +0000",2026-06-25 05:43:11.887000,/yammie/yammies-noshery/,Yammie's Noshery,0,0,public,food_drink,yammie,Yammie's Noshery,https://www.pinterest.com/yammie/,0,0,114649,0,0,
28288303886110193,https://www.pinterest.com/pin/28288303886110193,,Yammie's Noshery: The Best Fudge Ever,http://www.yammiesnoshery.com/2015/03/the-best-fudge-ever.html?m=1,https://i.pinimg.com/736x/5a/66/08/5a6608a3086d8b7b5a9bf605ef5ceb96.jpg,5a6608a3086d8b7b5a9bf605ef5ceb96,0,2346,197,0,0,0,"{""1"": 1, ""5"": 1}","Tue, 24 Mar 2015 16:25:04 +0000",2026-06-25 05:43:09.595000,/yammie/yammies-noshery/,Yammie's Noshery,0,0,public,food_drink,yammie,Yammie's Noshery,https://www.pinterest.com/yammie/,0,0,114649,0,0,
28288303886183428,https://www.pinterest.com/pin/28288303886183428,Chewy Gooey Brownies with Creamy Chocolate Frosting,Yammie's Noshery: Chewy Gooey Brownies with Creamy Chocolate Frosting,http://www.yammiesnoshery.com/2015/04/chewy-gooey-brownies-with-creamy-chocolate-frosting.html,https://i.pinimg.com/736x/4a/d1/bc/4ad1bc225508e600ea9e01ae78aa3a54.jpg,4ad1bc225508e600ea9e01ae78aa3a54,0,695,271,0,0,0,{},"Tue, 07 Apr 2015 17:06:25 +0000",2026-06-25 05:43:05.751000,/yammie/yammies-noshery/,Yammie's Noshery,0,0,public,food_drink,yammie,Yammie's Noshery,https://www.pinterest.com/yammie/,0,0,114649,0,0,
28288303886233535,https://www.pinterest.com/pin/28288303886233535,The Best Chocolate Pie Ever,Yammie's Noshery: The Best Chocolate Pie Ever {In the Microwave!},http://www.yammiesnoshery.com/2015/04/the-best-chocolate-pie-ever-in-microwave.html,https://i.pinimg.com/736x/07/8a/f1/078af111a030e5b64c3c0b2ecea6727e.jpg,078af111a030e5b64c3c0b2ecea6727e,0,2566,148,1,0,0,"{""1"": 1}","Thu, 16 Apr 2015 19:20:41 +0000",2026-06-25 05:43:04.371000,/yammie/yammies-noshery/,Yammie's Noshery,0,0,public,food_drink,yammie,Yammie's Noshery,https://www.pinterest.com/yammie/,0,0,114649,0,0,
28288303886270768,https://www.pinterest.com/pin/28288303886270768,Black Forest Brownies,Yammie's Noshery: Black Forest Brownies,http://www.yammiesnoshery.com/2015/04/black-forest-brownies.html,https://i.pinimg.com/736x/a1/58/78/a158781a7a3782d8482e728b1f46d052.jpg,a158781a7a3782d8482e728b1f46d052,0,234,14,0,0,0,{},"Thu, 23 Apr 2015 15:15:13 +0000",2026-06-25 05:43:03.131000,/cookingclassy/food-love/,**FOOD LOVE**,0,0,public,food_drink,yammie,Yammie's Noshery,https://www.pinterest.com/yammie/,0,0,114649,0,0,
28288303886270774,https://www.pinterest.com/pin/28288303886270774,Black Forest Brownies,Yammie's Noshery: Black Forest Brownies,http://www.yammiesnoshery.com/2015/04/black-forest-brownies.html,https://i.pinimg.com/736x/21/18/9e/21189e86a736586409ac3270fc5366fc.jpg,21189e86a736586409ac3270fc5366fc,0,346,50,0,0,0,{},"Thu, 23 Apr 2015 15:15:44 +0000",2026-06-25 05:43:02.146000,/yammie/yammies-noshery/,Yammie's Noshery,0,0,public,food_drink,yammie,Yammie's Noshery,https://www.pinterest.com/yammie/,0,0,114649,0,0,
28288303886270777,https://www.pinterest.com/pin/28288303886270777,Black Forest Brownies,Yammie's Noshery: Black Forest Brownies,http://www.yammiesnoshery.com/2015/04/black-forest-brownies.html,https://i.pinimg.com/736x/33/3c/80/333c80a09ad56718dadb3b9d3564a9ad.jpg,333c80a09ad56718dadb3b9d3564a9ad,0,80,23,0,0,0,{},"Thu, 23 Apr 2015 15:15:59 +0000",2026-06-25 05:43:01.013000,/yammie/brownies-and-bars/,Brownies and Bars,0,0,public,food_drink,yammie,Yammie's Noshery,https://www.pinterest.com/yammie/,0,0,114649,0,0,
28288303886309202,https://www.pinterest.com/pin/28288303886309202,Mint Chocolate Chip Macarons,Yammie's Noshery: Mint Chocolate Chip Macarons,http://www.yammiesnoshery.com/2015/04/mint-chocolate-chip-macarons.html,https://i.pinimg.com/736x/55/74/c0/5574c009a8adfde840f1adf72644e397.jpg,5574c009a8adfde840f1adf72644e397,0,78,42,0,0,0,{},"Thu, 30 Apr 2015 13:45:26 +0000",2026-06-25 05:43:00.015000,/yammie/yammies-noshery/,Yammie's Noshery,0,0,public,food_drink,yammie,Yammie's Noshery,https://www.pinterest.com/yammie/,0,0,114649,0,0,
28288303886309207,https://www.pinterest.com/pin/28288303886309207,Mint Chocolate Chip Macarons,Yammie's Noshery: Mint Chocolate Chip Macarons,http://www.yammiesnoshery.com/2015/04/mint-chocolate-chip-macarons.html,https://i.pinimg.com/736x/ab/d0/0a/abd00a9ce3689452eef868ac79363de9.jpg,abd00a9ce3689452eef868ac79363de9,0,162,41,0,0,0,{},"Thu, 30 Apr 2015 13:45:47 +0000",2026-06-25 05:42:58.730000,/yammie/cookies/,Cookies,0,0,public,food_drink,yammie,Yammie's Noshery,https://www.pinterest.com/yammie/,0,0,114649,0,0,
28288303886340565,https://www.pinterest.com/pin/28288303886340565,Matcha Green Tea Sugar Cookies,Yammie's Noshery: Matcha Green Tea Sugar Cookies,http://www.yammiesnoshery.com/2015/05/matcha-green-tea-sugar-cookies.html,https://i.pinimg.com/736x/d4/a6/9b/d4a69b0a2442b61a3e0d6213cc0f55b0.jpg,d4a69b0a2442b61a3e0d6213cc0f55b0,0,3255,2059,1,0,0,{},"Wed, 06 May 2015 19:27:59 +0000",2026-06-25 05:42:57.504000,/yammie/yammies-noshery/,Yammie's Noshery,0,0,public,food_drink,yammie,Yammie's Noshery,https://www.pinterest.com/yammie/,0,0,114649,0,0,
28288303886340566,https://www.pinterest.com/pin/28288303886340566,Matcha Green Tea Sugar Cookies,Yammie's Noshery: Matcha Green Tea Sugar Cookies,http://www.yammiesnoshery.com/2015/05/matcha-green-tea-sugar-cookies.html,https://i.pinimg.com/736x/7b/1e/fa/7b1efae8bf32b3500a2b15672254f35a.jpg,7b1efae8bf32b3500a2b15672254f35a,0,759,255,0,0,0,{},"Wed, 06 May 2015 19:28:26 +0000",2026-06-25 05:42:57.419000,/yammie/cookies/,Cookies,0,0,public,food_drink,yammie,Yammie's Noshery,https://www.pinterest.com/yammie/,0,0,114649,0,0,
28288303886367716,https://www.pinterest.com/pin/28288303886367716,"Sundried Tomato, Spinach, and Cheese Stuffed Chicken","Yammie's Noshery: Sun Dried Tomato, Spinach, and Cheese Stuffed Chicken",http://www.yammiesnoshery.com/2015/05/sun-dried-tomato-spinach-and-cheese.html?m=1,https://i.pinimg.com/736x/05/3c/de/053cdebc2917b43ceb054728151ba24e.jpg,053cdebc2917b43ceb054728151ba24e,0,2821,279,0,0,0,{},"Tue, 12 May 2015 12:16:54 +0000",2026-06-25 05:42:57.369000,/yammie/dinner/,Dinner,0,0,public,food_drink,yammie,Yammie's Noshery,https://www.pinterest.com/yammie/,0,0,114649,0,0,
28288303886367717,https://www.pinterest.com/pin/28288303886367717,"Sundried Tomato, Spinach, and Cheese Stuffed Chicken","Yammie's Noshery: Sun Dried Tomato, Spinach, and Cheese Stuffed Chicken",http://www.yammiesnoshery.com/2015/05/sun-dried-tomato-spinach-and-cheese.html?m=1,https://i.pinimg.com/736x/b8/00/0b/b8000b8d17fa91bec5e3a8f58e8fba89.jpg,b8000b8d17fa91bec5e3a8f58e8fba89,0,4785,145,7,0,0,{},"Tue, 12 May 2015 12:17:11 +0000",2026-06-25 05:42:55.199000,/yammie/yammies-noshery/,Yammie's Noshery,0,0,public,food_drink,yammie,Yammie's Noshery,https://www.pinterest.com/yammie/,0,0,114649,0,0,
28288303886367719,https://www.pinterest.com/pin/28288303886367719,"Sundried Tomato, Spinach, and Cheese Stuffed Chicken","Yammie's Noshery: Sun Dried Tomato, Spinach, and Cheese Stuffed Chicken",http://www.yammiesnoshery.com/2015/05/sun-dried-tomato-spinach-and-cheese.html?m=1,https://i.pinimg.com/736x/72/8f/b2/728fb2d7ba796c7b59a948537e91700c.jpg,728fb2d7ba796c7b59a948537e91700c,0,11526,2058,10,0,0,{},"Tue, 12 May 2015 12:17:20 +0000",2026-06-25 05:42:55.094000,/yammie/yammies-noshery/,Yammie's Noshery,0,0,public,food_drink,yammie,Yammie's Noshery,https://www.pinterest.com/yammie/,0,0,114649,0,0,
28288303886477254,https://www.pinterest.com/pin/28288303886477254,M&M Cookie Dough Ice Cream Cake with Hot Fudge {plus big news!},Yammie's Noshery: M&M Cookie Dough Ice Cream Cake with Hot Fudge {plus big news!},http://www.yammiesnoshery.com/2015/06/m-cookie-dough-ice-cream-cake-with-hot.html?m=1,https://i.pinimg.com/736x/31/c1/d8/31c1d872132523e38a4442f141e4f44e.jpg,31c1d872132523e38a4442f141e4f44e,0,346,130,0,0,0,"{""1"": 1}","Tue, 02 Jun 2015 18:36:21 +0000",2026-06-25 05:42:54.008000,/yammie/yammies-noshery/,Yammie's Noshery,0,0,public,food_drink,yammie,Yammie's Noshery,https://www.pinterest.com/yammie/,0,0,114649,0,0,
28288303886477255,https://www.pinterest.com/pin/28288303886477255,M&M Cookie Dough Ice Cream Cake with Hot Fudge {plus big news!},Yammie's Noshery: M&M Cookie Dough Ice Cream Cake with Hot Fudge {plus big news!},http://www.yammiesnoshery.com/2015/06/m-cookie-dough-ice-cream-cake-with-hot.html?m=1,https://i.pinimg.com/736x/23/a9/96/23a9966e31443c825ac9a6f2285d9b9c.jpg,23a9966e31443c825ac9a6f2285d9b9c,0,132,16,0,0,0,{},"Tue, 02 Jun 2015 18:36:35 +0000",2026-06-25 05:42:53.085000,/yammie/desserts/,Desserts,0,0,public,food_drink,yammie,Yammie's Noshery,https://www.pinterest.com/yammie/,0,0,114649,0,0,
28288303886548428,https://www.pinterest.com/pin/28288303886548428,Spargel,Yammie's Noshery: Spargel,http://www.yammiesnoshery.com/2015/06/spargel.html?m=1,https://i.pinimg.com/736x/39/a0/cf/39a0cfb841ec413acaca7f95f94daac9.jpg,39a0cfb841ec413acaca7f95f94daac9,0,16,14,0,0,0,{},"Wed, 17 Jun 2015 16:35:49 +0000",2026-06-25 05:42:52.949000,/yammie/yammies-noshery/,Yammie's Noshery,0,0,public,food_drink,yammie,Yammie's Noshery,https://www.pinterest.com/yammie/,0,0,114649,0,0,
28288303886745444,https://www.pinterest.com/pin/28288303886745444,Lentil Stew with Roasted Garlic Chicken Sausage,Yammie's Noshery: Lentil Stew with Roasted Garlic Chicken Sausage,http://www.yammiesnoshery.com/2015/07/lentil-stew-with-roasted-garlic-chicken.html?m=1,https://i.pinimg.com/736x/fc/c7/6e/fcc76e0e3f49af738581aa40b36a7166.jpg,fcc76e0e3f49af738581aa40b36a7166,0,200,122,0,0,1,{},"Thu, 30 Jul 2015 01:23:47 +0000",2026-06-25 05:42:51.854000,/yammie/yammies-noshery/,Yammie's Noshery,0,0,public,food_drink,yammie,Yammie's Noshery,https://www.pinterest.com/yammie/,0,0,114649,0,0,
28288303886745446,https://www.pinterest.com/pin/28288303886745446,Lentil Stew with Roasted Garlic Chicken Sausage,Yammie's Noshery: Lentil Stew with Roasted Garlic Chicken Sausage,http://www.yammiesnoshery.com/2015/07/lentil-stew-with-roasted-garlic-chicken.html?m=1,https://i.pinimg.com/736x/40/c6/61/40c661fbc39c38cc35b3981e173d88cd.jpg,40c661fbc39c38cc35b3981e173d88cd,0,407,45,0,0,0,{},"Thu, 30 Jul 2015 01:24:14 +0000",2026-06-25 05:42:51.089000,/yammie/glutenfreedom/,Glutenfreedom,0,0,public,food_drink,yammie,Yammie's Noshery,https://www.pinterest.com/yammie/,0,0,114649,0,0,
28288303887063481,https://www.pinterest.com/pin/28288303887063481,The Wedding,Yammie's Noshery: The Wedding,http://www.yammiesnoshery.com/2015/09/the-wedding.html,https://i.pinimg.com/736x/dd/d2/f3/ddd2f35fb7a26d7554c8965544a2a1f5.jpg,ddd2f35fb7a26d7554c8965544a2a1f5,0,3,1,0,0,0,{},"Thu, 17 Sep 2015 10:53:09 +0000",2026-06-25 05:42:50.084000,/yammie/yammies-noshery/,Yammie's Noshery,0,0,public,food_drink,yammie,Yammie's Noshery,https://www.pinterest.com/yammie/,0,0,114649,0,0,
28288303887120101,https://www.pinterest.com/pin/28288303887120101,Cheeseburger Quesadillas,Yammie's Noshery: Cheeseburger Quesadillas,http://www.yammiesnoshery.com/2015/09/cheeseburger-quesadillas.html,https://i.pinimg.com/736x/82/ad/dd/82addd77ced03d49e217e72af06ab374.jpg,82addd77ced03d49e217e72af06ab374,0,2396,103,5,0,0,{},"Fri, 25 Sep 2015 22:05:45 +0000",2026-06-25 05:42:49.971000,/yammie/yammies-noshery/,Yammie's Noshery,0,0,public,food_drink,yammie,Yammie's Noshery,https://www.pinterest.com/yammie/,0,0,114649,0,0,
28288303887185530,https://www.pinterest.com/pin/28288303887185530,Oatmeal Apple Coffee Cake with Crunchy Cinnamon Streusel {Without Any Flour!},Yammie's Noshery: Oatmeal Apple Coffee Cake with Crunchy Cinnamon Streusel {Without Any Flour!},http://www.yammiesnoshery.com/2015/10/flourless-gluten-free-oatmeal-apple-coffee-cake.html,https://i.pinimg.com/736x/bd/29/6f/bd296f48eb8e00b56ac92ab7ca37c20b.jpg,bd296f48eb8e00b56ac92ab7ca37c20b,0,695,240,1,0,0,{},"Tue, 06 Oct 2015 09:26:11 +0000",2026-06-25 05:42:47.171000,/yammie/yammies-noshery/,Yammie's Noshery,0,0,public,food_drink,yammie,Yammie's Noshery,https://www.pinterest.com/yammie/,0,0,114649,0,0,
28288303887185535,https://www.pinterest.com/pin/28288303887185535,Oatmeal Apple Coffee Cake with Crunchy Cinnamon Streusel {Without Any Flour!},Yammie's Noshery: Oatmeal Apple Coffee Cake with Crunchy Cinnamon Streusel {Without Any Flour!},http://www.yammiesnoshery.com/2015/10/flourless-gluten-free-oatmeal-apple-coffee-cake.html,https://i.pinimg.com/736x/66/35/36/66353692edc1530e67a8ec7d79cdd26b.jpg,66353692edc1530e67a8ec7d79cdd26b,0,134,84,0,0,0,{},"Tue, 06 Oct 2015 09:28:09 +0000",2026-06-25 05:42:47.003000,/yammie/yammies-noshery/,Yammie's Noshery,0,0,public,food_drink,yammie,Yammie's Noshery,https://www.pinterest.com/yammie/,0,0,114649,0,0,
28288303887235508,https://www.pinterest.com/pin/28288303887235508,The Easiest Homemade Pumpkin Puree,Yammie's Noshery: The Easiest Homemade Pumpkin Puree,http://www.yammiesnoshery.com/2015/10/the-easiest-homemade-pumpkin-puree.html,https://i.pinimg.com/736x/59/54/fd/5954fdd488dbff0e620dabeabb9977c3.jpg,5954fdd488dbff0e620dabeabb9977c3,0,30,22,0,0,0,{},"Tue, 13 Oct 2015 12:15:10 +0000",2026-06-25 05:42:47.019000,/yammie/yammies-noshery/,Yammie's Noshery,0,0,public,food_drink,yammie,Yammie's Noshery,https://www.pinterest.com/yammie/,0,0,114649,0,0,
28288303887284177,https://www.pinterest.com/pin/28288303887284177,Pumpkin Cinnamon Rolls With Mascarpone Frosting,Yammie's Noshery: Pumpkin Cinnamon Rolls With Mascarpone Frosting,http://www.yammiesnoshery.com/2015/10/pumpkin-cinnamon-rolls-with-mascarpone.html,https://i.pinimg.com/736x/c7/3c/1a/c73c1a764d8c7e91011f67b4db7646a3.jpg,c73c1a764d8c7e91011f67b4db7646a3,0,192,95,0,0,0,{},"Tue, 20 Oct 2015 06:29:00 +0000",2026-06-25 05:42:45.927000,/yammie/yammies-noshery/,Yammie's Noshery,0,0,public,food_drink,yammie,Yammie's Noshery,https://www.pinterest.com/yammie/,0,0,114649,0,0,
28288303887284179,https://www.pinterest.com/pin/28288303887284179,Pumpkin Cinnamon Rolls With Mascarpone Frosting,Yammie's Noshery: Pumpkin Cinnamon Rolls With Mascarpone Frosting,http://www.yammiesnoshery.com/2015/10/pumpkin-cinnamon-rolls-with-mascarpone.html,https://i.pinimg.com/736x/b8/a7/65/b8a765d6b0da6fe0843bd223d7d75b19.jpg,b8a765d6b0da6fe0843bd223d7d75b19,0,80,38,0,0,0,{},"Tue, 20 Oct 2015 06:29:34 +0000",2026-06-25 05:42:45.898000,/yammie/yammies-noshery/,Yammie's Noshery,0,0,public,food_drink,yammie,Yammie's Noshery,https://www.pinterest.com/yammie/,0,0,114649,0,0,
28288303887342349,https://www.pinterest.com/pin/28288303887342349,Grandma's Famous Pumpkin Bread,Yammie's Noshery: Grandma's Famous Pumpkin Bread,http://www.yammiesnoshery.com/2015/10/grandmas-famous-pumpkin-bread.html,https://i.pinimg.com/736x/a8/f2/44/a8f24480941742be8c9d4492b54b4c7d.jpg,a8f24480941742be8c9d4492b54b4c7d,0,587,114,2,0,0,{},"Wed, 28 Oct 2015 10:34:07 +0000",2026-06-25 05:42:39.405000,/yammie/yammies-noshery/,Yammie's Noshery,0,0,public,food_drink,yammie,Yammie's Noshery,https://www.pinterest.com/yammie/,0,0,114649,0,0,
28288303887386909,https://www.pinterest.com/pin/28288303887386909,Nutella Cheesecake Mousse Brownie Bites,Yammie's Noshery: Nutella Cheesecake Mousse Brownie Bites,http://www.yammiesnoshery.com/2015/11/nutella-cheesecake-mousse-brownie-bites.html,https://i.pinimg.com/736x/cf/bb/3d/cfbb3dc69207c1bcf41547a8911abfb7.jpg,cfbb3dc69207c1bcf41547a8911abfb7,0,352,123,0,0,0,{},"Wed, 04 Nov 2015 12:56:40 +0000",2026-06-25 05:42:39.240000,/yammie/yammies-noshery/,Yammie's Noshery,0,0,public,food_drink,yammie,Yammie's Noshery,https://www.pinterest.com/yammie/,0,0,114649,0,0,
28288303887430152,https://www.pinterest.com/pin/28288303887430152,"Sun-dried Tomato, Spinach, and Basil Spaghetti {Extra Creamy with Cream Cheese!}","This pasta is loaded up with sun-dried tomatoes, spinach, basil, and all different kinds of cheeses!",http://www.yammiesnoshery.com/2015/11/sun-dried-tomato-spinach-and-basil-spaghetti.html,https://i.pinimg.com/736x/42/63/f5/4263f573cc3186094d008cec11098d61.jpg,4263f573cc3186094d008cec11098d61,0,26,19,0,0,0,{},"Tue, 10 Nov 2015 13:02:27 +0000",2026-06-25 05:42:36.374000,/yammie/yammies-noshery/,Yammie's Noshery,0,0,public,food_drink,yammie,Yammie's Noshery,https://www.pinterest.com/yammie/,0,0,114649,0,0,
28288303887430168,https://www.pinterest.com/pin/28288303887430168,"Sun-dried Tomato, Spinach, and Basil Spaghetti {Extra Creamy with Cream Cheese!}","This pasta is loaded up with sun-dried tomatoes, spinach, basil, and all different kinds of cheeses!",http://www.yammiesnoshery.com/2015/11/sun-dried-tomato-spinach-and-basil-spaghetti.html,https://i.pinimg.com/736x/4f/84/fe/4f84fef3d8e44366c67a33debf618eb7.jpg,4f84fef3d8e44366c67a33debf618eb7,0,42,39,0,0,0,"{""1"": 1}","Tue, 10 Nov 2015 13:03:18 +0000",2026-06-25 05:42:35.425000,/yammie/yammies-noshery/,Yammie's Noshery,0,0,public,food_drink,yammie,Yammie's Noshery,https://www.pinterest.com/yammie/,0,0,114649,0,0,
28288303887492100,https://www.pinterest.com/pin/28288303887492100,Persian Honey Glazed Chicken and Jeweled Rice,"This colorful Iranian dish is full of unique flavors! With juicy, honey glazed chicken, pomegranate, pistachios, dried cranberries, fresh parsley and lots of seasonings!",http://www.yammiesnoshery.com/2015/11/persian-honey-glazed-chicken-and-rice.html,https://i.pinimg.com/736x/c8/53/bf/c853bf422bbe7577f5545fca776d041c.jpg,c853bf422bbe7577f5545fca776d041c,0,487,244,0,0,0,{},"Fri, 20 Nov 2015 13:46:47 +0000",2026-06-25 05:42:35.273000,/yammie/yammies-noshery/,Yammie's Noshery,0,0,public,food_drink,yammie,Yammie's Noshery,https://www.pinterest.com/yammie/,0,0,114649,0,0,
28288303887492104,https://www.pinterest.com/pin/28288303887492104,Persian Honey Glazed Chicken and Jeweled Rice,"This colorful Iranian dish is full of unique flavors! With juicy, honey glazed chicken, pomegranate, pistachios, dried cranberries, fresh parsley and lots of seasonings!",http://www.yammiesnoshery.com/2015/11/persian-honey-glazed-chicken-and-rice.html,https://i.pinimg.com/736x/e6/1f/73/e61f7366cffd9ad884475b824df0d012.jpg,e61f7366cffd9ad884475b824df0d012,0,22,16,0,0,0,{},"Fri, 20 Nov 2015 13:47:22 +0000",2026-06-25 05:42:33.179000,/yammie/yammies-noshery/,Yammie's Noshery,0,0,public,food_drink,yammie,Yammie's Noshery,https://www.pinterest.com/yammie/,0,0,114649,0,0,
28288303887492105,https://www.pinterest.com/pin/28288303887492105,Persian Honey Glazed Chicken and Jeweled Rice,"This colorful Iranian dish is full of unique flavors! With juicy, honey glazed chicken, pomegranate, pistachios, dried cranberries, fresh parsley and lots of seasonings!",http://www.yammiesnoshery.com/2015/11/persian-honey-glazed-chicken-and-rice.html,https://i.pinimg.com/736x/62/38/3c/62383cb500860f90a529f07187a5b26f.jpg,62383cb500860f90a529f07187a5b26f,0,9,7,0,0,0,{},"Fri, 20 Nov 2015 13:48:08 +0000",2026-06-25 05:42:33.154000,/yammie/yammies-noshery/,Yammie's Noshery,0,0,public,food_drink,yammie,Yammie's Noshery,https://www.pinterest.com/yammie/,0,0,114649,0,0,
28288303887538885,https://www.pinterest.com/pin/28288303887538885,Turkey and Mashed Potato Pot Pie Soup,Yammie's Noshery: Turkey and Mashed Potato Pot Pie Soup,http://www.yammiesnoshery.com/2015/11/turkey-and-mashed-potato-pot-pie-soup.html?m=1,https://i.pinimg.com/736x/c0/a9/8a/c0a98ac0852ba959796b67789a254ddb.jpg,c0a98ac0852ba959796b67789a254ddb,0,165,74,0,0,0,{},"Fri, 27 Nov 2015 12:45:58 +0000",2026-06-25 05:42:31.839000,/yammie/yammies-noshery/,Yammie's Noshery,0,0,public,food_drink,yammie,Yammie's Noshery,https://www.pinterest.com/yammie/,0,0,114649,0,0,
28288303887577685,https://www.pinterest.com/pin/28288303887577685,Pumpkin Cake With Sticky Toffee Sauce,"This luscious, moist pumpkin cake is based on my Grandma's famous recipe. Pair it with sticky toffee sauce and ice cream and you're in heaven.",http://www.yammiesnoshery.com/2015/12/pumpkin-cake-with-sticky-toffee-sauce.html,https://i.pinimg.com/736x/d4/e4/86/d4e486d529d2d09de4d32661ff1970aa.jpg,d4e486d529d2d09de4d32661ff1970aa,0,3806,45,0,0,0,"{""1"": 1}","Thu, 03 Dec 2015 18:52:04 +0000",2026-06-25 05:42:30.582000,/yammie/pump-it-up/,Pump it up,0,0,public,food_drink,yammie,Yammie's Noshery,https://www.pinterest.com/yammie/,0,0,114649,0,0,
28288303887577687,https://www.pinterest.com/pin/28288303887577687,Pumpkin Cake With Sticky Toffee Sauce,"This luscious, moist pumpkin cake is based on my Grandma's famous recipe. Pair it with sticky toffee sauce and ice cream and you're in heaven.",http://www.yammiesnoshery.com/2015/12/pumpkin-cake-with-sticky-toffee-sauce.html,https://i.pinimg.com/736x/d4/e4/86/d4e486d529d2d09de4d32661ff1970aa.jpg,d4e486d529d2d09de4d32661ff1970aa,0,3806,983,0,0,0,"{""1"": 1}","Thu, 03 Dec 2015 18:52:21 +0000",2026-06-25 05:42:30.557000,/yammie/yammies-noshery/,Yammie's Noshery,0,0,public,food_drink,yammie,Yammie's Noshery,https://www.pinterest.com/yammie/,0,0,114649,0,0,
28288303887577690,https://www.pinterest.com/pin/28288303887577690,Pumpkin Cake With Sticky Toffee Sauce,"This luscious, moist pumpkin cake is based on my Grandma's famous recipe. Pair it with sticky toffee sauce and ice cream and you're in heaven.",http://www.yammiesnoshery.com/2015/12/pumpkin-cake-with-sticky-toffee-sauce.html,https://i.pinimg.com/736x/77/9c/46/779c467cfd9dfced5c7131802d23457a.jpg,779c467cfd9dfced5c7131802d23457a,0,54,48,0,0,0,{},"Thu, 03 Dec 2015 18:52:55 +0000",2026-06-25 05:42:30.378000,/yammie/yammies-noshery/,Yammie's Noshery,0,0,public,food_drink,yammie,Yammie's Noshery,https://www.pinterest.com/yammie/,0,0,114649,0,0,
28288303887577946,https://www.pinterest.com/pin/28288303887577946,Chewy Toffee Cookies,Yammie's Noshery: Chewy Toffee Cookies,http://www.yammiesnoshery.com/2011/09/chewy-toffee-cookies.html,https://i.pinimg.com/736x/63/19/a5/6319a5f243a8d208d52bb5f37e80a41f.jpg,6319a5f243a8d208d52bb5f37e80a41f,0,4659,3491,7,0,0,{},"Thu, 03 Dec 2015 19:53:03 +0000",2026-06-25 05:42:29.497000,/yammie/cookies/,Cookies,0,0,public,food_drink,yammie,Yammie's Noshery,https://www.pinterest.com/yammie/,0,0,114649,0,0,"{""domain_url"": ""www.yammiesnoshery.com"", ""image_small_url"": ""https://i.pinimg.com/30x30_RS/b9/f1/b9/b9f1b9c27393aa0c5f85cbf5d416ecda.jpg"", ""verified_identity"": {}, ""first_name"": ""Yammie's Noshery"", ""followed_by_me"": false, ""domain_verified"": true, ""image_medium_url"": ""https://i.pinimg.com/75x75_RS/b9/f1/b9/b9f1b9c27393aa0c5f85cbf5d416ecda.jpg"", ""id"": ""28288441317851342"", ""follower_count"": 114649, ""indexed"": true, ""is_default_image"": false, ""instagram_data"": null, ""type"": ""user"", ""is_ads_only_profile"": false, ""blocked_by_me"": false, ""full_name"": ""Yammie's Noshery"", ""is_verified_merchant"": false, ""username"": ""yammie"", ""ads_only_profile_site"": null, ""explicitly_followed_by_me"": false}"
28288303887618100,https://www.pinterest.com/pin/28288303887618100,"Chewy Sugar Cookies {Gluten, Egg, and Dairy Free!}","These are my favorite sugar cookie!! They're so chewy and coconutty! Plus they're gluten, egg, and dairy free, so everyone can enjoy them!",http://www.yammiesnoshery.com/2015/12/chewy-sugar-cookies-gluten-free.html,https://i.pinimg.com/736x/07/bc/d2/07bcd29300bf14cd4b691c85bea6fff9.jpg,07bcd29300bf14cd4b691c85bea6fff9,0,172,77,0,0,0,{},"Fri, 11 Dec 2015 10:06:04 +0000",2026-06-25 05:42:29.482000,/yammie/yammies-noshery/,Yammie's Noshery,0,0,public,food_drink,yammie,Yammie's Noshery,https://www.pinterest.com/yammie/,0,0,114649,0,0,
28288303887681994,https://www.pinterest.com/pin/28288303887681994,Hot Chocolate Mix {With Real Chocolate!},Yammie's Noshery: Hot Chocolate Mix {With Real Chocolate!},http://www.yammiesnoshery.com/2015/12/hot-chocolate-mix-with-real-chocolate.html?m=1,https://i.pinimg.com/736x/e2/3e/4d/e23e4dee6fdb4d191ff159432121c092.jpg,e23e4dee6fdb4d191ff159432121c092,0,42,21,0,0,0,{},"Wed, 23 Dec 2015 22:18:11 +0000",2026-06-25 05:42:27.744000,/yammie/desserts/,Desserts,0,0,public,food_drink,yammie,Yammie's Noshery,https://www.pinterest.com/yammie/,0,0,114649,0,0,
28288303887772350,https://www.pinterest.com/pin/28288303887772350,Reese's Peanut Butter Brownie Pie,"This is the BEST dessert. A chewy brownie topped with a creamy layer of peanut butter frosting, Reese's Cups, and a drizzle of Nutella!",http://www.yammiesnoshery.com/2016/01/reeses-peanut-butter-brownie-pie.html,https://i.pinimg.com/736x/8d/9d/da/8d9ddaf70991c2eb9f36daae6fa7293c.jpg,8d9ddaf70991c2eb9f36daae6fa7293c,0,59,22,0,0,0,{},"Fri, 08 Jan 2016 13:02:02 +0000",2026-06-25 05:42:26.709000,/yammie/yammies-noshery/,Yammie's Noshery,0,0,public,food_drink,yammie,Yammie's Noshery,https://www.pinterest.com/yammie/,0,0,114649,0,0,
28288303887772351,https://www.pinterest.com/pin/28288303887772351,Reese's Peanut Butter Brownie Pie,"This is the BEST dessert. A chewy brownie topped with a creamy layer of peanut butter frosting, Reese's Cups, and a drizzle of Nutella!",http://www.yammiesnoshery.com/2016/01/reeses-peanut-butter-brownie-pie.html,https://i.pinimg.com/736x/91/15/7d/91157d1bcd1e1fc69d84c85721dd85ce.jpg,91157d1bcd1e1fc69d84c85721dd85ce,0,69,55,0,0,0,{},"Fri, 08 Jan 2016 13:02:20 +0000",2026-06-25 05:42:26.083000,/yammie/yammies-noshery/,Yammie's Noshery,0,0,public,food_drink,yammie,Yammie's Noshery,https://www.pinterest.com/yammie/,0,0,114649,0,0,
28288303887772353,https://www.pinterest.com/pin/28288303887772353,Reese's Peanut Butter Brownie Pie,"This is the BEST dessert. A chewy brownie topped with a creamy layer of peanut butter frosting, Reese's Cups, and a drizzle of Nutella!",http://www.yammiesnoshery.com/2016/01/reeses-peanut-butter-brownie-pie.html,https://i.pinimg.com/736x/ed/be/57/edbe5756836912ed522ca72f9436efce.jpg,edbe5756836912ed522ca72f9436efce,0,17,12,0,0,0,{},"Fri, 08 Jan 2016 13:02:39 +0000",2026-06-25 05:42:25.996000,/yammie/desserts/,Desserts,0,0,public,food_drink,yammie,Yammie's Noshery,https://www.pinterest.com/yammie/,0,0,114649,0,0,
28288303887882101,https://www.pinterest.com/pin/28288303887882101,Mini Eggplant Caprese Pizzas,Yammie's Noshery: Mini Eggplant Caprese Pizzas,http://www.yammiesnoshery.com/2016/01/mini-eggplant-caprese-pizzas.html,https://i.pinimg.com/736x/84/2d/cc/842dcc9b1bb65662d53efc18141a0c7d.jpg,842dcc9b1bb65662d53efc18141a0c7d,0,72,36,0,0,0,{},"Mon, 25 Jan 2016 16:58:15 +0000",2026-06-25 05:42:24.330000,/yammie/yammies-noshery/,Yammie's Noshery,0,0,public,food_drink,yammie,Yammie's Noshery,https://www.pinterest.com/yammie/,0,0,114649,0,0,"{""indexed"": true, ""username"": ""yammie"", ""domain_url"": ""www.yammiesnoshery.com"", ""first_name"": ""Yammie's Noshery"", ""image_small_url"": ""https://i.pinimg.com/30x30_RS/b9/f1/b9/b9f1b9c27393aa0c5f85cbf5d416ecda.jpg"", ""explicitly_followed_by_me"": false, ""is_ads_only_profile"": false, ""instagram_data"": null, ""verified_identity"": {}, ""image_medium_url"": ""https://i.pinimg.com/75x75_RS/b9/f1/b9/b9f1b9c27393aa0c5f85cbf5d416ecda.jpg"", ""is_verified_merchant"": false, ""domain_verified"": true, ""follower_count"": 114649, ""followed_by_me"": false, ""ads_only_profile_site"": null, ""blocked_by_me"": false, ""is_default_image"": false, ""full_name"": ""Yammie's Noshery"", ""type"": ""user"", ""id"": ""28288441317851342""}"
28288303887959174,https://www.pinterest.com/pin/28288303887959174,,"This salmon recipe is AWESOME! The spices are amazing... sweet and spicy, and the mango salsa is so refreshing!",http://www.yammiesnoshery.com/2016/02/spice-rubbed-salmon-with-mango-salsa.html#more,https://i.pinimg.com/736x/e6/cd/7e/e6cd7ed87fc59ffdcdd31ac62b9cdd69.jpg,e6cd7ed87fc59ffdcdd31ac62b9cdd69,0,1345,937,1,0,0,{},"Sat, 06 Feb 2016 13:34:02 +0000",2026-06-25 05:42:23.497000,/yammie/yammies-noshery/,Yammie's Noshery,0,0,public,food_drink,yammie,Yammie's Noshery,https://www.pinterest.com/yammie/,0,0,114649,0,0,
28288303887959184,https://www.pinterest.com/pin/28288303887959184,,"This salmon recipe is AWESOME! The spices are amazing... sweet and spicy, and the mango salsa is so refreshing!",http://www.yammiesnoshery.com/2016/02/spice-rubbed-salmon-with-mango-salsa.html#more,https://i.pinimg.com/736x/f0/60/82/f06082ea2629a3c8763bc78c948bd765.jpg,f06082ea2629a3c8763bc78c948bd765,0,27,19,0,0,0,{},"Sat, 06 Feb 2016 13:36:22 +0000",2026-06-25 05:42:23.463000,/yammie/yammies-noshery/,Yammie's Noshery,0,0,public,food_drink,yammie,Yammie's Noshery,https://www.pinterest.com/yammie/,0,0,114649,0,0,
28288303887959186,https://www.pinterest.com/pin/28288303887959186,,"This salmon recipe is AWESOME! The spices are amazing... sweet and spicy, and the mango salsa is so refreshing!",http://www.yammiesnoshery.com/2016/02/spice-rubbed-salmon-with-mango-salsa.html#more,https://i.pinimg.com/736x/1f/82/e6/1f82e6ea7ec92315a42759f069049872.jpg,1f82e6ea7ec92315a42759f069049872,0,344,104,0,0,0,"{""1"": 2}","Sat, 06 Feb 2016 13:37:06 +0000",2026-06-25 05:42:21.442000,/yammie/dinner/,Dinner,0,0,public,food_drink,yammie,Yammie's Noshery,https://www.pinterest.com/yammie/,0,0,114649,0,0,
28288303888083242,https://www.pinterest.com/pin/28288303888083242,Brownies with Nutella and Greek Yogurt Frosting,Gooey brownies with tangy greek yogurt frosting a drizzle of Nutella. They can even be Gluten Free!,http://www.yammiesnoshery.com/2016/02/brownies-with-nutella-and-greek-yogurt.html,https://i.pinimg.com/736x/49/58/53/49585365aee370b1dff0595edf7caa1f.jpg,49585365aee370b1dff0595edf7caa1f,0,17,16,0,0,0,{},"Tue, 23 Feb 2016 12:52:50 +0000",2026-06-25 05:42:21.250000,/yammie/yammies-noshery/,Yammie's Noshery,0,0,public,food_drink,yammie,Yammie's Noshery,https://www.pinterest.com/yammie/,0,0,114649,0,0,
28288303888083246,https://www.pinterest.com/pin/28288303888083246,Brownies with Nutella and Greek Yogurt Frosting,Gooey brownies with tangy greek yogurt frosting a drizzle of Nutella. They can even be Gluten Free!,http://www.yammiesnoshery.com/2016/02/brownies-with-nutella-and-greek-yogurt.html,https://i.pinimg.com/736x/62/34/89/623489a845871520082aa137e4559c1e.jpg,623489a845871520082aa137e4559c1e,0,32,22,0,0,0,{},"Tue, 23 Feb 2016 12:53:42 +0000",2026-06-25 05:42:20.285000,/yammie/brownies-and-bars/,Brownies and Bars,0,0,public,food_drink,yammie,Yammie's Noshery,https://www.pinterest.com/yammie/,0,0,114649,0,0,
28288303888381884,https://www.pinterest.com/pin/28288303888381884,The Best Strawberry Yogurt Muffins {Plus BIG News!},The absolute best recipe for strawberry muffins ever! These truly are the best! Plus HUGE news on the blog!,http://www.yammiesnoshery.com/2016/04/the-best-strawberry-yogurt-muffins-plus.html,https://i.pinimg.com/736x/bd/c1/29/bdc129c6efae36cbfcb9a9db5f1a75d8.jpg,bdc129c6efae36cbfcb9a9db5f1a75d8,0,1949,1138,10,0,0,{},"Mon, 11 Apr 2016 12:54:04 +0000",2026-06-25 05:42:19.427000,/yammie/yammies-noshery/,Yammie's Noshery,0,0,public,food_drink,yammie,Yammie's Noshery,https://www.pinterest.com/yammie/,0,0,114649,0,0,
28288303888400338,https://www.pinterest.com/pin/28288303888400338,"Bacon, Brie, and Apricot Grilled Cheese with Balsamic Reduction",This gourmet grilled cheese is AMAZING. The flavor combo is unexpected and heavenly. You can even make the balsamic reduction in the microwave!,http://www.yammiesnoshery.com/2016/04/bacon-brie-and-apricot-grilled-cheese.html,https://i.pinimg.com/736x/9a/e0/4c/9ae04c909b0945d47971caa6cf04f0a3.jpg,9ae04c909b0945d47971caa6cf04f0a3,0,31895,115,15,0,0,{},"Thu, 14 Apr 2016 11:07:24 +0000",2026-06-25 05:42:19.331000,/yammie/yammies-noshery/,Yammie's Noshery,0,0,public,food_drink,yammie,Yammie's Noshery,https://www.pinterest.com/yammie/,0,0,114649,0,0,
28288303888400341,https://www.pinterest.com/pin/28288303888400341,"Bacon, Brie, and Apricot Grilled Cheese with Balsamic Reduction",This gourmet grilled cheese is AMAZING. The flavor combo is unexpected and heavenly. You can even make the balsamic reduction in the microwave!,http://www.yammiesnoshery.com/2016/04/bacon-brie-and-apricot-grilled-cheese.html,https://i.pinimg.com/736x/8c/06/cc/8c06cce5452e057ea8ced5f42546d3ff.jpg,8c06cce5452e057ea8ced5f42546d3ff,0,153,35,0,0,0,{},"Thu, 14 Apr 2016 11:08:14 +0000",2026-06-25 05:42:17.686000,/yammie/soup-sandwich-salad/,"Soup, Sandwich, Salad",0,0,public,food_drink,yammie,Yammie's Noshery,https://www.pinterest.com/yammie/,0,0,114649,0,0,
28288303888434798,https://www.pinterest.com/pin/28288303888434798,Samuel's Salted Caramel Peanut Brownie Bombs,"I think I just died and went to heaven. Rich, flourless brownie balls loaded with homemade salted caramel and covered in chocolate and peanuts. Gluten free too.",http://www.yammiesnoshery.com/2016/04/samuels-salted-carmel-peanut-brownie.html,https://i.pinimg.com/736x/51/9f/17/519f17a756d1d60a38c61e6e452d51f3.jpg,519f17a756d1d60a38c61e6e452d51f3,0,524,138,0,0,0,{},"Tue, 19 Apr 2016 21:10:25 +0000",2026-06-25 05:42:17.520000,/yammie/yammies-noshery/,Yammie's Noshery,0,0,public,food_drink,yammie,Yammie's Noshery,https://www.pinterest.com/yammie/,0,0,114649,0,0,
28288303888467001,https://www.pinterest.com/pin/28288303888467001,"Buckwheat, Banana, Oatmeal, Dark Chocolate Pancakes {Naturally Gluten Free!}","These pancakes were AMAZING! So fluffy and the buckwheat added a great nutty flavor! Plus they're gluten free, whole grain, and can be vegan!",http://www.yammiesnoshery.com/2016/04/buckwheat-banana-oatmeal-dark-chocolate.html,https://i.pinimg.com/736x/cf/19/5e/cf195e2947a65abae8af7bb8f0a74c76.jpg,cf195e2947a65abae8af7bb8f0a74c76,0,672,120,0,0,0,"{""1"": 1}","Mon, 25 Apr 2016 08:13:56 +0000",2026-06-25 05:42:13.872000,/yammie/yammies-noshery/,Yammie's Noshery,0,0,public,food_drink,yammie,Yammie's Noshery,https://www.pinterest.com/yammie/,0,0,114649,0,0,
28288303888518491,https://www.pinterest.com/pin/28288303888518491,"Breakfast Tacos {With Sweet Potatoes, Black Beans, and Avocados}",This is the best recipe for breakfast tacos ever! I'm never eating another breakfast again. Seriously.,http://www.yammiesnoshery.com/2016/05/breakfast-tacos.html,https://i.pinimg.com/736x/2a/a0/9c/2aa09c554e175f657410c6bb28ae7848.jpg,2aa09c554e175f657410c6bb28ae7848,0,89,59,0,0,0,{},"Mon, 02 May 2016 20:16:13 +0000",2026-06-25 05:42:12.630000,/yammie/yammies-noshery/,Yammie's Noshery,0,0,public,food_drink,yammie,Yammie's Noshery,https://www.pinterest.com/yammie/,0,0,114649,0,0,
28288303888518494,https://www.pinterest.com/pin/28288303888518494,"Breakfast Tacos {With Sweet Potatoes, Black Beans, and Avocados}",This is the best recipe for breakfast tacos ever! I'm never eating another breakfast again. Seriously.,http://www.yammiesnoshery.com/2016/05/breakfast-tacos.html,https://i.pinimg.com/736x/e0/cb/2b/e0cb2b379169ffa044bd4521acc7870d.jpg,e0cb2b379169ffa044bd4521acc7870d,0,33,31,0,0,0,{},"Mon, 02 May 2016 20:17:17 +0000",2026-06-25 05:42:12.791000,/yammie/breakfast/,Breakfast,0,0,public,food_drink,yammie,Yammie's Noshery,https://www.pinterest.com/yammie/,0,0,114649,0,0,
28288303888573795,https://www.pinterest.com/pin/28288303888573795,Sourdough Bread Pudding with Chocolate Chunks and Vanilla Cream Sauce,This is the best bread pudding I've ever eaten. I'm never using another recipe again. The vanilla cream sauce is out of this world.,http://www.yammiesnoshery.com/2016/05/sourdough-bread-pudding-with-chocolate.html,https://i.pinimg.com/736x/42/20/33/422033278fa69000e20a2a66825a5ad2.jpg,422033278fa69000e20a2a66825a5ad2,0,147,117,0,0,0,{},"Tue, 10 May 2016 13:13:32 +0000",2026-06-25 05:42:12.652000,/yammie/yammies-noshery/,Yammie's Noshery,0,0,public,food_drink,yammie,Yammie's Noshery,https://www.pinterest.com/yammie/,0,0,114649,0,0,
28288303888632571,https://www.pinterest.com/pin/28288303888632571,Flourless Marshmallow Crunch Brownies,These are THE BEST brownies. You can make the brownies from scratch or dress up a box mix! Everyone asks for the recipe!,http://www.yammiesnoshery.com/2016/05/flourless-marshmallow-crunch-brownies.html,https://i.pinimg.com/736x/aa/34/e8/aa34e87ed9fc71e60dc43699f0aa34e7.jpg,aa34e87ed9fc71e60dc43699f0aa34e7,0,78326,7042,24,0,0,"{""1"": 2}","Wed, 18 May 2016 11:10:02 +0000",2026-06-25 05:42:09.605000,/yammie/yammies-noshery/,Yammie's Noshery,0,0,public,food_drink,yammie,Yammie's Noshery,https://www.pinterest.com/yammie/,0,0,114649,0,0,
28288303888682076,https://www.pinterest.com/pin/28288303888682076,Strawberry Brie Stuffed French Toast with Nutella,Gooey brie cheese with sweet strawberries in between two fat slices of french toast and smothered in Nutella! Yum!,http://www.yammiesnoshery.com/2016/05/strawberry-brie-stuffed-french-toast.html,https://i.pinimg.com/736x/f2/b3/8a/f2b38a2ce4d65b56291b11a7ec7dac10.jpg,f2b38a2ce4d65b56291b11a7ec7dac10,0,329,100,0,0,0,{},"Wed, 25 May 2016 14:50:11 +0000",2026-06-25 05:42:08.720000,/yammie/yammies-noshery/,Yammie's Noshery,0,0,public,food_drink,yammie,Yammie's Noshery,https://www.pinterest.com/yammie/,0,0,114649,0,0,
28288303888784308,https://www.pinterest.com/pin/28288303888784308,Single Serve Chocolate Pudding {Made in 3 Minutes in the Microwave!},"This is the perfect recipe for a chocolate emergency! A thick, chocolatey pudding made in the microwave in just 3 minutes!",http://www.yammiesnoshery.com/2016/06/single-serve-chocolate-pudding-made-in.html,https://i.pinimg.com/736x/94/86/b6/9486b647bcb1f6132674cfe8b20baf9a.jpg,9486b647bcb1f6132674cfe8b20baf9a,0,31,23,0,0,0,{},"Wed, 08 Jun 2016 08:40:05 +0000",2026-06-25 05:42:06.050000,/cookingclassy/food-love/,**FOOD LOVE**,0,0,public,food_drink,yammie,Yammie's Noshery,https://www.pinterest.com/yammie/,0,0,114649,0,0,
28288303888784311,https://www.pinterest.com/pin/28288303888784311,Single Serve Chocolate Pudding {Made in 3 Minutes in the Microwave!},"This is the perfect recipe for a chocolate emergency! A thick, chocolatey pudding made in the microwave in just 3 minutes!",http://www.yammiesnoshery.com/2016/06/single-serve-chocolate-pudding-made-in.html,https://i.pinimg.com/736x/86/ac/33/86ac335e965e701fa5df068518f5ed1b.jpg,86ac335e965e701fa5df068518f5ed1b,0,215,108,5,0,0,{},"Wed, 08 Jun 2016 08:40:34 +0000",2026-06-25 05:42:05.949000,/yammie/yammies-noshery/,Yammie's Noshery,0,0,public,food_drink,yammie,Yammie's Noshery,https://www.pinterest.com/yammie/,0,0,114649,0,0,
28288303888784352,https://www.pinterest.com/pin/28288303888784352,Single Serve Chocolate Pudding {Made in 3 Minutes in the Microwave!},"This is the perfect recipe for a chocolate emergency! A thick, chocolatey pudding made in the microwave in just 3 minutes!",http://www.yammiesnoshery.com/2016/06/single-serve-chocolate-pudding-made-in.html,https://i.pinimg.com/736x/99/c0/87/99c087f4cd320ac4e832215e13fdea91.jpg,99c087f4cd320ac4e832215e13fdea91,0,126,73,0,0,0,{},"Wed, 08 Jun 2016 08:48:30 +0000",2026-06-25 05:42:05.209000,/cookingclassy/food-love/,**FOOD LOVE**,0,0,public,food_drink,yammie,Yammie's Noshery,https://www.pinterest.com/yammie/,0,0,114649,0,0,
28288303888832809,https://www.pinterest.com/pin/28288303888832809,,"This recipe beats a McMuffin any day! A scrambled egg with spinach and cheese, avocado smash, cukes, sun dried tomatoes, and pesto on rosemary foccacia make the ultimate breakfast sandwich!",http://www.yammiesnoshery.com/2016/06/mediterranean-breakfast-sandwich.html,https://i.pinimg.com/736x/44/be/98/44be98e06bffb0718fe6831e812f1593.jpg,44be98e06bffb0718fe6831e812f1593,0,118,73,0,0,0,{},"Wed, 15 Jun 2016 09:45:30 +0000",2026-06-25 05:42:05.064000,/yammie/yammies-noshery/,Yammie's Noshery,0,0,public,food_drink,yammie,Yammie's Noshery,https://www.pinterest.com/yammie/,0,0,114649,0,0,
28288303888891368,https://www.pinterest.com/pin/28288303888891368,The Ultimate Cookie Dough Milkshake,"This is the ULTIMATE milkshake. An obscene amount of homemade cookie dough, hot fudge, and ice cream cookie sandwiches!",http://www.yammiesnoshery.com/2016/06/the-ultimate-cookie-dough-milkshake.html,https://i.pinimg.com/736x/04/85/29/048529adf82c7404259f0b8d29627947.jpg,048529adf82c7404259f0b8d29627947,0,171,54,1,0,0,{},"Wed, 22 Jun 2016 14:24:32 +0000",2026-06-25 05:42:03.466000,/yammie/yammies-noshery/,Yammie's Noshery,0,0,public,food_drink,yammie,Yammie's Noshery,https://www.pinterest.com/yammie/,0,0,114649,0,0,
28288303888948991,https://www.pinterest.com/pin/28288303888948991,Strawberry Swirl Cheesecake {With Easy Strawberry Roses!},This is the best recipe for strawberry cheesecake! Make it extra fancy with these strawberry roses. They're not hard to make!,http://www.yammiesnoshery.com/2016/06/strawberry-swirl-cheesecake.html,https://i.pinimg.com/736x/45/7a/b9/457ab9cf21b72980778571dcdbfd0036.jpg,457ab9cf21b72980778571dcdbfd0036,0,47,39,0,0,0,{},"Wed, 29 Jun 2016 12:01:50 +0000",2026-06-25 05:42:02.900000,/yammie/yammies-noshery/,Yammie's Noshery,0,0,public,food_drink,yammie,Yammie's Noshery,https://www.pinterest.com/yammie/,0,0,114649,0,0,
28288303889006958,https://www.pinterest.com/pin/28288303889006958,,A quick and easy recipe for a one pan meal that's full of flavor and healthy too!,http://www.yammiesnoshery.com/2016/07/one-pan-balsamic-roasted-chicken-and.html,https://i.pinimg.com/736x/4d/7e/97/4d7e9799ac99a9e2f5306c6eead85331.jpg,4d7e9799ac99a9e2f5306c6eead85331,0,139,58,0,0,1,{},"Wed, 06 Jul 2016 13:03:14 +0000",2026-06-25 05:42:01.925000,/yammie/yammies-noshery/,Yammie's Noshery,0,0,public,food_drink,yammie,Yammie's Noshery,https://www.pinterest.com/yammie/,0,0,114649,0,0,
28288303889007106,https://www.pinterest.com/pin/28288303889007106,,A quick and easy recipe for a one pan meal that's full of flavor and healthy too!,http://www.yammiesnoshery.com/2016/07/one-pan-balsamic-roasted-chicken-and.html,https://i.pinimg.com/736x/46/89/10/468910a46aff769a95e8fc4b82d13969.jpg,468910a46aff769a95e8fc4b82d13969,0,2355,75,0,0,0,{},"Wed, 06 Jul 2016 13:21:39 +0000",2026-06-25 05:42:01.900000,/yammie/yammies-noshery/,Yammie's Noshery,0,0,public,food_drink,yammie,Yammie's Noshery,https://www.pinterest.com/yammie/,0,0,114649,0,0,
28288303889067999,https://www.pinterest.com/pin/28288303889067999,BLT Chicken Salad With Balsamic Vinaigrette,This is such a satisfying and delicious salad and the balsamic dressing is so easy and good!,http://www.yammiesnoshery.com/2016/07/blt-chicken-salad-with-balsamic.html,https://i.pinimg.com/736x/4c/e7/99/4ce79926dcc7b3211504c0882426aa31.jpg,4ce79926dcc7b3211504c0882426aa31,0,138,83,0,0,0,{},"Wed, 13 Jul 2016 12:35:34 +0000",2026-06-25 05:42:00.227000,/yammie/yammies-noshery/,Yammie's Noshery,0,0,public,food_drink,yammie,Yammie's Noshery,https://www.pinterest.com/yammie/,0,0,114649,0,0,
28288303889116330,https://www.pinterest.com/pin/28288303889116330,Coconut Cream Pie From Scratch {With Boozy Option!},"This dreamy, creamy coconut cream pie recipe is made from scratch! It's easy to make and tastes so amazing!",http://www.yammiesnoshery.com/2016/07/coconut-cream-pie-from-scratch-with.html,https://i.pinimg.com/736x/03/d5/9b/03d59ba90b038fda6266e4beb6b84fa3.jpg,03d59ba90b038fda6266e4beb6b84fa3,0,247,75,0,0,0,{},"Tue, 19 Jul 2016 16:24:27 +0000",2026-06-25 05:42:00.183000,/yammie/yammies-noshery/,Yammie's Noshery,0,0,public,food_drink,yammie,Yammie's Noshery,https://www.pinterest.com/yammie/,0,0,114649,0,0,
28288303889161183,https://www.pinterest.com/pin/28288303889161183,Secretly Healthy 87 Calorie Brownies!,"Have you ever wished you could have a huge, rich gooey brownie for under 100 calories? Well now you can with these zucchini brownies!",http://www.yammiesnoshery.com/2014/08/secretly-healthy-zucchini-brownies.html,https://i.pinimg.com/736x/8b/d4/d8/8bd4d8080db52c52450fe40591af7951.jpg,8bd4d8080db52c52450fe40591af7951,0,24780,8777,19,0,0,"{""1"": 3}","Mon, 25 Jul 2016 15:38:32 +0000",2026-06-25 05:41:59.169000,/yammie/yammies-noshery/,Yammie's Noshery,0,0,public,food_drink,yammie,Yammie's Noshery,https://www.pinterest.com/yammie/,0,0,114649,0,0,
28288303889211431,https://www.pinterest.com/pin/28288303889211431,Frozen Watermelon Coconut Mojitos,"This is so refreshing on a hot summer day! THE mixed drink for summer: mint, lime, coconut cream, and frozen watermelon with coconut rum (great virgin too!)",http://www.yammiesnoshery.com/2016/07/frozen-watermelon-coconut-mojitos.html,https://i.pinimg.com/736x/f2/af/90/f2af902147cf0b573ca4da8e959759d3.jpg,f2af902147cf0b573ca4da8e959759d3,0,81,57,0,0,0,{},"Mon, 01 Aug 2016 11:46:55 +0000",2026-06-25 05:41:58.264000,/yammie/yammies-noshery/,Yammie's Noshery,0,0,public,food_drink,yammie,Yammie's Noshery,https://www.pinterest.com/yammie/,0,0,114649,0,0,
28288303889211432,https://www.pinterest.com/pin/28288303889211432,Frozen Watermelon Coconut Mojitos,"This is so refreshing on a hot summer day! THE mixed drink for summer: mint, lime, coconut cream, and frozen watermelon with coconut rum (great virgin too!)",http://www.yammiesnoshery.com/2016/07/frozen-watermelon-coconut-mojitos.html,https://i.pinimg.com/736x/bf/e6/17/bfe617d2b9b3fd65bfb91cb8b43babf0.jpg,bfe617d2b9b3fd65bfb91cb8b43babf0,0,75,21,0,0,0,{},"Mon, 01 Aug 2016 11:47:05 +0000",2026-06-25 05:41:57.382000,/yammie/yammies-noshery/,Yammie's Noshery,0,0,public,food_drink,yammie,Yammie's Noshery,https://www.pinterest.com/yammie/,0,0,114649,0,0,
28288303889234015,https://www.pinterest.com/pin/28288303889234015,4 Ingredient Chocolate Mousse Pie,"This super easy, low maintenance chocolate mousse pie recipe only takes 4 ingredients. A light, creamy dessert that will impress all your friends!",http://www.yammiesnoshery.com/2016/08/4-ingredient-chocolate-mousse-pie.html,https://i.pinimg.com/736x/6b/3b/a6/6b3ba6316451259b43b6a8127e3782ea.jpg,6b3ba6316451259b43b6a8127e3782ea,0,823,404,1,0,0,{},"Thu, 04 Aug 2016 19:05:43 +0000",2026-06-25 05:41:56.461000,/yammie/yammies-noshery/,Yammie's Noshery,0,0,public,food_drink,yammie,Yammie's Noshery,https://www.pinterest.com/yammie/,0,0,114649,0,0,
28288303889260330,https://www.pinterest.com/pin/28288303889260330,Buffalo Chicken Mac & Cheese, ,http://www.yammiesnoshery.com/2016/08/buffalo-chicken-mac-cheese.html,https://i.pinimg.com/736x/75/b8/2c/75b82c34a13af50b23ba0d65834b70cb.jpg,75b82c34a13af50b23ba0d65834b70cb,0,3350,80,8,0,2,{},"Mon, 08 Aug 2016 22:23:16 +0000",2026-06-25 05:41:55.542000,/yammie/yammies-noshery/,Yammie's Noshery,0,0,public,food_drink,yammie,Yammie's Noshery,https://www.pinterest.com/yammie/,0,0,114649,0,0,
28288303889353675,https://www.pinterest.com/pin/28288303889353675,5 Ingredient Microwave Peanut Butter Hot Fudge Sauce,"This peanut butter hot fudge sauce recipe is addictive! Comes together in minutes with just a few ingredients in the microwave. Plus, no corn syrup!",http://www.yammiesnoshery.com/2016/08/5-ingredient-microwave-peanut-butter.html,https://i.pinimg.com/736x/47/1d/a9/471da9127c6d1cb61c3b670e50e7df5e.jpg,471da9127c6d1cb61c3b670e50e7df5e,0,230,158,0,0,0,{},"Mon, 22 Aug 2016 18:06:51 +0000",2026-06-25 05:41:54,/yammie/yammies-noshery/,Yammie's Noshery,0,0,public,food_drink,yammie,Yammie's Noshery,https://www.pinterest.com/yammie/,0,0,114649,0,0,"{""id"": ""28288441317851342"", ""indexed"": true, ""verified_identity"": {}, ""is_ads_only_profile"": false, ""blocked_by_me"": false, ""is_verified_merchant"": false, ""type"": ""user"", ""image_medium_url"": ""https://i.pinimg.com/75x75_RS/b9/f1/b9/b9f1b9c27393aa0c5f85cbf5d416ecda.jpg"", ""domain_url"": ""www.yammiesnoshery.com"", ""instagram_data"": null, ""full_name"": ""Yammie's Noshery"", ""first_name"": ""Yammie's Noshery"", ""explicitly_followed_by_me"": false, ""followed_by_me"": false, ""domain_verified"": true, ""follower_count"": 114649, ""is_default_image"": false, ""ads_only_profile_site"": null, ""username"": ""yammie"", ""image_small_url"": ""https://i.pinimg.com/30x30_RS/b9/f1/b9/b9f1b9c27393aa0c5f85cbf5d416ecda.jpg""}"
28288303889423930,https://www.pinterest.com/pin/28288303889423930,Taco Stuffed Peppers,"An easy, cheesy low carb meal... these taco stuffed peppers are AWESOME!",http://www.yammiesnoshery.com/2016/09/taco-stuffed-peppers.html,https://i.pinimg.com/736x/37/61/d8/3761d80cd833648d72b639478f2de72a.jpg,3761d80cd833648d72b639478f2de72a,0,296,122,1,0,0,{},"Fri, 02 Sep 2016 01:06:44 +0000",2026-06-25 05:41:53.932000,/yammie/yammies-noshery/,Yammie's Noshery,0,0,public,food_drink,yammie,Yammie's Noshery,https://www.pinterest.com/yammie/,0,0,114649,0,0,"{""instagram_data"": null, ""id"": ""28288441317851342"", ""domain_url"": ""www.yammiesnoshery.com"", ""followed_by_me"": false, ""follower_count"": 114649, ""username"": ""yammie"", ""explicitly_followed_by_me"": false, ""verified_identity"": {}, ""first_name"": ""Yammie's Noshery"", ""type"": ""user"", ""blocked_by_me"": false, ""indexed"": true, ""image_medium_url"": ""https://i.pinimg.com/75x75_RS/b9/f1/b9/b9f1b9c27393aa0c5f85cbf5d416ecda.jpg"", ""is_ads_only_profile"": false, ""ads_only_profile_site"": null, ""image_small_url"": ""https://i.pinimg.com/30x30_RS/b9/f1/b9/b9f1b9c27393aa0c5f85cbf5d416ecda.jpg"", ""is_default_image"": false, ""domain_verified"": true, ""is_verified_merchant"": false, ""full_name"": ""Yammie's Noshery""}"
28288303889494190,https://www.pinterest.com/pin/28288303889494190,Microwave Spinach Dip for One,"This is the BEST spinach dip. Only takes a few minutes to make and is a perfect emergency snack for one (okay, or two if I'm feeling gracious)",http://www.yammiesnoshery.com/2016/09/microwave-spinach-dip-for-one.html,https://i.pinimg.com/736x/a6/36/bd/a636bd947b31bea6c5164401e897acdf.jpg,a636bd947b31bea6c5164401e897acdf,0,451,80,0,0,0,"{""1"": 1}","Mon, 12 Sep 2016 19:32:55 +0000",2026-06-25 05:41:53.891000,/yammie/yammies-noshery/,Yammie's Noshery,0,0,public,food_drink,yammie,Yammie's Noshery,https://www.pinterest.com/yammie/,0,0,114649,0,0,"{""full_name"": ""Yammie's Noshery"", ""verified_identity"": {}, ""follower_count"": 114649, ""type"": ""user"", ""image_small_url"": ""https://i.pinimg.com/30x30_RS/b9/f1/b9/b9f1b9c27393aa0c5f85cbf5d416ecda.jpg"", ""followed_by_me"": false, ""is_default_image"": false, ""instagram_data"": null, ""username"": ""yammie"", ""blocked_by_me"": false, ""indexed"": true, ""ads_only_profile_site"": null, ""domain_url"": ""www.yammiesnoshery.com"", ""id"": ""28288441317851342"", ""explicitly_followed_by_me"": false, ""is_ads_only_profile"": false, ""first_name"": ""Yammie's Noshery"", ""is_verified_merchant"": false, ""domain_verified"": true, ""image_medium_url"": ""https://i.pinimg.com/75x75_RS/b9/f1/b9/b9f1b9c27393aa0c5f85cbf5d416ecda.jpg""}"
28288303889546757,https://www.pinterest.com/pin/28288303889546757,Flourless Oatmeal Apple Muffins,"These oatmeal apple muffins are whole grain and can be gluten free, made with 100% oats and no flour!",http://www.yammiesnoshery.com/2016/09/flourless-oatmeal-apple-muffins.html,https://i.pinimg.com/736x/57/41/e9/5741e9af20be6b7b41e17d09e321b935.jpg,5741e9af20be6b7b41e17d09e321b935,0,153,100,0,0,0,{},"Tue, 20 Sep 2016 17:36:17 +0000",2026-06-25 05:41:53.906000,/yammie/yammies-noshery/,Yammie's Noshery,0,0,public,food_drink,yammie,Yammie's Noshery,https://www.pinterest.com/yammie/,0,0,114649,0,0,"{""ads_only_profile_site"": null, ""first_name"": ""Yammie's Noshery"", ""is_default_image"": false, ""explicitly_followed_by_me"": false, ""username"": ""yammie"", ""is_verified_merchant"": false, ""type"": ""user"", ""blocked_by_me"": false, ""image_small_url"": ""https://i.pinimg.com/30x30_RS/b9/f1/b9/b9f1b9c27393aa0c5f85cbf5d416ecda.jpg"", ""image_medium_url"": ""https://i.pinimg.com/75x75_RS/b9/f1/b9/b9f1b9c27393aa0c5f85cbf5d416ecda.jpg"", ""instagram_data"": null, ""domain_url"": ""www.yammiesnoshery.com"", ""domain_verified"": true, ""verified_identity"": {}, ""full_name"": ""Yammie's Noshery"", ""followed_by_me"": false, ""indexed"": true, ""id"": ""28288441317851342"", ""is_ads_only_profile"": false, ""follower_count"": 114649}"
28288303889592009,https://www.pinterest.com/pin/28288303889592009,"Sweet Potato Apple Beer Soup {With Aged White Cheddar, Crispy Sage, and Prosciutto}","The hearty flavors of this cozy apple and sweet potato soup will warm your soul on a cool autumn night. Complete with beer, crispy sage, prosciutto and aged cheddar.",http://www.yammiesnoshery.com/2016/09/sweet-potato-apple-beer-soup-with-aged.html,https://i.pinimg.com/736x/48/d2/5c/48d25c878dfd3a98e287d34de1ce14a3.jpg,48d25c878dfd3a98e287d34de1ce14a3,0,172,121,0,0,0,{},"Tue, 27 Sep 2016 14:38:12 +0000",2026-06-25 05:41:53.166000,/yammie/yammies-noshery/,Yammie's Noshery,0,0,public,food_drink,yammie,Yammie's Noshery,https://www.pinterest.com/yammie/,0,0,114649,0,0,
28288303889592010,https://www.pinterest.com/pin/28288303889592010,"Sweet Potato Apple Beer Soup {With Aged White Cheddar, Crispy Sage, and Prosciutto}","The hearty flavors of this cozy apple and sweet potato soup will warm your soul on a cool autumn night. Complete with beer, crispy sage, prosciutto and aged cheddar.",http://www.yammiesnoshery.com/2016/09/sweet-potato-apple-beer-soup-with-aged.html,https://i.pinimg.com/736x/0c/a7/fa/0ca7fafddb528b91edb88f385f73ce5d.jpg,0ca7fafddb528b91edb88f385f73ce5d,0,46,30,0,0,0,{},"Tue, 27 Sep 2016 14:38:27 +0000",2026-06-25 05:41:53.950000,/yammie/soup-sandwich-salad/,"Soup, Sandwich, Salad",0,0,public,food_drink,yammie,Yammie's Noshery,https://www.pinterest.com/yammie/,0,0,114649,0,0,
28288303889698476,https://www.pinterest.com/pin/28288303889698476,The Baby!,He's finally here!!!!!!!   Actually he's been here for almost two weeks (which you probably already know if you follow on Facebook  or ...,http://www.yammiesnoshery.com/2016/10/the-baby.html,https://i.pinimg.com/736x/d2/83/3e/d2833e6c8c052d04cc2f1f0a1e047ef2.jpg,d2833e6c8c052d04cc2f1f0a1e047ef2,0,4,3,0,0,0,{},"Fri, 14 Oct 2016 16:21:55 +0000",2026-06-25 05:41:45.698000,/yammie/yammies-noshery/,Yammie's Noshery,0,0,public,food_drink,yammie,Yammie's Noshery,https://www.pinterest.com/yammie/,0,0,114649,0,0,
28288303889738284,https://www.pinterest.com/pin/28288303889738284,The Best Basic Burritos,These are truly THE BEST burritos ever. My Mexican food loving husband is very particular and he says they can't be beat.,http://www.yammiesnoshery.com/2016/10/the-best-basic-burritos.html,https://i.pinimg.com/736x/93/8b/24/938b247d78e16de7593ed013a9c08ade.jpg,938b247d78e16de7593ed013a9c08ade,0,8989,2382,10,0,3,"{""1"": 2}","Thu, 20 Oct 2016 11:57:04 +0000",2026-06-25 05:41:45.717000,/yammie/yammies-noshery/,Yammie's Noshery,0,0,public,food_drink,yammie,Yammie's Noshery,https://www.pinterest.com/yammie/,0,0,114649,0,0,
28288303889808825,https://www.pinterest.com/pin/28288303889808825,Racine Pecan Kringle,"Finally, a recipe for kringle that's just like the famous Danish pastries from my hometown, Racine Wisconsin!",http://www.yammiesnoshery.com/2016/10/racine-pecan-kringle.html,https://i.pinimg.com/736x/e3/c0/4c/e3c04c102841b06ae3960e8e93333e4a.jpg,e3c04c102841b06ae3960e8e93333e4a,0,601,396,0,0,0,{},"Mon, 31 Oct 2016 14:48:36 +0000",2026-06-25 05:41:42.750000,/yammie/yammies-noshery/,Yammie's Noshery,0,0,public,food_drink,yammie,Yammie's Noshery,https://www.pinterest.com/yammie/,0,0,114649,0,0,
28288303889860634,https://www.pinterest.com/pin/28288303889860634,Nutella Stuffed Pumpkin Muffins,Perfectly moist pumpkin muffins stuffed with gobs of Nutella!,http://www.yammiesnoshery.com/2016/11/nutella-stuffed-pumpkin-muffins.html,https://i.pinimg.com/736x/92/fa/6d/92fa6d8d2492534466eaaff64e4756d8.jpg,92fa6d8d2492534466eaaff64e4756d8,0,258,55,0,0,0,{},"Tue, 08 Nov 2016 14:54:46 +0000",2026-06-25 05:41:41.694000,/yammie/yammies-noshery/,Yammie's Noshery,0,0,public,food_drink,yammie,Yammie's Noshery,https://www.pinterest.com/yammie/,0,0,114649,0,0,
28288303889970006,https://www.pinterest.com/pin/28288303889970006,Sourdough Bagels,The perfect recipe for artisan sourdough bagels!,http://www.yammiesnoshery.com/2016/11/sourdough-bagels.html,https://i.pinimg.com/736x/31/45/8d/31458dd44ddafb4c599b756d8fecb0b8.jpg,31458dd44ddafb4c599b756d8fecb0b8,0,54,46,0,0,0,{},"Fri, 25 Nov 2016 16:43:37 +0000",2026-06-25 05:41:41.001000,/yammie/yammies-noshery/,Yammie's Noshery,0,0,public,food_drink,yammie,Yammie's Noshery,https://www.pinterest.com/yammie/,0,0,114649,0,0,
28288303890079962,https://www.pinterest.com/pin/28288303890079962,b'Gl\xfchwein {German Mulled Wine}',b'An authentic recipe for Gl\xfchwein (German mulled wine) and a peek into the Christmas Markets of Germany where you can drink it all season!',http://www.yammiesnoshery.com/2016/12/gluhwein-german-mulled-wine.html,https://i.pinimg.com/736x/eb/4c/12/eb4c128c0ddb840dd4c243bcc2e8d72f.jpg,eb4c128c0ddb840dd4c243bcc2e8d72f,0,300,266,0,0,0,{},"Mon, 12 Dec 2016 20:44:56 +0000",2026-06-25 05:41:39.622000,/yammie/yammies-noshery/,Yammie's Noshery,0,0,public,food_drink,yammie,Yammie's Noshery,https://www.pinterest.com/yammie/,0,0,114649,0,0,
28288303890194054,https://www.pinterest.com/pin/28288303890194054,The Top 10 Recipes of 2016,My top ten recipes of 2016!,http://www.yammiesnoshery.com/2017/01/the-top-10-recipes-of-2016.html,https://i.pinimg.com/736x/47/34/17/47341706ec1225a9bed5df4000f4105a.jpg,47341706ec1225a9bed5df4000f4105a,0,114,25,0,0,0,{},"Sun, 01 Jan 2017 16:29:25 +0000",2026-06-25 05:41:39.541000,/yammie/yammies-noshery/,Yammie's Noshery,0,0,public,food_drink,yammie,Yammie's Noshery,https://www.pinterest.com/yammie/,0,0,114649,0,0,
28288303890273334,https://www.pinterest.com/pin/28288303890273334,, ,http://www.yammiesnoshery.com/2017/01/creamy-mini-meatball-and-brussels-penne.html,https://i.pinimg.com/736x/49/f2/bb/49f2bbcf1a8fbb3d955ccdfddc78410d.jpg,49f2bbcf1a8fbb3d955ccdfddc78410d,0,92,61,0,0,0,{},"Thu, 12 Jan 2017 14:11:00 +0000",2026-06-25 05:41:38.947000,/yammie/yammies-noshery/,Yammie's Noshery,0,0,public,food_drink,yammie,Yammie's Noshery,https://www.pinterest.com/yammie/,0,0,114649,0,0,
28288303890273336,https://www.pinterest.com/pin/28288303890273336,, ,http://www.yammiesnoshery.com/2017/01/creamy-mini-meatball-and-brussels-penne.html,https://i.pinimg.com/736x/3b/86/1f/3b861fab89e8e9af075713aae4d04a93.jpg,3b861fab89e8e9af075713aae4d04a93,0,426,54,1,0,0,{},"Thu, 12 Jan 2017 14:11:09 +0000",2026-06-25 05:41:38.445000,/yammie/dinner/,Dinner,0,0,public,food_drink,yammie,Yammie's Noshery,https://www.pinterest.com/yammie/,0,0,114649,0,0,
28288303890322020,https://www.pinterest.com/pin/28288303890322020,Prosciutto wrapped Brie Bites with Rosemary Crusted Walnuts,These brie bites make the perfect gourmet appetizers! They're naturally gluten free and exploding with flavor. I dipped mine in gooseberry ginger jam!,http://www.yammiesnoshery.com/2017/01/prosciutto-wrapped-brie-bites.html,https://i.pinimg.com/736x/b4/35/9c/b4359cf3d242450492f0a9ef736bb56b.jpg,b4359cf3d242450492f0a9ef736bb56b,0,100,68,0,0,0,{},"Thu, 19 Jan 2017 11:57:09 +0000",2026-06-25 05:41:37.859000,/yammie/yammies-noshery/,Yammie's Noshery,0,0,public,food_drink,yammie,Yammie's Noshery,https://www.pinterest.com/yammie/,0,0,114649,0,0,
28288303890617969,https://www.pinterest.com/pin/28288303890617969,,"This chipotle sweet potato and black bean chili is so smoky, spicy, and colorful and can be gluten free too!",http://www.yammiesnoshery.com/2017/03/chipotle-sweet-potato-and-black-bean.html,https://i.pinimg.com/736x/b3/c8/e3/b3c8e3dbd3a848b6babb8787462f3f8d.jpg,b3c8e3dbd3a848b6babb8787462f3f8d,0,1876,90,3,0,0,{},"Thu, 02 Mar 2017 18:46:54 +0000",2026-06-25 05:41:37.101000,/yammie/yammies-noshery/,Yammie's Noshery,0,0,public,food_drink,yammie,Yammie's Noshery,https://www.pinterest.com/yammie/,0,0,114649,0,0,
28288303890716870,https://www.pinterest.com/pin/28288303890716870,Naked Juice Green Machine Copycat Recipe,Make your own Naked Juice smoothie for a tiny fraction of the price! It's full of fruits and veggies and tastes AWESOME.,http://www.yammiesnoshery.com/2017/03/naked-juice-green-machine-copycat-recipe.html,https://i.pinimg.com/736x/e6/9e/d3/e69ed3cbc44816e44b0f9a4918788eb4.jpg,e69ed3cbc44816e44b0f9a4918788eb4,0,449,335,0,0,0,{},"Mon, 13 Mar 2017 13:32:13 +0000",2026-06-25 05:41:36.213000,/yammie/yammies-noshery/,Yammie's Noshery,0,0,public,food_drink,yammie,Yammie's Noshery,https://www.pinterest.com/yammie/,0,0,114649,0,0,
28288303890894587,https://www.pinterest.com/pin/28288303890894587,Grandpa John's Gluten Free Peanut Butter Cookies,Grandpa's favorite gluten free peanut butter cookies.,http://www.yammiesnoshery.com/2017/03/grandpa-johns-gluten-free-peanut-butter.html,https://i.pinimg.com/736x/bc/c7/04/bcc70421a7906e74c3374fdc5e9b3f20.jpg,bcc70421a7906e74c3374fdc5e9b3f20,0,18,11,0,0,0,{},"Fri, 24 Mar 2017 17:34:25 +0000",2026-06-25 05:41:35.337000,/yammie/cookies/,Cookies,0,0,public,food_drink,yammie,Yammie's Noshery,https://www.pinterest.com/yammie/,0,0,114649,0,0,
28288303890894588,https://www.pinterest.com/pin/28288303890894588,Grandpa John's Gluten Free Peanut Butter Cookies,Grandpa's favorite gluten free peanut butter cookies.,http://www.yammiesnoshery.com/2017/03/grandpa-johns-gluten-free-peanut-butter.html,https://i.pinimg.com/736x/26/1c/43/261c43834c758589dcd17a9a507b00c9.jpg,261c43834c758589dcd17a9a507b00c9,0,46,34,0,0,0,{},"Fri, 24 Mar 2017 17:34:41 +0000",2026-06-25 05:41:35.364000,/yammie/yammies-noshery/,Yammie's Noshery,0,0,public,food_drink,yammie,Yammie's Noshery,https://www.pinterest.com/yammie/,0,0,114649,0,0,
28288303890894592,https://www.pinterest.com/pin/28288303890894592,Grandpa John's Gluten Free Peanut Butter Cookies,Grandpa's favorite gluten free peanut butter cookies.,http://www.yammiesnoshery.com/2017/03/grandpa-johns-gluten-free-peanut-butter.html,https://i.pinimg.com/736x/ea/63/b4/ea63b4a7d3c1f955cea11065def1aa15.jpg,ea63b4a7d3c1f955cea11065def1aa15,0,23,18,0,0,0,{},"Fri, 24 Mar 2017 17:34:58 +0000",2026-06-25 05:41:37.734000,/yammie/glutenfreedom/,Glutenfreedom,0,0,public,food_drink,yammie,Yammie's Noshery,https://www.pinterest.com/yammie/,0,0,114649,0,0,
28288303891633728,https://www.pinterest.com/pin/28288303891633728,3 Ingredient Peanut Butter No Bake Cookies,"These are the easiest, yummiest cookies ever! Ready in less than 5 minutes! They can be gluten free too.",http://www.yammiesnoshery.com/2017/04/3-ingredient-peanut-butter-no-bake.html,https://i.pinimg.com/736x/9b/6c/b2/9b6cb28c89959cc1e62dda24bf201957.jpg,9b6cb28c89959cc1e62dda24bf201957,0,172,104,0,0,0,{},"Wed, 05 Apr 2017 19:30:42 +0000",2026-06-25 05:41:34.557000,/yammie/yammies-noshery/,Yammie's Noshery,0,0,public,food_drink,yammie,Yammie's Noshery,https://www.pinterest.com/yammie/,0,0,114649,0,0,
28288303891633863,https://www.pinterest.com/pin/28288303891633863,3 Ingredient Peanut Butter No Bake Cookies,"These are the easiest, yummiest cookies ever! Ready in less than 5 minutes! They can be gluten free too.",http://www.yammiesnoshery.com/2017/04/3-ingredient-peanut-butter-no-bake.html,https://i.pinimg.com/736x/fe/40/6f/fe406fdec4935feaac8eb06751eea90d.jpg,fe406fdec4935feaac8eb06751eea90d,0,881,62,1,0,0,{},"Wed, 05 Apr 2017 19:34:56 +0000",2026-06-25 05:41:33.190000,/yammie/glutenfreedom/,Glutenfreedom,0,0,public,food_drink,yammie,Yammie's Noshery,https://www.pinterest.com/yammie/,0,0,114649,0,0,
28288303892365901,https://www.pinterest.com/pin/28288303892365901,Greek Spaghetti,Shake up that boring old spaghetti on your regular meal plan with this Greek Spaghetti!,http://www.yammiesnoshery.com/2017/04/greek-spaghetti.html,https://i.pinimg.com/736x/11/34/a6/1134a660311f155698708d87a0624ab1.jpg,1134a660311f155698708d87a0624ab1,0,158,111,2,0,0,{},"Wed, 19 Apr 2017 20:42:42 +0000",2026-06-25 05:41:33.135000,/yammie/yammies-noshery/,Yammie's Noshery,0,0,public,food_drink,yammie,Yammie's Noshery,https://www.pinterest.com/yammie/,0,0,114649,0,0,
28288303892365970,https://www.pinterest.com/pin/28288303892365970,Greek Spaghetti,Shake up that boring old spaghetti on your regular meal plan with this Greek Spaghetti!,http://www.yammiesnoshery.com/2017/04/greek-spaghetti.html,https://i.pinimg.com/736x/0e/af/50/0eaf503d44679f7ab1c2367db6c056ff.jpg,0eaf503d44679f7ab1c2367db6c056ff,0,179,152,0,0,0,{},"Wed, 19 Apr 2017 20:44:20 +0000",2026-06-25 05:41:33.160000,/yammie/yammies-noshery/,Yammie's Noshery,0,0,public,food_drink,yammie,Yammie's Noshery,https://www.pinterest.com/yammie/,0,0,114649,0,0,
28288303892899723,https://www.pinterest.com/pin/28288303892899723,Zuppa Toscana {Olive Garden Copycat Recipe},Yammie's Noshery: Zuppa Toscana {Olive Garden Copycat Recipe},http://www.yammiesnoshery.com/2017/04/zuppa-toscana-olive-garden-copycat.html,https://i.pinimg.com/736x/82/c6/61/82c6613c539111b71cd092c874c36076.jpg,82c6613c539111b71cd092c874c36076,0,211,62,0,0,0,{},"Thu, 27 Apr 2017 20:56:48 +0000",2026-06-25 05:41:32.003000,/yammie/yammies-noshery/,Yammie's Noshery,0,0,public,food_drink,yammie,Yammie's Noshery,https://www.pinterest.com/yammie/,0,0,114649,0,0,"{""id"": ""28288441317851342"", ""image_medium_url"": ""https://i.pinimg.com/75x75_RS/b9/f1/b9/b9f1b9c27393aa0c5f85cbf5d416ecda.jpg"", ""instagram_data"": null, ""username"": ""yammie"", ""ads_only_profile_site"": null, ""verified_identity"": {}, ""full_name"": ""Yammie's Noshery"", ""is_verified_merchant"": false, ""blocked_by_me"": false, ""image_small_url"": ""https://i.pinimg.com/30x30_RS/b9/f1/b9/b9f1b9c27393aa0c5f85cbf5d416ecda.jpg"", ""domain_verified"": true, ""follower_count"": 114649, ""indexed"": true, ""first_name"": ""Yammie's Noshery"", ""explicitly_followed_by_me"": false, ""domain_url"": ""www.yammiesnoshery.com"", ""followed_by_me"": false, ""is_default_image"": false, ""is_ads_only_profile"": false, ""type"": ""user""}"
28288303893146715,https://www.pinterest.com/pin/28288303893146715,Zuppa Toscana {Olive Garden Copycat Recipe},Yammie's Noshery: Zuppa Toscana {Olive Garden Copycat Recipe},http://www.yammiesnoshery.com/2017/04/zuppa-toscana-olive-garden-copycat.html,https://i.pinimg.com/736x/82/c6/61/82c6613c539111b71cd092c874c36076.jpg,82c6613c539111b71cd092c874c36076,0,211,74,0,0,0,{},"Thu, 04 May 2017 15:57:48 +0000",2026-06-25 05:41:31.592000,/yammie/yammies-noshery/,Yammie's Noshery,0,0,public,food_drink,yammie,Yammie's Noshery,https://www.pinterest.com/yammie/,0,0,114649,0,0,"{""username"": ""yammie"", ""blocked_by_me"": false, ""ads_only_profile_site"": null, ""instagram_data"": null, ""explicitly_followed_by_me"": false, ""is_verified_merchant"": false, ""domain_verified"": true, ""full_name"": ""Yammie's Noshery"", ""indexed"": true, ""image_medium_url"": ""https://i.pinimg.com/75x75_RS/b9/f1/b9/b9f1b9c27393aa0c5f85cbf5d416ecda.jpg"", ""image_small_url"": ""https://i.pinimg.com/30x30_RS/b9/f1/b9/b9f1b9c27393aa0c5f85cbf5d416ecda.jpg"", ""first_name"": ""Yammie's Noshery"", ""type"": ""user"", ""verified_identity"": {}, ""id"": ""28288441317851342"", ""follower_count"": 114649, ""is_ads_only_profile"": false, ""followed_by_me"": false, ""is_default_image"": false, ""domain_url"": ""www.yammiesnoshery.com""}"
28288303893200623,https://www.pinterest.com/pin/28288303893200623,Amazing Dark Chocolate Cake with Greek Yogurt Chocolate Frosting {Can be gluten free!},Yammie's Noshery: Amazing Dark Chocolate Cake with Greek Yogurt Chocolate Frosting {Can be gluten free!},http://www.yammiesnoshery.com/2017/05/amazing-dark-chocolate-cake-with-greek.html,https://i.pinimg.com/736x/6b/8c/e0/6b8ce0ec950b7a684d5350332c78ffb9.jpg,6b8ce0ec950b7a684d5350332c78ffb9,0,61,33,0,0,0,{},"Thu, 11 May 2017 17:03:30 +0000",2026-06-25 05:41:31.063000,/yammie/yammies-noshery/,Yammie's Noshery,0,0,public,food_drink,yammie,Yammie's Noshery,https://www.pinterest.com/yammie/,0,0,114649,0,0,"{""is_ads_only_profile"": false, ""followed_by_me"": false, ""full_name"": ""Yammie's Noshery"", ""follower_count"": 114649, ""explicitly_followed_by_me"": false, ""image_medium_url"": ""https://i.pinimg.com/75x75_RS/b9/f1/b9/b9f1b9c27393aa0c5f85cbf5d416ecda.jpg"", ""image_small_url"": ""https://i.pinimg.com/30x30_RS/b9/f1/b9/b9f1b9c27393aa0c5f85cbf5d416ecda.jpg"", ""verified_identity"": {}, ""ads_only_profile_site"": null, ""domain_url"": ""www.yammiesnoshery.com"", ""is_verified_merchant"": false, ""type"": ""user"", ""indexed"": true, ""domain_verified"": true, ""blocked_by_me"": false, ""is_default_image"": false, ""instagram_data"": null, ""first_name"": ""Yammie's Noshery"", ""username"": ""yammie"", ""id"": ""28288441317851342""}"
28288303893295749,https://www.pinterest.com/pin/28288303893295749,,"These bars are chewy, rich, and decadent, but also freakishly easy and naturally gluten free!",http://www.yammiesnoshery.com/2017/05/chewy-salted-caramel-crispy-bars.html?m=1,https://i.pinimg.com/736x/da/c9/c7/dac9c7dc9f6bf812a0f1088a50319ce0.jpg,dac9c7dc9f6bf812a0f1088a50319ce0,0,351,146,0,0,0,{},"Wed, 24 May 2017 15:45:16 +0000",2026-06-25 05:41:31.044000,/yammie/yammies-noshery/,Yammie's Noshery,0,0,public,food_drink,yammie,Yammie's Noshery,https://www.pinterest.com/yammie/,0,0,114649,0,0,
28288303893487768,https://www.pinterest.com/pin/28288303893487768,The Best Sugar Cookie Cutouts Ever {With a Secret Ingredient}, ,http://www.yammiesnoshery.com/2017/06/the-best-sugar-cookie-cutouts-ever-with.html,https://i.pinimg.com/736x/fb/50/7e/fb507e336a567b1d15a305917f7ef096.jpg,fb507e336a567b1d15a305917f7ef096,0,78,59,0,0,1,{},"Mon, 19 Jun 2017 14:18:10 +0000",2026-06-25 05:41:30.971000,/yammie/yammies-noshery/,Yammie's Noshery,0,0,public,food_drink,yammie,Yammie's Noshery,https://www.pinterest.com/yammie/,0,0,114649,0,0,
28288303893487769,https://www.pinterest.com/pin/28288303893487769,The Best Sugar Cookie Cutouts Ever {With a Secret Ingredient}, ,http://www.yammiesnoshery.com/2017/06/the-best-sugar-cookie-cutouts-ever-with.html,https://i.pinimg.com/736x/f1/b5/59/f1b559989fe312f2a1b53f0902b05102.jpg,f1b559989fe312f2a1b53f0902b05102,0,142,72,0,0,0,{},"Mon, 19 Jun 2017 14:18:19 +0000",2026-06-25 05:41:30.955000,/yammie/cookies/,Cookies,0,0,public,food_drink,yammie,Yammie's Noshery,https://www.pinterest.com/yammie/,0,0,114649,0,0,
28288303893785999,https://www.pinterest.com/pin/28288303893785999,Cinnamon Swirl Zucchini Bread {With Gluten Free Option},"Perfect moist and delicious zucchini bread with a big, fat cinnamon swirl and crunchy cinnamon sugar topping!",http://www.yammiesnoshery.com/2017/08/cinnamon-swirl-zucchini-bread-with.html,https://i.pinimg.com/736x/0e/31/1d/0e311d2be7a1c7849a18a6377b4e4308.jpg,0e311d2be7a1c7849a18a6377b4e4308,0,1372,909,1,0,0,"{""1"": 1}","Wed, 02 Aug 2017 14:30:34 +0000",2026-06-25 05:41:30.939000,/yammie/yammies-noshery/,Yammie's Noshery,0,0,public,food_drink,yammie,Yammie's Noshery,https://www.pinterest.com/yammie/,0,0,114649,0,0,
28288303893943174,https://www.pinterest.com/pin/28288303893943174,Cherry Cheesecake Swirl Brownies,Amazing fudgy brownies with creamy cherry cheesecake swirl. They can easily be made gluten free too!!,http://www.yammiesnoshery.com/2017/08/cherry-cheesecake-swirl-brownies-plus.html?m=1#more,https://i.pinimg.com/736x/ab/64/d6/ab64d6bf0ae996158372f9b1e7e05a58.jpg,ab64d6bf0ae996158372f9b1e7e05a58,0,784,593,0,0,0,{},"Sat, 26 Aug 2017 16:13:51 +0000",2026-06-25 05:41:30.922000,/yammie/yammies-noshery/,Yammie's Noshery,0,0,public,food_drink,yammie,Yammie's Noshery,https://www.pinterest.com/yammie/,0,0,114649,0,0,
28288303893943178,https://www.pinterest.com/pin/28288303893943178,Cherry Cheesecake Swirl Brownies,Amazing fudgy brownies with creamy cherry cheesecake swirl. They can easily be made gluten free too!!,http://www.yammiesnoshery.com/2017/08/cherry-cheesecake-swirl-brownies-plus.html?m=1#more,https://i.pinimg.com/736x/8b/28/8a/8b288a5b1e4e9bca472cc7d8f1919b09.jpg,8b288a5b1e4e9bca472cc7d8f1919b09,0,563,432,0,0,0,{},"Sat, 26 Aug 2017 16:14:19 +0000",2026-06-25 05:41:30.796000,/yammie/brownies-and-bars/,Brownies and Bars,0,0,public,food_drink,yammie,Yammie's Noshery,https://www.pinterest.com/yammie/,0,0,114649,0,0,
28288303894117668,https://www.pinterest.com/pin/28288303894117668,Flourless Dark Chocolate Brownie Cookies,"These big, fat, gooey brownie cookies are AMAZING. They're chewy, super chocolatey, and naturally gluten free too!",http://www.yammiesnoshery.com/2017/09/flourless-dark-chocolate-brownie-cookies.html,https://i.pinimg.com/736x/34/4d/64/344d649408385428a03e94c325c3f134.jpg,344d649408385428a03e94c325c3f134,0,819,143,0,0,0,"{""1"": 4}","Wed, 20 Sep 2017 19:37:11 +0000",2026-06-25 05:41:22.570000,/yammie/yammies-noshery/,Yammie's Noshery,0,0,public,food_drink,yammie,Yammie's Noshery,https://www.pinterest.com/yammie/,0,0,114649,0,0,
28288303894117676,https://www.pinterest.com/pin/28288303894117676,Flourless Dark Chocolate Brownie Cookies,"These big, fat, gooey brownie cookies are AMAZING. They're chewy, super chocolatey, and naturally gluten free too!",http://www.yammiesnoshery.com/2017/09/flourless-dark-chocolate-brownie-cookies.html,https://i.pinimg.com/736x/6b/e2/7f/6be27fb96a96dfa06544e83b63c9977c.jpg,6be27fb96a96dfa06544e83b63c9977c,0,1906,860,2,0,3,{},"Wed, 20 Sep 2017 19:40:23 +0000",2026-06-25 05:41:22.188000,/yammie/cookies/,Cookies,0,0,public,food_drink,yammie,Yammie's Noshery,https://www.pinterest.com/yammie/,0,0,114649,0,0,
28288303894278934,https://www.pinterest.com/pin/28288303894278934,Cream Cheese Swirled Pumpkin Muffins {With Gluten Free Option},These cream cheese pumpkin muffins are SO MOIST. I will never make another pumpkin muffin again!,http://www.yammiesnoshery.com/2017/10/cream-cheese-swirled-pumpkin-muffins.html,https://i.pinimg.com/736x/01/61/76/01617696019418644f48bd01c6c83fb8.jpg,01617696019418644f48bd01c6c83fb8,0,170,108,0,0,0,{},"Sat, 14 Oct 2017 18:17:29 +0000",2026-06-25 05:41:22.097000,/yammie/yammies-noshery/,Yammie's Noshery,0,0,public,food_drink,yammie,Yammie's Noshery,https://www.pinterest.com/yammie/,0,0,114649,0,0,
28288303894385535,https://www.pinterest.com/pin/28288303894385535,Microwave Pumpkin Spice Caramel Corn,"This Microwaved Pumpkin Spice Caramel Popcorn  is so easy, crunchy, and delicious! Make it for your Halloween Party!",http://www.yammiesnoshery.com/2017/10/microwave-pumpkin-spice-caramel-corn.html#more,https://i.pinimg.com/736x/a7/25/42/a72542b12a6d84c6961921142195f163.jpg,a72542b12a6d84c6961921142195f163,0,14,12,0,0,0,{},"Thu, 26 Oct 2017 18:49:26 +0000",2026-06-25 05:41:21.660000,/yammie/yammies-noshery/,Yammie's Noshery,0,0,public,food_drink,yammie,Yammie's Noshery,https://www.pinterest.com/yammie/,0,0,114649,0,0,
28288303894509871,https://www.pinterest.com/pin/28288303894509871,The Perfect Roasted Sweet Potatoes, ,http://www.yammiesnoshery.com/2017/11/the-perfect-roasted-sweet-potatoes.html,https://i.pinimg.com/736x/66/8f/0e/668f0ec8025d50399beb8dbb9caaace7.jpg,668f0ec8025d50399beb8dbb9caaace7,0,140,79,0,0,0,{},"Sat, 04 Nov 2017 21:05:20 +0000",2026-06-25 05:41:22.276000,/yammie/yammies-noshery/,Yammie's Noshery,0,0,public,food_drink,yammie,Yammie's Noshery,https://www.pinterest.com/yammie/,0,0,114649,0,0,
28288303894509873,https://www.pinterest.com/pin/28288303894509873,The Perfect Roasted Sweet Potatoes, ,http://www.yammiesnoshery.com/2017/11/the-perfect-roasted-sweet-potatoes.html,https://i.pinimg.com/736x/46/a0/24/46a024001d0c93169c06c06ed07c775d.jpg,46a024001d0c93169c06c06ed07c775d,0,264,96,0,0,0,{},"Sat, 04 Nov 2017 21:05:35 +0000",2026-06-25 05:41:21.183000,/yammie/sides-appetizers-etc/,"Sides, Appetizers, Etc.",0,0,public,food_drink,yammie,Yammie's Noshery,https://www.pinterest.com/yammie/,0,0,114649,0,0,
28288303894509874,https://www.pinterest.com/pin/28288303894509874,The Perfect Roasted Sweet Potatoes, ,http://www.yammiesnoshery.com/2017/11/the-perfect-roasted-sweet-potatoes.html,https://i.pinimg.com/736x/a2/47/03/a247038c8610800b275d9e7edbfb8a4c.jpg,a247038c8610800b275d9e7edbfb8a4c,0,120,60,0,0,0,"{""1"": 1}","Sat, 04 Nov 2017 21:05:43 +0000",2026-06-25 05:41:20.705000,/yammie/yammies-noshery/,Yammie's Noshery,0,0,public,food_drink,yammie,Yammie's Noshery,https://www.pinterest.com/yammie/,0,0,114649,0,0,
28288303894608429,https://www.pinterest.com/pin/28288303894608429,Cranberry Cream Cheese Crumble Bars,"The perfect holiday dessert (or breakfast!). Tart, juicy cranberries in a creamy, chewy bar! Can be gluten free!",http://www.yammiesnoshery.com/2017/11/cranberry-cream-cheese-crumble-bars.html,https://i.pinimg.com/736x/cb/a0/de/cba0def407c7e6c32ba75eb1a1ea9dd6.jpg,cba0def407c7e6c32ba75eb1a1ea9dd6,0,304,175,0,0,0,{},"Sun, 19 Nov 2017 02:01:32 +0000",2026-06-25 05:41:20.733000,/yammie/yammies-noshery/,Yammie's Noshery,0,0,public,food_drink,yammie,Yammie's Noshery,https://www.pinterest.com/yammie/,0,0,114649,0,0,
28288303894759965,https://www.pinterest.com/pin/28288303894759965,Flourless Candy Cane Crunch Brownies,Flourless fudge brownies topped with fluffy peppermint cream cheese frosting with a candy cane crunch!,http://www.yammiesnoshery.com/2017/12/candy-cane-brownies.html,https://i.pinimg.com/736x/8b/7c/43/8b7c43accb6168616d49e82d8a12ab3c.jpg,8b7c43accb6168616d49e82d8a12ab3c,0,223,170,0,0,0,{},"Wed, 13 Dec 2017 17:45:10 +0000",2026-06-25 05:41:20.689000,/yammie/yammies-noshery/,Yammie's Noshery,0,0,public,food_drink,yammie,Yammie's Noshery,https://www.pinterest.com/yammie/,0,0,114649,0,0,
28288303894866849,https://www.pinterest.com/pin/28288303894866849,The Top 10 Posts of 2017,Yammie's Noshery: The Top 10 Posts of 2017,http://www.yammiesnoshery.com/2017/12/the-top-10-posts-of-2017.html,https://i.pinimg.com/736x/f4/26/1a/f4261a8bea2472f975cdf8949b716b95.jpg,f4261a8bea2472f975cdf8949b716b95,0,94,84,0,0,0,{},"Sun, 31 Dec 2017 23:35:03 +0000",2026-06-25 05:41:18.766000,/yammie/yammies-noshery/,Yammie's Noshery,0,0,public,food_drink,yammie,Yammie's Noshery,https://www.pinterest.com/yammie/,0,0,114649,0,0,"{""image_medium_url"": ""https://i.pinimg.com/75x75_RS/b9/f1/b9/b9f1b9c27393aa0c5f85cbf5d416ecda.jpg"", ""instagram_data"": null, ""is_verified_merchant"": false, ""image_small_url"": ""https://i.pinimg.com/30x30_RS/b9/f1/b9/b9f1b9c27393aa0c5f85cbf5d416ecda.jpg"", ""indexed"": true, ""type"": ""user"", ""followed_by_me"": false, ""first_name"": ""Yammie's Noshery"", ""follower_count"": 114649, ""ads_only_profile_site"": null, ""id"": ""28288441317851342"", ""domain_url"": ""www.yammiesnoshery.com"", ""domain_verified"": true, ""verified_identity"": {}, ""blocked_by_me"": false, ""explicitly_followed_by_me"": false, ""is_default_image"": false, ""username"": ""yammie"", ""full_name"": ""Yammie's Noshery"", ""is_ads_only_profile"": false}"
28288303894986939,https://www.pinterest.com/pin/28288303894986939,The Perfect Chocolate Mousse,"This chocolate mousse is the perfect dessert to impress! Somehow it's light and rich at the same time and so fluffy, creamy, and smooth. Bonus: it's gluten free!",http://www.yammiesnoshery.com/2018/01/the-perfect-chocolate-mousse.html,https://i.pinimg.com/736x/d1/d4/4d/d1d44ddbb0902cd65162a3b41fd32529.jpg,d1d44ddbb0902cd65162a3b41fd32529,0,113,62,0,0,0,"{""1"": 1}","Wed, 17 Jan 2018 22:43:24 +0000",2026-06-25 05:41:18.261000,/yammie/desserts/,Desserts,0,0,public,food_drink,yammie,Yammie's Noshery,https://www.pinterest.com/yammie/,0,0,114649,0,0,
28288303894986943,https://www.pinterest.com/pin/28288303894986943,The Perfect Chocolate Mousse,"This chocolate mousse is the perfect dessert to impress! Somehow it's light and rich at the same time and so fluffy, creamy, and smooth. Bonus: it's gluten free!",http://www.yammiesnoshery.com/2018/01/the-perfect-chocolate-mousse.html,https://i.pinimg.com/736x/9e/f9/8b/9ef98bed875671b33821cfa7ddc8553d.jpg,9ef98bed875671b33821cfa7ddc8553d,0,363,88,0,0,0,{},"Wed, 17 Jan 2018 22:45:26 +0000",2026-06-25 05:41:17.614000,/yammie/yammies-noshery/,Yammie's Noshery,0,0,public,food_drink,yammie,Yammie's Noshery,https://www.pinterest.com/yammie/,0,0,114649,0,0,
28288303895583285,https://www.pinterest.com/pin/28288303895583285,French Toast Sticks for One,Yammie's Noshery: French Toast Sticks for One,http://www.yammiesnoshery.com/2018/04/french-toast-sticks-for-one.html,https://i.pinimg.com/736x/96/ae/0b/96ae0bddd3b95ea0d4738a1b6c219edb.jpg,96ae0bddd3b95ea0d4738a1b6c219edb,0,498,23,0,0,0,{},"Fri, 13 Apr 2018 16:59:48 +0000",2026-06-25 05:41:17.601000,/yammie/yammies-noshery/,Yammie's Noshery,0,0,public,food_drink,yammie,Yammie's Noshery,https://www.pinterest.com/yammie/,0,0,114649,0,0,
28288303895583288,https://www.pinterest.com/pin/28288303895583288,French Toast Sticks for One,Yammie's Noshery: French Toast Sticks for One,http://www.yammiesnoshery.com/2018/04/french-toast-sticks-for-one.html,https://i.pinimg.com/736x/ca/74/36/ca743669277dfd0d716ec23bd166c63b.jpg,ca743669277dfd0d716ec23bd166c63b,0,24,17,0,0,0,{},"Fri, 13 Apr 2018 17:00:18 +0000",2026-06-25 05:41:17.628000,/yammie/yammies-noshery/,Yammie's Noshery,0,0,public,food_drink,yammie,Yammie's Noshery,https://www.pinterest.com/yammie/,0,0,114649,0,0,
28288303895583293,https://www.pinterest.com/pin/28288303895583293,French Toast Sticks for One,Yammie's Noshery: French Toast Sticks for One,http://www.yammiesnoshery.com/2018/04/french-toast-sticks-for-one.html,https://i.pinimg.com/736x/96/ae/0b/96ae0bddd3b95ea0d4738a1b6c219edb.jpg,96ae0bddd3b95ea0d4738a1b6c219edb,0,498,295,0,0,0,{},"Fri, 13 Apr 2018 17:00:54 +0000",2026-06-25 05:41:16.972000,/yammie/breakfast/,Breakfast,0,0,public,food_drink,yammie,Yammie's Noshery,https://www.pinterest.com/yammie/,0,0,114649,0,0,
28288303895663591,https://www.pinterest.com/pin/28288303895663591,Small Batch One Bowl Oatmeal Cookies {Gluten Free},Yammie's Noshery: Small Batch One Bowl Oatmeal Cookies {Gluten Free},http://www.yammiesnoshery.com/2018/04/small-batch-one-bowl-oatmeal-cookies.html,https://i.pinimg.com/736x/f5/2a/69/f52a698306f1dcffc51d8850360bc0ea.jpg,f52a698306f1dcffc51d8850360bc0ea,0,357,67,0,0,0,{},"Fri, 27 Apr 2018 14:15:16 +0000",2026-06-25 05:41:16.372000,/yammie/yammies-noshery/,Yammie's Noshery,0,0,public,food_drink,yammie,Yammie's Noshery,https://www.pinterest.com/yammie/,0,0,114649,0,0,
28288303895766960,https://www.pinterest.com/pin/28288303895766960,"Allergy Friendly Chocolate Cupcakes (Gluten, Dairy, Egg, and Nut Free)","Yammie's Noshery: Allergy Friendly Chocolate Cupcakes (Gluten, Dairy, Egg, and Nut Free)",http://www.yammiesnoshery.com/2018/05/allergy-friendly-chocolate-cupcakes.html,https://i.pinimg.com/736x/eb/2a/28/eb2a281c73ec199e3cd46dbbbd93809b.jpg,eb2a281c73ec199e3cd46dbbbd93809b,0,173,98,0,0,0,"{""1"": 1}","Thu, 17 May 2018 18:13:27 +0000",2026-06-25 05:41:15.282000,/yammie/yammies-noshery/,Yammie's Noshery,0,0,public,food_drink,yammie,Yammie's Noshery,https://www.pinterest.com/yammie/,0,0,114649,0,0,
28288303896561670,https://www.pinterest.com/pin/28288303896561670,Construction Truck Birthday Cake,Yammie's Noshery: Construction Truck Birthday Cake,http://www.yammiesnoshery.com/2018/10/construction-truck-birthday-cake.html,https://i.pinimg.com/736x/f3/3b/b6/f33bb6b03caa446c8bfef6db90ce4ac3.jpg,f33bb6b03caa446c8bfef6db90ce4ac3,0,394,29,0,0,0,{},"Thu, 18 Oct 2018 18:52:34 +0000",2026-06-25 05:41:14.633000,/yammie/yammies-noshery/,Yammie's Noshery,0,0,public,food_drink,yammie,Yammie's Noshery,https://www.pinterest.com/yammie/,0,0,114649,0,0,
28288303896603043,https://www.pinterest.com/pin/28288303896603043,Pumpkins Stuffed With Everything Good,Yammie's Noshery: Pumpkins Stuffed With Everything Good,http://www.yammiesnoshery.com/2018/10/pumpkins-stuffed-with-everything-good.html,https://i.pinimg.com/736x/ff/c4/0a/ffc40a81cd7eabf95a5219bb4ed18bd8.jpg,ffc40a81cd7eabf95a5219bb4ed18bd8,0,62,35,0,0,0,{},"Fri, 26 Oct 2018 21:37:02 +0000",2026-06-25 05:41:14.066000,/yammie/yammies-noshery/,Yammie's Noshery,0,0,public,food_drink,yammie,Yammie's Noshery,https://www.pinterest.com/yammie/,0,0,114649,0,0,
28288303896632199,https://www.pinterest.com/pin/28288303896632199,,Yammie's Noshery: White Queso Dip,http://www.yammiesnoshery.com/2018/11/white-queso-dip.html,https://i.pinimg.com/736x/11/4b/d0/114bd09001f112fd993996707237a862.jpg,114bd09001f112fd993996707237a862,0,3309,182,2,0,0,{},"Thu, 01 Nov 2018 17:41:09 +0000",2026-06-25 05:41:13.586000,/yammie/yammies-noshery/,Yammie's Noshery,0,0,public,food_drink,yammie,Yammie's Noshery,https://www.pinterest.com/yammie/,0,0,114649,0,0,
28288303896664843,https://www.pinterest.com/pin/28288303896664843,Pumpkin Cream Cheese Crumb Cake,Yammie's Noshery: Pumpkin Cream Cheese Crumb Cake,http://www.yammiesnoshery.com/2018/11/pumpkin-cream-cheese-crumb-cake.html,https://i.pinimg.com/736x/b0/a2/f0/b0a2f01b86d725c64a53eccc7cd14dcb.jpg,b0a2f01b86d725c64a53eccc7cd14dcb,0,58394,300,19,0,0,"{""1"": 4}","Thu, 08 Nov 2018 00:13:13 +0000",2026-06-25 05:41:13.618000,/yammie/yammies-noshery/,Yammie's Noshery,0,0,public,food_drink,yammie,Yammie's Noshery,https://www.pinterest.com/yammie/,0,0,114649,0,0,
28288303896816628,https://www.pinterest.com/pin/28288303896816628,5 Minute Fudge with Easy Homemade Salted Caramel,Yammie's Noshery: 5 Minute Fudge with Easy Homemade Salted Caramel,http://www.yammiesnoshery.com/2018/12/5-minute-fudge-with-easy-homemade.html,https://i.pinimg.com/736x/72/67/20/726720ee7b3f9a65ccd1e923de50d76d.jpg,726720ee7b3f9a65ccd1e923de50d76d,0,195,107,0,0,0,{},"Thu, 06 Dec 2018 17:39:30 +0000",2026-06-25 05:41:12.855000,/yammie/yammies-noshery/,Yammie's Noshery,0,0,public,food_drink,yammie,Yammie's Noshery,https://www.pinterest.com/yammie/,0,0,114649,0,0,
28288303896854160,https://www.pinterest.com/pin/28288303896854160,,Yammie's Noshery: 3 Ingredient Crockpot Cranberry Meatballs,http://www.yammiesnoshery.com/2018/12/3-ingredient-crockpot-cranberry.html,https://i.pinimg.com/736x/e3/be/29/e3be29fcea33ca0980212875a63bf227.jpg,e3be29fcea33ca0980212875a63bf227,0,2085,1540,0,0,3,{},"Fri, 14 Dec 2018 16:44:04 +0000",2026-06-25 05:41:15.268000,/yammie/yammies-noshery/,Yammie's Noshery,0,0,public,food_drink,yammie,Yammie's Noshery,https://www.pinterest.com/yammie/,0,0,114649,0,0,
28288303896942166,https://www.pinterest.com/pin/28288303896942166,The Most Popular Posts of 2018!,Yammie's Noshery: The Most Popular Posts of 2018!,http://www.yammiesnoshery.com/2019/01/the-most-popular-posts-of-2018.html,https://i.pinimg.com/736x/7e/5d/e2/7e5de227b0aa638711f05f0b2cde704a.jpg,7e5de227b0aa638711f05f0b2cde704a,0,170,158,0,0,0,{},"Tue, 01 Jan 2019 18:59:44 +0000",2026-06-25 05:41:12.158000,/yammie/yammies-noshery/,Yammie's Noshery,0,0,public,food_drink,yammie,Yammie's Noshery,https://www.pinterest.com/yammie/,0,0,114649,0,0,
28288303896992203,https://www.pinterest.com/pin/28288303896992203,The Best Oven Fried Chicken Nuggets {Plus a BIG announcement!},Yammie's Noshery: The Best Oven Fried Chicken Nuggets {Plus a BIG announcement!},http://www.yammiesnoshery.com/2019/01/the-best-oven-fried-chicken-nuggets.html,https://i.pinimg.com/736x/fd/95/18/fd95189bf4d4d7aacfd03f0c7680add0.jpg,fd95189bf4d4d7aacfd03f0c7680add0,0,211,111,0,0,2,"{""1"": 1}","Thu, 10 Jan 2019 20:40:28 +0000",2026-06-25 05:41:11.598000,/yammie/yammies-noshery/,Yammie's Noshery,0,0,public,food_drink,yammie,Yammie's Noshery,https://www.pinterest.com/yammie/,0,0,114649,0,0,
28288303897033053,https://www.pinterest.com/pin/28288303897033053,The Easiest Shrimp & Noodle Stir Fry {Naturally Gluten Free},Yammie's Noshery: The Easiest Shrimp & Noodle Stir Fry {Naturally Gluten Free},http://www.yammiesnoshery.com/2019/01/the-easiest-shrimp-noodle-stir-fry.html,https://i.pinimg.com/736x/b7/45/71/b74571c0d119367fad3d552adbb78e4a.jpg,b74571c0d119367fad3d552adbb78e4a,0,419,115,1,0,0,"{""1"": 1}","Fri, 18 Jan 2019 20:07:06 +0000",2026-06-25 05:41:12.206000,/yammie/yammies-noshery/,Yammie's Noshery,0,0,public,food_drink,yammie,Yammie's Noshery,https://www.pinterest.com/yammie/,0,0,114649,0,0,"{""follower_count"": 114649, ""instagram_data"": null, ""is_ads_only_profile"": false, ""explicitly_followed_by_me"": false, ""full_name"": ""Yammie's Noshery"", ""domain_verified"": true, ""followed_by_me"": false, ""blocked_by_me"": false, ""ads_only_profile_site"": null, ""username"": ""yammie"", ""is_verified_merchant"": false, ""image_small_url"": ""https://i.pinimg.com/30x30_RS/b9/f1/b9/b9f1b9c27393aa0c5f85cbf5d416ecda.jpg"", ""type"": ""user"", ""is_default_image"": false, ""domain_url"": ""www.yammiesnoshery.com"", ""id"": ""28288441317851342"", ""first_name"": ""Yammie's Noshery"", ""verified_identity"": {}, ""image_medium_url"": ""https://i.pinimg.com/75x75_RS/b9/f1/b9/b9f1b9c27393aa0c5f85cbf5d416ecda.jpg"", ""indexed"": true}"
28288303897106218,https://www.pinterest.com/pin/28288303897106218,,Yammie's Noshery: Secretly Healthy Chocolate Banana Bread,http://www.yammiesnoshery.com/2019/01/secretly-healthy-chocolate-banana-bread.html,https://i.pinimg.com/736x/f4/ff/8a/f4ff8ae5ef711d83314b048cec02de02.jpg,f4ff8ae5ef711d83314b048cec02de02,0,1401,588,1,0,0,{},"Thu, 31 Jan 2019 21:01:18 +0000",2026-06-25 05:41:11.586000,/yammie/yammies-noshery/,Yammie's Noshery,0,0,public,food_drink,yammie,Yammie's Noshery,https://www.pinterest.com/yammie/,0,0,114649,0,0,
28288303897168458,https://www.pinterest.com/pin/28288303897168458,,Yammie's Noshery: Salted Caramel Chocolate Mousse Cups,http://www.yammiesnoshery.com/2019/02/salted-caramel-chocolate-mousse-cups.html,https://i.pinimg.com/736x/bc/64/4e/bc644e761599fa0c2b64247b1fdb270b.jpg,bc644e761599fa0c2b64247b1fdb270b,0,584,372,0,0,0,{},"Tue, 12 Feb 2019 19:08:21 +0000",2026-06-25 05:41:11.501000,/yammie/yammies-noshery/,Yammie's Noshery,0,0,public,food_drink,yammie,Yammie's Noshery,https://www.pinterest.com/yammie/,0,0,114649,0,0,
28288303897248593,https://www.pinterest.com/pin/28288303897248593,Persian Saffron Chicken {Zereshk Polo Ba Morgh},Yammie's Noshery: Persian Saffron Chicken {Zereshk Polo Ba Morgh},http://www.yammiesnoshery.com/2019/02/persian-saffron-chicken-zereshk-polo-ba.html,https://i.pinimg.com/736x/fd/34/80/fd34800072d73b9462f516b0a2ff0f6f.jpg,fd34800072d73b9462f516b0a2ff0f6f,0,22394,12249,17,0,6,"{""1"": 2}","Wed, 27 Feb 2019 18:46:29 +0000",2026-06-25 05:41:04.284000,/yammie/yammies-noshery/,Yammie's Noshery,0,0,public,food_drink,yammie,Yammie's Noshery,https://www.pinterest.com/yammie/,0,0,114649,0,0,
28288303897332621,https://www.pinterest.com/pin/28288303897332621,Flourless Peanut Butter Oatmeal Chocolate Chip Cookies,Yammie's Noshery: Flourless Peanut Butter Oatmeal Chocolate Chip Cookies,http://www.yammiesnoshery.com/2019/03/flourless-peanut-butter-oatmeal.html,https://i.pinimg.com/736x/44/a2/20/44a22004034a2d04a36129c0a9261554.jpg,44a22004034a2d04a36129c0a9261554,0,132,105,0,0,1,{},"Fri, 15 Mar 2019 14:46:04 +0000",2026-06-25 05:41:04.261000,/yammie/yammies-noshery/,Yammie's Noshery,0,0,public,food_drink,yammie,Yammie's Noshery,https://www.pinterest.com/yammie/,0,0,114649,0,0,
28288303897332622,https://www.pinterest.com/pin/28288303897332622,Flourless Peanut Butter Oatmeal Chocolate Chip Cookies,Yammie's Noshery: Flourless Peanut Butter Oatmeal Chocolate Chip Cookies,http://www.yammiesnoshery.com/2019/03/flourless-peanut-butter-oatmeal.html,https://i.pinimg.com/736x/1d/63/e8/1d63e85a2b7485dfc5060529d4026b93.jpg,1d63e85a2b7485dfc5060529d4026b93,0,48,10,0,0,0,{},"Fri, 15 Mar 2019 14:46:18 +0000",2026-06-25 05:41:04.228000,/yammie/desserts/,Desserts,0,0,public,food_drink,yammie,Yammie's Noshery,https://www.pinterest.com/yammie/,0,0,114649,0,0,
28288303897426943,https://www.pinterest.com/pin/28288303897426943,White Chicken Caprese Lasagna,Yammie's Noshery: White Chicken Caprese Lasagna,http://www.yammiesnoshery.com/2019/04/white-chicken-caprese-lasagna.html,https://i.pinimg.com/736x/00/89/b8/0089b8b98bb71329cd643ec29e10b253.jpg,0089b8b98bb71329cd643ec29e10b253,0,15671,4512,3,0,1,"{""1"": 3}","Mon, 01 Apr 2019 20:17:42 +0000",2026-06-25 05:41:03.667000,/yammie/yammies-noshery/,Yammie's Noshery,0,0,public,food_drink,yammie,Yammie's Noshery,https://www.pinterest.com/yammie/,0,0,114649,0,0,
28288303898041686,https://www.pinterest.com/pin/28288303898041686,The Best Lemon Poppyseed Muffins,Yammie's Noshery: The Best Lemon Poppyseed Muffins,http://www.yammiesnoshery.com/2019/08/the-best-lemon-poppyseed-muffins.html,https://i.pinimg.com/736x/93/a3/2d/93a32dbc8b427d66e18b57c9c3e65491.jpg,93a32dbc8b427d66e18b57c9c3e65491,0,838,390,0,0,1,"{""1"": 1}","Mon, 12 Aug 2019 22:12:30 +0000",2026-06-25 05:41:03.117000,/yammie/yammies-noshery/,Yammie's Noshery,0,0,public,food_drink,yammie,Yammie's Noshery,https://www.pinterest.com/yammie/,0,0,114649,0,0,
28288303898491468,https://www.pinterest.com/pin/28288303898491468,Pumpkin Browned Butter Snickerdoodles,Yammie's Noshery: Pumpkin Browned Butter Snickerdoodles,http://www.yammiesnoshery.com/2019/11/pumpkin-browned-butter-snickerdoodles.html,https://i.pinimg.com/736x/0b/13/4f/0b134f5fe366e22d8d23568fe7deb2a1.jpg,0b134f5fe366e22d8d23568fe7deb2a1,0,160,142,0,0,0,{},"Fri, 15 Nov 2019 23:33:32 +0000",2026-06-25 05:41:02.547000,/yammie/yammies-noshery/,Yammie's Noshery,0,0,public,food_drink,yammie,Yammie's Noshery,https://www.pinterest.com/yammie/,0,0,114649,0,0,
28288303898638621,https://www.pinterest.com/pin/28288303898638621,Homemade Cooked Eggnog,Yammie's Noshery: Homemade Cooked Eggnog,http://www.yammiesnoshery.com/2019/12/homemade-cooked-eggnog.html,https://i.pinimg.com/736x/83/34/71/833471b746ddf4312ac617a2b4e4aea4.jpg,833471b746ddf4312ac617a2b4e4aea4,0,86,74,0,0,0,{},"Fri, 20 Dec 2019 15:03:17 +0000",2026-06-25 05:41:02.536000,/yammie/yammies-noshery/,Yammie's Noshery,0,0,public,food_drink,yammie,Yammie's Noshery,https://www.pinterest.com/yammie/,0,0,114649,0,0,
28288303898638623,https://www.pinterest.com/pin/28288303898638623,Homemade Cooked Eggnog,Yammie's Noshery: Homemade Cooked Eggnog,http://www.yammiesnoshery.com/2019/12/homemade-cooked-eggnog.html,https://i.pinimg.com/736x/e2/8e/42/e28e42415f8f630ae1b8d842c1b9b578.jpg,e28e42415f8f630ae1b8d842c1b9b578,0,33,29,0,0,0,{},"Fri, 20 Dec 2019 15:03:52 +0000",2026-06-25 05:41:02.567000,/yammie/drinks/,Drinks,0,0,public,food_drink,yammie,Yammie's Noshery,https://www.pinterest.com/yammie/,0,0,114649,0,0,
28288303898763542,https://www.pinterest.com/pin/28288303898763542,Grandma's Famous Sour Cream Scones {with gluten free option!},Yammie's Noshery: Grandma's Famous Sour Cream Scones {with gluten free option!},http://www.yammiesnoshery.com/2020/01/grandmas-famous-sour-cream-scones-with.html,https://i.pinimg.com/736x/83/23/39/832339e8772eeae3510558cb2cf0fffb.jpg,832339e8772eeae3510558cb2cf0fffb,0,197,109,0,0,0,{},"Wed, 15 Jan 2020 21:37:32 +0000",2026-06-25 05:41:01.369000,/yammie/yammies-noshery/,Yammie's Noshery,0,0,public,food_drink,yammie,Yammie's Noshery,https://www.pinterest.com/yammie/,0,0,114649,0,0,"{""verified_identity"": {}, ""domain_url"": ""www.yammiesnoshery.com"", ""follower_count"": 114649, ""indexed"": true, ""id"": ""28288441317851342"", ""full_name"": ""Yammie's Noshery"", ""is_verified_merchant"": false, ""image_small_url"": ""https://i.pinimg.com/30x30_RS/b9/f1/b9/b9f1b9c27393aa0c5f85cbf5d416ecda.jpg"", ""is_ads_only_profile"": false, ""first_name"": ""Yammie's Noshery"", ""ads_only_profile_site"": null, ""blocked_by_me"": false, ""type"": ""user"", ""is_default_image"": false, ""username"": ""yammie"", ""explicitly_followed_by_me"": false, ""instagram_data"": null, ""image_medium_url"": ""https://i.pinimg.com/75x75_RS/b9/f1/b9/b9f1b9c27393aa0c5f85cbf5d416ecda.jpg"", ""domain_verified"": true, ""followed_by_me"": false}"
28288303898763544,https://www.pinterest.com/pin/28288303898763544,Grandma's Famous Sour Cream Scones {with gluten free option!},Yammie's Noshery: Grandma's Famous Sour Cream Scones {with gluten free option!},http://www.yammiesnoshery.com/2020/01/grandmas-famous-sour-cream-scones-with.html,https://i.pinimg.com/736x/5b/f5/6f/5bf56fb94bdda57f528550973c6c24ac.jpg,5bf56fb94bdda57f528550973c6c24ac,0,233,151,0,0,0,{},"Wed, 15 Jan 2020 21:37:43 +0000",2026-06-25 05:41:00.824000,/yammie/yammies-noshery/,Yammie's Noshery,0,0,public,food_drink,yammie,Yammie's Noshery,https://www.pinterest.com/yammie/,0,0,114649,0,0,"{""instagram_data"": null, ""full_name"": ""Yammie's Noshery"", ""is_verified_merchant"": false, ""indexed"": true, ""is_ads_only_profile"": false, ""is_default_image"": false, ""blocked_by_me"": false, ""id"": ""28288441317851342"", ""followed_by_me"": false, ""explicitly_followed_by_me"": false, ""image_small_url"": ""https://i.pinimg.com/30x30_RS/b9/f1/b9/b9f1b9c27393aa0c5f85cbf5d416ecda.jpg"", ""image_medium_url"": ""https://i.pinimg.com/75x75_RS/b9/f1/b9/b9f1b9c27393aa0c5f85cbf5d416ecda.jpg"", ""username"": ""yammie"", ""domain_verified"": true, ""domain_url"": ""www.yammiesnoshery.com"", ""ads_only_profile_site"": null, ""first_name"": ""Yammie's Noshery"", ""verified_identity"": {}, ""follower_count"": 114649, ""type"": ""user""}"
28288303898857863,https://www.pinterest.com/pin/28288303898857863,How to Easily Remove the Tray from your Ikea Antilop High Chair with a Simple Hack!,Yammie's Noshery: How to Easily Remove the Tray from your Ikea Antilop High Chair with a Simple Hack!,http://www.yammiesnoshery.com/2020/02/how-to-easily-remove-tray-from-your.html,https://i.pinimg.com/736x/87/64/e4/8764e45bb1458f600106943e8a9fe3a1.jpg,8764e45bb1458f600106943e8a9fe3a1,0,260,92,1,0,0,"{""1"": 1}","Mon, 03 Feb 2020 23:19:59 +0000",2026-06-25 05:41:00.846000,/yammie/yammies-noshery/,Yammie's Noshery,0,0,public,food_drink,yammie,Yammie's Noshery,https://www.pinterest.com/yammie/,0,0,114649,0,0,"{""image_small_url"": ""https://i.pinimg.com/30x30_RS/b9/f1/b9/b9f1b9c27393aa0c5f85cbf5d416ecda.jpg"", ""is_default_image"": false, ""domain_verified"": true, ""image_medium_url"": ""https://i.pinimg.com/75x75_RS/b9/f1/b9/b9f1b9c27393aa0c5f85cbf5d416ecda.jpg"", ""verified_identity"": {}, ""explicitly_followed_by_me"": false, ""domain_url"": ""www.yammiesnoshery.com"", ""followed_by_me"": false, ""indexed"": true, ""full_name"": ""Yammie's Noshery"", ""id"": ""28288441317851342"", ""is_verified_merchant"": false, ""first_name"": ""Yammie's Noshery"", ""instagram_data"": null, ""username"": ""yammie"", ""ads_only_profile_site"": null, ""follower_count"": 114649, ""type"": ""user"", ""is_ads_only_profile"": false, ""blocked_by_me"": false}"
28288303898890469,https://www.pinterest.com/pin/28288303898890469,The Best Double Chocolate Muffins,Yammie's Noshery: The Best Double Chocolate Muffins,http://www.yammiesnoshery.com/2020/02/the-best-double-chocolate-muffins.html,https://i.pinimg.com/736x/5d/0a/fa/5d0afa39e0d3b5900358faeb14ecbc95.jpg,5d0afa39e0d3b5900358faeb14ecbc95,0,253,40,1,0,0,{},"Mon, 10 Feb 2020 23:04:58 +0000",2026-06-25 05:41:00.860000,/yammie/yammies-noshery/,Yammie's Noshery,0,0,public,food_drink,yammie,Yammie's Noshery,https://www.pinterest.com/yammie/,0,0,114649,0,0,"{""type"": ""user"", ""ads_only_profile_site"": null, ""full_name"": ""Yammie's Noshery"", ""domain_verified"": true, ""username"": ""yammie"", ""followed_by_me"": false, ""is_verified_merchant"": false, ""is_default_image"": false, ""image_small_url"": ""https://i.pinimg.com/30x30_RS/b9/f1/b9/b9f1b9c27393aa0c5f85cbf5d416ecda.jpg"", ""indexed"": true, ""explicitly_followed_by_me"": false, ""verified_identity"": {}, ""instagram_data"": null, ""first_name"": ""Yammie's Noshery"", ""is_ads_only_profile"": false, ""image_medium_url"": ""https://i.pinimg.com/75x75_RS/b9/f1/b9/b9f1b9c27393aa0c5f85cbf5d416ecda.jpg"", ""follower_count"": 114649, ""domain_url"": ""www.yammiesnoshery.com"", ""id"": ""28288441317851342"", ""blocked_by_me"": false}"
28288303898955246,https://www.pinterest.com/pin/28288303898955246,"The Big, Fat, Chewy Oatmeal Cookie","Yammie's Noshery: The Big, Fat, Chewy Oatmeal Cookie",http://www.yammiesnoshery.com/2020/02/the-big-fat-chewy-oatmeal-cookie.html,https://i.pinimg.com/736x/65/44/28/6544284701405625e3c0a82a0613130d.jpg,6544284701405625e3c0a82a0613130d,0,164,38,0,0,0,{},"Tue, 25 Feb 2020 22:39:13 +0000",2026-06-25 05:41:01.338000,/yammie/yammies-noshery/,Yammie's Noshery,0,0,public,food_drink,yammie,Yammie's Noshery,https://www.pinterest.com/yammie/,0,0,114649,0,0,
28288303898955247,https://www.pinterest.com/pin/28288303898955247,"The Big, Fat, Chewy Oatmeal Cookie","Yammie's Noshery: The Big, Fat, Chewy Oatmeal Cookie",http://www.yammiesnoshery.com/2020/02/the-big-fat-chewy-oatmeal-cookie.html,https://i.pinimg.com/736x/65/44/28/6544284701405625e3c0a82a0613130d.jpg,6544284701405625e3c0a82a0613130d,0,164,87,0,0,0,{},"Tue, 25 Feb 2020 22:39:27 +0000",2026-06-25 05:41:00.199000,/yammie/cookies/,Cookies,0,0,public,food_drink,yammie,Yammie's Noshery,https://www.pinterest.com/yammie/,0,0,114649,0,0,
28288303899172139,https://www.pinterest.com/pin/28288303899172139,Chewy Carrot Cake Cookies,Yammie's Noshery: Chewy Carrot Cake Cookies,http://www.yammiesnoshery.com/2020/04/chewy-carrot-cake-cookies.html,https://i.pinimg.com/736x/3b/a0/25/3ba025019531ed2faab0522be2878e8c.jpg,3ba025019531ed2faab0522be2878e8c,0,4926,529,9,0,2,"{""1"": 2}","Wed, 08 Apr 2020 21:56:58 +0000",2026-06-25 05:41:00.216000,/yammie/yammies-noshery/,Yammie's Noshery,0,0,public,food_drink,yammie,Yammie's Noshery,https://www.pinterest.com/yammie/,0,0,114649,0,0,
28288303899258566,https://www.pinterest.com/pin/28288303899258566,Bourbon Salted Caramel Cheesecake,Yammie's Noshery: Bourbon Salted Caramel Cheesecake,http://www.yammiesnoshery.com/2020/04/bourbon-salted-caramel-cheesecake.html,https://i.pinimg.com/736x/a2/5c/d1/a25cd16b75fed1b1fd4e1eaffb955907.jpg,a25cd16b75fed1b1fd4e1eaffb955907,0,484,93,1,0,0,"{""1"": 1}","Fri, 24 Apr 2020 00:04:01 +0000",2026-06-25 05:40:59.751000,/yammie/yammies-noshery/,Yammie's Noshery,0,0,public,food_drink,yammie,Yammie's Noshery,https://www.pinterest.com/yammie/,0,0,114649,0,0,"{""follower_count"": 114649, ""indexed"": true, ""explicitly_followed_by_me"": false, ""username"": ""yammie"", ""id"": ""28288441317851342"", ""is_default_image"": false, ""domain_url"": ""www.yammiesnoshery.com"", ""is_ads_only_profile"": false, ""first_name"": ""Yammie's Noshery"", ""instagram_data"": null, ""image_small_url"": ""https://i.pinimg.com/30x30_RS/b9/f1/b9/b9f1b9c27393aa0c5f85cbf5d416ecda.jpg"", ""type"": ""user"", ""image_medium_url"": ""https://i.pinimg.com/75x75_RS/b9/f1/b9/b9f1b9c27393aa0c5f85cbf5d416ecda.jpg"", ""ads_only_profile_site"": null, ""followed_by_me"": false, ""domain_verified"": true, ""is_verified_merchant"": false, ""full_name"": ""Yammie's Noshery"", ""verified_identity"": {}, ""blocked_by_me"": false}"
28288303899410556,https://www.pinterest.com/pin/28288303899410556,Blueberry Almond Smoothie,Yammie's Noshery: Blueberry Almond Smoothie,http://www.yammiesnoshery.com/2020/05/blueberry-almond-smoothie.html,https://i.pinimg.com/736x/a1/39/ba/a139bae7f783deb975bee275c80aa909.jpg,a139bae7f783deb975bee275c80aa909,0,58,22,0,0,0,{},"Sat, 23 May 2020 00:18:57 +0000",2026-06-25 05:40:58.880000,/yammie/yammies-noshery/,Yammie's Noshery,0,0,public,food_drink,yammie,Yammie's Noshery,https://www.pinterest.com/yammie/,0,0,114649,0,0,"{""domain_url"": ""www.yammiesnoshery.com"", ""verified_identity"": {}, ""is_default_image"": false, ""followed_by_me"": false, ""full_name"": ""Yammie's Noshery"", ""type"": ""user"", ""is_ads_only_profile"": false, ""image_medium_url"": ""https://i.pinimg.com/75x75_RS/b9/f1/b9/b9f1b9c27393aa0c5f85cbf5d416ecda.jpg"", ""follower_count"": 114649, ""is_verified_merchant"": false, ""domain_verified"": true, ""first_name"": ""Yammie's Noshery"", ""username"": ""yammie"", ""image_small_url"": ""https://i.pinimg.com/30x30_RS/b9/f1/b9/b9f1b9c27393aa0c5f85cbf5d416ecda.jpg"", ""explicitly_followed_by_me"": false, ""indexed"": true, ""id"": ""28288441317851342"", ""ads_only_profile_site"": null, ""instagram_data"": null, ""blocked_by_me"": false}"
28288303899524736,https://www.pinterest.com/pin/28288303899524736,Buffalo Queso Dip,Yammie's Noshery: Buffalo Queso Dip,http://www.yammiesnoshery.com/2020/06/buffalo-queso-dip.html,https://i.pinimg.com/736x/d4/ba/21/d4ba21f11e677da16cfa163ead89bb65.jpg,d4ba21f11e677da16cfa163ead89bb65,0,89,59,0,0,1,{},"Tue, 16 Jun 2020 22:39:44 +0000",2026-06-25 05:40:58.365000,/yammie/yammies-noshery/,Yammie's Noshery,0,0,public,food_drink,yammie,Yammie's Noshery,https://www.pinterest.com/yammie/,0,0,114649,0,0,"{""full_name"": ""Yammie's Noshery"", ""is_verified_merchant"": false, ""indexed"": true, ""is_ads_only_profile"": false, ""instagram_data"": null, ""verified_identity"": {}, ""follower_count"": 114649, ""id"": ""28288441317851342"", ""followed_by_me"": false, ""blocked_by_me"": false, ""domain_verified"": true, ""domain_url"": ""www.yammiesnoshery.com"", ""explicitly_followed_by_me"": false, ""is_default_image"": false, ""image_medium_url"": ""https://i.pinimg.com/75x75_RS/b9/f1/b9/b9f1b9c27393aa0c5f85cbf5d416ecda.jpg"", ""first_name"": ""Yammie's Noshery"", ""image_small_url"": ""https://i.pinimg.com/30x30_RS/b9/f1/b9/b9f1b9c27393aa0c5f85cbf5d416ecda.jpg"", ""username"": ""yammie"", ""ads_only_profile_site"": null, ""type"": ""user""}"
28288303899537933,https://www.pinterest.com/pin/28288303899537933,,Yammie's Noshery: Secretly Healthy Chocolate Banana Bread,http://www.yammiesnoshery.com/2019/01/secretly-healthy-chocolate-banana-bread.html,https://i.pinimg.com/736x/49/86/66/4986666ba44ed3e74958018d84169901.jpg,4986666ba44ed3e74958018d84169901,0,328,297,0,0,0,"{""1"": 1}","Fri, 19 Jun 2020 16:43:07 +0000",2026-06-25 05:40:57.875000,/yammie/yammies-noshery/,Yammie's Noshery,0,0,public,food_drink,yammie,Yammie's Noshery,https://www.pinterest.com/yammie/,0,0,114649,0,0,"{""domain_url"": ""www.yammiesnoshery.com"", ""username"": ""yammie"", ""indexed"": true, ""instagram_data"": null, ""ads_only_profile_site"": null, ""explicitly_followed_by_me"": false, ""is_verified_merchant"": false, ""is_ads_only_profile"": false, ""image_medium_url"": ""https://i.pinimg.com/75x75_RS/b9/f1/b9/b9f1b9c27393aa0c5f85cbf5d416ecda.jpg"", ""blocked_by_me"": false, ""id"": ""28288441317851342"", ""domain_verified"": true, ""type"": ""user"", ""is_default_image"": false, ""image_small_url"": ""https://i.pinimg.com/30x30_RS/b9/f1/b9/b9f1b9c27393aa0c5f85cbf5d416ecda.jpg"", ""follower_count"": 114649, ""followed_by_me"": false, ""full_name"": ""Yammie's Noshery"", ""first_name"": ""Yammie's Noshery"", ""verified_identity"": {}}"
28288303899702851,https://www.pinterest.com/pin/28288303899702851,"Copycat Starbuck's Frappuccino Recipe (with options for Caramel, Mocha, and Javachip flavors)","Yammie's Noshery: Copycat Starbuck's Frappuccino Recipe (with options for Caramel, Mocha, and Javachip flavors)",http://www.yammiesnoshery.com/2020/07/copycat-starbucks-frappuccino-recipe.html,https://i.pinimg.com/736x/9b/7f/89/9b7f89e908a56ae39e888608aeca5570.jpg,9b7f89e908a56ae39e888608aeca5570,0,75,56,0,0,0,{},"Thu, 23 Jul 2020 01:52:05 +0000",2026-06-25 05:40:57.915000,/yammie/yammies-noshery/,Yammie's Noshery,0,0,public,food_drink,yammie,Yammie's Noshery,https://www.pinterest.com/yammie/,0,0,114649,0,0,
28288303899942858,https://www.pinterest.com/pin/28288303899942858,Tater Tot Breakfast Casserole {With Overnight Option},Yammie's Noshery: Tater Tot Breakfast Casserole {With Overnight Option},http://www.yammiesnoshery.com/2020/09/tater-tot-breakfast-casserole-with.html,https://i.pinimg.com/736x/c3/32/45/c33245153d8c30beb5c4003d12c38421.jpg,c33245153d8c30beb5c4003d12c38421,0,222,29,0,0,0,{},"Mon, 14 Sep 2020 21:51:16 +0000",2026-06-25 05:40:57.849000,/yammie/yammies-noshery/,Yammie's Noshery,0,0,public,food_drink,yammie,Yammie's Noshery,https://www.pinterest.com/yammie/,0,0,114649,0,0,"{""indexed"": true, ""blocked_by_me"": false, ""explicitly_followed_by_me"": false, ""followed_by_me"": false, ""domain_url"": ""www.yammiesnoshery.com"", ""instagram_data"": null, ""is_ads_only_profile"": false, ""is_default_image"": false, ""verified_identity"": {}, ""id"": ""28288441317851342"", ""type"": ""user"", ""follower_count"": 114649, ""username"": ""yammie"", ""image_medium_url"": ""https://i.pinimg.com/75x75_RS/b9/f1/b9/b9f1b9c27393aa0c5f85cbf5d416ecda.jpg"", ""ads_only_profile_site"": null, ""first_name"": ""Yammie's Noshery"", ""domain_verified"": true, ""is_verified_merchant"": false, ""full_name"": ""Yammie's Noshery"", ""image_small_url"": ""https://i.pinimg.com/30x30_RS/b9/f1/b9/b9f1b9c27393aa0c5f85cbf5d416ecda.jpg""}"
28288303899942861,https://www.pinterest.com/pin/28288303899942861,Tater Tot Breakfast Casserole {With Overnight Option},Yammie's Noshery: Tater Tot Breakfast Casserole {With Overnight Option},http://www.yammiesnoshery.com/2020/09/tater-tot-breakfast-casserole-with.html,https://i.pinimg.com/736x/c3/32/45/c33245153d8c30beb5c4003d12c38421.jpg,c33245153d8c30beb5c4003d12c38421,0,222,112,0,0,2,{},"Mon, 14 Sep 2020 21:51:48 +0000",2026-06-25 05:40:57.180000,/yammie/breakfast/,Breakfast,0,0,public,food_drink,yammie,Yammie's Noshery,https://www.pinterest.com/yammie/,0,0,114649,0,0,"{""indexed"": true, ""followed_by_me"": false, ""type"": ""user"", ""ads_only_profile_site"": null, ""verified_identity"": {}, ""instagram_data"": null, ""domain_verified"": true, ""is_default_image"": false, ""username"": ""yammie"", ""explicitly_followed_by_me"": false, ""first_name"": ""Yammie's Noshery"", ""is_verified_merchant"": false, ""follower_count"": 114649, ""domain_url"": ""www.yammiesnoshery.com"", ""image_medium_url"": ""https://i.pinimg.com/75x75_RS/b9/f1/b9/b9f1b9c27393aa0c5f85cbf5d416ecda.jpg"", ""image_small_url"": ""https://i.pinimg.com/30x30_RS/b9/f1/b9/b9f1b9c27393aa0c5f85cbf5d416ecda.jpg"", ""blocked_by_me"": false, ""id"": ""28288441317851342"", ""is_ads_only_profile"": false, ""full_name"": ""Yammie's Noshery""}"
28288303900124305,https://www.pinterest.com/pin/28288303900124305,Cinnamon Swirl Pumpkin Bread {with Gluten Free Option},Yammie's Noshery: Cinnamon Swirl Pumpkin Bread {with Gluten Free Option},http://www.yammiesnoshery.com/2020/10/cinnamon-swirl-pumpkin-bread-with.html,https://i.pinimg.com/736x/84/4b/d4/844bd46011a88ac05b44a1a6d37c9d10.jpg,844bd46011a88ac05b44a1a6d37c9d10,0,87,83,0,0,0,{},"Mon, 26 Oct 2020 18:10:34 +0000",2026-06-25 05:40:56.487000,/yammie/yammies-noshery/,Yammie's Noshery,0,0,public,food_drink,yammie,Yammie's Noshery,https://www.pinterest.com/yammie/,0,0,114649,0,0,"{""domain_url"": ""www.yammiesnoshery.com"", ""indexed"": true, ""blocked_by_me"": false, ""is_ads_only_profile"": false, ""is_verified_merchant"": false, ""image_medium_url"": ""https://i.pinimg.com/75x75_RS/b9/f1/b9/b9f1b9c27393aa0c5f85cbf5d416ecda.jpg"", ""instagram_data"": null, ""explicitly_followed_by_me"": false, ""full_name"": ""Yammie's Noshery"", ""first_name"": ""Yammie's Noshery"", ""followed_by_me"": false, ""username"": ""yammie"", ""image_small_url"": ""https://i.pinimg.com/30x30_RS/b9/f1/b9/b9f1b9c27393aa0c5f85cbf5d416ecda.jpg"", ""is_default_image"": false, ""domain_verified"": true, ""ads_only_profile_site"": null, ""type"": ""user"", ""verified_identity"": {}, ""follower_count"": 114649, ""id"": ""28288441317851342""}"
28288303900234385,https://www.pinterest.com/pin/28288303900234385,,Yammie's Noshery: The Best Blueberry Muffins Ever,https://www.yammiesnoshery.com/2015/01/the-best-blueberry-muffins-ever.html,https://i.pinimg.com/736x/bc/63/46/bc6346cd462bb799b2ec0f9bc217279f.jpg,bc6346cd462bb799b2ec0f9bc217279f,0,226117,4084,985,0,145,"{""1"": 692, ""5"": 1, ""11"": 1, ""13"": 1}","Sat, 21 Nov 2020 22:53:56 +0000",2026-06-25 05:40:56.732000,/yammie/yammies-noshery/,Yammie's Noshery,0,0,public,food_drink,yammie,Yammie's Noshery,https://www.pinterest.com/yammie/,0,0,114649,0,0,
28288303900246510,https://www.pinterest.com/pin/28288303900246510,,Yammie's Noshery: Fresh Cranberry Orange Muffins,https://www.yammiesnoshery.com/2020/11/fresh-cranberry-orange-muffins.html,https://i.pinimg.com/736x/27/d0/cd/27d0cd2701c0dadf88dfd96c5f67b893.jpg,27d0cd2701c0dadf88dfd96c5f67b893,0,143,130,0,0,1,"{""1"": 1}","Tue, 24 Nov 2020 15:05:37 +0000",2026-06-25 05:40:56.642000,/yammie/yammies-noshery/,Yammie's Noshery,0,0,public,food_drink,yammie,Yammie's Noshery,https://www.pinterest.com/yammie/,0,0,114649,0,0,
28288303900276222,https://www.pinterest.com/pin/28288303900276222,,Yammie's Noshery: Steak Quesadillas,https://www.yammiesnoshery.com/2020/12/steak-quesadillas.html,https://i.pinimg.com/736x/16/d4/76/16d476585ceb3f2e1d4fd49367d06b89.jpg,16d476585ceb3f2e1d4fd49367d06b89,0,64,55,0,0,1,{},"Tue, 01 Dec 2020 20:30:24 +0000",2026-06-25 05:40:56.654000,/yammie/yammies-noshery/,Yammie's Noshery,0,0,public,food_drink,yammie,Yammie's Noshery,https://www.pinterest.com/yammie/,0,0,114649,0,0,
28288303900276224,https://www.pinterest.com/pin/28288303900276224,,Yammie's Noshery: Steak Quesadillas,https://www.yammiesnoshery.com/2020/12/steak-quesadillas.html,https://i.pinimg.com/736x/fe/1c/fd/fe1cfd3c8a03e5abafb41fca36c80fb2.jpg,fe1cfd3c8a03e5abafb41fca36c80fb2,0,282,167,2,0,0,{},"Tue, 01 Dec 2020 20:30:59 +0000",2026-06-25 05:40:56.666000,/yammie/mexican/,Mexican,0,0,public,other,yammie,Yammie's Noshery,https://www.pinterest.com/yammie/,0,0,114649,0,0,
28288303900331543,https://www.pinterest.com/pin/28288303900331543,Chewy Gingerbread Sandwich Cookies with Cream Cheese Filling {GF option},Yammie's Noshery: Chewy Gingerbread Sandwich Cookies with Cream Cheese Filling {GF option},https://www.yammiesnoshery.com/2020/12/chewy-gingerbread-sandwich-cookies-with.html,https://i.pinimg.com/736x/93/17/a5/9317a538860c8537c49f71a05bc1b8f6.jpg,9317a538860c8537c49f71a05bc1b8f6,0,165,157,0,0,2,{},"Mon, 14 Dec 2020 22:02:15 +0000",2026-06-25 05:40:56.546000,/yammie/yammies-noshery/,Yammie's Noshery,0,0,public,food_drink,yammie,Yammie's Noshery,https://www.pinterest.com/yammie/,0,0,114649,0,0,
28288303900903465,https://www.pinterest.com/pin/28288303900903465,Old Fashioned Sour Cream Cake Doughnuts,Yammie's Noshery: Old Fashioned Sour Cream Cake Doughnuts,https://www.yammiesnoshery.com/2021/04/old-fashioned-sour-cream-cake-doughnuts.html,https://i.pinimg.com/736x/a8/96/34/a89634ccf3ff49196bb8edd8a85d0161.jpg,a89634ccf3ff49196bb8edd8a85d0161,0,210,180,0,0,0,{},"Thu, 22 Apr 2021 19:58:03 +0000",2026-06-25 05:40:56.610000,/yammie/yammies-noshery/,Yammie's Noshery,0,0,public,food_drink,yammie,Yammie's Noshery,https://www.pinterest.com/yammie/,0,0,114649,0,0,
28288303902595406,https://www.pinterest.com/pin/28288303902595406,Three Cheese Ravioli from Scratch with NO special equipment (with Gluten Free Option),Yammie's Noshery: Three Cheese Ravioli from Scratch with NO special equipment (with Gluten Free Option),https://www.yammiesnoshery.com/2022/06/ravioli-from-scratch.html,https://i.pinimg.com/736x/e5/03/f5/e503f58de84799f65121460ec7d58f02.jpg,e503f58de84799f65121460ec7d58f02,0,43,40,0,0,1,{},"Fri, 03 Jun 2022 21:47:45 +0000",2026-06-25 05:40:56.531000,/yammie/yammies-noshery/,Yammie's Noshery,0,0,public,food_drink,yammie,Yammie's Noshery,https://www.pinterest.com/yammie/,0,0,114649,0,0,
28288303902849121,https://www.pinterest.com/pin/28288303902849121,,Yammie's Noshery: Bastani (Persian Saffron and Rose Ice Cream),https://www.yammiesnoshery.com/2022/08/bastani.html,https://i.pinimg.com/736x/81/97/04/819704d80ed5873423face0fdc233a00.jpg,819704d80ed5873423face0fdc233a00,0,54,20,0,0,2,"{""1"": 1}","Tue, 02 Aug 2022 21:44:15 +0000",2026-06-25 05:40:46.212000,/yammie/yammies-noshery/,Yammie's Noshery,0,0,public,food_drink,yammie,Yammie's Noshery,https://www.pinterest.com/yammie/,0,0,114649,0,0,
28288303903048185,https://www.pinterest.com/pin/28288303903048185,Homemade Creamy Tomato Soup,Yammie's Noshery: Homemade Creamy Tomato Soup,https://www.yammiesnoshery.com/2022/09/tomato-soup.html,https://i.pinimg.com/736x/27/80/a5/2780a5002b0fbe24dbecc6470e56aac7.jpg,2780a5002b0fbe24dbecc6470e56aac7,0,198,99,1,0,1,"{""1"": 1}","Wed, 14 Sep 2022 12:36:51 +0000",2026-06-25 05:40:46.182000,/yammie/yammies-noshery/,Yammie's Noshery,0,0,public,food_drink,yammie,Yammie's Noshery,https://www.pinterest.com/yammie/,0,0,114649,0,0,
28288303903096033,https://www.pinterest.com/pin/28288303903096033,Blueberry Cheesecake Stuffed French Toast, ,https://www.yammiesnoshery.com/2022/09/blueberry-french-toast.html,https://i.pinimg.com/736x/37/d6/ab/37d6ab069b1ceeca41f6b153fcf4ea3e.jpg,37d6ab069b1ceeca41f6b153fcf4ea3e,0,4812,80,3,0,1,"{""1"": 26}","Tue, 27 Sep 2022 15:32:38 +0000",2026-06-25 05:40:46.062000,/yammie/yammies-noshery/,Yammie's Noshery,0,0,public,food_drink,yammie,Yammie's Noshery,https://www.pinterest.com/yammie/,0,0,114649,0,0,
28288303903175703,https://www.pinterest.com/pin/28288303903175703,Authentic German Pretzels (Laugenbrezeln),Yammie's Noshery: Authentic German Pretzels (Laugenbrezeln),https://www.yammiesnoshery.com/2022/10/german-pretzel.html,https://i.pinimg.com/736x/e9/7b/3b/e97b3b495cd1ac74a5d7acf5ffe3f0d7.jpg,e97b3b495cd1ac74a5d7acf5ffe3f0d7,0,2940,305,3,0,3,"{""1"": 22}","Tue, 18 Oct 2022 14:18:11 +0000",2026-06-25 05:40:45.823000,/yammie/yammies-noshery/,Yammie's Noshery,0,0,public,food_drink,yammie,Yammie's Noshery,https://www.pinterest.com/yammie/,0,0,114649,0,0,
28288303903332191,https://www.pinterest.com/pin/28288303903332191,5 Ingredient Thai Chicken Curry,Yammie's Noshery: 5 Ingredient Thai Chicken Curry,https://www.yammiesnoshery.com/2022/09/thirty-minute-thai-curry.html,https://i.pinimg.com/736x/76/7c/c6/767cc60fae786dcaa9b24b023ad27fe6.jpg,767cc60fae786dcaa9b24b023ad27fe6,0,43,42,0,0,0,{},"Wed, 30 Nov 2022 17:26:30 +0000",2026-06-25 05:40:46.079000,/yammie/yammies-noshery/,Yammie's Noshery,0,0,public,food_drink,yammie,Yammie's Noshery,https://www.pinterest.com/yammie/,0,0,114649,0,0,
28288303903332504,https://www.pinterest.com/pin/28288303903332504,5 Ingredient Thai Curry,This thai curry recipe is naturally gluten free and dairy free and comes together in under 30 minutes!,https://www.yammiesnoshery.com/2022/09/thirty-minute-thai-curry.html?m=1,https://i.pinimg.com/736x/02/c6/f0/02c6f087ffd6b7376d08ad9d41967e3d.jpg,02c6f087ffd6b7376d08ad9d41967e3d,0,26,25,0,0,0,{},"Wed, 30 Nov 2022 19:19:49 +0000",2026-06-25 05:40:45.841000,/yammie/yammies-noshery/,Yammie's Noshery,0,0,public,food_drink,yammie,Yammie's Noshery,https://www.pinterest.com/yammie/,0,0,114649,0,0,"{""domain_url"": ""www.yammiesnoshery.com"", ""follower_count"": 114649, ""is_default_image"": false, ""verified_identity"": {}, ""domain_verified"": true, ""image_small_url"": ""https://i.pinimg.com/30x30_RS/b9/f1/b9/b9f1b9c27393aa0c5f85cbf5d416ecda.jpg"", ""instagram_data"": null, ""indexed"": true, ""first_name"": ""Yammie's Noshery"", ""image_medium_url"": ""https://i.pinimg.com/75x75_RS/b9/f1/b9/b9f1b9c27393aa0c5f85cbf5d416ecda.jpg"", ""id"": ""28288441317851342"", ""type"": ""user"", ""ads_only_profile_site"": null, ""blocked_by_me"": false, ""explicitly_followed_by_me"": false, ""username"": ""yammie"", ""is_ads_only_profile"": false, ""followed_by_me"": false, ""full_name"": ""Yammie's Noshery"", ""is_verified_merchant"": false}"
28288303903335638,https://www.pinterest.com/pin/28288303903335638,Maple Balls,Yammie's Noshery: Maple Balls,https://www.yammiesnoshery.com/2011/12/maple-balls.html,https://i.pinimg.com/736x/05/9d/05/059d053709caad202a4e09203186e302.jpg,059d053709caad202a4e09203186e302,0,2338,576,4,0,12,"{""1"": 11}","Thu, 01 Dec 2022 17:08:12 +0000",2026-06-25 05:40:45.764000,/yammie/yammies-noshery/,Yammie's Noshery,0,0,public,food_drink,yammie,Yammie's Noshery,https://www.pinterest.com/yammie/,0,0,114649,0,0,
28288303903357828,https://www.pinterest.com/pin/28288303903357828,b'Baked Alaska Flamb\xe9',"b""Yammie's Noshery: Baked Alaska Flamb\xe9""",https://www.yammiesnoshery.com/2022/12/baked-alaska-flambe.html,https://i.pinimg.com/736x/51/d0/5c/51d05ceaf2fdb9c7b41d378955215b12.jpg,51d05ceaf2fdb9c7b41d378955215b12,0,35,24,0,0,1,{},"Thu, 08 Dec 2022 14:49:49 +0000",2026-06-25 05:40:45.778000,/yammie/yammies-noshery/,Yammie's Noshery,0,0,public,food_drink,yammie,Yammie's Noshery,https://www.pinterest.com/yammie/,0,0,114649,0,0,
28288303903397553,https://www.pinterest.com/pin/28288303903397553,5 Ingredient Flourless Peanut Butter Blossoms,Yammie's Noshery: 5 Ingredient Flourless Peanut Butter Blossoms,https://www.yammiesnoshery.com/2022/12/5-ingredient-peanut-butter-blossoms.html,https://i.pinimg.com/736x/65/cc/ec/65ccec5f9ef4a3b9a60557b3be16690b.jpg,65ccec5f9ef4a3b9a60557b3be16690b,0,39,35,0,0,0,{},"Tue, 20 Dec 2022 23:18:46 +0000",2026-06-25 05:40:45.640000,/yammie/yammies-noshery/,Yammie's Noshery,0,0,public,food_drink,yammie,Yammie's Noshery,https://www.pinterest.com/yammie/,0,0,114649,0,0,
28288303903581333,https://www.pinterest.com/pin/28288303903581333,Grandma's Microwave Caramel Corn,"My Grandma's super quick and easy recipe for caramel popcorn is made completely in the microwave! It's so crispy, crunchy, and buttery, and super easy!",https://www.yammiesnoshery.com/2023/02/microwave-caramel-corn.html,https://i.pinimg.com/736x/4e/e3/00/4ee3002410d83bd4634ad59bce69d1fa.jpg,4ee3002410d83bd4634ad59bce69d1fa,0,129,53,2,0,1,"{""1"": 1}","Thu, 09 Feb 2023 00:46:45 +0000",2026-06-25 05:40:45.662000,/yammie/yammies-noshery/,Yammie's Noshery,0,0,public,food_drink,yammie,Yammie's Noshery,https://www.pinterest.com/yammie/,0,0,114649,0,0,
28288303903581339,https://www.pinterest.com/pin/28288303903581339,Microwave Caramel Corn,"My Grandma's super quick and easy recipe for caramel popcorn is made completely in the microwave! It's so crispy, crunchy, and buttery, and super easy!",,https://i.pinimg.com/736x/0d/14/ab/0d14ab3e78410b15cb7d766c3709a701.jpg,0d14ab3e78410b15cb7d766c3709a701,0,79,35,1,0,2,"{""1"": 6}","Thu, 09 Feb 2023 00:53:43 +0000",2026-06-25 05:40:45.672000,/yammie/yammies-noshery/,Yammie's Noshery,0,0,public,food_drink,yammie,Yammie's Noshery,https://www.pinterest.com/yammie/,0,0,114649,0,0,"{""followed_by_me"": false, ""type"": ""user"", ""blocked_by_me"": false, ""first_name"": ""Yammie's Noshery"", ""is_verified_merchant"": false, ""indexed"": true, ""image_small_url"": ""https://i.pinimg.com/30x30_RS/b9/f1/b9/b9f1b9c27393aa0c5f85cbf5d416ecda.jpg"", ""is_ads_only_profile"": false, ""is_default_image"": false, ""domain_url"": ""www.yammiesnoshery.com"", ""explicitly_followed_by_me"": false, ""domain_verified"": true, ""username"": ""yammie"", ""id"": ""28288441317851342"", ""verified_identity"": {}, ""image_medium_url"": ""https://i.pinimg.com/75x75_RS/b9/f1/b9/b9f1b9c27393aa0c5f85cbf5d416ecda.jpg"", ""follower_count"": 114649, ""full_name"": ""Yammie's Noshery"", ""instagram_data"": null, ""ads_only_profile_site"": null}"
28288303903583591,https://www.pinterest.com/pin/28288303903583591,Microwave Caramel Corn,"My grandma’s recipe for caramel corn is super easy, made completley in the microwave! Its crunchy and buttery every time!",https://www.yammiesnoshery.com/2023/02/microwave-caramel-corn.html,https://i.pinimg.com/736x/a8/f1/c2/a8f1c22b27b0ccd05d4d0a23c6d83048.jpg,a8f1c22b27b0ccd05d4d0a23c6d83048,0,1002,114,3,0,14,"{""1"": 42}","Thu, 09 Feb 2023 17:47:36 +0000",2026-06-25 05:40:45.268000,/yammie/yammies-noshery/,Yammie's Noshery,0,0,public,food_drink,yammie,Yammie's Noshery,https://www.pinterest.com/yammie/,0,0,114649,0,0,"{""is_ads_only_profile"": false, ""image_small_url"": ""https://i.pinimg.com/30x30_RS/b9/f1/b9/b9f1b9c27393aa0c5f85cbf5d416ecda.jpg"", ""username"": ""yammie"", ""explicitly_followed_by_me"": false, ""indexed"": true, ""verified_identity"": {}, ""full_name"": ""Yammie's Noshery"", ""instagram_data"": null, ""ads_only_profile_site"": null, ""id"": ""28288441317851342"", ""is_verified_merchant"": false, ""followed_by_me"": false, ""domain_url"": ""www.yammiesnoshery.com"", ""blocked_by_me"": false, ""type"": ""user"", ""is_default_image"": false, ""follower_count"": 114649, ""first_name"": ""Yammie's Noshery"", ""image_medium_url"": ""https://i.pinimg.com/75x75_RS/b9/f1/b9/b9f1b9c27393aa0c5f85cbf5d416ecda.jpg"", ""domain_verified"": true}"
28288303903705608,https://www.pinterest.com/pin/28288303903705608,Lucky Charms Oreo Dessert, ,https://www.yammiesnoshery.com/2023/03/lucky-charms-oreo-dessert.html,https://i.pinimg.com/736x/b4/91/43/b49143599ccdf0138a404798d292701e.jpg,b49143599ccdf0138a404798d292701e,0,21,12,0,0,0,{},"Thu, 16 Mar 2023 18:43:13 +0000",2026-06-25 05:40:45.254000,/yammie/yammies-noshery/,Yammie's Noshery,0,0,public,food_drink,yammie,Yammie's Noshery,https://www.pinterest.com/yammie/,0,0,114649,0,0,"{""is_default_image"": false, ""username"": ""yammie"", ""image_small_url"": ""https://i.pinimg.com/30x30_RS/b9/f1/b9/b9f1b9c27393aa0c5f85cbf5d416ecda.jpg"", ""type"": ""user"", ""is_ads_only_profile"": false, ""blocked_by_me"": false, ""id"": ""28288441317851342"", ""instagram_data"": null, ""explicitly_followed_by_me"": false, ""domain_url"": ""www.yammiesnoshery.com"", ""image_medium_url"": ""https://i.pinimg.com/75x75_RS/b9/f1/b9/b9f1b9c27393aa0c5f85cbf5d416ecda.jpg"", ""ads_only_profile_site"": null, ""indexed"": true, ""followed_by_me"": false, ""domain_verified"": true, ""first_name"": ""Yammie's Noshery"", ""full_name"": ""Yammie's Noshery"", ""verified_identity"": {}, ""is_verified_merchant"": false, ""follower_count"": 114649}"
28288303903758756,https://www.pinterest.com/pin/28288303903758756,Creamy Chicken Marsala,Yammie's Noshery: Creamy Chicken Marsala,https://www.yammiesnoshery.com/2023/03/creamy-chicken-marsala.html,https://i.pinimg.com/736x/91/5d/ea/915dea76be26de8df4a933aa4adcce6a.jpg,915dea76be26de8df4a933aa4adcce6a,0,81,72,1,0,5,"{""1"": 1}","Fri, 31 Mar 2023 03:12:14 +0000",2026-06-25 05:40:44.399000,/yammie/yammies-noshery/,Yammie's Noshery,0,0,public,food_drink,yammie,Yammie's Noshery,https://www.pinterest.com/yammie/,0,0,114649,0,0,
28288303903777940,https://www.pinterest.com/pin/28288303903777940,Lemon Poppyseed Bundt Cake, ,https://www.yammiesnoshery.com/2023/04/lemon-poppyseed-bundt-cake.html,https://i.pinimg.com/736x/3a/8f/8a/3a8f8aa3101ebd76b55dfd8a2f987c90.jpg,3a8f8aa3101ebd76b55dfd8a2f987c90,0,62,24,1,0,0,{},"Wed, 05 Apr 2023 16:38:24 +0000",2026-06-25 05:40:44.416000,/yammie/yammies-noshery/,Yammie's Noshery,0,0,public,food_drink,yammie,Yammie's Noshery,https://www.pinterest.com/yammie/,0,0,114649,0,0,"{""image_small_url"": ""https://i.pinimg.com/30x30_RS/b9/f1/b9/b9f1b9c27393aa0c5f85cbf5d416ecda.jpg"", ""is_ads_only_profile"": false, ""blocked_by_me"": false, ""instagram_data"": null, ""full_name"": ""Yammie's Noshery"", ""first_name"": ""Yammie's Noshery"", ""ads_only_profile_site"": null, ""id"": ""28288441317851342"", ""follower_count"": 114649, ""is_verified_merchant"": false, ""verified_identity"": {}, ""image_medium_url"": ""https://i.pinimg.com/75x75_RS/b9/f1/b9/b9f1b9c27393aa0c5f85cbf5d416ecda.jpg"", ""type"": ""user"", ""is_default_image"": false, ""domain_verified"": true, ""domain_url"": ""www.yammiesnoshery.com"", ""followed_by_me"": false, ""username"": ""yammie"", ""explicitly_followed_by_me"": false, ""indexed"": true}"
28288303903878867,https://www.pinterest.com/pin/28288303903878867,Triple Chip Flourless Brownie Cookies,Yammie's Noshery: Triple Chip Flourless Brownie Cookies,https://www.yammiesnoshery.com/2023/05/triple-chip-flourless-brownie-cookies.html,https://i.pinimg.com/736x/4d/95/bd/4d95bdcd1aa9be135ce4683bff160118.jpg,4d95bdcd1aa9be135ce4683bff160118,0,182,18,0,0,1,"{""1"": 4}","Fri, 05 May 2023 14:22:17 +0000",2026-06-25 05:40:44.026000,/yammie/yammies-noshery/,Yammie's Noshery,0,0,public,food_drink,yammie,Yammie's Noshery,https://www.pinterest.com/yammie/,0,0,114649,0,0,
28288303904283286,https://www.pinterest.com/pin/28288303904283286,Cinnamon Swirl Zucchini Bread {With Gluten Free Option},Yammie's Noshery: Cinnamon Swirl Zucchini Bread {With Gluten Free Option},https://www.yammiesnoshery.com/2017/08/cinnamon-swirl-zucchini-bread-with.html,https://i.pinimg.com/736x/fb/7b/f6/fb7bf61c488eb46cc9f65b4995c700f2.jpg,fb7bf61c488eb46cc9f65b4995c700f2,0,136,60,0,0,0,"{""1"": 3}","Fri, 11 Aug 2023 17:59:57 +0000",2026-06-25 05:40:44.059000,/yammie/yammies-noshery/,Yammie's Noshery,0,0,public,food_drink,yammie,Yammie's Noshery,https://www.pinterest.com/yammie/,0,0,114649,0,0,
28288303904332469,https://www.pinterest.com/pin/28288303904332469,The Best Brownies Ever,Yammie's Noshery: The Best Brownies Ever,https://www.yammiesnoshery.com/2023/08/the-best-brownies-ever.html,https://i.pinimg.com/736x/90/3f/03/903f0311a1c19cda7204040a41767728.jpg,903f0311a1c19cda7204040a41767728,0,15104,43,25,0,4,"{""1"": 58, ""11"": 1}","Fri, 25 Aug 2023 16:18:08 +0000",2026-06-25 05:40:42.518000,/yammie/yammies-noshery/,Yammie's Noshery,0,0,public,food_drink,yammie,Yammie's Noshery,https://www.pinterest.com/yammie/,0,0,114649,0,0,
28288303904332470,https://www.pinterest.com/pin/28288303904332470,The Best Brownies Ever,Yammie's Noshery: The Best Brownies Ever,https://www.yammiesnoshery.com/2023/08/the-best-brownies-ever.html,https://i.pinimg.com/736x/90/3f/03/903f0311a1c19cda7204040a41767728.jpg,903f0311a1c19cda7204040a41767728,0,15104,167,25,0,4,"{""1"": 58, ""11"": 1}","Fri, 25 Aug 2023 16:18:25 +0000",2026-06-25 05:40:42.041000,/yammie/brownies-and-bars/,Brownies and Bars,0,0,public,food_drink,yammie,Yammie's Noshery,https://www.pinterest.com/yammie/,0,0,114649,0,0,
28288303904559047,https://www.pinterest.com/pin/28288303904559047,Pumpkin Bundt Cake with Browned Butter Cream Cheese Frosting, ,https://www.yammiesnoshery.com/2023/10/pumpkin-bundt-cake-with-browned-butter.html,https://i.pinimg.com/736x/a7/5d/ad/a75dadf032d9621989cf422eb5513d14.jpg,a75dadf032d9621989cf422eb5513d14,0,311,114,2,0,6,"{""1"": 2}","Mon, 30 Oct 2023 23:48:08 +0000",2026-06-25 05:40:42.016000,/yammie/yammies-noshery/,Yammie's Noshery,0,0,public,food_drink,yammie,Yammie's Noshery,https://www.pinterest.com/yammie/,0,0,114649,0,0,
28288303904714921,https://www.pinterest.com/pin/28288303904714921,The Best Soft Sugar Cookie Cut Outs,Yammie's Noshery: The Best Soft Sugar Cookie Cut Outs,https://www.yammiesnoshery.com/2023/12/the-best-soft-sugar-cookie-cut-outs.html,https://i.pinimg.com/736x/53/41/a2/5341a28f4738969ce43f438b9b6d63cb.jpg,5341a28f4738969ce43f438b9b6d63cb,0,92,46,0,0,0,{},"Mon, 18 Dec 2023 21:15:01 +0000",2026-06-25 05:40:41.216000,/yammie/yammies-noshery/,Yammie's Noshery,0,0,public,food_drink,yammie,Yammie's Noshery,https://www.pinterest.com/yammie/,0,0,114649,0,0,
28288303905235907,https://www.pinterest.com/pin/28288303905235907,, ,,https://i.pinimg.com/736x/17/95/72/1795722ae19c5620b9b2eb274026ffcf.jpg,1795722ae19c5620b9b2eb274026ffcf,0,1,0,0,0,0,{},"Thu, 30 May 2024 16:34:38 +0000",2026-06-25 05:40:41.674000,/yammie/_quick_creates/,Pins by you,0,0,public,,yammie,Yammie's Noshery,https://www.pinterest.com/yammie/,0,0,114649,0,0,"{""is_default_image"": false, ""full_name"": ""Yammie's Noshery"", ""blocked_by_me"": false, ""is_ads_only_profile"": false, ""ads_only_profile_site"": null, ""image_medium_url"": ""https://i.pinimg.com/75x75_RS/b9/f1/b9/b9f1b9c27393aa0c5f85cbf5d416ecda.jpg"", ""image_small_url"": ""https://i.pinimg.com/30x30_RS/b9/f1/b9/b9f1b9c27393aa0c5f85cbf5d416ecda.jpg"", ""indexed"": true, ""domain_url"": ""www.yammiesnoshery.com"", ""instagram_data"": null, ""type"": ""user"", ""id"": ""28288441317851342"", ""explicitly_followed_by_me"": false, ""is_verified_merchant"": false, ""domain_verified"": true, ""username"": ""yammie"", ""verified_identity"": {}, ""first_name"": ""Yammie's Noshery"", ""followed_by_me"": false, ""follower_count"": 114649}"
28288303905815527,https://www.pinterest.com/pin/28288303905815527,The Best Thanksgiving Turkey (With Foolproof Gravy),Yammie's Noshery: The Best Thanksgiving Turkey (With Foolproof Gravy),https://www.yammiesnoshery.com/2024/11/the-best-thanksgiving-turkey.html,https://i.pinimg.com/736x/6b/f3/8e/6bf38e4d1fedec6a4f2c70e76820dd3c.jpg,6bf38e4d1fedec6a4f2c70e76820dd3c,0,7,4,0,0,0,{},"Fri, 22 Nov 2024 17:25:04 +0000",2026-06-25 05:40:40.303000,/yammie/yammies-noshery/,Yammie's Noshery,0,0,public,food_drink,yammie,Yammie's Noshery,https://www.pinterest.com/yammie/,0,0,114649,0,0,
28288303906569543,https://www.pinterest.com/pin/28288303906569543,Oreo Fudge Cheesecake,Yammie's Noshery: Oreo Fudge Cheesecake,https://www.yammiesnoshery.com/2013/10/oreo-fudge-cheesecake.html,https://i.pinimg.com/736x/60/11/c4/6011c43ea36fe28e839dd9dc916768f8.jpg,6011c43ea36fe28e839dd9dc916768f8,0,13,9,0,0,1,{},"Tue, 01 Jul 2025 02:23:40 +0000",2026-06-25 05:40:40.219000,/yammie/yammies-noshery/,Yammie's Noshery,0,0,public,food_drink,yammie,Yammie's Noshery,https://www.pinterest.com/yammie/,0,0,114649,0,0,
28288303906574472,https://www.pinterest.com/pin/28288303906574472,Blackberry Cheesecake Bars with Brown Sugar Crust,Yammie's Noshery: Blackberry Cheesecake Bars with Brown Sugar Crust,https://www.yammiesnoshery.com/2013/08/blackberry-cheesecake-bars-with-brown.html,https://i.pinimg.com/736x/21/36/94/21369462d6f4e9bdb64ad9797af9fd98.jpg,21369462d6f4e9bdb64ad9797af9fd98,0,7,6,0,0,0,{},"Wed, 02 Jul 2025 14:49:40 +0000",2026-06-25 05:40:40.229000,/yammie/yammies-noshery/,Yammie's Noshery,0,0,public,food_drink,yammie,Yammie's Noshery,https://www.pinterest.com/yammie/,0,0,114649,0,0,
28288303906574539,https://www.pinterest.com/pin/28288303906574539,Strawberry Pretzel Tart,Yammie's Noshery: Strawberry Pretzel Tart,https://www.yammiesnoshery.com/2013/06/strawberry-pretzel-tart.html,https://i.pinimg.com/736x/13/69/8e/13698ecf0a5d29894138edda54733a06.jpg,13698ecf0a5d29894138edda54733a06,0,5,4,0,0,0,{},"Wed, 02 Jul 2025 15:16:55 +0000",2026-06-25 05:40:39.954000,/yammie/yammies-noshery/,Yammie's Noshery,0,0,public,food_drink,yammie,Yammie's Noshery,https://www.pinterest.com/yammie/,0,0,114649,0,0,
28288303906574590,https://www.pinterest.com/pin/28288303906574590,,Yammie's Noshery: Flourless Marshmallow Crunch Brownies,https://www.yammiesnoshery.com/2016/05/flourless-marshmallow-crunch-brownies.html,https://i.pinimg.com/736x/79/2b/e6/792be61593135d16de13e3de0c751d04.jpg,792be61593135d16de13e3de0c751d04,0,166,120,0,0,3,"{""1"": 3}","Wed, 02 Jul 2025 15:41:31 +0000",2026-06-25 05:40:39.865000,/yammie/yammies-noshery/,Yammie's Noshery,0,0,public,food_drink,yammie,Yammie's Noshery,https://www.pinterest.com/yammie/,0,0,114649,0,0,
28288303906574613,https://www.pinterest.com/pin/28288303906574613,The Best Chocolate Pie Ever,Yammie's Noshery: The Best Chocolate Pie Ever,https://www.yammiesnoshery.com/2015/04/the-best-chocolate-pie-ever-in-microwave.html,https://i.pinimg.com/736x/5e/1e/02/5e1e0233442dd15c3c8280f4e0118e52.jpg,5e1e0233442dd15c3c8280f4e0118e52,0,6,5,0,0,1,{},"Wed, 02 Jul 2025 15:54:23 +0000",2026-06-25 05:40:40.023000,/yammie/yammies-noshery/,Yammie's Noshery,0,0,public,food_drink,yammie,Yammie's Noshery,https://www.pinterest.com/yammie/,0,0,114649,0,0,
28288303906629054,https://www.pinterest.com/pin/28288303906629054,White Queso Dip,Yammie's Noshery: White Queso Dip,https://www.yammiesnoshery.com/2018/11/white-queso-dip.html,https://i.pinimg.com/736x/1d/35/9c/1d359c5b05d08b3997640ec011e07f5a.jpg,1d359c5b05d08b3997640ec011e07f5a,0,20,19,0,0,2,{},"Fri, 18 Jul 2025 21:13:37 +0000",2026-06-25 05:40:39.795000,/yammie/yammies-noshery/,Yammie's Noshery,0,0,public,food_drink,yammie,Yammie's Noshery,https://www.pinterest.com/yammie/,0,0,114649,0,0,
28288303906701052,https://www.pinterest.com/pin/28288303906701052,Homemade German Currywurst,Yammie's Noshery: Homemade German Currywurst,https://www.yammiesnoshery.com/2025/08/homemade-german-currywurst.html,https://i.pinimg.com/736x/bd/4e/d4/bd4ed4fc7dfba0c887d968bffc4f594b.jpg,bd4ed4fc7dfba0c887d968bffc4f594b,0,7,6,0,0,0,{},"Fri, 08 Aug 2025 20:58:15 +0000",2026-06-25 05:40:39.818000,/yammie/yammies-noshery/,Yammie's Noshery,0,0,public,food_drink,yammie,Yammie's Noshery,https://www.pinterest.com/yammie/,0,0,114649,0,0,
28288303906701131,https://www.pinterest.com/pin/28288303906701131,Homemade German Currywurst,Yammie's Noshery: Homemade German Currywurst,https://www.yammiesnoshery.com/2025/08/homemade-german-currywurst.html,https://i.pinimg.com/736x/ba/e8/3c/bae83c67cb830038b45c8cd9addfac00.jpg,bae83c67cb830038b45c8cd9addfac00,0,1,0,0,0,1,{},"Fri, 08 Aug 2025 21:55:02 +0000",2026-06-25 05:40:39.940000,/yammie/yammies-noshery/,Yammie's Noshery,0,0,public,food_drink,yammie,Yammie's Noshery,https://www.pinterest.com/yammie/,0,0,114649,0,0,
28288303906701678,https://www.pinterest.com/pin/28288303906701678,Homemade German Currywurst,Yammie's Noshery: Homemade German Currywurst,https://www.yammiesnoshery.com/2025/08/homemade-german-currywurst.html,https://i.pinimg.com/736x/6f/83/e3/6f83e3e16ce6aca4d483db97dbf9ced2.jpg,6f83e3e16ce6aca4d483db97dbf9ced2,0,3,2,0,0,0,{},"Sat, 09 Aug 2025 01:56:12 +0000",2026-06-25 05:40:39.806000,/yammie/yammies-noshery/,Yammie's Noshery,0,0,public,food_drink,yammie,Yammie's Noshery,https://www.pinterest.com/yammie/,0,0,114649,0,0,
28288303906702680,https://www.pinterest.com/pin/28288303906702680,The Best Blueberry Muffins Ever!,"The best blueberry muffin recipe ever! Perfectly moist with a tall, sparkly crown. Just one bowl! Plus muffin tips and troubleshooting!",https://www.yammiesnoshery.com/2015/01/the-best-blueberry-muffins-ever.html?m=1,https://i.pinimg.com/736x/d3/5c/37/d35c3717a0f2db1d1c9ab190914b3348.jpg,d35c3717a0f2db1d1c9ab190914b3348,0,4,3,0,0,0,{},"Sat, 09 Aug 2025 14:57:49 +0000",2026-06-25 05:40:39.903000,/yammie/breakfast/,Breakfast,0,0,public,food_drink,yammie,Yammie's Noshery,https://www.pinterest.com/yammie/,0,0,114649,0,0,"{""domain_verified"": true, ""indexed"": true, ""blocked_by_me"": false, ""explicitly_followed_by_me"": false, ""full_name"": ""Yammie's Noshery"", ""is_default_image"": false, ""type"": ""user"", ""image_medium_url"": ""https://i.pinimg.com/75x75_RS/b9/f1/b9/b9f1b9c27393aa0c5f85cbf5d416ecda.jpg"", ""verified_identity"": {}, ""domain_url"": ""www.yammiesnoshery.com"", ""is_verified_merchant"": false, ""ads_only_profile_site"": null, ""follower_count"": 114649, ""first_name"": ""Yammie's Noshery"", ""username"": ""yammie"", ""is_ads_only_profile"": false, ""id"": ""28288441317851342"", ""image_small_url"": ""https://i.pinimg.com/30x30_RS/b9/f1/b9/b9f1b9c27393aa0c5f85cbf5d416ecda.jpg"", ""followed_by_me"": false, ""instagram_data"": null}"
28288303906702710,https://www.pinterest.com/pin/28288303906702710,The Best Brownies Ever!,"These one bowl, all butter, cocoa brownies are thick, chewy,  and fudgy with a shiny crackly top. Everything a brownie should be! They can easily be made gluten free too.",https://www.yammiesnoshery.com/2023/08/the-best-brownies-ever.htm,https://i.pinimg.com/736x/09/38/7c/09387c79ae9613d8c66231524210b5d0.jpg,09387c79ae9613d8c66231524210b5d0,0,8,7,0,0,0,"{""1"": 1}","Sat, 09 Aug 2025 15:13:29 +0000",2026-06-25 05:40:39.854000,/yammie/brownies-and-bars/,Brownies and Bars,0,0,public,food_drink,yammie,Yammie's Noshery,https://www.pinterest.com/yammie/,0,0,114649,0,0,"{""domain_url"": ""www.yammiesnoshery.com"", ""indexed"": true, ""full_name"": ""Yammie's Noshery"", ""follower_count"": 114649, ""first_name"": ""Yammie's Noshery"", ""ads_only_profile_site"": null, ""is_verified_merchant"": false, ""instagram_data"": null, ""is_default_image"": false, ""verified_identity"": {}, ""blocked_by_me"": false, ""domain_verified"": true, ""id"": ""28288441317851342"", ""explicitly_followed_by_me"": false, ""type"": ""user"", ""is_ads_only_profile"": false, ""username"": ""yammie"", ""followed_by_me"": false, ""image_medium_url"": ""https://i.pinimg.com/75x75_RS/b9/f1/b9/b9f1b9c27393aa0c5f85cbf5d416ecda.jpg"", ""image_small_url"": ""https://i.pinimg.com/30x30_RS/b9/f1/b9/b9f1b9c27393aa0c5f85cbf5d416ecda.jpg""}"
28288303906702715,https://www.pinterest.com/pin/28288303906702715,The Best Brownies Ever,"These one bowl, all butter, cocoa brownies are thick, chewy,  and fudgy with a shiny crackly top. Everything a brownie should be! They can easily be made gluten free too.",https://www.yammiesnoshery.com/2023/08/the-best-brownies-ever.html,https://i.pinimg.com/736x/36/66/f1/3666f1c329d18ea171bbe49be81546f0.jpg,3666f1c329d18ea171bbe49be81546f0,0,27,10,0,0,2,"{""1"": 2}","Sat, 09 Aug 2025 15:18:26 +0000",2026-06-25 05:40:39.931000,/yammie/yammies-noshery/,Yammie's Noshery,0,0,public,food_drink,yammie,Yammie's Noshery,https://www.pinterest.com/yammie/,0,0,114649,0,0,"{""type"": ""user"", ""ads_only_profile_site"": null, ""full_name"": ""Yammie's Noshery"", ""indexed"": true, ""followed_by_me"": false, ""is_verified_merchant"": false, ""is_ads_only_profile"": false, ""domain_url"": ""www.yammiesnoshery.com"", ""verified_identity"": {}, ""id"": ""28288441317851342"", ""is_default_image"": false, ""image_small_url"": ""https://i.pinimg.com/30x30_RS/b9/f1/b9/b9f1b9c27393aa0c5f85cbf5d416ecda.jpg"", ""blocked_by_me"": false, ""follower_count"": 114649, ""first_name"": ""Yammie's Noshery"", ""domain_verified"": true, ""username"": ""yammie"", ""explicitly_followed_by_me"": false, ""image_medium_url"": ""https://i.pinimg.com/75x75_RS/b9/f1/b9/b9f1b9c27393aa0c5f85cbf5d416ecda.jpg"", ""instagram_data"": null}"
28288303906717107,https://www.pinterest.com/pin/28288303906717107,Make Ahead Tater Tot Breakfast Casserole,#breakfast #breakfastfoodrecipes #eggbake,https://www.yammiesnoshery.com/2020/09/tater-tot-breakfast-casserole-with.html,https://i.pinimg.com/736x/a5/90/49/a590497efdca273464d5f8460b92ea68.jpg,a590497efdca273464d5f8460b92ea68,0,5,3,0,0,0,{},"Wed, 13 Aug 2025 20:16:55 +0000",2026-06-25 05:40:31.436000,/yammie/breakfast/,Breakfast,0,0,public,food_drink,yammie,Yammie's Noshery,https://www.pinterest.com/yammie/,0,0,114649,0,0,"{""instagram_data"": null, ""explicitly_followed_by_me"": false, ""is_verified_merchant"": false, ""image_medium_url"": ""https://i.pinimg.com/75x75_RS/b9/f1/b9/b9f1b9c27393aa0c5f85cbf5d416ecda.jpg"", ""id"": ""28288441317851342"", ""image_small_url"": ""https://i.pinimg.com/30x30_RS/b9/f1/b9/b9f1b9c27393aa0c5f85cbf5d416ecda.jpg"", ""followed_by_me"": false, ""follower_count"": 114649, ""full_name"": ""Yammie's Noshery"", ""domain_verified"": true, ""first_name"": ""Yammie's Noshery"", ""type"": ""user"", ""username"": ""yammie"", ""verified_identity"": {}, ""is_ads_only_profile"": false, ""blocked_by_me"": false, ""ads_only_profile_site"": null, ""indexed"": true, ""is_default_image"": false, ""domain_url"": ""www.yammiesnoshery.com""}"
28288303907446057,https://www.pinterest.com/pin/28288303907446057,The Best Brownies Ever,Yammie's Noshery: The Best Brownies Ever,https://www.yammiesnoshery.com/2023/08/the-best-brownies-ever.html,https://i.pinimg.com/736x/90/3f/03/903f0311a1c19cda7204040a41767728.jpg,903f0311a1c19cda7204040a41767728,0,8,7,0,0,1,{},"Sat, 11 Apr 2026 19:05:47 +0000",2026-06-25 05:40:31.354000,/yammie/brownies-and-bars/,Brownies and Bars,0,0,public,food_drink,yammie,Yammie's Noshery,https://www.pinterest.com/yammie/,0,0,114649,0,0,
28288303907471634,https://www.pinterest.com/pin/28288303907471634,The Best Blueberry Muffins Ever,"The best high crown, moist blueberry muffin recipe!",https://www.yammiesnoshery.com/2015/01/the-best-blueberry-muffins-ever.html,https://i.pinimg.com/736x/04/9e/86/049e865f2fd13eef45e5f290cdcee544.jpg,049e865f2fd13eef45e5f290cdcee544,0,3,2,0,0,0,{},"Tue, 21 Apr 2026 03:19:18 +0000",2026-06-25 05:40:31.103000,/yammie/breakfast/,Breakfast,0,0,public,food_drink,yammie,Yammie's Noshery,https://www.pinterest.com/yammie/,0,0,114649,0,0,"{""is_ads_only_profile"": false, ""image_small_url"": ""https://i.pinimg.com/30x30_RS/b9/f1/b9/b9f1b9c27393aa0c5f85cbf5d416ecda.jpg"", ""follower_count"": 114649, ""ads_only_profile_site"": null, ""id"": ""28288441317851342"", ""domain_verified"": true, ""is_verified_merchant"": false, ""image_medium_url"": ""https://i.pinimg.com/75x75_RS/b9/f1/b9/b9f1b9c27393aa0c5f85cbf5d416ecda.jpg"", ""blocked_by_me"": false, ""is_default_image"": false, ""type"": ""user"", ""full_name"": ""Yammie's Noshery"", ""username"": ""yammie"", ""verified_identity"": {}, ""instagram_data"": null, ""first_name"": ""Yammie's Noshery"", ""indexed"": true, ""domain_url"": ""www.yammiesnoshery.com"", ""followed_by_me"": false, ""explicitly_followed_by_me"": false}"
28288303907476652,https://www.pinterest.com/pin/28288303907476652,Cheeseburger Quesadillas with Special Sauce,Super quick and easy way to solve the age old question: what do I do with this pound of ground beef for dinner?,https://www.yammiesnoshery.com/2015/09/cheeseburger-quesadillas.html,https://i.pinimg.com/736x/ad/92/da/ad92da33328ff920047ca6ed371c1f4b.jpg,ad92da33328ff920047ca6ed371c1f4b,0,2,1,0,0,0,{},"Thu, 23 Apr 2026 01:52:05 +0000",2026-06-25 05:40:31.123000,/yammie/dinner/,Dinner,0,0,public,food_drink,yammie,Yammie's Noshery,https://www.pinterest.com/yammie/,0,0,114649,0,0,"{""verified_identity"": {}, ""type"": ""user"", ""explicitly_followed_by_me"": false, ""ads_only_profile_site"": null, ""image_small_url"": ""https://i.pinimg.com/30x30_RS/b9/f1/b9/b9f1b9c27393aa0c5f85cbf5d416ecda.jpg"", ""first_name"": ""Yammie's Noshery"", ""follower_count"": 114649, ""blocked_by_me"": false, ""is_ads_only_profile"": false, ""is_verified_merchant"": false, ""followed_by_me"": false, ""domain_url"": ""www.yammiesnoshery.com"", ""username"": ""yammie"", ""is_default_image"": false, ""full_name"": ""Yammie's Noshery"", ""image_medium_url"": ""https://i.pinimg.com/75x75_RS/b9/f1/b9/b9f1b9c27393aa0c5f85cbf5d416ecda.jpg"", ""domain_verified"": true, ""id"": ""28288441317851342"", ""indexed"": true, ""instagram_data"": null}"
28288303907490826,https://www.pinterest.com/pin/28288303907490826,Pecan Kringle Recipe,Better than Trader Joe's Pecan Kringle!,https://www.yammiesnoshery.com/2016/10/racine-pecan-kringle.html,https://i.pinimg.com/736x/29/40/b2/2940b2f0119d5291f64f29007c412233.jpg,2940b2f0119d5291f64f29007c412233,0,5,4,0,0,0,{},"Tue, 28 Apr 2026 18:07:17 +0000",2026-06-25 05:40:31.081000,/yammie/breakfast/,Breakfast,0,0,public,food_drink,yammie,Yammie's Noshery,https://www.pinterest.com/yammie/,0,0,114649,0,0,"{""image_small_url"": ""https://i.pinimg.com/30x30_RS/b9/f1/b9/b9f1b9c27393aa0c5f85cbf5d416ecda.jpg"", ""domain_url"": ""www.yammiesnoshery.com"", ""type"": ""user"", ""verified_identity"": {}, ""image_medium_url"": ""https://i.pinimg.com/75x75_RS/b9/f1/b9/b9f1b9c27393aa0c5f85cbf5d416ecda.jpg"", ""full_name"": ""Yammie's Noshery"", ""instagram_data"": null, ""id"": ""28288441317851342"", ""followed_by_me"": false, ""is_ads_only_profile"": false, ""is_verified_merchant"": false, ""blocked_by_me"": false, ""indexed"": true, ""domain_verified"": true, ""username"": ""yammie"", ""is_default_image"": false, ""ads_only_profile_site"": null, ""explicitly_followed_by_me"": false, ""follower_count"": 114649, ""first_name"": ""Yammie's Noshery""}"
28288303907490854,https://www.pinterest.com/pin/28288303907490854,Spice Rubbed Salmon with Mango Salsa,A healthy and naturally gluten free meal ready in 30 minutes. Perfect for an easy weeknight dinner. ,https://www.yammiesnoshery.com/2016/02/spice-rubbed-salmon-with-mango-salsa.html,https://i.pinimg.com/736x/91/4e/c0/914ec0c483b82f8b60fc9fe482b06cd1.jpg,914ec0c483b82f8b60fc9fe482b06cd1,0,4,3,0,0,0,{},"Tue, 28 Apr 2026 18:14:11 +0000",2026-06-25 05:40:31.095000,/yammie/weeknight-meals/,Weeknight Meals,0,0,public,,yammie,Yammie's Noshery,https://www.pinterest.com/yammie/,0,0,114649,0,0,"{""verified_identity"": {}, ""domain_url"": ""www.yammiesnoshery.com"", ""followed_by_me"": false, ""blocked_by_me"": false, ""explicitly_followed_by_me"": false, ""ads_only_profile_site"": null, ""username"": ""yammie"", ""full_name"": ""Yammie's Noshery"", ""instagram_data"": null, ""image_medium_url"": ""https://i.pinimg.com/75x75_RS/b9/f1/b9/b9f1b9c27393aa0c5f85cbf5d416ecda.jpg"", ""id"": ""28288441317851342"", ""first_name"": ""Yammie's Noshery"", ""follower_count"": 114649, ""indexed"": true, ""is_default_image"": false, ""is_verified_merchant"": false, ""image_small_url"": ""https://i.pinimg.com/30x30_RS/b9/f1/b9/b9f1b9c27393aa0c5f85cbf5d416ecda.jpg"", ""domain_verified"": true, ""is_ads_only_profile"": false, ""type"": ""user""}"
28288303907490864,https://www.pinterest.com/pin/28288303907490864,Gluten Free Buckwheat Banana Pancakes,"Naturally gluten free buckwheat banana oatmeal pancakes loaded with chocolate chips are fluffy, flavorful and hearty!",https://www.yammiesnoshery.com/2016/04/buckwheat-banana-oatmeal-dark-chocolate.html,https://i.pinimg.com/736x/d3/b3/5a/d3b35a58d2f3094dccc7f369d1f32ef6.jpg,d3b35a58d2f3094dccc7f369d1f32ef6,0,2,1,0,0,0,{},"Tue, 28 Apr 2026 18:20:47 +0000",2026-06-25 05:40:31.320000,/yammie/breakfast/,Breakfast,0,0,public,food_drink,yammie,Yammie's Noshery,https://www.pinterest.com/yammie/,0,0,114649,0,0,"{""is_ads_only_profile"": false, ""ads_only_profile_site"": null, ""first_name"": ""Yammie's Noshery"", ""username"": ""yammie"", ""type"": ""user"", ""instagram_data"": null, ""image_medium_url"": ""https://i.pinimg.com/75x75_RS/b9/f1/b9/b9f1b9c27393aa0c5f85cbf5d416ecda.jpg"", ""id"": ""28288441317851342"", ""indexed"": true, ""full_name"": ""Yammie's Noshery"", ""is_verified_merchant"": false, ""is_default_image"": false, ""verified_identity"": {}, ""domain_verified"": true, ""followed_by_me"": false, ""domain_url"": ""www.yammiesnoshery.com"", ""explicitly_followed_by_me"": false, ""image_small_url"": ""https://i.pinimg.com/30x30_RS/b9/f1/b9/b9f1b9c27393aa0c5f85cbf5d416ecda.jpg"", ""blocked_by_me"": false, ""follower_count"": 114649}"
28288303907490885,https://www.pinterest.com/pin/28288303907490885,2 Minute Chocolate Peanut Butter Mug Cake,This easy and fudgy mug cake is ready in 2 minutes. Top with peanut butter mousse and hot fudge!,https://www.yammiesnoshery.com/2012/03/chocolate-peanut-butter-mug-cake.html,https://i.pinimg.com/736x/4a/0c/10/4a0c1011820c8cba4d13f594ebdc5b3c.jpg,4a0c1011820c8cba4d13f594ebdc5b3c,0,3,2,0,0,0,{},"Tue, 28 Apr 2026 18:36:17 +0000",2026-06-25 05:40:31.111000,/yammie/desserts/,Desserts,0,0,public,food_drink,yammie,Yammie's Noshery,https://www.pinterest.com/yammie/,0,0,114649,0,0,"{""is_verified_merchant"": false, ""domain_url"": ""www.yammiesnoshery.com"", ""type"": ""user"", ""blocked_by_me"": false, ""follower_count"": 114649, ""explicitly_followed_by_me"": false, ""image_medium_url"": ""https://i.pinimg.com/75x75_RS/b9/f1/b9/b9f1b9c27393aa0c5f85cbf5d416ecda.jpg"", ""id"": ""28288441317851342"", ""is_default_image"": false, ""instagram_data"": null, ""full_name"": ""Yammie's Noshery"", ""username"": ""yammie"", ""ads_only_profile_site"": null, ""followed_by_me"": false, ""indexed"": true, ""domain_verified"": true, ""first_name"": ""Yammie's Noshery"", ""verified_identity"": {}, ""is_ads_only_profile"": false, ""image_small_url"": ""https://i.pinimg.com/30x30_RS/b9/f1/b9/b9f1b9c27393aa0c5f85cbf5d416ecda.jpg""}"
28288303907492418,https://www.pinterest.com/pin/28288303907492418,Flourless Chocolate Peanut Butter Cake,"This naturally gluten free chocolate cake is layered with peanut butter buttercream, shiny ganache, and Reese's Peanut Butter Cups. ",https://www.yammiesnoshery.com/2014/08/flourless-chocolate-peanut-butter-cake.html,https://i.pinimg.com/736x/0f/c4/8b/0fc48b6fed17e28af182012d92c56777.jpg,0fc48b6fed17e28af182012d92c56777,0,4,3,0,0,0,{},"Wed, 29 Apr 2026 02:01:50 +0000",2026-06-25 05:40:30.818000,/yammie/desserts/,Desserts,0,0,public,food_drink,yammie,Yammie's Noshery,https://www.pinterest.com/yammie/,0,0,114649,0,0,"{""explicitly_followed_by_me"": false, ""indexed"": true, ""is_verified_merchant"": false, ""image_small_url"": ""https://i.pinimg.com/30x30_RS/b9/f1/b9/b9f1b9c27393aa0c5f85cbf5d416ecda.jpg"", ""id"": ""28288441317851342"", ""is_default_image"": false, ""full_name"": ""Yammie's Noshery"", ""is_ads_only_profile"": false, ""domain_verified"": true, ""username"": ""yammie"", ""ads_only_profile_site"": null, ""follower_count"": 114649, ""image_medium_url"": ""https://i.pinimg.com/75x75_RS/b9/f1/b9/b9f1b9c27393aa0c5f85cbf5d416ecda.jpg"", ""verified_identity"": {}, ""instagram_data"": null, ""first_name"": ""Yammie's Noshery"", ""type"": ""user"", ""domain_url"": ""www.yammiesnoshery.com"", ""followed_by_me"": false, ""blocked_by_me"": false}"
28288303907513621,https://www.pinterest.com/pin/28288303907513621,,Yammie's Noshery: Peanut Butter Cookie Sandwiches With Milk Chocolate Buttercream,https://www.yammiesnoshery.com/2012/09/peanut-butter-cookie-sandwiches-with.html,https://i.pinimg.com/736x/3c/99/2a/3c992a5913d8df2a98aed85cca66c22d.jpg,3c992a5913d8df2a98aed85cca66c22d,0,1,0,0,0,0,{},"Wed, 06 May 2026 00:52:18 +0000",2026-06-25 05:40:28.968000,/yammie/cookies/,Cookies,0,0,public,food_drink,yammie,Yammie's Noshery,https://www.pinterest.com/yammie/,0,0,114649,0,0,
28288303907578554,https://www.pinterest.com/pin/28288303907578554,Creamy Steak Fettuccine Alfredo,Yammie's Noshery: Creamy Steak Fettuccine Alfredo,https://www.yammiesnoshery.com/2026/05/creamy-steak-fettuccine-alfredo.html,https://i.pinimg.com/736x/d8/7a/a5/d87aa54390d5368047bdc6679d69c342.jpg,d87aa54390d5368047bdc6679d69c342,0,2,1,0,0,0,{},"Fri, 29 May 2026 16:57:54 +0000",2026-06-25 05:40:28.428000,/yammie/yammies-noshery/,Yammie's Noshery,0,0,public,food_drink,yammie,Yammie's Noshery,https://www.pinterest.com/yammie/,0,0,114649,0,0,
28288303907603269,https://www.pinterest.com/pin/28288303907603269,Dark Chocolate Cake with Tangy Yogurt Frosting,Yammie's Noshery: Amazing Dark Chocolate Cake with Greek Yogurt Chocolate Frosting {Can be gluten free!},https://www.yammiesnoshery.com/2017/05/amazing-dark-chocolate-cake-with-greek.html,https://i.pinimg.com/736x/63/f7/8a/63f78ae722dfea0f80e699f5ddacdaf1.jpg,63f78ae722dfea0f80e699f5ddacdaf1,0,2,1,0,0,0,{},"Mon, 08 Jun 2026 21:01:31 +0000",2026-06-25 05:40:20.371000,/yammie/yammies-noshery/,Yammie's Noshery,0,0,public,food_drink,yammie,Yammie's Noshery,https://www.pinterest.com/yammie/,0,0,114649,0,0,
28288303907603329,https://www.pinterest.com/pin/28288303907603329,One Hour Stuffed Cheese Buns,These soft and cheesey stuffed yeast dinner rolls are ready in 1 hour!,https://www.yammiesnoshery.com/2012/08/peetas-stuffed-cheese-buns.html,https://i.pinimg.com/736x/0b/af/af/0bafaf43fad492d4e3e1794d820e5813.jpg,0bafaf43fad492d4e3e1794d820e5813,0,5,4,0,0,0,{},"Mon, 08 Jun 2026 21:29:36 +0000",2026-06-25 05:40:20.277000,/yammie/yammies-noshery/,Yammie's Noshery,0,0,public,food_drink,yammie,Yammie's Noshery,https://www.pinterest.com/yammie/,0,0,114649,0,0,
28288303907603392,https://www.pinterest.com/pin/28288303907603392,Cinnamon Swirl Zucchini Bread,Soft and moist zucchini bread with a thick swirl of cinnamon and crunchy cinnamon sugar top. You will never make another zucchini bread recipe! Gluten free option available. ,https://www.yammiesnoshery.com/2017/08/cinnamon-swirl-zucchini-bread-with.html,https://i.pinimg.com/736x/c4/05/de/c405defe3fe8c948f6dc2d4d739ac57a.jpg,c405defe3fe8c948f6dc2d4d739ac57a,0,8,6,0,0,0,{},"Mon, 08 Jun 2026 22:15:16 +0000",2026-06-25 05:40:20.450000,/yammie/yammies-noshery/,Yammie's Noshery,0,0,public,food_drink,yammie,Yammie's Noshery,https://www.pinterest.com/yammie/,0,0,114649,0,0,"{""id"": ""28288441317851342"", ""is_verified_merchant"": false, ""full_name"": ""Yammie's Noshery"", ""verified_identity"": {}, ""first_name"": ""Yammie's Noshery"", ""followed_by_me"": false, ""blocked_by_me"": false, ""explicitly_followed_by_me"": false, ""instagram_data"": null, ""image_small_url"": ""https://i.pinimg.com/30x30_RS/b9/f1/b9/b9f1b9c27393aa0c5f85cbf5d416ecda.jpg"", ""follower_count"": 114649, ""type"": ""user"", ""ads_only_profile_site"": null, ""indexed"": true, ""username"": ""yammie"", ""domain_verified"": true, ""image_medium_url"": ""https://i.pinimg.com/75x75_RS/b9/f1/b9/b9f1b9c27393aa0c5f85cbf5d416ecda.jpg"", ""is_default_image"": false, ""domain_url"": ""www.yammiesnoshery.com"", ""is_ads_only_profile"": false}"
28288303907604976,https://www.pinterest.com/pin/28288303907604976,Unique Brownie Variations,Looking to shake up your brownie game? Try one of these top flavor ideas for your next batch! From marshmallow peanut butter crunch to caramel and pretzels to cheesecake! ,,https://i.pinimg.com/736x/7a/d0/bc/7ad0bc409af36df4df6b2fde0c626e71.jpg,7ad0bc409af36df4df6b2fde0c626e71,0,1,0,0,0,0,{},"Tue, 09 Jun 2026 14:13:57 +0000",2026-06-25 05:40:20.425000,/yammie/yammies-noshery/,Yammie's Noshery,0,0,public,food_drink,yammie,Yammie's Noshery,https://www.pinterest.com/yammie/,0,0,114649,0,0,"{""is_default_image"": false, ""follower_count"": 114649, ""image_medium_url"": ""https://i.pinimg.com/75x75_RS/b9/f1/b9/b9f1b9c27393aa0c5f85cbf5d416ecda.jpg"", ""first_name"": ""Yammie's Noshery"", ""followed_by_me"": false, ""blocked_by_me"": false, ""image_small_url"": ""https://i.pinimg.com/30x30_RS/b9/f1/b9/b9f1b9c27393aa0c5f85cbf5d416ecda.jpg"", ""type"": ""user"", ""ads_only_profile_site"": null, ""is_ads_only_profile"": false, ""indexed"": true, ""domain_url"": ""www.yammiesnoshery.com"", ""full_name"": ""Yammie's Noshery"", ""is_verified_merchant"": false, ""verified_identity"": {}, ""domain_verified"": true, ""explicitly_followed_by_me"": false, ""instagram_data"": null, ""username"": ""yammie"", ""id"": ""28288441317851342""}"
28288303907609723,https://www.pinterest.com/pin/28288303907609723,Simple Pink Gender Reveal Cake,This tall ombre cake with Italian meringue buttercream is perfect for any event... especially a gender reveal party!,https://www.yammiesnoshery.com/2012/05/pink-ombre-cake-with-italian-meringue.html,https://i.pinimg.com/736x/f7/f0/d2/f7f0d20c068581df305da6083a627b15.jpg,f7f0d20c068581df305da6083a627b15,0,2,1,0,0,0,{},"Thu, 11 Jun 2026 03:15:28 +0000",2026-06-25 05:40:20.208000,/yammie/yammies-noshery/,Yammie's Noshery,0,0,public,food_drink,yammie,Yammie's Noshery,https://www.pinterest.com/yammie/,0,0,114649,0,0,
28288303907610399,https://www.pinterest.com/pin/28288303907610399,b'Pi\xf1a Colada Cake',"b""Yammie's Noshery: Pi\xf1a Colada Cake""",https://www.yammiesnoshery.com/2012/05/pina-colada-cake.html,https://i.pinimg.com/736x/f1/07/02/f1070208fe08213cde335b19945b6585.jpg,f1070208fe08213cde335b19945b6585,0,3,2,0,0,0,{},"Thu, 11 Jun 2026 14:49:00 +0000",2026-06-25 05:40:20.336000,/yammie/yammies-noshery/,Yammie's Noshery,0,0,public,food_drink,yammie,Yammie's Noshery,https://www.pinterest.com/yammie/,0,0,114649,0,0,
28288303907610400,https://www.pinterest.com/pin/28288303907610400,b'Pi\xf1a Colada Cake',"b'This Pi\xf1a Colada Cake has a moist, fine crumbed pineapple cake and coconut cream cheese rum frosting and is topped with flaked coconut. These amazing flavors will take you on a tropical getaway!'",https://www.yammiesnoshery.com/2012/05/pina-colada-cake.html,https://i.pinimg.com/736x/f1/07/02/f1070208fe08213cde335b19945b6585.jpg,f1070208fe08213cde335b19945b6585,0,4,3,0,0,0,{},"Thu, 11 Jun 2026 14:49:42 +0000",2026-06-25 05:40:20.084000,/yammie/cakes/,Cakes!,0,0,public,food_drink,yammie,Yammie's Noshery,https://www.pinterest.com/yammie/,0,0,114649,0,0,
28288303907610872,https://www.pinterest.com/pin/28288303907610872,One Hour Cheese Bombs,"These Cheesy Yeast Bread Rolls come together in only an hour made totally from scratch! They are soft, cheesey, and garlicky!",https://www.yammiesnoshery.com/2012/08/peetas-stuffed-cheese-buns.html,https://i.pinimg.com/736x/dd/16/18/dd16189cc9bd96220b79cc92e908f9a6.jpg,dd16189cc9bd96220b79cc92e908f9a6,0,1,0,0,0,0,{},"Thu, 11 Jun 2026 18:02:39 +0000",2026-06-25 05:40:20.431000,/yammie/bread-recipes/,Bread Recipes,0,0,public,food_drink,yammie,Yammie's Noshery,https://www.pinterest.com/yammie/,0,0,114649,0,0,"{""id"": ""28288441317851342"", ""domain_verified"": true, ""image_small_url"": ""https://i.pinimg.com/30x30_RS/b9/f1/b9/b9f1b9c27393aa0c5f85cbf5d416ecda.jpg"", ""first_name"": ""Yammie's Noshery"", ""username"": ""yammie"", ""type"": ""user"", ""is_verified_merchant"": false, ""blocked_by_me"": false, ""indexed"": true, ""full_name"": ""Yammie's Noshery"", ""ads_only_profile_site"": null, ""instagram_data"": null, ""is_default_image"": false, ""explicitly_followed_by_me"": false, ""is_ads_only_profile"": false, ""verified_identity"": {}, ""image_medium_url"": ""https://i.pinimg.com/75x75_RS/b9/f1/b9/b9f1b9c27393aa0c5f85cbf5d416ecda.jpg"", ""domain_url"": ""www.yammiesnoshery.com"", ""follower_count"": 114649, ""followed_by_me"": false}"
28288303907610888,https://www.pinterest.com/pin/28288303907610888,Persian Saffron Chicken,This Authentic Persian Saffron Chicken with Barberry Rice (Zereshk Polo Ba Morgh) is a flavor explosion! ,https://www.yammiesnoshery.com/2019/02/persian-saffron-chicken-zereshk-polo-ba.html,https://i.pinimg.com/736x/91/1d/58/911d5831aa2cf38531f155df014537ec.jpg,911d5831aa2cf38531f155df014537ec,0,1,0,0,0,0,{},"Thu, 11 Jun 2026 18:10:17 +0000",2026-06-25 05:40:20.418000,/yammie/chicken-recipes/,Chicken Recipes,0,0,public,food_drink,yammie,Yammie's Noshery,https://www.pinterest.com/yammie/,0,0,114649,0,0,"{""explicitly_followed_by_me"": false, ""is_default_image"": false, ""is_verified_merchant"": false, ""blocked_by_me"": false, ""domain_verified"": true, ""image_small_url"": ""https://i.pinimg.com/30x30_RS/b9/f1/b9/b9f1b9c27393aa0c5f85cbf5d416ecda.jpg"", ""ads_only_profile_site"": null, ""instagram_data"": null, ""id"": ""28288441317851342"", ""domain_url"": ""www.yammiesnoshery.com"", ""followed_by_me"": false, ""first_name"": ""Yammie's Noshery"", ""username"": ""yammie"", ""verified_identity"": {}, ""is_ads_only_profile"": false, ""indexed"": true, ""follower_count"": 114649, ""image_medium_url"": ""https://i.pinimg.com/75x75_RS/b9/f1/b9/b9f1b9c27393aa0c5f85cbf5d416ecda.jpg"", ""type"": ""user"", ""full_name"": ""Yammie's Noshery""}"
28288303907611778,https://www.pinterest.com/pin/28288303907611778,German Pretzels,Authentic German Pretzels: Laugenbrezeln! These soft pretzels are complete with beer cheese dipping sauce. ,https://www.yammiesnoshery.com/2022/10/german-pretzel.html,https://i.pinimg.com/736x/f2/ff/db/f2ffdb5c1572642b7b1594d51b112c36.jpg,f2ffdb5c1572642b7b1594d51b112c36,0,1,0,0,0,0,{},"Fri, 12 Jun 2026 02:10:18 +0000",2026-06-25 05:40:20.388000,/yammie/bread-recipes/,Bread Recipes,0,0,public,food_drink,yammie,Yammie's Noshery,https://www.pinterest.com/yammie/,0,0,114649,0,0,"{""first_name"": ""Yammie's Noshery"", ""type"": ""user"", ""blocked_by_me"": false, ""is_ads_only_profile"": false, ""instagram_data"": null, ""follower_count"": 114649, ""explicitly_followed_by_me"": false, ""domain_verified"": true, ""followed_by_me"": false, ""is_verified_merchant"": false, ""is_default_image"": false, ""indexed"": true, ""ads_only_profile_site"": null, ""image_medium_url"": ""https://i.pinimg.com/75x75_RS/b9/f1/b9/b9f1b9c27393aa0c5f85cbf5d416ecda.jpg"", ""username"": ""yammie"", ""domain_url"": ""www.yammiesnoshery.com"", ""full_name"": ""Yammie's Noshery"", ""id"": ""28288441317851342"", ""verified_identity"": {}, ""image_small_url"": ""https://i.pinimg.com/30x30_RS/b9/f1/b9/b9f1b9c27393aa0c5f85cbf5d416ecda.jpg""}"
28288303907612627,https://www.pinterest.com/pin/28288303907612627,Copycat Auntie Anne's Soft Pretzels,These Soft Pretzels are better than Auntie Anne's mall pretzels! They only take about an hour to make. What are you waiting for??,https://www.yammiesnoshery.com/2012/04/auntie-annes-pretzels-copycat-recipe.html,https://i.pinimg.com/736x/bc/15/cf/bc15cf2ffd0a3d446d9486e45f710034.jpg,bc15cf2ffd0a3d446d9486e45f710034,0,1,0,0,0,0,{},"Fri, 12 Jun 2026 13:22:42 +0000",2026-06-25 05:40:20.373000,/yammie/sides-appetizers-etc/,"Sides, Appetizers, Etc.",0,0,public,food_drink,yammie,Yammie's Noshery,https://www.pinterest.com/yammie/,0,0,114649,0,0,"{""verified_identity"": {}, ""ads_only_profile_site"": null, ""id"": ""28288441317851342"", ""domain_url"": ""www.yammiesnoshery.com"", ""image_medium_url"": ""https://i.pinimg.com/75x75_RS/b9/f1/b9/b9f1b9c27393aa0c5f85cbf5d416ecda.jpg"", ""image_small_url"": ""https://i.pinimg.com/30x30_RS/b9/f1/b9/b9f1b9c27393aa0c5f85cbf5d416ecda.jpg"", ""domain_verified"": true, ""indexed"": true, ""blocked_by_me"": false, ""follower_count"": 114649, ""is_verified_merchant"": false, ""first_name"": ""Yammie's Noshery"", ""explicitly_followed_by_me"": false, ""is_ads_only_profile"": false, ""instagram_data"": null, ""is_default_image"": false, ""followed_by_me"": false, ""full_name"": ""Yammie's Noshery"", ""type"": ""user"", ""username"": ""yammie""}"
28288303907612739,https://www.pinterest.com/pin/28288303907612739,Blueberry Muffins,"These are the best bakery style blueberry muffins ever! They are super moist, tall crowned, and bursting with berries! These are a highly reviewed 5 star recipe that is tried and true for over a decade! ",https://www.yammiesnoshery.com/2015/01/the-best-blueberry-muffins-ever.html,https://i.pinimg.com/736x/fc/6c/f2/fc6cf2f26349f921230e22ff3abbd173.jpg,fc6cf2f26349f921230e22ff3abbd173,0,3,2,0,0,0,{},"Fri, 12 Jun 2026 14:13:46 +0000",2026-06-25 05:40:20.158000,/yammie/muffins-and-quickbreads/,Muffins and Quickbreads,0,0,public,,yammie,Yammie's Noshery,https://www.pinterest.com/yammie/,0,0,114649,0,0,"{""domain_url"": ""www.yammiesnoshery.com"", ""blocked_by_me"": false, ""id"": ""28288441317851342"", ""ads_only_profile_site"": null, ""type"": ""user"", ""full_name"": ""Yammie's Noshery"", ""explicitly_followed_by_me"": false, ""is_verified_merchant"": false, ""followed_by_me"": false, ""is_default_image"": false, ""username"": ""yammie"", ""indexed"": true, ""first_name"": ""Yammie's Noshery"", ""is_ads_only_profile"": false, ""image_small_url"": ""https://i.pinimg.com/30x30_RS/b9/f1/b9/b9f1b9c27393aa0c5f85cbf5d416ecda.jpg"", ""instagram_data"": null, ""image_medium_url"": ""https://i.pinimg.com/75x75_RS/b9/f1/b9/b9f1b9c27393aa0c5f85cbf5d416ecda.jpg"", ""follower_count"": 114649, ""verified_identity"": {}, ""domain_verified"": true}"
28288303907612747,https://www.pinterest.com/pin/28288303907612747,Auntie Anne's Copycat Soft Pretzels,These quick and easy soft pretzels take just over an hour to make and taste even better than Auntie Anne's pretzels from the mall!,https://www.yammiesnoshery.com/2012/04/auntie-annes-pretzels-copycat-recipe.html,https://i.pinimg.com/736x/32/9f/ae/329faea6f49f86f8c2fef315b468eec3.jpg,329faea6f49f86f8c2fef315b468eec3,0,2,1,0,0,0,{},"Fri, 12 Jun 2026 14:20:53 +0000",2026-06-25 05:40:20.006000,/yammie/sides-appetizers-etc/,"Sides, Appetizers, Etc.",0,0,public,food_drink,yammie,Yammie's Noshery,https://www.pinterest.com/yammie/,0,0,114649,0,0,"{""followed_by_me"": false, ""ads_only_profile_site"": null, ""verified_identity"": {}, ""blocked_by_me"": false, ""domain_verified"": true, ""image_medium_url"": ""https://i.pinimg.com/75x75_RS/b9/f1/b9/b9f1b9c27393aa0c5f85cbf5d416ecda.jpg"", ""indexed"": true, ""id"": ""28288441317851342"", ""follower_count"": 114649, ""domain_url"": ""www.yammiesnoshery.com"", ""first_name"": ""Yammie's Noshery"", ""explicitly_followed_by_me"": false, ""instagram_data"": null, ""is_default_image"": false, ""type"": ""user"", ""full_name"": ""Yammie's Noshery"", ""username"": ""yammie"", ""is_ads_only_profile"": false, ""image_small_url"": ""https://i.pinimg.com/30x30_RS/b9/f1/b9/b9f1b9c27393aa0c5f85cbf5d416ecda.jpg"", ""is_verified_merchant"": false}"
28288303907612756,https://www.pinterest.com/pin/28288303907612756,Persian Saffron Chicken,"This Authentic Persian saffron chicken with barberry rice and shirazi salad is a classic Iranian dish that you will love! Also known as Zereshk Polo ba Morgh, this dish is full of warm spices and savory flavors.  ",https://www.yammiesnoshery.com/2019/02/persian-saffron-chicken-zereshk-polo-ba.html,https://i.pinimg.com/736x/29/99/d7/2999d724aea59ccfe70646cb70d03d41.jpg,2999d724aea59ccfe70646cb70d03d41,0,1,0,0,0,0,{},"Fri, 12 Jun 2026 14:26:35 +0000",2026-06-25 05:40:19.952000,/yammie/chicken-recipes/,Chicken Recipes,0,0,public,food_drink,yammie,Yammie's Noshery,https://www.pinterest.com/yammie/,0,0,114649,0,0,"{""blocked_by_me"": false, ""username"": ""yammie"", ""is_ads_only_profile"": false, ""explicitly_followed_by_me"": false, ""first_name"": ""Yammie's Noshery"", ""is_verified_merchant"": false, ""domain_verified"": true, ""verified_identity"": {}, ""full_name"": ""Yammie's Noshery"", ""indexed"": true, ""ads_only_profile_site"": null, ""followed_by_me"": false, ""id"": ""28288441317851342"", ""image_medium_url"": ""https://i.pinimg.com/75x75_RS/b9/f1/b9/b9f1b9c27393aa0c5f85cbf5d416ecda.jpg"", ""instagram_data"": null, ""is_default_image"": false, ""follower_count"": 114649, ""image_small_url"": ""https://i.pinimg.com/30x30_RS/b9/f1/b9/b9f1b9c27393aa0c5f85cbf5d416ecda.jpg"", ""domain_url"": ""www.yammiesnoshery.com"", ""type"": ""user""}"
28288303907615569,https://www.pinterest.com/pin/28288303907615569,Lemon Poppyseed Muffins,The best moist and fluffy lemon poppyseed muffins with an extra lemony flavor! These muffins are super moist thanks to sour cream and have a crackly lemon glaze!,https://www.yammiesnoshery.com/2019/08/the-best-lemon-poppyseed-muffins.html,https://i.pinimg.com/736x/be/05/36/be053644aebf43c56bcde6b06b528f75.jpg,be053644aebf43c56bcde6b06b528f75,0,1,0,0,0,0,{},"Sat, 13 Jun 2026 15:21:14 +0000",2026-06-25 05:40:19.986000,/yammie/muffins-and-quickbreads/,Muffins and Quickbreads,0,0,public,,yammie,Yammie's Noshery,https://www.pinterest.com/yammie/,0,0,114649,0,0,"{""explicitly_followed_by_me"": false, ""ads_only_profile_site"": null, ""type"": ""user"", ""indexed"": true, ""is_ads_only_profile"": false, ""image_medium_url"": ""https://i.pinimg.com/75x75_RS/b9/f1/b9/b9f1b9c27393aa0c5f85cbf5d416ecda.jpg"", ""image_small_url"": ""https://i.pinimg.com/30x30_RS/b9/f1/b9/b9f1b9c27393aa0c5f85cbf5d416ecda.jpg"", ""domain_url"": ""www.yammiesnoshery.com"", ""followed_by_me"": false, ""first_name"": ""Yammie's Noshery"", ""domain_verified"": true, ""username"": ""yammie"", ""is_verified_merchant"": false, ""id"": ""28288441317851342"", ""follower_count"": 114649, ""blocked_by_me"": false, ""instagram_data"": null, ""verified_identity"": {}, ""is_default_image"": false, ""full_name"": ""Yammie's Noshery""}"
28288303907615672,https://www.pinterest.com/pin/28288303907615672,Stuffed Cheese Buns,"Cheesy stuffed garlic buns! These yeasty, cheesy, bread rolls are ready in ONE HOUR!",https://www.yammiesnoshery.com/2012/08/peetas-stuffed-cheese-buns.html,https://i.pinimg.com/736x/14/5c/56/145c56fea3eff359d4db0ec129a5d08e.jpg,145c56fea3eff359d4db0ec129a5d08e,0,2,1,0,0,0,{},"Sat, 13 Jun 2026 17:04:09 +0000",2026-06-25 05:40:20.079000,/yammie/bread-recipes/,Bread Recipes,0,0,public,food_drink,yammie,Yammie's Noshery,https://www.pinterest.com/yammie/,0,0,114649,0,0,"{""follower_count"": 114649, ""is_default_image"": false, ""image_medium_url"": ""https://i.pinimg.com/75x75_RS/b9/f1/b9/b9f1b9c27393aa0c5f85cbf5d416ecda.jpg"", ""domain_url"": ""www.yammiesnoshery.com"", ""full_name"": ""Yammie's Noshery"", ""explicitly_followed_by_me"": false, ""image_small_url"": ""https://i.pinimg.com/30x30_RS/b9/f1/b9/b9f1b9c27393aa0c5f85cbf5d416ecda.jpg"", ""followed_by_me"": false, ""ads_only_profile_site"": null, ""blocked_by_me"": false, ""indexed"": true, ""is_ads_only_profile"": false, ""verified_identity"": {}, ""instagram_data"": null, ""type"": ""user"", ""username"": ""yammie"", ""domain_verified"": true, ""id"": ""28288441317851342"", ""is_verified_merchant"": false, ""first_name"": ""Yammie's Noshery""}"
28288303907616476,https://www.pinterest.com/pin/28288303907616476,Blackberry Cheesecake Bars with Brown Sugar Crust,Yammie's Noshery: Blackberry Cheesecake Bars with Brown Sugar Crust,https://www.yammiesnoshery.com/2013/08/blackberry-cheesecake-bars-with-brown.html,https://i.pinimg.com/736x/21/36/94/21369462d6f4e9bdb64ad9797af9fd98.jpg,21369462d6f4e9bdb64ad9797af9fd98,0,3,2,0,0,0,{},"Sun, 14 Jun 2026 02:35:56 +0000",2026-06-25 05:40:19.995000,/yammie/brownies-and-bars/,Brownies and Bars,0,0,public,food_drink,yammie,Yammie's Noshery,https://www.pinterest.com/yammie/,0,0,114649,0,0,
28288303907616492,https://www.pinterest.com/pin/28288303907616492,Microwave Caramel Corn,Crunchy caramel corn made completely in the microwave,https://www.yammiesnoshery.com/2023/02/microwave-caramel-corn.html,https://i.pinimg.com/736x/4d/e7/7f/4de77fc1bf503b2fcc35d6ab534efc8b.jpg,4de77fc1bf503b2fcc35d6ab534efc8b,0,1,0,0,0,0,{},"Sun, 14 Jun 2026 03:04:23 +0000",2026-06-25 05:40:20.115000,/yammie/desserts/,Desserts,0,0,public,food_drink,yammie,Yammie's Noshery,https://www.pinterest.com/yammie/,0,0,114649,0,0,"{""image_small_url"": ""https://i.pinimg.com/30x30_RS/b9/f1/b9/b9f1b9c27393aa0c5f85cbf5d416ecda.jpg"", ""explicitly_followed_by_me"": false, ""domain_verified"": true, ""follower_count"": 114649, ""image_medium_url"": ""https://i.pinimg.com/75x75_RS/b9/f1/b9/b9f1b9c27393aa0c5f85cbf5d416ecda.jpg"", ""ads_only_profile_site"": null, ""verified_identity"": {}, ""first_name"": ""Yammie's Noshery"", ""indexed"": true, ""is_verified_merchant"": false, ""username"": ""yammie"", ""instagram_data"": null, ""is_ads_only_profile"": false, ""is_default_image"": false, ""domain_url"": ""www.yammiesnoshery.com"", ""type"": ""user"", ""blocked_by_me"": false, ""full_name"": ""Yammie's Noshery"", ""followed_by_me"": false, ""id"": ""28288441317851342""}"
28288303907616534,https://www.pinterest.com/pin/28288303907616534,Strawberry Pretzel Tart,"The fancy version of your favorite nostalgic jello salad. You will love this salty pretzel crust, smooth cream cheese layer, and fresh strawberries. An elegant dessert!",https://www.yammiesnoshery.com/2013/06/strawberry-pretzel-tart.html,https://i.pinimg.com/736x/68/ec/69/68ec69a06994907ff4cbeb8c143be56f.jpg,68ec69a06994907ff4cbeb8c143be56f,0,13,5,0,0,0,"{""1"": 1}","Sun, 14 Jun 2026 03:34:16 +0000",2026-06-25 05:40:19.842000,/yammie/pies/,Pies,0,0,public,,yammie,Yammie's Noshery,https://www.pinterest.com/yammie/,0,0,114649,0,0,"{""blocked_by_me"": false, ""id"": ""28288441317851342"", ""is_verified_merchant"": false, ""indexed"": true, ""image_medium_url"": ""https://i.pinimg.com/75x75_RS/b9/f1/b9/b9f1b9c27393aa0c5f85cbf5d416ecda.jpg"", ""is_default_image"": false, ""instagram_data"": null, ""domain_verified"": true, ""full_name"": ""Yammie's Noshery"", ""domain_url"": ""www.yammiesnoshery.com"", ""is_ads_only_profile"": false, ""explicitly_followed_by_me"": false, ""first_name"": ""Yammie's Noshery"", ""type"": ""user"", ""followed_by_me"": false, ""ads_only_profile_site"": null, ""username"": ""yammie"", ""image_small_url"": ""https://i.pinimg.com/30x30_RS/b9/f1/b9/b9f1b9c27393aa0c5f85cbf5d416ecda.jpg"", ""follower_count"": 114649, ""verified_identity"": {}}"
28288303907616555,https://www.pinterest.com/pin/28288303907616555,Creamy Tomato Soup,This is the creamiest recipe for homemade tomato soup! Nothing better with a grilled cheese. ,https://www.yammiesnoshery.com/2022/09/tomato-soup.html,https://i.pinimg.com/736x/ac/12/9f/ac129ffeffccbd757a8522afa198759b.jpg,ac129ffeffccbd757a8522afa198759b,0,1,0,0,0,0,{},"Sun, 14 Jun 2026 03:41:36 +0000",2026-06-25 05:40:19.934000,/yammie/soup-sandwich-salad/,"Soup, Sandwich, Salad",0,0,public,food_drink,yammie,Yammie's Noshery,https://www.pinterest.com/yammie/,0,0,114649,0,0,"{""verified_identity"": {}, ""id"": ""28288441317851342"", ""image_medium_url"": ""https://i.pinimg.com/75x75_RS/b9/f1/b9/b9f1b9c27393aa0c5f85cbf5d416ecda.jpg"", ""explicitly_followed_by_me"": false, ""blocked_by_me"": false, ""full_name"": ""Yammie's Noshery"", ""domain_verified"": true, ""followed_by_me"": false, ""first_name"": ""Yammie's Noshery"", ""type"": ""user"", ""is_verified_merchant"": false, ""is_ads_only_profile"": false, ""follower_count"": 114649, ""image_small_url"": ""https://i.pinimg.com/30x30_RS/b9/f1/b9/b9f1b9c27393aa0c5f85cbf5d416ecda.jpg"", ""instagram_data"": null, ""ads_only_profile_site"": null, ""domain_url"": ""www.yammiesnoshery.com"", ""username"": ""yammie"", ""indexed"": true, ""is_default_image"": false}"
28288303907616909,https://www.pinterest.com/pin/28288303907616909,150 Calorie Chocolate Banana Bread,"This secretly healthy banana bread won't break your diet! A healthy sweet treat that is fudgy and rich, but low sugar, low fat, gluten free, and low calorie! ",https://www.yammiesnoshery.com/2019/01/secretly-healthy-chocolate-banana-bread.html,https://i.pinimg.com/736x/67/20/a8/6720a89c1835aa74a49383916b709c19.jpg,6720a89c1835aa74a49383916b709c19,0,1,0,0,0,0,{},"Sun, 14 Jun 2026 12:31:20 +0000",2026-06-25 05:40:19.894000,/yammie/secretly-healthy-desserts/,Secretly Healthy Desserts,0,0,public,,yammie,Yammie's Noshery,https://www.pinterest.com/yammie/,0,0,114649,0,0,"{""instagram_data"": null, ""ads_only_profile_site"": null, ""blocked_by_me"": false, ""followed_by_me"": false, ""indexed"": true, ""is_verified_merchant"": false, ""first_name"": ""Yammie's Noshery"", ""username"": ""yammie"", ""is_ads_only_profile"": false, ""id"": ""28288441317851342"", ""type"": ""user"", ""domain_url"": ""www.yammiesnoshery.com"", ""image_medium_url"": ""https://i.pinimg.com/75x75_RS/b9/f1/b9/b9f1b9c27393aa0c5f85cbf5d416ecda.jpg"", ""explicitly_followed_by_me"": false, ""follower_count"": 114649, ""full_name"": ""Yammie's Noshery"", ""image_small_url"": ""https://i.pinimg.com/30x30_RS/b9/f1/b9/b9f1b9c27393aa0c5f85cbf5d416ecda.jpg"", ""domain_verified"": true, ""verified_identity"": {}, ""is_default_image"": false}"
28288303907616993,https://www.pinterest.com/pin/28288303907616993,,Yammie's Noshery: The Best Blueberry Muffins Ever,https://www.yammiesnoshery.com/2015/01/the-best-blueberry-muffins-ever.html,https://i.pinimg.com/736x/3b/58/8e/3b588edc687f7dce80cd0c450cd4473c.jpg,3b588edc687f7dce80cd0c450cd4473c,0,1,0,0,0,0,{},"Sun, 14 Jun 2026 13:50:21 +0000",2026-06-25 05:40:19.866000,/yammie/yammies-noshery/,Yammie's Noshery,0,0,public,food_drink,yammie,Yammie's Noshery,https://www.pinterest.com/yammie/,0,0,114649,0,0,
28288303907617109,https://www.pinterest.com/pin/28288303907617109,Super Moist Banana Muffins,These one bowl banana bread muffins are moist and fine crumbed. You will never make another muffin recipe again! ,https://www.yammiesnoshery.com/2013/10/the-best-banana-bread-muffins-ever.html,https://i.pinimg.com/736x/7a/06/49/7a06493d985f2ffdcfe19bc32d18ce68.jpg,7a06493d985f2ffdcfe19bc32d18ce68,0,1,0,0,0,0,{},"Sun, 14 Jun 2026 14:29:08 +0000",2026-06-25 05:40:19.914000,/yammie/muffins-and-quickbreads/,Muffins and Quickbreads,0,0,public,,yammie,Yammie's Noshery,https://www.pinterest.com/yammie/,0,0,114649,0,0,"{""follower_count"": 114649, ""blocked_by_me"": false, ""domain_url"": ""www.yammiesnoshery.com"", ""full_name"": ""Yammie's Noshery"", ""is_default_image"": false, ""ads_only_profile_site"": null, ""indexed"": true, ""domain_verified"": true, ""first_name"": ""Yammie's Noshery"", ""is_ads_only_profile"": false, ""username"": ""yammie"", ""is_verified_merchant"": false, ""image_small_url"": ""https://i.pinimg.com/30x30_RS/b9/f1/b9/b9f1b9c27393aa0c5f85cbf5d416ecda.jpg"", ""image_medium_url"": ""https://i.pinimg.com/75x75_RS/b9/f1/b9/b9f1b9c27393aa0c5f85cbf5d416ecda.jpg"", ""instagram_data"": null, ""explicitly_followed_by_me"": false, ""type"": ""user"", ""followed_by_me"": false, ""verified_identity"": {}, ""id"": ""28288441317851342""}"
28288303907620350,https://www.pinterest.com/pin/28288303907620350,The Perfect Chocolate Mousse,Yammie's Noshery: The Perfect Chocolate Mousse,https://www.yammiesnoshery.com/2018/01/the-perfect-chocolate-mousse.html,https://i.pinimg.com/736x/25/c5/a0/25c5a0a9aadc731b786b7010b9fe0b92.jpg,25c5a0a9aadc731b786b7010b9fe0b92,0,2,1,0,0,0,{},"Mon, 15 Jun 2026 22:04:21 +0000",2026-06-25 05:40:20.050000,/yammie/desserts/,Desserts,0,0,public,food_drink,yammie,Yammie's Noshery,https://www.pinterest.com/yammie/,0,0,114649,0,0,
28288303907621406,https://www.pinterest.com/pin/28288303907621406,Cherry Cheesecake Swirl Brownies,Yammie's Noshery: Cherry Cheesecake Swirl Brownies,https://www.yammiesnoshery.com/2017/08/cherry-cheesecake-swirl-brownies-plus.html,https://i.pinimg.com/736x/3b/12/4f/3b124f25e161d05c51482af4cc159318.jpg,3b124f25e161d05c51482af4cc159318,0,2,1,0,0,0,{},"Tue, 16 Jun 2026 12:33:34 +0000",2026-06-25 05:40:19.664000,/yammie/brownies-and-bars/,Brownies and Bars,0,0,public,food_drink,yammie,Yammie's Noshery,https://www.pinterest.com/yammie/,0,0,114649,0,0,
28288303907621582,https://www.pinterest.com/pin/28288303907621582,Panera Bread Broccoli Cheddar Soup Copycat Recipe,Yammie's Noshery: Panera Bread Broccoli Cheddar Soup Copycat Recipe,https://www.yammiesnoshery.com/2013/12/panera-bread-broccoli-cheddar-soup.html,https://i.pinimg.com/736x/b3/50/6e/b3506e55c96be8992cdc010ccf9d9ea9.jpg,b3506e55c96be8992cdc010ccf9d9ea9,0,1,0,0,0,0,{},"Tue, 16 Jun 2026 14:22:15 +0000",2026-06-25 05:40:19.748000,/yammie/soup-sandwich-salad/,"Soup, Sandwich, Salad",0,0,public,food_drink,yammie,Yammie's Noshery,https://www.pinterest.com/yammie/,0,0,114649,0,0,
28288303907625357,https://www.pinterest.com/pin/28288303907625357,Fat Chewy Peanut Butter Banana Cookies,Yammie's Noshery: Fat Chewy Peanut Butter Banana Cookies,https://www.yammiesnoshery.com/2015/02/fat-chewy-peanut-butter-banana-cookies.html,https://i.pinimg.com/736x/a0/d1/09/a0d1093878ed0ff1182b6c23695e755a.jpg,a0d1093878ed0ff1182b6c23695e755a,0,1,0,0,0,0,{},"Thu, 18 Jun 2026 00:26:37 +0000",2026-06-25 05:40:19.820000,/yammie/cookies/,Cookies,0,0,public,food_drink,yammie,Yammie's Noshery,https://www.pinterest.com/yammie/,0,0,114649,0,0,
28288303907625814,https://www.pinterest.com/pin/28288303907625814,Lemon Poppyseed Bundt Cake,Yammie's Noshery: Lemon Poppyseed Bundt Cake,https://www.yammiesnoshery.com/2023/04/lemon-poppyseed-bundt-cake.html,https://i.pinimg.com/736x/ec/2d/2c/ec2d2ccf01319f99ea3b47f73751a190.jpg,ec2d2ccf01319f99ea3b47f73751a190,0,1,0,0,0,0,{},"Thu, 18 Jun 2026 04:09:14 +0000",2026-06-25 05:40:19.830000,/yammie/cakes/,Cakes!,0,0,public,food_drink,yammie,Yammie's Noshery,https://www.pinterest.com/yammie/,0,0,114649,0,0,
28288303907628290,https://www.pinterest.com/pin/28288303907628290,The Best German Chocolate Cake in All the Land,Yammie's Noshery: The Best German Chocolate Cake in All the Land,https://www.yammiesnoshery.com/2013/12/the-best-german-chocolate-cake-in-all.html,https://i.pinimg.com/736x/b3/a2/79/b3a2795eff2026ba800456c698f0b446.jpg,b3a2795eff2026ba800456c698f0b446,0,1,0,0,0,0,{},"Fri, 19 Jun 2026 04:15:17 +0000",2026-06-25 05:40:19.654000,/yammie/cakes/,Cakes!,0,0,public,food_drink,yammie,Yammie's Noshery,https://www.pinterest.com/yammie/,0,0,114649,0,0,
28288303907628299,https://www.pinterest.com/pin/28288303907628299,The Best German Chocolate Cake in all the Land,"Dark, rich, moist cake + Creamy milk chocolate frosting + Caramel Coconut Pecan Frosting ",https://www.yammiesnoshery.com/2013/12/the-best-german-chocolate-cake-in-all.html,https://i.pinimg.com/736x/b0/ce/ed/b0ceed0b9ec0f012d3aae1f2223c73ad.jpg,b0ceed0b9ec0f012d3aae1f2223c73ad,0,1,0,0,0,0,{},"Fri, 19 Jun 2026 04:25:58 +0000",2026-06-25 05:40:19.667000,/yammie/cakes/,Cakes!,0,0,public,food_drink,yammie,Yammie's Noshery,https://www.pinterest.com/yammie/,0,0,114649,0,0,
28288303907629688,https://www.pinterest.com/pin/28288303907629688,Aunt Pat's Banana Cake With Caramel Frosting,Yammie's Noshery: Aunt Pat's Banana Cake With Caramel Frosting,https://www.yammiesnoshery.com/2013/05/aunt-pats-banana-cake-with-caramel.html,https://i.pinimg.com/736x/ce/f8/38/cef83897e89f1d6df7d0b85ee9a36f4f.jpg,cef83897e89f1d6df7d0b85ee9a36f4f,0,1,0,0,0,0,{},"Fri, 19 Jun 2026 19:27:33 +0000",2026-06-25 05:40:19.683000,/yammie/cakes/,Cakes!,0,0,public,food_drink,yammie,Yammie's Noshery,https://www.pinterest.com/yammie/,0,0,114649,0,0,
28288303907629760,https://www.pinterest.com/pin/28288303907629760,Flourless Dark Chocolate Brownie Cookies,Yammie's Noshery: Flourless Dark Chocolate Brownie Cookies,https://www.yammiesnoshery.com/2017/09/flourless-dark-chocolate-brownie-cookies.html,https://i.pinimg.com/736x/30/c0/d1/30c0d1dc70f9af25ce48c81a56422ac6.jpg,30c0d1dc70f9af25ce48c81a56422ac6,0,1,0,0,0,0,{},"Fri, 19 Jun 2026 20:10:55 +0000",2026-06-25 05:40:19.739000,/yammie/cookies/,Cookies,0,0,public,food_drink,yammie,Yammie's Noshery,https://www.pinterest.com/yammie/,0,0,114649,0,0,
28288303907629805,https://www.pinterest.com/pin/28288303907629805,Pumpkin Cream Cheese Crumb Cake,Yammie's Noshery: Pumpkin Cream Cheese Crumb Cake,https://www.yammiesnoshery.com/2018/11/pumpkin-cream-cheese-crumb-cake.html,https://i.pinimg.com/736x/d3/e2/75/d3e275b976db7c67da0cb056c5eaabb8.jpg,d3e275b976db7c67da0cb056c5eaabb8,0,1,0,0,0,0,{},"Fri, 19 Jun 2026 20:30:28 +0000",2026-06-25 05:40:19.689000,/yammie/cakes/,Cakes!,0,0,public,food_drink,yammie,Yammie's Noshery,https://www.pinterest.com/yammie/,0,0,114649,0,0,
28288303907629842,https://www.pinterest.com/pin/28288303907629842,Cream Cheese Apple Coffee Cake,Yammie's Noshery: Cream Cheese Apple Coffee Cake,https://www.yammiesnoshery.com/2014/10/cream-cheese-apple-coffee-cake.html,https://i.pinimg.com/736x/0c/f2/c6/0cf2c6eb40d24cbe9d5f4c2e316a36b6.jpg,0cf2c6eb40d24cbe9d5f4c2e316a36b6,0,2,1,0,0,0,{},"Fri, 19 Jun 2026 20:58:18 +0000",2026-06-25 05:40:19.855000,/yammie/cakes/,Cakes!,0,0,public,food_drink,yammie,Yammie's Noshery,https://www.pinterest.com/yammie/,0,0,114649,0,0,
28288303907636159,https://www.pinterest.com/pin/28288303907636159,Iranian Saffron Chicken,Authentic Persian Saffron Chicken with Barberry Rice- Zereshk Polo ba Morgh. ,https://www.yammiesnoshery.com/2019/02/persian-saffron-chicken-zereshk-polo-ba.html,https://i.pinimg.com/736x/59/59/c1/5959c1eea657a30a788196d1a97fff82.jpg,5959c1eea657a30a788196d1a97fff82,0,1,0,0,0,0,{},"Mon, 22 Jun 2026 14:33:16 +0000",2026-06-25 05:40:19.677000,/yammie/chicken-recipes/,Chicken Recipes,0,0,public,food_drink,yammie,Yammie's Noshery,https://www.pinterest.com/yammie/,0,0,114649,0,0,"{""domain_url"": ""www.yammiesnoshery.com"", ""indexed"": true, ""ads_only_profile_site"": null, ""explicitly_followed_by_me"": false, ""is_verified_merchant"": false, ""type"": ""user"", ""full_name"": ""Yammie's Noshery"", ""first_name"": ""Yammie's Noshery"", ""username"": ""yammie"", ""image_small_url"": ""https://i.pinimg.com/30x30_RS/b9/f1/b9/b9f1b9c27393aa0c5f85cbf5d416ecda.jpg"", ""is_ads_only_profile"": false, ""id"": ""28288441317851342"", ""image_medium_url"": ""https://i.pinimg.com/75x75_RS/b9/f1/b9/b9f1b9c27393aa0c5f85cbf5d416ecda.jpg"", ""verified_identity"": {}, ""is_default_image"": false, ""blocked_by_me"": false, ""follower_count"": 114649, ""followed_by_me"": false, ""instagram_data"": null, ""domain_verified"": true}"
28288303907639036,https://www.pinterest.com/pin/28288303907639036,One Hour Stuffed Cheese Buns,One hour yeast bread stuffed with tons of cheese! You won't be able to stop eating these!,https://www.yammiesnoshery.com/2012/08/peetas-stuffed-cheese-buns.html,https://i.pinimg.com/736x/a8/b0/c2/a8b0c2a20e1c17d0d86ffe16ef7a1514.jpg,a8b0c2a20e1c17d0d86ffe16ef7a1514,0,1,0,0,0,0,{},"Tue, 23 Jun 2026 13:09:46 +0000",2026-06-25 05:40:19.701000,/yammie/bread-recipes/,Bread Recipes,0,0,public,food_drink,yammie,Yammie's Noshery,https://www.pinterest.com/yammie/,0,0,114649,0,0,"{""ads_only_profile_site"": null, ""domain_verified"": true, ""id"": ""28288441317851342"", ""image_small_url"": ""https://i.pinimg.com/30x30_RS/b9/f1/b9/b9f1b9c27393aa0c5f85cbf5d416ecda.jpg"", ""domain_url"": ""www.yammiesnoshery.com"", ""followed_by_me"": false, ""follower_count"": 114649, ""verified_identity"": {}, ""is_default_image"": false, ""first_name"": ""Yammie's Noshery"", ""blocked_by_me"": false, ""instagram_data"": null, ""is_ads_only_profile"": false, ""type"": ""user"", ""full_name"": ""Yammie's Noshery"", ""image_medium_url"": ""https://i.pinimg.com/75x75_RS/b9/f1/b9/b9f1b9c27393aa0c5f85cbf5d416ecda.jpg"", ""is_verified_merchant"": false, ""indexed"": true, ""explicitly_followed_by_me"": false, ""username"": ""yammie""}"
28288303907642804,https://www.pinterest.com/pin/28288303907642804,Gluten Free Buckwheat Banana Pancakes,A naturally gluten free and nutrient dense breakfast- buckwheat banana oatmeal pancakes with dark chocolate chunks. Fluffy and flavorful!,https://www.yammiesnoshery.com/2016/04/buckwheat-banana-oatmeal-dark-chocolate.html,https://i.pinimg.com/736x/dc/f9/b7/dcf9b705a706ce6b3cc2033228391276.jpg,dcf9b705a706ce6b3cc2033228391276,0,1,0,0,0,0,{},"Wed, 24 Jun 2026 19:59:05 +0000",2026-06-25 05:40:19.639000,/yammie/breakfast/,Breakfast,0,0,public,food_drink,yammie,Yammie's Noshery,https://www.pinterest.com/yammie/,0,0,114649,0,0,
4595853144698754688,https://www.pinterest.com/pin/4595853144698754688,Press on Nails Square Fake Nails with Fish Designs False Nails Lovely Glossy Glues on Artificial Nails for Womens Girls,"Features: Package includes,1set false nails with designs. materials,these press on nails with designs make from quality materials, none irritating smell,not easy to break,and will not harm the human body and nails,and can be used with confidence. Comfortable to use,these glues on nails are designed according to the curvature of female nails, with moderate thickness, natural, more natural, and comfortable to use. Wonderful gift,sweet warm gift for friend family and yourself. Wide applications,designs fake nails suitable for various social occasions great for nails salon,diys home nails art.perfect to be used on wedding ,prom ,dating, and they also suitable for valentines , halloween, christmas day and other festival. Specifications: Materials:ABS Package Includes: 1Kit Press On nails note: ",https://www.walmart.com/ip/Press-on-Nails-Square-Fake-Nails-with-Fish-Designs-False-Nails-Lovely-Glossy-Glues-on-Artificial-Nails-for-Womens-Girls/18060821476?wmlspartner=wlpa&selectedSellerId=102905250,https://i.pinimg.com/736x/2a/96/14/2a96144ac8bdd3b6e20aa1b7910a5426.jpg,2a96144ac8bdd3b6e20aa1b7910a5426,0,217,6,1,0,1,"{""1"": 22}","Wed, 03 Jun 2026 22:53:16 +0000",2026-06-25 05:27:04.054000,/Walmart/_products/,Products,0,0,protected,products,Walmart,Walmart,https://www.pinterest.com/Walmart/,0,0,2310402,0,0,"{""verified_identity"": {""name"": ""walmart"", ""verified"": true}, ""blocked_by_me"": false, ""username"": ""Walmart"", ""type"": ""user"", ""domain_url"": ""walmart.com"", ""image_medium_url"": ""https://i.pinimg.com/75x75_RS/7f/d2/07/7fd207a1929860fd93ec684eb717a4b4.jpg"", ""image_small_url"": ""https://i.pinimg.com/30x30_RS/7f/d2/07/7fd207a1929860fd93ec684eb717a4b4.jpg"", ""explicitly_followed_by_me"": false, ""is_default_image"": false, ""is_ads_only_profile"": false, ""first_name"": ""Walmart"", ""follower_count"": 2310402, ""ads_only_profile_site"": null, ""domain_verified"": true, ""instagram_data"": null, ""is_verified_merchant"": true, ""followed_by_me"": false, ""id"": ""112027246889273637"", ""full_name"": ""Walmart"", ""indexed"": true}"
4607112184079234176,https://www.pinterest.com/pin/4607112184079234176,24pcs 3D Carved Flowers Press on Toenails Colorful French False Toe Nails Wearable Detachable,24pcs 3D Carved Flowers Press on Toenails Colorful French False Toe Nails Wearable Detachable,https://s.click.aliexpress.com/deep_link.htm?dl_target_url=https://www.aliexpress.com/ssr/300001872/pinterest-all%3FdisableNav%3DYES%26pha_manifest%3Dssr%26_immersiveMode%3Dtrue%26businessCode%3Dug%26productIds%3D3256810446997924&src=pinterest&aff_short_key=_onZ6vYN&aff_platform=true&isdl=y,https://i.pinimg.com/736x/3b/ac/b3/3bacb32ff59df5de512d9cba0bb47833.jpg,3bacb32ff59df5de512d9cba0bb47833,0,112,112,0,0,4,"{""1"": 12}","Thu, 26 Feb 2026 19:00:39 +0000",2026-06-25 05:27:06.575000,/aliexpress/_products/,Products,0,0,protected,products,aliexpress,AliExpress,https://www.pinterest.com/aliexpress/,0,0,4099784,0,0,"{""ads_only_profile_site"": null, ""explicitly_followed_by_me"": false, ""domain_url"": ""www.aliexpress.com"", ""id"": ""807974126806387335"", ""is_ads_only_profile"": false, ""image_medium_url"": ""https://i.pinimg.com/75x75_RS/5c/2a/98/5c2a98ff5cc06e3a21c92138f97e1649.jpg"", ""follower_count"": 4099784, ""type"": ""user"", ""verified_identity"": {""verified"": true}, ""full_name"": ""AliExpress"", ""image_small_url"": ""https://i.pinimg.com/30x30_RS/5c/2a/98/5c2a98ff5cc06e3a21c92138f97e1649.jpg"", ""followed_by_me"": false, ""is_verified_merchant"": true, ""first_name"": ""AliExpress"", ""domain_verified"": true, ""is_default_image"": false, ""instagram_data"": null, ""indexed"": true, ""username"": ""aliexpress"", ""blocked_by_me"": false}"
476185360623007128,https://www.pinterest.com/pin/476185360623007128,How to Apply Sticky Tabs for Press-On Nails (Natural & Long-Lasting Fit 💅),"Want your press-on nails to look salon-perfect and stay on longer? 💅 Learn the proper way to apply sticky tabs for a secure, natural-looking fit. Start with nail prep—push back cuticles, file the surface, and clean thoroughly. Choose the right size sticky tab and apply it carefully (not too close to the cuticle). Warm it with a hair dryer for 10 seconds, then press and activate the adhesive. Finally, place your press-on nail slightly above the cuticle, gently roll it down, and hold for 10 seconds for a strong, flawless finish.

#PressOnNails #NailTutorial #DIYNails #NailHacks #StickyTabs #ManicureAtHome #GelNails #NailTips #FakeNails #BeautyHacks",https://eyecandys.com/collections/press-on-nails,https://i.pinimg.com/736x/af/18/77/af1877687d4168de199a8b6b2a6914e1.jpg,af1877687d4168de199a8b6b2a6914e1,0,918,915,10,0,76,"{""1"": 267}","Tue, 21 Apr 2026 05:25:27 +0000",2026-06-25 05:27:04.038000,/eyecandyscom/press-on-nails-salon-perfect-manis-in-minutes/,Press-On Nails 💅 Salon-Perfect Manis in Minutes,0,0,public,,eyecandyscom,EyeCandys,https://www.pinterest.com/eyecandyscom/,0,0,20654,0,0,"{""verified_identity"": {}, ""is_verified_merchant"": false, ""image_medium_url"": ""https://i.pinimg.com/75x75_RS/fb/11/ef/fb11ef3f52e81eef9f9dcc02e9e89b68.jpg"", ""image_small_url"": ""https://i.pinimg.com/30x30_RS/fb/11/ef/fb11ef3f52e81eef9f9dcc02e9e89b68.jpg"", ""blocked_by_me"": false, ""first_name"": ""EyeCandys"", ""full_name"": ""EyeCandys"", ""is_ads_only_profile"": false, ""indexed"": true, ""domain_url"": ""www.eyecandys.com"", ""id"": ""476185498008684002"", ""explicitly_followed_by_me"": false, ""instagram_data"": {""url"": ""https://www.instagram.com/eyecandyscom"", ""has_invalid_instagram_auth"": false, ""username"": ""eyecandyscom""}, ""ads_only_profile_site"": null, ""domain_verified"": true, ""type"": ""user"", ""followed_by_me"": false, ""follower_count"": 20654, ""is_default_image"": false, ""username"": ""eyecandyscom""}"
48343395974454906,https://www.pinterest.com/pin/48343395974454906,"Peanut Butter Brownies {NO Flour, Butter, or Dairy and Low Sugar!}","Yammie's Noshery: Peanut Butter Brownies {NO Flour, Butter, or Dairy and Low Sugar!}",http://www.yammiesnoshery.com/2014/02/peanut-butter-brownies-no-flour-butter.html,https://i.pinimg.com/736x/d2/58/d0/d258d070480ab16500178459a50c14d8.jpg,d258d070480ab16500178459a50c14d8,0,283,91,0,0,0,{},"Wed, 19 Feb 2014 18:13:04 +0000",2026-06-25 05:45:07.701000,/cookingclassy/food-love/,**FOOD LOVE**,0,0,public,food_drink,yammie,Yammie's Noshery,https://www.pinterest.com/yammie/,0,0,114649,0,0,
48343395974505555,https://www.pinterest.com/pin/48343395974505555,,Yammie's Noshery: Mini Cherry Filled Paczkis for Fat Tuesday!,http://www.yammiesnoshery.com/2014/02/mini-cherry-filled-paczkis-for-fat.html,https://i.pinimg.com/736x/8e/5e/1f/8e5e1f07800cfef8d2dc4193ccee7e19.jpg,8e5e1f07800cfef8d2dc4193ccee7e19,0,209,28,0,0,0,"{""1"": 1}","Fri, 28 Feb 2014 02:17:45 +0000",2026-06-25 05:45:07.355000,/cookingclassy/food-love/,**FOOD LOVE**,0,0,public,food_drink,yammie,Yammie's Noshery,https://www.pinterest.com/yammie/,0,0,114649,0,0,
48343395974546397,https://www.pinterest.com/pin/48343395974546397,,Yammie's Noshery: Confetti Macaroni in Spicy Cream Sauce,http://www.yammiesnoshery.com/2014/03/confetti-macaroni-in-spicy-cream-sauce.html,https://i.pinimg.com/736x/0f/18/b3/0f18b38ba343c10a0dff491fec04ca9a.jpg,0f18b38ba343c10a0dff491fec04ca9a,0,2246,38,0,0,0,"{""1"": 1}","Thu, 06 Mar 2014 18:37:01 +0000",2026-06-25 05:45:07.254000,/cookingclassy/food-love/,**FOOD LOVE**,0,0,public,food_drink,yammie,Yammie's Noshery,https://www.pinterest.com/yammie/,0,0,114649,0,0,
48343395974587301,https://www.pinterest.com/pin/48343395974587301,Boozy Birthday Cake Hot Chocolate,Yammie's Noshery: Boozy Birthday Cake Hot Chocolate,http://www.yammiesnoshery.com/2014/03/boozy-birthday-cake-hot-chocolate.html,https://i.pinimg.com/736x/a9/f0/7f/a9f07f04cede57bec4cdd94fe6934128.jpg,a9f07f04cede57bec4cdd94fe6934128,0,2461,82,0,0,0,{},"Thu, 13 Mar 2014 14:54:39 +0000",2026-06-25 05:45:06.701000,/cookingclassy/food-love/,**FOOD LOVE**,0,0,public,food_drink,yammie,Yammie's Noshery,https://www.pinterest.com/yammie/,0,0,114649,0,0,"{""follower_count"": 114649, ""followed_by_me"": false, ""is_ads_only_profile"": false, ""first_name"": ""Yammie's Noshery"", ""full_name"": ""Yammie's Noshery"", ""verified_identity"": {}, ""is_verified_merchant"": false, ""username"": ""yammie"", ""domain_verified"": true, ""image_medium_url"": ""https://i.pinimg.com/75x75_RS/b9/f1/b9/b9f1b9c27393aa0c5f85cbf5d416ecda.jpg"", ""id"": ""28288441317851342"", ""indexed"": true, ""ads_only_profile_site"": null, ""instagram_data"": null, ""domain_url"": ""www.yammiesnoshery.com"", ""image_small_url"": ""https://i.pinimg.com/30x30_RS/b9/f1/b9/b9f1b9c27393aa0c5f85cbf5d416ecda.jpg"", ""is_default_image"": false, ""blocked_by_me"": false, ""type"": ""user"", ""explicitly_followed_by_me"": false}"
48343395974611020,https://www.pinterest.com/pin/48343395974611020,,Yammie's Noshery: The Best German Chocolate Cake in All the Land,http://www.yammiesnoshery.com/2013/12/the-best-german-chocolate-cake-in-all.html,https://i.pinimg.com/736x/a8/53/5f/a8535f643e09dde9f148a782b1733b13.jpg,a8535f643e09dde9f148a782b1733b13,0,340,218,0,0,0,{},"Mon, 17 Mar 2014 14:56:52 +0000",2026-06-25 05:45:06.654000,/cookingclassy/food-love/,**FOOD LOVE**,0,0,public,food_drink,yammie,Yammie's Noshery,https://www.pinterest.com/yammie/,0,0,114649,0,0,
48343395974622762,https://www.pinterest.com/pin/48343395974622762,Salted Caramel Cups {Homemade Buttery Caramel in a Shell of Dark Chocolate},Yammie's Noshery: Salted Caramel Cups {Homemade Buttery Caramel in a Shell of Dark Chocolate},http://www.yammiesnoshery.com/2014/03/salted-caramel-cups-homemade-buttery.html,https://i.pinimg.com/736x/47/3b/f3/473bf3bde746db4f63f7d2ba106bb496.jpg,473bf3bde746db4f63f7d2ba106bb496,0,18976,183,0,0,0,{},"Wed, 19 Mar 2014 19:00:36 +0000",2026-06-25 05:45:03.434000,/cookingclassy/food-love/,**FOOD LOVE**,0,0,public,food_drink,yammie,Yammie's Noshery,https://www.pinterest.com/yammie/,0,0,114649,0,0,"{""image_medium_url"": ""https://i.pinimg.com/75x75_RS/b9/f1/b9/b9f1b9c27393aa0c5f85cbf5d416ecda.jpg"", ""full_name"": ""Yammie's Noshery"", ""image_small_url"": ""https://i.pinimg.com/30x30_RS/b9/f1/b9/b9f1b9c27393aa0c5f85cbf5d416ecda.jpg"", ""username"": ""yammie"", ""followed_by_me"": false, ""is_ads_only_profile"": false, ""domain_verified"": true, ""ads_only_profile_site"": null, ""blocked_by_me"": false, ""follower_count"": 114649, ""instagram_data"": null, ""is_default_image"": false, ""type"": ""user"", ""id"": ""28288441317851342"", ""first_name"": ""Yammie's Noshery"", ""explicitly_followed_by_me"": false, ""indexed"": true, ""verified_identity"": {}, ""is_verified_merchant"": false, ""domain_url"": ""www.yammiesnoshery.com""}"
48343395974653112,https://www.pinterest.com/pin/48343395974653112,White Chocolate Blueberry Cheesecake,Yammie's Noshery: White Chocolate Blueberry Cheesecake,http://www.yammiesnoshery.com/2013/07/white-chocolate-blueberry-cheesecake.html,https://i.pinimg.com/736x/fc/50/2a/fc502a2eb0ebdffb655f380b9ceec466.jpg,fc502a2eb0ebdffb655f380b9ceec466,0,1635,66,0,0,0,{},"Mon, 24 Mar 2014 15:04:51 +0000",2026-06-25 05:45:00.021000,/cookingclassy/food-love/,**FOOD LOVE**,0,0,public,food_drink,yammie,Yammie's Noshery,https://www.pinterest.com/yammie/,0,0,114649,0,0,
48343395974672169,https://www.pinterest.com/pin/48343395974672169,Cheesecake Swirl Brownies,Yammie's Noshery: Cheesecake Swirl Brownies,http://www.yammiesnoshery.com/2014/03/cheesecake-swirl-brownies.html,https://i.pinimg.com/736x/60/18/e5/6018e548011ce4cf083c01b08d16cd9d.jpg,6018e548011ce4cf083c01b08d16cd9d,0,1400,217,1,0,0,{},"Thu, 27 Mar 2014 21:14:59 +0000",2026-06-25 05:44:56.548000,/cookingclassy/food-love/,**FOOD LOVE**,0,0,public,food_drink,yammie,Yammie's Noshery,https://www.pinterest.com/yammie/,0,0,114649,0,0,"{""full_name"": ""Yammie's Noshery"", ""id"": ""28288441317851342"", ""is_ads_only_profile"": false, ""instagram_data"": null, ""image_medium_url"": ""https://i.pinimg.com/75x75_RS/b9/f1/b9/b9f1b9c27393aa0c5f85cbf5d416ecda.jpg"", ""ads_only_profile_site"": null, ""type"": ""user"", ""domain_url"": ""www.yammiesnoshery.com"", ""indexed"": true, ""domain_verified"": true, ""follower_count"": 114649, ""is_default_image"": false, ""blocked_by_me"": false, ""is_verified_merchant"": false, ""first_name"": ""Yammie's Noshery"", ""image_small_url"": ""https://i.pinimg.com/30x30_RS/b9/f1/b9/b9f1b9c27393aa0c5f85cbf5d416ecda.jpg"", ""verified_identity"": {}, ""explicitly_followed_by_me"": false, ""username"": ""yammie"", ""followed_by_me"": false}"
48343395974732256,https://www.pinterest.com/pin/48343395974732256,Buffalo Chex Mix,Yammie's Noshery: Buffalo Chex Mix,http://www.yammiesnoshery.com/2013/06/buffalo-chex-mix.html,https://i.pinimg.com/736x/0b/80/00/0b8000fc3a6c55cf248dca4675219b9a.jpg,0b8000fc3a6c55cf248dca4675219b9a,0,390,32,0,0,0,{},"Sun, 06 Apr 2014 22:38:43 +0000",2026-06-25 05:44:54.917000,/cookingclassy/food-love/,**FOOD LOVE**,0,0,public,food_drink,yammie,Yammie's Noshery,https://www.pinterest.com/yammie/,0,0,114649,0,0,"{""is_default_image"": false, ""full_name"": ""Yammie's Noshery"", ""username"": ""yammie"", ""id"": ""28288441317851342"", ""image_small_url"": ""https://i.pinimg.com/30x30_RS/b9/f1/b9/b9f1b9c27393aa0c5f85cbf5d416ecda.jpg"", ""domain_verified"": true, ""followed_by_me"": false, ""follower_count"": 114649, ""indexed"": true, ""blocked_by_me"": false, ""explicitly_followed_by_me"": false, ""first_name"": ""Yammie's Noshery"", ""is_ads_only_profile"": false, ""verified_identity"": {}, ""type"": ""user"", ""image_medium_url"": ""https://i.pinimg.com/75x75_RS/b9/f1/b9/b9f1b9c27393aa0c5f85cbf5d416ecda.jpg"", ""instagram_data"": null, ""ads_only_profile_site"": null, ""domain_url"": ""www.yammiesnoshery.com"", ""is_verified_merchant"": false}"
48343395974748938,https://www.pinterest.com/pin/48343395974748938,Chocolate Peanut Butter Pretzel Granola,Yammie's Noshery: Chocolate Peanut Butter Pretzel Granola,http://www.yammiesnoshery.com/2014/04/chocolate-peanut-butter-pretzel-granola.html,https://i.pinimg.com/736x/e4/31/64/e43164be5f7ec69e33df2fd124ddeba2.jpg,e43164be5f7ec69e33df2fd124ddeba2,0,1979,54,0,0,0,{},"Wed, 09 Apr 2014 18:49:33 +0000",2026-06-25 05:44:54.746000,/cookingclassy/food-love/,**FOOD LOVE**,0,0,public,food_drink,yammie,Yammie's Noshery,https://www.pinterest.com/yammie/,0,0,114649,0,0,
48343395974786369,https://www.pinterest.com/pin/48343395974786369,Peep S'mores!,Yammie's Noshery: Peep S'mores!,http://www.yammiesnoshery.com/2014/04/peep-smores.html,https://i.pinimg.com/736x/03/5f/0b/035f0bd55ed6007da5bc7688967ee9c2.jpg,035f0bd55ed6007da5bc7688967ee9c2,0,19,12,0,0,0,{},"Wed, 16 Apr 2014 14:37:19 +0000",2026-06-25 05:44:53.017000,/cookingclassy/food-love/,**FOOD LOVE**,0,0,public,food_drink,yammie,Yammie's Noshery,https://www.pinterest.com/yammie/,0,0,114649,0,0,
48343395974796657,https://www.pinterest.com/pin/48343395974796657,Fast and Fluffy Parmesan Herb Rolls,Yammie's Noshery: Fast and Fluffy Parmesan Herb Rolls,http://www.yammiesnoshery.com/2013/11/fast-and-fluffy-parmesan-herb-rolls.html,https://i.pinimg.com/736x/3e/7b/d3/3e7bd3940bd2ab86e879d30b5b121ac9.jpg,3e7bd3940bd2ab86e879d30b5b121ac9,0,955,69,0,0,0,{},"Fri, 18 Apr 2014 11:55:52 +0000",2026-06-25 05:44:49.179000,/cookingclassy/food-love/,**FOOD LOVE**,0,0,public,food_drink,yammie,Yammie's Noshery,https://www.pinterest.com/yammie/,0,0,114649,0,0,
48343395974796658,https://www.pinterest.com/pin/48343395974796658,Marshmallow Flower Cupcakes,Yammie's Noshery: Marshmallow Flower Cupcakes,http://www.yammiesnoshery.com/2012/04/marshmallow-flower-cupcakes.html#uds-search-results,https://i.pinimg.com/736x/92/3c/25/923c258657c7837c26e8fb8181117449.jpg,923c258657c7837c26e8fb8181117449,0,39,39,0,0,0,{},"Fri, 18 Apr 2014 11:55:56 +0000",2026-06-25 05:44:49.150000,/cookingclassy/food-love/,**FOOD LOVE**,0,0,public,food_drink,yammie,Yammie's Noshery,https://www.pinterest.com/yammie/,0,0,114649,0,0,
48343395974796662,https://www.pinterest.com/pin/48343395974796662,M&M Cheesecake with Chocolate Covered Pretzel Crust,Yammie's Noshery: M&M Cheesecake with Chocolate Covered Pretzel Crust,http://www.yammiesnoshery.com/2014/04/mandmcheesecake.html,https://i.pinimg.com/736x/a4/24/f1/a424f1e27bc193cb26662bb636733868.jpg,a424f1e27bc193cb26662bb636733868,0,2295,62,0,0,0,{},"Fri, 18 Apr 2014 11:57:31 +0000",2026-06-25 05:44:48.967000,/cookingclassy/food-love/,**FOOD LOVE**,0,0,public,food_drink,yammie,Yammie's Noshery,https://www.pinterest.com/yammie/,0,0,114649,0,0,
48343395974797039,https://www.pinterest.com/pin/48343395974797039,The Best Carrot Cake Ever {With Fluffy Cream Cheese Frosting},Yammie's Noshery: The Best Carrot Cake Ever {With Fluffy Cream Cheese Frosting},http://www.yammiesnoshery.com/2014/04/the-best-carrot-cake-ever-with-fluffy.html,https://i.pinimg.com/736x/d0/42/a2/d042a26d63edd7cdad8346965b5e980e.jpg,d042a26d63edd7cdad8346965b5e980e,0,79,27,0,0,0,{},"Fri, 18 Apr 2014 13:52:13 +0000",2026-06-25 05:44:49.046000,/cookingclassy/food-love/,**FOOD LOVE**,0,0,public,food_drink,yammie,Yammie's Noshery,https://www.pinterest.com/yammie/,0,0,114649,0,0,
48343395974798229,https://www.pinterest.com/pin/48343395974798229,Peep S'mores!,Yammie's Noshery: Peep S'mores!,http://www.yammiesnoshery.com/2014/04/peep-smores.html,https://i.pinimg.com/736x/89/3a/65/893a656f68004bfe10e42f216463ebda.jpg,893a656f68004bfe10e42f216463ebda,0,10,8,0,0,0,{},"Fri, 18 Apr 2014 18:44:53 +0000",2026-06-25 05:44:48.840000,/cookingclassy/food-love/,**FOOD LOVE**,0,0,public,food_drink,yammie,Yammie's Noshery,https://www.pinterest.com/yammie/,0,0,114649,0,0,
48343395974813636,https://www.pinterest.com/pin/48343395974813636,Peep S'mores!,What to do with all those Peeps.,http://www.yammiesnoshery.com/2014/04/peep-smores.html,https://i.pinimg.com/736x/9e/b6/ff/9eb6ff652ebd00384ede92f1c0f3d638.jpg,9eb6ff652ebd00384ede92f1c0f3d638,0,96,32,0,0,0,{},"Mon, 21 Apr 2014 16:58:44 +0000",2026-06-25 05:44:48.997000,/cookingclassy/food-love/,**FOOD LOVE**,0,0,public,food_drink,yammie,Yammie's Noshery,https://www.pinterest.com/yammie/,0,0,114649,0,0,
48343395974833363,https://www.pinterest.com/pin/48343395974833363,,Yammie's Noshery: Confetti Macaroni in Spicy Cream Sauce,http://www.yammiesnoshery.com/2014/03/confetti-macaroni-in-spicy-cream-sauce.html,https://i.pinimg.com/736x/a7/4f/25/a74f25eec26323096fece32f67647894.jpg,a74f25eec26323096fece32f67647894,0,298,34,0,0,0,{},"Fri, 25 Apr 2014 13:49:04 +0000",2026-06-25 05:44:34.354000,/cookingclassy/food-love/,**FOOD LOVE**,0,0,public,food_drink,yammie,Yammie's Noshery,https://www.pinterest.com/yammie/,0,0,114649,0,0,
48343395974841469,https://www.pinterest.com/pin/48343395974841469,The Best Carrot Cake Ever {With Fluffy Cream Cheese Frosting},Yammie's Noshery: The Best Carrot Cake Ever {With Fluffy Cream Cheese Frosting},http://www.yammiesnoshery.com/2014/04/the-best-carrot-cake-ever-with-fluffy.html,https://i.pinimg.com/736x/93/13/7e/93137eb5c91621400742e18736a4fd6a.jpg,93137eb5c91621400742e18736a4fd6a,0,465,26,0,0,0,{},"Sun, 27 Apr 2014 00:18:22 +0000",2026-06-25 05:44:34.332000,/cookingclassy/food-love/,**FOOD LOVE**,0,0,public,food_drink,yammie,Yammie's Noshery,https://www.pinterest.com/yammie/,0,0,114649,0,0,
48343395974862366,https://www.pinterest.com/pin/48343395974862366,Copycat Quaker Chewy Peanut Butter Chocolate Chip Granola Bars,Yammie's Noshery: Copycat Quaker Chewy Peanut Butter Chocolate Chip Granola Bars,http://www.yammiesnoshery.com/2014/04/copycat-quaker-chewy-peanut-butter.html,https://i.pinimg.com/736x/53/51/02/53510225d37ed3332933943e1f89fc22.jpg,53510225d37ed3332933943e1f89fc22,0,521,25,0,0,0,{},"Wed, 30 Apr 2014 15:28:52 +0000",2026-06-25 05:44:34.020000,/cookingclassy/food-love/,**FOOD LOVE**,0,0,public,food_drink,yammie,Yammie's Noshery,https://www.pinterest.com/yammie/,0,0,114649,0,0,
48343395974868145,https://www.pinterest.com/pin/48343395974868145,Ombre Wedding Cake with Buttercream Roses,Yammie's Noshery: Ombre Wedding Cake with Buttercream Roses,http://www.yammiesnoshery.com/2014/05/ombre-wedding-cake.html,https://i.pinimg.com/736x/3e/64/01/3e640139907f22abe3fb77193f2ae724.jpg,3e640139907f22abe3fb77193f2ae724,0,17,13,0,0,0,{},"Thu, 01 May 2014 19:45:43 +0000",2026-06-25 05:44:31.365000,/cookingclassy/food-love/,**FOOD LOVE**,0,0,public,food_drink,yammie,Yammie's Noshery,https://www.pinterest.com/yammie/,0,0,114649,0,0,
48343395974906711,https://www.pinterest.com/pin/48343395974906711,The Best Oven Fried Chicken Ever {with Creamy Honey Mustard},Yammie's Noshery: The Best Oven Fried Chicken Ever {with Creamy Honey Mustard},http://www.yammiesnoshery.com/2014/05/the-best-oven-fried-chicken-ever-with.html,https://i.pinimg.com/736x/2a/42/f8/2a42f8e9320d7b781750a9d56833d67a.jpg,2a42f8e9320d7b781750a9d56833d67a,0,13787,3179,4,0,0,"{""1"": 1}","Fri, 09 May 2014 12:16:35 +0000",2026-06-25 05:44:27.956000,/cookingclassy/food-love/,**FOOD LOVE**,0,0,public,food_drink,yammie,Yammie's Noshery,https://www.pinterest.com/yammie/,0,0,114649,0,0,
48343395974926609,https://www.pinterest.com/pin/48343395974926609,Brownie Cookie Sandwiches {With Fluffy Peanut Butter Buttercream},Brownie Cookie Sandwiches {With Fluffy Peanut Butter Buttercream} | yammiesnoshery.com,http://www.yammiesnoshery.com/2014/05/brownie-cookie-sandwiches-with-fluffy.html,https://i.pinimg.com/736x/37/9d/44/379d448cca532e3e35a2440a4417a984.jpg,379d448cca532e3e35a2440a4417a984,0,1942,89,0,0,0,"{""1"": 2}","Tue, 13 May 2014 13:54:23 +0000",2026-06-25 05:44:26.060000,/cookingclassy/food-love/,**FOOD LOVE**,0,0,public,food_drink,yammie,Yammie's Noshery,https://www.pinterest.com/yammie/,0,0,114649,0,0,
48343395974959424,https://www.pinterest.com/pin/48343395974959424,Brownie Cookie Sandwiches {With Fluffy Peanut Butter Buttercream},Yammie's Noshery: Brownie Cookie Sandwiches {With Fluffy Peanut Butter Buttercream},http://www.yammiesnoshery.com/2014/05/brownie-cookie-sandwiches-with-fluffy.html#z5F7DPp5rVeWUZqy.32,https://i.pinimg.com/736x/04/69/9c/04699c0cbc3d4485752977521c154ca0.jpg,04699c0cbc3d4485752977521c154ca0,0,47,32,0,0,0,{},"Mon, 19 May 2014 13:42:21 +0000",2026-06-25 05:44:26.167000,/cookingclassy/food-love/,**FOOD LOVE**,0,0,public,food_drink,yammie,Yammie's Noshery,https://www.pinterest.com/yammie/,0,0,114649,0,0,"{""followed_by_me"": false, ""is_ads_only_profile"": false, ""is_verified_merchant"": false, ""image_medium_url"": ""https://i.pinimg.com/75x75_RS/b9/f1/b9/b9f1b9c27393aa0c5f85cbf5d416ecda.jpg"", ""verified_identity"": {}, ""domain_url"": ""www.yammiesnoshery.com"", ""ads_only_profile_site"": null, ""follower_count"": 114649, ""first_name"": ""Yammie's Noshery"", ""full_name"": ""Yammie's Noshery"", ""blocked_by_me"": false, ""instagram_data"": null, ""image_small_url"": ""https://i.pinimg.com/30x30_RS/b9/f1/b9/b9f1b9c27393aa0c5f85cbf5d416ecda.jpg"", ""type"": ""user"", ""indexed"": true, ""id"": ""28288441317851342"", ""explicitly_followed_by_me"": false, ""is_default_image"": false, ""username"": ""yammie"", ""domain_verified"": true}"
48343395974975141,https://www.pinterest.com/pin/48343395974975141,The Best Spinach Artichoke Dip Ever,Yammie's Noshery: The Best Spinach Artichoke Dip Ever,http://www.yammiesnoshery.com/2014/05/the-best-spinach-artichoke-dip-ever.html#CLEJ3Xt0kbLMfmpK.32,https://i.pinimg.com/736x/76/e4/bd/76e4bd26776ea0749210a0277404fb27.jpg,76e4bd26776ea0749210a0277404fb27,0,20092,2208,6,0,0,"{""1"": 1}","Thu, 22 May 2014 15:53:40 +0000",2026-06-25 05:44:25.992000,/cookingclassy/food-love/,**FOOD LOVE**,0,0,public,food_drink,yammie,Yammie's Noshery,https://www.pinterest.com/yammie/,0,0,114649,0,0,"{""username"": ""yammie"", ""image_small_url"": ""https://i.pinimg.com/30x30_RS/b9/f1/b9/b9f1b9c27393aa0c5f85cbf5d416ecda.jpg"", ""image_medium_url"": ""https://i.pinimg.com/75x75_RS/b9/f1/b9/b9f1b9c27393aa0c5f85cbf5d416ecda.jpg"", ""is_verified_merchant"": false, ""id"": ""28288441317851342"", ""ads_only_profile_site"": null, ""full_name"": ""Yammie's Noshery"", ""follower_count"": 114649, ""first_name"": ""Yammie's Noshery"", ""instagram_data"": null, ""type"": ""user"", ""domain_url"": ""www.yammiesnoshery.com"", ""verified_identity"": {}, ""explicitly_followed_by_me"": false, ""followed_by_me"": false, ""is_default_image"": false, ""domain_verified"": true, ""indexed"": true, ""blocked_by_me"": false, ""is_ads_only_profile"": false}"
48343395974976246,https://www.pinterest.com/pin/48343395974976246,The Best Spinach Artichoke Dip Ever,Yammie's Noshery: The Best Spinach Artichoke Dip Ever,http://www.yammiesnoshery.com/2014/05/the-best-spinach-artichoke-dip-ever.html#oC686QK59EiXtX3O.32,https://i.pinimg.com/736x/57/c9/db/57c9db1edaf3d8600282918b2691644d.jpg,57c9db1edaf3d8600282918b2691644d,0,301,8,2,0,0,"{""1"": 2, ""5"": 1}","Thu, 22 May 2014 21:25:26 +0000",2026-06-25 05:44:24.585000,/cookingclassy/food-love/,**FOOD LOVE**,0,0,public,food_drink,yammie,Yammie's Noshery,https://www.pinterest.com/yammie/,0,0,114649,0,0,"{""image_small_url"": ""https://i.pinimg.com/30x30_RS/b9/f1/b9/b9f1b9c27393aa0c5f85cbf5d416ecda.jpg"", ""is_ads_only_profile"": false, ""is_verified_merchant"": false, ""blocked_by_me"": false, ""type"": ""user"", ""indexed"": true, ""domain_url"": ""www.yammiesnoshery.com"", ""instagram_data"": null, ""domain_verified"": true, ""ads_only_profile_site"": null, ""is_default_image"": false, ""verified_identity"": {}, ""id"": ""28288441317851342"", ""explicitly_followed_by_me"": false, ""full_name"": ""Yammie's Noshery"", ""followed_by_me"": false, ""username"": ""yammie"", ""follower_count"": 114649, ""image_medium_url"": ""https://i.pinimg.com/75x75_RS/b9/f1/b9/b9f1b9c27393aa0c5f85cbf5d416ecda.jpg"", ""first_name"": ""Yammie's Noshery""}"
48343395974976250,https://www.pinterest.com/pin/48343395974976250,The Best Spinach Artichoke Dip Ever,Yammie's Noshery: The Best Spinach Artichoke Dip Ever,http://www.yammiesnoshery.com/2014/05/the-best-spinach-artichoke-dip-ever.html#oC686QK59EiXtX3O.32,https://i.pinimg.com/736x/57/c9/db/57c9db1edaf3d8600282918b2691644d.jpg,57c9db1edaf3d8600282918b2691644d,0,301,1350,2,0,0,"{""1"": 2, ""5"": 1}","Thu, 22 May 2014 21:26:24 +0000",2026-06-25 05:44:24.403000,/cookingclassy/food-love/,**FOOD LOVE**,0,0,public,food_drink,yammie,Yammie's Noshery,https://www.pinterest.com/yammie/,0,0,114649,0,0,"{""followed_by_me"": false, ""instagram_data"": null, ""follower_count"": 114649, ""username"": ""yammie"", ""domain_url"": ""www.yammiesnoshery.com"", ""verified_identity"": {}, ""explicitly_followed_by_me"": false, ""blocked_by_me"": false, ""indexed"": true, ""full_name"": ""Yammie's Noshery"", ""domain_verified"": true, ""image_small_url"": ""https://i.pinimg.com/30x30_RS/b9/f1/b9/b9f1b9c27393aa0c5f85cbf5d416ecda.jpg"", ""is_default_image"": false, ""image_medium_url"": ""https://i.pinimg.com/75x75_RS/b9/f1/b9/b9f1b9c27393aa0c5f85cbf5d416ecda.jpg"", ""ads_only_profile_site"": null, ""id"": ""28288441317851342"", ""is_ads_only_profile"": false, ""type"": ""user"", ""is_verified_merchant"": false, ""first_name"": ""Yammie's Noshery""}"
48343395975011897,https://www.pinterest.com/pin/48343395975011897,Roasted Cheesy Potato and Ham Soup {In Pretzel Bowls!},Yammie's Noshery: Roasted Cheesy Potato and Ham Soup {In Prezel Bowls!},http://www.yammiesnoshery.com/2014/05/cheesy-potato-soup.html#OYGUjjGPIsyxrycB.32,https://i.pinimg.com/736x/4e/0e/38/4e0e3865acebeecd7b9aa2dfc64bf7e8.jpg,4e0e3865acebeecd7b9aa2dfc64bf7e8,0,2836,47,0,0,0,{},"Fri, 30 May 2014 12:47:32 +0000",2026-06-25 05:44:23.021000,/cookingclassy/food-love/,**FOOD LOVE**,0,0,public,food_drink,yammie,Yammie's Noshery,https://www.pinterest.com/yammie/,0,0,114649,0,0,"{""explicitly_followed_by_me"": false, ""image_small_url"": ""https://i.pinimg.com/30x30_RS/b9/f1/b9/b9f1b9c27393aa0c5f85cbf5d416ecda.jpg"", ""is_verified_merchant"": false, ""full_name"": ""Yammie's Noshery"", ""follower_count"": 114649, ""image_medium_url"": ""https://i.pinimg.com/75x75_RS/b9/f1/b9/b9f1b9c27393aa0c5f85cbf5d416ecda.jpg"", ""instagram_data"": null, ""username"": ""yammie"", ""first_name"": ""Yammie's Noshery"", ""blocked_by_me"": false, ""id"": ""28288441317851342"", ""domain_verified"": true, ""type"": ""user"", ""ads_only_profile_site"": null, ""domain_url"": ""www.yammiesnoshery.com"", ""verified_identity"": {}, ""is_default_image"": false, ""indexed"": true, ""is_ads_only_profile"": false, ""followed_by_me"": false}"
48343395975042061,https://www.pinterest.com/pin/48343395975042061,Pretzel Bread Bowls,Yammie's Noshery: Pretzel Bread Bowls,http://www.yammiesnoshery.com/2014/06/pretzel-bread-bowls.html#d4DBcYDmWSs2yFXj.32,https://i.pinimg.com/736x/a9/b4/58/a9b458fab8b020018649a180fb303b0b.jpg,a9b458fab8b020018649a180fb303b0b,0,1106,67,1,0,0,"{""1"": 1}","Thu, 05 Jun 2014 18:02:30 +0000",2026-06-25 05:44:19.796000,/cookingclassy/food-love/,**FOOD LOVE**,0,0,public,food_drink,yammie,Yammie's Noshery,https://www.pinterest.com/yammie/,0,0,114649,0,0,"{""full_name"": ""Yammie's Noshery"", ""is_ads_only_profile"": false, ""first_name"": ""Yammie's Noshery"", ""is_verified_merchant"": false, ""image_small_url"": ""https://i.pinimg.com/30x30_RS/b9/f1/b9/b9f1b9c27393aa0c5f85cbf5d416ecda.jpg"", ""followed_by_me"": false, ""id"": ""28288441317851342"", ""domain_verified"": true, ""verified_identity"": {}, ""domain_url"": ""www.yammiesnoshery.com"", ""follower_count"": 114649, ""indexed"": true, ""instagram_data"": null, ""ads_only_profile_site"": null, ""is_default_image"": false, ""username"": ""yammie"", ""type"": ""user"", ""explicitly_followed_by_me"": false, ""blocked_by_me"": false, ""image_medium_url"": ""https://i.pinimg.com/75x75_RS/b9/f1/b9/b9f1b9c27393aa0c5f85cbf5d416ecda.jpg""}"
48343395975076602,https://www.pinterest.com/pin/48343395975076602,Peanut Butter Gooey Crunch Bars,Yammie's Noshery: Peanut Butter Gooey Crunch Bars,http://www.yammiesnoshery.com/2014/06/peanut-butter-gooey-crunch-bars.html#9s7HmjrARJpYes6A.32,https://i.pinimg.com/736x/9a/af/6f/9aaf6f888eba75ffaa10ca070c5ca95c.jpg,9aaf6f888eba75ffaa10ca070c5ca95c,0,328,20,0,0,0,{},"Thu, 12 Jun 2014 16:35:12 +0000",2026-06-25 05:44:18.188000,/cookingclassy/food-love/,**FOOD LOVE**,0,0,public,food_drink,yammie,Yammie's Noshery,https://www.pinterest.com/yammie/,0,0,114649,0,0,"{""domain_verified"": true, ""username"": ""yammie"", ""is_verified_merchant"": false, ""ads_only_profile_site"": null, ""id"": ""28288441317851342"", ""is_ads_only_profile"": false, ""type"": ""user"", ""indexed"": true, ""blocked_by_me"": false, ""followed_by_me"": false, ""follower_count"": 114649, ""full_name"": ""Yammie's Noshery"", ""image_medium_url"": ""https://i.pinimg.com/75x75_RS/b9/f1/b9/b9f1b9c27393aa0c5f85cbf5d416ecda.jpg"", ""instagram_data"": null, ""first_name"": ""Yammie's Noshery"", ""domain_url"": ""www.yammiesnoshery.com"", ""verified_identity"": {}, ""image_small_url"": ""https://i.pinimg.com/30x30_RS/b9/f1/b9/b9f1b9c27393aa0c5f85cbf5d416ecda.jpg"", ""explicitly_followed_by_me"": false, ""is_default_image"": false}"
48343395975102259,https://www.pinterest.com/pin/48343395975102259,,Yammie's Noshery: Easy Chocolate Peanut Butter Swirl Ice Cream {Can be Vegan and Dairy Free!},http://www.yammiesnoshery.com/2014/06/chocolate-peanut-butter-swirl-ice-cream.html#SYGP7yZciHwsyRwx.32,https://i.pinimg.com/736x/c8/68/c7/c868c7e5c90c802e4519e37e2e68022c.jpg,c868c7e5c90c802e4519e37e2e68022c,0,346,32,0,0,0,{},"Tue, 17 Jun 2014 16:21:16 +0000",2026-06-25 05:44:16.513000,/cookingclassy/food-love/,**FOOD LOVE**,0,0,public,food_drink,yammie,Yammie's Noshery,https://www.pinterest.com/yammie/,0,0,114649,0,0,"{""verified_identity"": {}, ""first_name"": ""Yammie's Noshery"", ""is_ads_only_profile"": false, ""domain_verified"": true, ""blocked_by_me"": false, ""explicitly_followed_by_me"": false, ""is_verified_merchant"": false, ""type"": ""user"", ""full_name"": ""Yammie's Noshery"", ""instagram_data"": null, ""image_small_url"": ""https://i.pinimg.com/30x30_RS/b9/f1/b9/b9f1b9c27393aa0c5f85cbf5d416ecda.jpg"", ""domain_url"": ""www.yammiesnoshery.com"", ""image_medium_url"": ""https://i.pinimg.com/75x75_RS/b9/f1/b9/b9f1b9c27393aa0c5f85cbf5d416ecda.jpg"", ""username"": ""yammie"", ""follower_count"": 114649, ""id"": ""28288441317851342"", ""indexed"": true, ""is_default_image"": false, ""ads_only_profile_site"": null, ""followed_by_me"": false}"
48343395975154601,https://www.pinterest.com/pin/48343395975154601,BBQ Pulled Pork Cashew Salad with Blue Cheese,Yammie's Noshery: BBQ Pulled Pork Cashew Salad with Blue Cheese,http://www.yammiesnoshery.com/2014/06/bbq-pulled-pork-salad.html#w51DhcZtogYKrgz5.32,https://i.pinimg.com/736x/22/3b/65/223b652fe290b8bbcae9db020159c1f9.jpg,223b652fe290b8bbcae9db020159c1f9,0,228,16,0,0,0,{},"Fri, 27 Jun 2014 15:41:07 +0000",2026-06-25 05:44:13.545000,/cookingclassy/food-love/,**FOOD LOVE**,0,0,public,food_drink,yammie,Yammie's Noshery,https://www.pinterest.com/yammie/,0,0,114649,0,0,"{""is_verified_merchant"": false, ""ads_only_profile_site"": null, ""id"": ""28288441317851342"", ""follower_count"": 114649, ""blocked_by_me"": false, ""domain_verified"": true, ""image_small_url"": ""https://i.pinimg.com/30x30_RS/b9/f1/b9/b9f1b9c27393aa0c5f85cbf5d416ecda.jpg"", ""image_medium_url"": ""https://i.pinimg.com/75x75_RS/b9/f1/b9/b9f1b9c27393aa0c5f85cbf5d416ecda.jpg"", ""is_default_image"": false, ""is_ads_only_profile"": false, ""first_name"": ""Yammie's Noshery"", ""indexed"": true, ""full_name"": ""Yammie's Noshery"", ""instagram_data"": null, ""username"": ""yammie"", ""type"": ""user"", ""followed_by_me"": false, ""domain_url"": ""www.yammiesnoshery.com"", ""explicitly_followed_by_me"": false, ""verified_identity"": {}}"
48343395975186272,https://www.pinterest.com/pin/48343395975186272,Blueberry Bagel French Toast with Cream Cheese Glaze,Yammie's Noshery: Blueberry Bagel French Toast with Cream Cheese Glaze,http://www.yammiesnoshery.com/2014/07/blueberry-bagel-french-toast.html#S6R8s1AMPxy9mKpw.32,https://i.pinimg.com/736x/04/e0/52/04e0524d891999c1c435c1b1a707da5e.jpg,04e0524d891999c1c435c1b1a707da5e,0,23454,611,3,0,0,"{""1"": 1}","Thu, 03 Jul 2014 17:52:42 +0000",2026-06-25 05:44:13.365000,/cookingclassy/food-love/,**FOOD LOVE**,0,0,public,food_drink,yammie,Yammie's Noshery,https://www.pinterest.com/yammie/,0,0,114649,0,0,"{""type"": ""user"", ""id"": ""28288441317851342"", ""image_small_url"": ""https://i.pinimg.com/30x30_RS/b9/f1/b9/b9f1b9c27393aa0c5f85cbf5d416ecda.jpg"", ""verified_identity"": {}, ""first_name"": ""Yammie's Noshery"", ""image_medium_url"": ""https://i.pinimg.com/75x75_RS/b9/f1/b9/b9f1b9c27393aa0c5f85cbf5d416ecda.jpg"", ""username"": ""yammie"", ""explicitly_followed_by_me"": false, ""ads_only_profile_site"": null, ""domain_url"": ""www.yammiesnoshery.com"", ""full_name"": ""Yammie's Noshery"", ""followed_by_me"": false, ""blocked_by_me"": false, ""is_default_image"": false, ""indexed"": true, ""is_ads_only_profile"": false, ""domain_verified"": true, ""is_verified_merchant"": false, ""follower_count"": 114649, ""instagram_data"": null}"
48343395975186276,https://www.pinterest.com/pin/48343395975186276,Blueberry Bagel French Toast with Cream Cheese Glaze,Yammie's Noshery: Blueberry Bagel French Toast with Cream Cheese Glaze,http://www.yammiesnoshery.com/2014/07/blueberry-bagel-french-toast.html#sYl2xGvyMcWLQ5Pi.32,https://i.pinimg.com/736x/3f/d5/8f/3fd58f92b9488febe1f282e14495d664.jpg,3fd58f92b9488febe1f282e14495d664,0,288,184,0,0,0,{},"Thu, 03 Jul 2014 17:53:10 +0000",2026-06-25 05:44:11.795000,/cookingclassy/food-love/,**FOOD LOVE**,0,0,public,food_drink,yammie,Yammie's Noshery,https://www.pinterest.com/yammie/,0,0,114649,0,0,"{""is_default_image"": false, ""follower_count"": 114649, ""image_medium_url"": ""https://i.pinimg.com/75x75_RS/b9/f1/b9/b9f1b9c27393aa0c5f85cbf5d416ecda.jpg"", ""is_ads_only_profile"": false, ""is_verified_merchant"": false, ""type"": ""user"", ""username"": ""yammie"", ""domain_url"": ""www.yammiesnoshery.com"", ""full_name"": ""Yammie's Noshery"", ""verified_identity"": {}, ""blocked_by_me"": false, ""followed_by_me"": false, ""id"": ""28288441317851342"", ""first_name"": ""Yammie's Noshery"", ""indexed"": true, ""explicitly_followed_by_me"": false, ""ads_only_profile_site"": null, ""domain_verified"": true, ""image_small_url"": ""https://i.pinimg.com/30x30_RS/b9/f1/b9/b9f1b9c27393aa0c5f85cbf5d416ecda.jpg"", ""instagram_data"": null}"
48343395975246058,https://www.pinterest.com/pin/48343395975246058,Lemon White Chocolate Biscotti,Yammie's Noshery: Lemon White Chocolate Biscotti,http://www.yammiesnoshery.com/2014/07/lemon-white-chocolate-biscotti.html#kGOSiv9bqcP7o0qJ.32,https://i.pinimg.com/736x/8d/38/66/8d3866b7cb284cd90fc4a427a37b2cad.jpg,8d3866b7cb284cd90fc4a427a37b2cad,0,716,240,0,0,0,{},"Tue, 15 Jul 2014 19:54:09 +0000",2026-06-25 05:44:11.663000,/cookingclassy/food-love/,**FOOD LOVE**,0,0,public,food_drink,yammie,Yammie's Noshery,https://www.pinterest.com/yammie/,0,0,114649,0,0,"{""is_verified_merchant"": false, ""image_medium_url"": ""https://i.pinimg.com/75x75_RS/b9/f1/b9/b9f1b9c27393aa0c5f85cbf5d416ecda.jpg"", ""is_default_image"": false, ""verified_identity"": {}, ""domain_verified"": true, ""ads_only_profile_site"": null, ""type"": ""user"", ""is_ads_only_profile"": false, ""image_small_url"": ""https://i.pinimg.com/30x30_RS/b9/f1/b9/b9f1b9c27393aa0c5f85cbf5d416ecda.jpg"", ""indexed"": true, ""blocked_by_me"": false, ""followed_by_me"": false, ""instagram_data"": null, ""id"": ""28288441317851342"", ""follower_count"": 114649, ""explicitly_followed_by_me"": false, ""full_name"": ""Yammie's Noshery"", ""first_name"": ""Yammie's Noshery"", ""username"": ""yammie"", ""domain_url"": ""www.yammiesnoshery.com""}"
48343395975296857,https://www.pinterest.com/pin/48343395975296857,Cheddar Bacon Stuffed Pretzel Buns,Yammie's Noshery: Cheddar Bacon Stuffed Pretzel Buns,http://www.yammiesnoshery.com/2014/07/cheddar-bacon-stuffed-pretzel-buns.html#YSb3TUY5C23jUyq4.32,https://i.pinimg.com/736x/5a/07/4b/5a074b415e441a6aa8a01ae7c5f2950f.jpg,5a074b415e441a6aa8a01ae7c5f2950f,0,9840,61,0,0,0,"{""1"": 1}","Fri, 25 Jul 2014 16:52:10 +0000",2026-06-25 05:44:09.938000,/cookingclassy/food-love/,**FOOD LOVE**,0,0,public,food_drink,yammie,Yammie's Noshery,https://www.pinterest.com/yammie/,0,0,114649,0,0,"{""is_default_image"": false, ""id"": ""28288441317851342"", ""full_name"": ""Yammie's Noshery"", ""is_ads_only_profile"": false, ""blocked_by_me"": false, ""domain_url"": ""www.yammiesnoshery.com"", ""followed_by_me"": false, ""image_medium_url"": ""https://i.pinimg.com/75x75_RS/b9/f1/b9/b9f1b9c27393aa0c5f85cbf5d416ecda.jpg"", ""username"": ""yammie"", ""verified_identity"": {}, ""domain_verified"": true, ""image_small_url"": ""https://i.pinimg.com/30x30_RS/b9/f1/b9/b9f1b9c27393aa0c5f85cbf5d416ecda.jpg"", ""ads_only_profile_site"": null, ""follower_count"": 114649, ""explicitly_followed_by_me"": false, ""indexed"": true, ""first_name"": ""Yammie's Noshery"", ""instagram_data"": null, ""type"": ""user"", ""is_verified_merchant"": false}"
48343395975329607,https://www.pinterest.com/pin/48343395975329607,Giant Chewy Chocolate Chip M&M Cookie Cake (GF),Yammie's Noshery: Giant Chewy Chocolate Chip M&M Cookie Cake (GF),http://www.yammiesnoshery.com/2014/07/chocolate-chip-cookie-cake.html#MHLoM1U3lcBjYaCf.32,https://i.pinimg.com/736x/6a/b5/7e/6ab57e6e071770860e612fa8e6d9ffe6.jpg,6ab57e6e071770860e612fa8e6d9ffe6,0,746,441,1,0,0,{},"Thu, 31 Jul 2014 17:41:31 +0000",2026-06-25 05:44:08.252000,/cookingclassy/food-love/,**FOOD LOVE**,0,0,public,food_drink,yammie,Yammie's Noshery,https://www.pinterest.com/yammie/,0,0,114649,0,0,"{""first_name"": ""Yammie's Noshery"", ""explicitly_followed_by_me"": false, ""ads_only_profile_site"": null, ""instagram_data"": null, ""blocked_by_me"": false, ""is_default_image"": false, ""username"": ""yammie"", ""full_name"": ""Yammie's Noshery"", ""image_small_url"": ""https://i.pinimg.com/30x30_RS/b9/f1/b9/b9f1b9c27393aa0c5f85cbf5d416ecda.jpg"", ""follower_count"": 114649, ""id"": ""28288441317851342"", ""image_medium_url"": ""https://i.pinimg.com/75x75_RS/b9/f1/b9/b9f1b9c27393aa0c5f85cbf5d416ecda.jpg"", ""is_ads_only_profile"": false, ""is_verified_merchant"": false, ""domain_url"": ""www.yammiesnoshery.com"", ""type"": ""user"", ""indexed"": true, ""followed_by_me"": false, ""verified_identity"": {}, ""domain_verified"": true}"
48343395975371307,https://www.pinterest.com/pin/48343395975371307,Sarah's Super Crunchy Caramel Corn,Yammie's Noshery: Sarah's Super Crunchy Caramel Corn,http://www.yammiesnoshery.com/2014/08/sarahs-super-crunchy-caramel-corn.html#Sa65r17UsVB1breB.32,https://i.pinimg.com/736x/5a/73/45/5a734548fc217f5173e76c4b384eaab9.jpg,5a734548fc217f5173e76c4b384eaab9,0,1303,27,0,0,0,{},"Fri, 08 Aug 2014 15:38:03 +0000",2026-06-25 05:44:05.126000,/cookingclassy/food-love/,**FOOD LOVE**,0,0,public,food_drink,yammie,Yammie's Noshery,https://www.pinterest.com/yammie/,0,0,114649,0,0,"{""domain_verified"": true, ""followed_by_me"": false, ""verified_identity"": {}, ""explicitly_followed_by_me"": false, ""indexed"": true, ""ads_only_profile_site"": null, ""first_name"": ""Yammie's Noshery"", ""image_medium_url"": ""https://i.pinimg.com/75x75_RS/b9/f1/b9/b9f1b9c27393aa0c5f85cbf5d416ecda.jpg"", ""image_small_url"": ""https://i.pinimg.com/30x30_RS/b9/f1/b9/b9f1b9c27393aa0c5f85cbf5d416ecda.jpg"", ""domain_url"": ""www.yammiesnoshery.com"", ""blocked_by_me"": false, ""is_ads_only_profile"": false, ""instagram_data"": null, ""is_verified_merchant"": false, ""type"": ""user"", ""follower_count"": 114649, ""is_default_image"": false, ""id"": ""28288441317851342"", ""username"": ""yammie"", ""full_name"": ""Yammie's Noshery""}"
48343395975408560,https://www.pinterest.com/pin/48343395975408560,Zucchini Bars with Browned Butter Frosting,Yammie's Noshery: Zucchini Bars with Browned Butter Frosting,http://www.yammiesnoshery.com/2014/08/zucchini-bread-bars.html,https://i.pinimg.com/736x/43/32/81/433281e3feba1ea2c0885285cc98466b.jpg,433281e3feba1ea2c0885285cc98466b,0,1202,48,0,0,0,{},"Fri, 15 Aug 2014 21:11:17 +0000",2026-06-25 05:44:03.316000,/cookingclassy/food-love/,**FOOD LOVE**,0,0,public,food_drink,yammie,Yammie's Noshery,https://www.pinterest.com/yammie/,0,0,114649,0,0,
48343395975441344,https://www.pinterest.com/pin/48343395975441344,Secretly Healthy 87 Calorie Brownies!,Yammie's Noshery: Secretly Healthy 87 Calorie Brownies!,http://www.yammiesnoshery.com/2014/08/secretly-healthy-zucchini-brownies.html#yjSBdMjvu3qCbKMO.32,https://i.pinimg.com/736x/e8/24/b5/e824b55e171d4190668c01c4569d8406.jpg,e824b55e171d4190668c01c4569d8406,0,7907,27,2,0,0,{},"Fri, 22 Aug 2014 15:55:56 +0000",2026-06-25 05:44:01.886000,/cookingclassy/food-love/,**FOOD LOVE**,0,0,public,food_drink,yammie,Yammie's Noshery,https://www.pinterest.com/yammie/,0,0,114649,0,0,"{""blocked_by_me"": false, ""ads_only_profile_site"": null, ""first_name"": ""Yammie's Noshery"", ""image_small_url"": ""https://i.pinimg.com/30x30_RS/b9/f1/b9/b9f1b9c27393aa0c5f85cbf5d416ecda.jpg"", ""type"": ""user"", ""verified_identity"": {}, ""full_name"": ""Yammie's Noshery"", ""followed_by_me"": false, ""domain_verified"": true, ""domain_url"": ""www.yammiesnoshery.com"", ""indexed"": true, ""is_default_image"": false, ""instagram_data"": null, ""follower_count"": 114649, ""explicitly_followed_by_me"": false, ""id"": ""28288441317851342"", ""username"": ""yammie"", ""is_verified_merchant"": false, ""is_ads_only_profile"": false, ""image_medium_url"": ""https://i.pinimg.com/75x75_RS/b9/f1/b9/b9f1b9c27393aa0c5f85cbf5d416ecda.jpg""}"
48343395975465930,https://www.pinterest.com/pin/48343395975465930,,Yammie's Noshery: Flourless Chocolate Peanut Butter Cup Cake,http://www.yammiesnoshery.com/2014/08/flourless-chocolate-peanut-butter-cake.html#HMTrGxb5DvxrMLsc.32,https://i.pinimg.com/736x/6d/e9/77/6de9776032059833ec5e5287766514b6.jpg,6de9776032059833ec5e5287766514b6,0,5199,30,0,0,0,{},"Wed, 27 Aug 2014 16:27:11 +0000",2026-06-25 05:44:00.257000,/cookingclassy/food-love/,**FOOD LOVE**,0,0,public,food_drink,yammie,Yammie's Noshery,https://www.pinterest.com/yammie/,0,0,114649,0,0,"{""image_medium_url"": ""https://i.pinimg.com/75x75_RS/b9/f1/b9/b9f1b9c27393aa0c5f85cbf5d416ecda.jpg"", ""verified_identity"": {}, ""username"": ""yammie"", ""explicitly_followed_by_me"": false, ""is_verified_merchant"": false, ""is_ads_only_profile"": false, ""domain_url"": ""www.yammiesnoshery.com"", ""blocked_by_me"": false, ""full_name"": ""Yammie's Noshery"", ""followed_by_me"": false, ""type"": ""user"", ""id"": ""28288441317851342"", ""image_small_url"": ""https://i.pinimg.com/30x30_RS/b9/f1/b9/b9f1b9c27393aa0c5f85cbf5d416ecda.jpg"", ""instagram_data"": null, ""ads_only_profile_site"": null, ""follower_count"": 114649, ""is_default_image"": false, ""first_name"": ""Yammie's Noshery"", ""indexed"": true, ""domain_verified"": true}"
48343395975508331,https://www.pinterest.com/pin/48343395975508331,Chipotle Lime Chicken Bacon Flatbread Tacos,Yammie's Noshery: Chipotle Lime Chicken Bacon Flatbread Tacos,http://www.yammiesnoshery.com/2014/09/chipotle-lime-chicken-bacon-flatbread-tacos.html,https://i.pinimg.com/736x/56/f9/54/56f954ad6339004bc4ab2a1ff72c7df5.jpg,56f954ad6339004bc4ab2a1ff72c7df5,0,433,35,0,0,0,{},"Thu, 04 Sep 2014 18:23:33 +0000",2026-06-25 05:43:58.730000,/cookingclassy/food-love/,**FOOD LOVE**,0,0,public,food_drink,yammie,Yammie's Noshery,https://www.pinterest.com/yammie/,0,0,114649,0,0,
48343395975545775,https://www.pinterest.com/pin/48343395975545775,Apple Cinnamon Pretzel Bites with Caramel Dipping Sauce,Yammie's Noshery: Apple Cinnamon Pretzel Bites with Caramel Dipping Sauce,http://www.yammiesnoshery.com/2014/09/apple-cinnamon-pretzel-bites.html#7PkqgRtbjPwu94Qz.32,https://i.pinimg.com/736x/93/60/e9/9360e96a5a5c37c45089effd1ad1dba7.jpg,9360e96a5a5c37c45089effd1ad1dba7,0,2268,46,0,0,0,{},"Thu, 11 Sep 2014 16:59:40 +0000",2026-06-25 05:43:58.600000,/cookingclassy/food-love/,**FOOD LOVE**,0,0,public,food_drink,yammie,Yammie's Noshery,https://www.pinterest.com/yammie/,0,0,114649,0,0,"{""blocked_by_me"": false, ""id"": ""28288441317851342"", ""domain_verified"": true, ""follower_count"": 114649, ""followed_by_me"": false, ""instagram_data"": null, ""is_ads_only_profile"": false, ""is_verified_merchant"": false, ""type"": ""user"", ""domain_url"": ""www.yammiesnoshery.com"", ""full_name"": ""Yammie's Noshery"", ""username"": ""yammie"", ""ads_only_profile_site"": null, ""explicitly_followed_by_me"": false, ""verified_identity"": {}, ""indexed"": true, ""first_name"": ""Yammie's Noshery"", ""is_default_image"": false, ""image_medium_url"": ""https://i.pinimg.com/75x75_RS/b9/f1/b9/b9f1b9c27393aa0c5f85cbf5d416ecda.jpg"", ""image_small_url"": ""https://i.pinimg.com/30x30_RS/b9/f1/b9/b9f1b9c27393aa0c5f85cbf5d416ecda.jpg""}"
48343395975583175,https://www.pinterest.com/pin/48343395975583175,Chewy Peanut Butter Apple Granola Bars,Yammie's Noshery: Chewy Peanut Butter Apple Granola Bars,http://www.yammiesnoshery.com/2014/09/peanut-butter-apple-granola-bars.html,https://i.pinimg.com/736x/6c/d3/63/6cd3634febdcdadcad1e16871ca957ea.jpg,6cd3634febdcdadcad1e16871ca957ea,0,461,30,0,0,0,"{""1"": 1}","Thu, 18 Sep 2014 15:27:24 +0000",2026-06-25 05:43:58.548000,/cookingclassy/food-love/,**FOOD LOVE**,0,0,public,food_drink,yammie,Yammie's Noshery,https://www.pinterest.com/yammie/,0,0,114649,0,0,"{""ads_only_profile_site"": null, ""instagram_data"": null, ""explicitly_followed_by_me"": false, ""indexed"": true, ""full_name"": ""Yammie's Noshery"", ""followed_by_me"": false, ""is_ads_only_profile"": false, ""id"": ""28288441317851342"", ""username"": ""yammie"", ""first_name"": ""Yammie's Noshery"", ""type"": ""user"", ""follower_count"": 114649, ""image_small_url"": ""https://i.pinimg.com/30x30_RS/b9/f1/b9/b9f1b9c27393aa0c5f85cbf5d416ecda.jpg"", ""blocked_by_me"": false, ""is_verified_merchant"": false, ""domain_verified"": true, ""verified_identity"": {}, ""domain_url"": ""www.yammiesnoshery.com"", ""image_medium_url"": ""https://i.pinimg.com/75x75_RS/b9/f1/b9/b9f1b9c27393aa0c5f85cbf5d416ecda.jpg"", ""is_default_image"": false}"
48343395975626245,https://www.pinterest.com/pin/48343395975626245,Chewy Pumpkin Chocolate Chip Cookies,Yammie's Noshery: Chewy Pumpkin Chocolate Chip Cookies,http://www.yammiesnoshery.com/2014/09/chewy-pumpkin-chocolate-chip-cookies.html#UslGRTlx0xYcewLJ.32,https://i.pinimg.com/736x/5c/0b/0a/5c0b0ab949f333838c9a67426da10e0a.jpg,5c0b0ab949f333838c9a67426da10e0a,0,1976,44,3,0,0,"{""1"": 1}","Fri, 26 Sep 2014 17:26:17 +0000",2026-06-25 05:43:45.492000,/cookingclassy/food-love/,**FOOD LOVE**,0,0,public,food_drink,yammie,Yammie's Noshery,https://www.pinterest.com/yammie/,0,0,114649,0,0,"{""follower_count"": 114649, ""indexed"": true, ""is_ads_only_profile"": false, ""domain_url"": ""www.yammiesnoshery.com"", ""username"": ""yammie"", ""first_name"": ""Yammie's Noshery"", ""is_default_image"": false, ""type"": ""user"", ""is_verified_merchant"": false, ""blocked_by_me"": false, ""full_name"": ""Yammie's Noshery"", ""image_small_url"": ""https://i.pinimg.com/30x30_RS/b9/f1/b9/b9f1b9c27393aa0c5f85cbf5d416ecda.jpg"", ""image_medium_url"": ""https://i.pinimg.com/75x75_RS/b9/f1/b9/b9f1b9c27393aa0c5f85cbf5d416ecda.jpg"", ""id"": ""28288441317851342"", ""followed_by_me"": false, ""verified_identity"": {}, ""instagram_data"": null, ""domain_verified"": true, ""ads_only_profile_site"": null, ""explicitly_followed_by_me"": false}"
48343395975659248,https://www.pinterest.com/pin/48343395975659248,Pumpkin Cupcakes with Browned Butter Cream Cheese Frosting and Sugared Pecans,Yammie's Noshery: Pumpkin Cupcakes with Browned Butter Cream Cheese Frosting and Sugared Pecans,http://www.yammiesnoshery.com/2014/10/pumpkin-cupcakes-with-browned-butter.html#hs5PoMtyE0Lr2Y3g.32,https://i.pinimg.com/736x/b1/61/dc/b161dc50e3f023c28295ebbd38b34b72.jpg,b161dc50e3f023c28295ebbd38b34b72,0,330,34,0,0,0,{},"Thu, 02 Oct 2014 18:54:42 +0000",2026-06-25 05:43:45.342000,/cookingclassy/food-love/,**FOOD LOVE**,0,0,public,food_drink,yammie,Yammie's Noshery,https://www.pinterest.com/yammie/,0,0,114649,0,0,"{""username"": ""yammie"", ""follower_count"": 114649, ""first_name"": ""Yammie's Noshery"", ""image_medium_url"": ""https://i.pinimg.com/75x75_RS/b9/f1/b9/b9f1b9c27393aa0c5f85cbf5d416ecda.jpg"", ""is_default_image"": false, ""type"": ""user"", ""image_small_url"": ""https://i.pinimg.com/30x30_RS/b9/f1/b9/b9f1b9c27393aa0c5f85cbf5d416ecda.jpg"", ""verified_identity"": {}, ""domain_verified"": true, ""explicitly_followed_by_me"": false, ""ads_only_profile_site"": null, ""full_name"": ""Yammie's Noshery"", ""id"": ""28288441317851342"", ""indexed"": true, ""is_verified_merchant"": false, ""domain_url"": ""www.yammiesnoshery.com"", ""instagram_data"": null, ""is_ads_only_profile"": false, ""followed_by_me"": false, ""blocked_by_me"": false}"
48343395975697121,https://www.pinterest.com/pin/48343395975697121,Caramel Toffee Cheesecake Apple Dip,Yammie's Noshery: Caramel Toffee Cheesecake Apple Dip,http://www.yammiesnoshery.com/2014/10/caramel-toffee-cheesecake-apple-dip.html#oZME6eGD8EMimwpd.32,https://i.pinimg.com/736x/8b/26/73/8b26733f9a3f40bed63b5573ae307ed6.jpg,8b26733f9a3f40bed63b5573ae307ed6,0,224,32,0,0,0,{},"Thu, 09 Oct 2014 17:08:20 +0000",2026-06-25 05:43:45.155000,/cookingclassy/food-love/,**FOOD LOVE**,0,0,public,food_drink,yammie,Yammie's Noshery,https://www.pinterest.com/yammie/,0,0,114649,0,0,"{""explicitly_followed_by_me"": false, ""id"": ""28288441317851342"", ""blocked_by_me"": false, ""domain_verified"": true, ""is_default_image"": false, ""followed_by_me"": false, ""full_name"": ""Yammie's Noshery"", ""instagram_data"": null, ""domain_url"": ""www.yammiesnoshery.com"", ""verified_identity"": {}, ""first_name"": ""Yammie's Noshery"", ""follower_count"": 114649, ""indexed"": true, ""ads_only_profile_site"": null, ""type"": ""user"", ""image_medium_url"": ""https://i.pinimg.com/75x75_RS/b9/f1/b9/b9f1b9c27393aa0c5f85cbf5d416ecda.jpg"", ""is_ads_only_profile"": false, ""username"": ""yammie"", ""is_verified_merchant"": false, ""image_small_url"": ""https://i.pinimg.com/30x30_RS/b9/f1/b9/b9f1b9c27393aa0c5f85cbf5d416ecda.jpg""}"
48343395975735699,https://www.pinterest.com/pin/48343395975735699,Cream Cheese Apple Coffee Cake,Yammie's Noshery: Cream Cheese Apple Coffee Cake,http://www.yammiesnoshery.com/2014/10/cream-cheese-apple-coffee-cake.html,https://i.pinimg.com/736x/c5/4b/44/c54b447944414dfc007b3e3c36d213f9.jpg,c54b447944414dfc007b3e3c36d213f9,0,7447,666,5,0,0,"{""1"": 2}","Thu, 16 Oct 2014 21:50:19 +0000",2026-06-25 05:43:45.181000,/cookingclassy/food-love/,**FOOD LOVE**,0,0,public,food_drink,yammie,Yammie's Noshery,https://www.pinterest.com/yammie/,0,0,114649,0,0,"{""first_name"": ""Yammie's Noshery"", ""id"": ""28288441317851342"", ""type"": ""user"", ""followed_by_me"": false, ""is_verified_merchant"": false, ""full_name"": ""Yammie's Noshery"", ""verified_identity"": {}, ""domain_verified"": true, ""blocked_by_me"": false, ""is_default_image"": false, ""instagram_data"": null, ""indexed"": true, ""image_small_url"": ""https://i.pinimg.com/30x30_RS/b9/f1/b9/b9f1b9c27393aa0c5f85cbf5d416ecda.jpg"", ""domain_url"": ""www.yammiesnoshery.com"", ""follower_count"": 114649, ""is_ads_only_profile"": false, ""explicitly_followed_by_me"": false, ""ads_only_profile_site"": null, ""image_medium_url"": ""https://i.pinimg.com/75x75_RS/b9/f1/b9/b9f1b9c27393aa0c5f85cbf5d416ecda.jpg"", ""username"": ""yammie""}"
48343395975780352,https://www.pinterest.com/pin/48343395975780352,Spicy Pumpkin Soup with Bacon and Spicy Fried Chickpeas,Yammie's Noshery: Spicy Pumpkin Soup with Bacon and Spicy Fried Chickpeas,http://www.yammiesnoshery.com/2014/10/spicy-pumpkin-soup-with-bacon-and-spicy.html#TrKOOlA0MKlI2qv7.32,https://i.pinimg.com/736x/f9/93/30/f99330c3579e5d5828d0205643bec232.jpg,f99330c3579e5d5828d0205643bec232,0,17028,104,7,0,0,"{""1"": 7}","Fri, 24 Oct 2014 18:21:17 +0000",2026-06-25 05:43:44.746000,/cookingclassy/food-love/,**FOOD LOVE**,0,0,public,food_drink,yammie,Yammie's Noshery,https://www.pinterest.com/yammie/,0,0,114649,0,0,"{""blocked_by_me"": false, ""id"": ""28288441317851342"", ""domain_url"": ""www.yammiesnoshery.com"", ""is_ads_only_profile"": false, ""is_verified_merchant"": false, ""indexed"": true, ""explicitly_followed_by_me"": false, ""image_medium_url"": ""https://i.pinimg.com/75x75_RS/b9/f1/b9/b9f1b9c27393aa0c5f85cbf5d416ecda.jpg"", ""follower_count"": 114649, ""first_name"": ""Yammie's Noshery"", ""followed_by_me"": false, ""verified_identity"": {}, ""full_name"": ""Yammie's Noshery"", ""instagram_data"": null, ""username"": ""yammie"", ""image_small_url"": ""https://i.pinimg.com/30x30_RS/b9/f1/b9/b9f1b9c27393aa0c5f85cbf5d416ecda.jpg"", ""type"": ""user"", ""ads_only_profile_site"": null, ""is_default_image"": false, ""domain_verified"": true}"
48343395975817840,https://www.pinterest.com/pin/48343395975817840,Sausage Queso Dip,Yammie's Noshery: Sausage Queso Dip,http://www.yammiesnoshery.com/2014/10/sausage-queso-dip.html#0vWRk506HibXdIgf.32,https://i.pinimg.com/736x/7b/5b/dd/7b5bdd4ab518a61435089daf10c2129e.jpg,7b5bdd4ab518a61435089daf10c2129e,0,31,10,0,0,0,{},"Fri, 31 Oct 2014 16:50:27 +0000",2026-06-25 05:43:43.471000,/cookingclassy/food-love/,**FOOD LOVE**,0,0,public,food_drink,yammie,Yammie's Noshery,https://www.pinterest.com/yammie/,0,0,114649,0,0,"{""ads_only_profile_site"": null, ""instagram_data"": null, ""image_small_url"": ""https://i.pinimg.com/30x30_RS/b9/f1/b9/b9f1b9c27393aa0c5f85cbf5d416ecda.jpg"", ""indexed"": true, ""follower_count"": 114649, ""username"": ""yammie"", ""image_medium_url"": ""https://i.pinimg.com/75x75_RS/b9/f1/b9/b9f1b9c27393aa0c5f85cbf5d416ecda.jpg"", ""is_verified_merchant"": false, ""type"": ""user"", ""is_ads_only_profile"": false, ""explicitly_followed_by_me"": false, ""is_default_image"": false, ""id"": ""28288441317851342"", ""first_name"": ""Yammie's Noshery"", ""domain_verified"": true, ""followed_by_me"": false, ""full_name"": ""Yammie's Noshery"", ""blocked_by_me"": false, ""verified_identity"": {}, ""domain_url"": ""www.yammiesnoshery.com""}"
48343395975852647,https://www.pinterest.com/pin/48343395975852647,Dark Chocolate Salted Caramel Pretzel Brownies,Yammie's Noshery: Dark Chocolate Salted Caramel Pretzel Brownies,http://www.yammiesnoshery.com/2014/11/dark-chocolate-salted-caramel-pretzel-brownies.html#3aK8cXTedgM02rVV.32,https://i.pinimg.com/736x/25/5a/92/255a9293ece9abdba10ec7d880ee9c8b.jpg,255a9293ece9abdba10ec7d880ee9c8b,0,1067,30,0,0,0,{},"Thu, 06 Nov 2014 21:05:34 +0000",2026-06-25 05:43:43.186000,/cookingclassy/food-love/,**FOOD LOVE**,0,0,public,food_drink,yammie,Yammie's Noshery,https://www.pinterest.com/yammie/,0,0,114649,0,0,"{""image_small_url"": ""https://i.pinimg.com/30x30_RS/b9/f1/b9/b9f1b9c27393aa0c5f85cbf5d416ecda.jpg"", ""domain_url"": ""www.yammiesnoshery.com"", ""domain_verified"": true, ""ads_only_profile_site"": null, ""is_default_image"": false, ""type"": ""user"", ""full_name"": ""Yammie's Noshery"", ""indexed"": true, ""first_name"": ""Yammie's Noshery"", ""verified_identity"": {}, ""followed_by_me"": false, ""image_medium_url"": ""https://i.pinimg.com/75x75_RS/b9/f1/b9/b9f1b9c27393aa0c5f85cbf5d416ecda.jpg"", ""explicitly_followed_by_me"": false, ""id"": ""28288441317851342"", ""follower_count"": 114649, ""blocked_by_me"": false, ""username"": ""yammie"", ""is_ads_only_profile"": false, ""is_verified_merchant"": false, ""instagram_data"": null}"
48343395975899529,https://www.pinterest.com/pin/48343395975899529,Creamy Cheesy White Chicken Chili,Yammie's Noshery: Creamy Cheesy White Chicken Chili,http://www.yammiesnoshery.com/2014/11/white-chicken-chili.html#more,https://i.pinimg.com/736x/26/ac/35/26ac35ca7aecc96cf852e8b54895bb12.jpg,26ac35ca7aecc96cf852e8b54895bb12,0,14866,45,7,0,0,"{""1"": 2}","Fri, 14 Nov 2014 20:39:59 +0000",2026-06-25 05:43:41.930000,/cookingclassy/food-love/,**FOOD LOVE**,0,0,public,food_drink,yammie,Yammie's Noshery,https://www.pinterest.com/yammie/,0,0,114649,0,0,"{""full_name"": ""Yammie's Noshery"", ""blocked_by_me"": false, ""domain_verified"": true, ""image_medium_url"": ""https://i.pinimg.com/75x75_RS/b9/f1/b9/b9f1b9c27393aa0c5f85cbf5d416ecda.jpg"", ""is_ads_only_profile"": false, ""followed_by_me"": false, ""username"": ""yammie"", ""first_name"": ""Yammie's Noshery"", ""follower_count"": 114649, ""image_small_url"": ""https://i.pinimg.com/30x30_RS/b9/f1/b9/b9f1b9c27393aa0c5f85cbf5d416ecda.jpg"", ""explicitly_followed_by_me"": false, ""verified_identity"": {}, ""type"": ""user"", ""id"": ""28288441317851342"", ""instagram_data"": null, ""is_default_image"": false, ""is_verified_merchant"": false, ""ads_only_profile_site"": null, ""domain_url"": ""www.yammiesnoshery.com"", ""indexed"": true}"
48343395975933359,https://www.pinterest.com/pin/48343395975933359,Cheesy Bacon Mashed Potatoes,Yammie's Noshery: Cheesy Bacon Mashed Potatoes,http://www.yammiesnoshery.com/2014/11/cheesy-bacon-mashed-potatoes.html#eM5Lc81jtfECJECI.32,https://i.pinimg.com/736x/9a/80/ea/9a80ea61c2683a15a903274f240fae8e.jpg,9a80ea61c2683a15a903274f240fae8e,0,476,20,0,0,0,{},"Thu, 20 Nov 2014 19:45:55 +0000",2026-06-25 05:43:37.189000,/cookingclassy/food-love/,**FOOD LOVE**,0,0,public,food_drink,yammie,Yammie's Noshery,https://www.pinterest.com/yammie/,0,0,114649,0,0,"{""is_verified_merchant"": false, ""username"": ""yammie"", ""blocked_by_me"": false, ""follower_count"": 114649, ""is_ads_only_profile"": false, ""instagram_data"": null, ""explicitly_followed_by_me"": false, ""image_medium_url"": ""https://i.pinimg.com/75x75_RS/b9/f1/b9/b9f1b9c27393aa0c5f85cbf5d416ecda.jpg"", ""id"": ""28288441317851342"", ""domain_verified"": true, ""indexed"": true, ""verified_identity"": {}, ""ads_only_profile_site"": null, ""domain_url"": ""www.yammiesnoshery.com"", ""full_name"": ""Yammie's Noshery"", ""type"": ""user"", ""followed_by_me"": false, ""first_name"": ""Yammie's Noshery"", ""is_default_image"": false, ""image_small_url"": ""https://i.pinimg.com/30x30_RS/b9/f1/b9/b9f1b9c27393aa0c5f85cbf5d416ecda.jpg""}"
48343395975987572,https://www.pinterest.com/pin/48343395975987572,Reindeer Chow,Yammie's Noshery: Reindeer Chow,http://www.yammiesnoshery.com/2014/12/reindeer-chow.html#owi3PGs59kv8Zmpx.32,https://i.pinimg.com/736x/ad/a3/1e/ada31eb926fe28999f9d075e9d65ce5b.jpg,ada31eb926fe28999f9d075e9d65ce5b,0,1708,19,1,0,0,{},"Mon, 01 Dec 2014 17:43:04 +0000",2026-06-25 05:43:35.790000,/cookingclassy/food-love/,**FOOD LOVE**,0,0,public,food_drink,yammie,Yammie's Noshery,https://www.pinterest.com/yammie/,0,0,114649,0,0,"{""image_small_url"": ""https://i.pinimg.com/30x30_RS/b9/f1/b9/b9f1b9c27393aa0c5f85cbf5d416ecda.jpg"", ""followed_by_me"": false, ""explicitly_followed_by_me"": false, ""instagram_data"": null, ""image_medium_url"": ""https://i.pinimg.com/75x75_RS/b9/f1/b9/b9f1b9c27393aa0c5f85cbf5d416ecda.jpg"", ""verified_identity"": {}, ""domain_verified"": true, ""first_name"": ""Yammie's Noshery"", ""type"": ""user"", ""username"": ""yammie"", ""full_name"": ""Yammie's Noshery"", ""is_verified_merchant"": false, ""blocked_by_me"": false, ""indexed"": true, ""ads_only_profile_site"": null, ""is_default_image"": false, ""follower_count"": 114649, ""domain_url"": ""www.yammiesnoshery.com"", ""id"": ""28288441317851342"", ""is_ads_only_profile"": false}"
48343395976031391,https://www.pinterest.com/pin/48343395976031391,Maple Walnut Macarons,Yammie's Noshery: Maple Walnut Macaron,http://www.yammiesnoshery.com/2014/12/maple-walnut-macaron.html#dlIjZ3SgwtBeuTBw.32,https://i.pinimg.com/736x/c7/bf/e8/c7bfe8385ae96f9f59f1776143290a1b.jpg,c7bfe8385ae96f9f59f1776143290a1b,0,10156,21,0,0,0,{},"Wed, 10 Dec 2014 21:18:30 +0000",2026-06-25 05:43:31.704000,/cookingclassy/food-love/,**FOOD LOVE**,0,0,public,food_drink,yammie,Yammie's Noshery,https://www.pinterest.com/yammie/,0,0,114649,0,0,"{""followed_by_me"": false, ""ads_only_profile_site"": null, ""is_ads_only_profile"": false, ""verified_identity"": {}, ""domain_verified"": true, ""first_name"": ""Yammie's Noshery"", ""follower_count"": 114649, ""is_default_image"": false, ""indexed"": true, ""full_name"": ""Yammie's Noshery"", ""blocked_by_me"": false, ""explicitly_followed_by_me"": false, ""is_verified_merchant"": false, ""username"": ""yammie"", ""image_medium_url"": ""https://i.pinimg.com/75x75_RS/b9/f1/b9/b9f1b9c27393aa0c5f85cbf5d416ecda.jpg"", ""id"": ""28288441317851342"", ""type"": ""user"", ""image_small_url"": ""https://i.pinimg.com/30x30_RS/b9/f1/b9/b9f1b9c27393aa0c5f85cbf5d416ecda.jpg"", ""instagram_data"": null, ""domain_url"": ""www.yammiesnoshery.com""}"
48343395976067623,https://www.pinterest.com/pin/48343395976067623,Candy Cane Crunch Brownie Cookies,Yammie's Noshery: Candy Cane Crunch Brownie Cookies,http://www.yammiesnoshery.com/2014/12/candy-cane-crunch-brownie-cookies.html#6sYUJK54vU4qCdSF.32,https://i.pinimg.com/736x/9b/bd/69/9bbd693a6452abef6eb78634b5a3e516.jpg,9bbd693a6452abef6eb78634b5a3e516,0,82,16,0,0,0,{},"Thu, 18 Dec 2014 19:10:08 +0000",2026-06-25 05:43:31.670000,/cookingclassy/food-love/,**FOOD LOVE**,0,0,public,food_drink,yammie,Yammie's Noshery,https://www.pinterest.com/yammie/,0,0,114649,0,0,"{""is_ads_only_profile"": false, ""instagram_data"": null, ""id"": ""28288441317851342"", ""ads_only_profile_site"": null, ""blocked_by_me"": false, ""followed_by_me"": false, ""verified_identity"": {}, ""image_small_url"": ""https://i.pinimg.com/30x30_RS/b9/f1/b9/b9f1b9c27393aa0c5f85cbf5d416ecda.jpg"", ""follower_count"": 114649, ""is_default_image"": false, ""explicitly_followed_by_me"": false, ""image_medium_url"": ""https://i.pinimg.com/75x75_RS/b9/f1/b9/b9f1b9c27393aa0c5f85cbf5d416ecda.jpg"", ""full_name"": ""Yammie's Noshery"", ""first_name"": ""Yammie's Noshery"", ""indexed"": true, ""type"": ""user"", ""username"": ""yammie"", ""domain_verified"": true, ""is_verified_merchant"": false, ""domain_url"": ""www.yammiesnoshery.com""}"
48343395976119908,https://www.pinterest.com/pin/48343395976119908,Top Recipes of 2014,Yammie's Noshery: Top Recipes of 2014,http://www.yammiesnoshery.com/2014/12/top-recipes-of-2014.html?m=1,https://i.pinimg.com/736x/79/0b/9f/790b9f2a65aa2487a2e9e3370d674aa3.jpg,790b9f2a65aa2487a2e9e3370d674aa3,0,65,12,0,0,0,{},"Mon, 29 Dec 2014 20:44:31 +0000",2026-06-25 05:43:29.092000,/cookingclassy/food-love/,**FOOD LOVE**,0,0,public,food_drink,yammie,Yammie's Noshery,https://www.pinterest.com/yammie/,0,0,114649,0,0,
48343395976162406,https://www.pinterest.com/pin/48343395976162406,Chewy No Bake Peanut Butter Granola Bars,Yammie's Noshery: Chewy No Bake Peanut Butter Granola Bars,http://www.yammiesnoshery.com/2015/01/no-bake-granola-bars.html#DDWJB9sZ3Ij8quUA.32,https://i.pinimg.com/736x/5a/d6/11/5ad6111b5aec759c5063d07288e14a4e.jpg,5ad6111b5aec759c5063d07288e14a4e,0,472,36,0,0,0,{},"Mon, 05 Jan 2015 19:13:12 +0000",2026-06-25 05:43:27.969000,/cookingclassy/food-love/,**FOOD LOVE**,0,0,public,food_drink,yammie,Yammie's Noshery,https://www.pinterest.com/yammie/,0,0,114649,0,0,"{""image_small_url"": ""https://i.pinimg.com/30x30_RS/b9/f1/b9/b9f1b9c27393aa0c5f85cbf5d416ecda.jpg"", ""full_name"": ""Yammie's Noshery"", ""image_medium_url"": ""https://i.pinimg.com/75x75_RS/b9/f1/b9/b9f1b9c27393aa0c5f85cbf5d416ecda.jpg"", ""indexed"": true, ""id"": ""28288441317851342"", ""is_ads_only_profile"": false, ""explicitly_followed_by_me"": false, ""is_verified_merchant"": false, ""instagram_data"": null, ""first_name"": ""Yammie's Noshery"", ""verified_identity"": {}, ""followed_by_me"": false, ""ads_only_profile_site"": null, ""is_default_image"": false, ""follower_count"": 114649, ""domain_verified"": true, ""username"": ""yammie"", ""domain_url"": ""www.yammiesnoshery.com"", ""blocked_by_me"": false, ""type"": ""user""}"
48343395976214493,https://www.pinterest.com/pin/48343395976214493,Spinach Artichoke Macaroni and Cheese,Yammie's Noshery: Spinach Artichoke Macaroni and Cheese,http://www.yammiesnoshery.com/2015/01/spinach-artichoke-macaroni-and-cheese.html#FZUQJkTqd3Y5KXkj.32,https://i.pinimg.com/736x/67/1b/53/671b5308ec0da32e60b4ee25cb82c765.jpg,671b5308ec0da32e60b4ee25cb82c765,0,16168,97,3,0,0,{},"Wed, 14 Jan 2015 15:07:37 +0000",2026-06-25 05:43:26.731000,/cookingclassy/food-love/,**FOOD LOVE**,0,0,public,food_drink,yammie,Yammie's Noshery,https://www.pinterest.com/yammie/,0,0,114649,0,0,"{""verified_identity"": {}, ""follower_count"": 114649, ""ads_only_profile_site"": null, ""explicitly_followed_by_me"": false, ""is_default_image"": false, ""is_ads_only_profile"": false, ""domain_url"": ""www.yammiesnoshery.com"", ""type"": ""user"", ""blocked_by_me"": false, ""domain_verified"": true, ""is_verified_merchant"": false, ""indexed"": true, ""instagram_data"": null, ""followed_by_me"": false, ""first_name"": ""Yammie's Noshery"", ""username"": ""yammie"", ""id"": ""28288441317851342"", ""image_small_url"": ""https://i.pinimg.com/30x30_RS/b9/f1/b9/b9f1b9c27393aa0c5f85cbf5d416ecda.jpg"", ""image_medium_url"": ""https://i.pinimg.com/75x75_RS/b9/f1/b9/b9f1b9c27393aa0c5f85cbf5d416ecda.jpg"", ""full_name"": ""Yammie's Noshery""}"
48343395976264125,https://www.pinterest.com/pin/48343395976264125,The Best Gluten Free Oatmeal Cookies {With Dark Chocolate and Cherries},Yammie's Noshery: The Best Gluten Free Oatmeal Cookies {With Dark Chocolate and Cherries},http://www.yammiesnoshery.com/2015/01/the-best-gluten-free-oatmeal-cookies.html#KG0ZXRgwZ60qKT1T.32,https://i.pinimg.com/736x/f8/0c/ac/f80caca00741bc1f19672d431dfce510.jpg,f80caca00741bc1f19672d431dfce510,0,4939,63,10,0,0,{},"Thu, 22 Jan 2015 20:17:23 +0000",2026-06-25 05:43:25.384000,/cookingclassy/food-love/,**FOOD LOVE**,0,0,public,food_drink,yammie,Yammie's Noshery,https://www.pinterest.com/yammie/,0,0,114649,0,0,"{""id"": ""28288441317851342"", ""is_default_image"": false, ""is_ads_only_profile"": false, ""username"": ""yammie"", ""instagram_data"": null, ""full_name"": ""Yammie's Noshery"", ""followed_by_me"": false, ""domain_verified"": true, ""follower_count"": 114649, ""indexed"": true, ""image_medium_url"": ""https://i.pinimg.com/75x75_RS/b9/f1/b9/b9f1b9c27393aa0c5f85cbf5d416ecda.jpg"", ""domain_url"": ""www.yammiesnoshery.com"", ""blocked_by_me"": false, ""is_verified_merchant"": false, ""explicitly_followed_by_me"": false, ""type"": ""user"", ""image_small_url"": ""https://i.pinimg.com/30x30_RS/b9/f1/b9/b9f1b9c27393aa0c5f85cbf5d416ecda.jpg"", ""verified_identity"": {}, ""ads_only_profile_site"": null, ""first_name"": ""Yammie's Noshery""}"
48343395976307343,https://www.pinterest.com/pin/48343395976307343,,Yammie's Noshery: The Best Blueberry Muffins Ever,http://www.yammiesnoshery.com/2015/01/the-best-blueberry-muffins-ever.html#JSYBa0kUFrE7H8fj.32,https://i.pinimg.com/736x/26/2a/4b/262a4bd558fbb99fdbfc12810ad74eab.jpg,262a4bd558fbb99fdbfc12810ad74eab,0,46040,5679,56,0,0,"{""1"": 5}","Thu, 29 Jan 2015 16:48:31 +0000",2026-06-25 05:43:24.081000,/cookingclassy/food-love/,**FOOD LOVE**,0,0,public,food_drink,yammie,Yammie's Noshery,https://www.pinterest.com/yammie/,0,0,114649,0,0,"{""domain_url"": ""www.yammiesnoshery.com"", ""username"": ""yammie"", ""follower_count"": 114649, ""followed_by_me"": false, ""explicitly_followed_by_me"": false, ""id"": ""28288441317851342"", ""blocked_by_me"": false, ""first_name"": ""Yammie's Noshery"", ""ads_only_profile_site"": null, ""is_ads_only_profile"": false, ""instagram_data"": null, ""domain_verified"": true, ""indexed"": true, ""full_name"": ""Yammie's Noshery"", ""type"": ""user"", ""image_small_url"": ""https://i.pinimg.com/30x30_RS/b9/f1/b9/b9f1b9c27393aa0c5f85cbf5d416ecda.jpg"", ""verified_identity"": {}, ""image_medium_url"": ""https://i.pinimg.com/75x75_RS/b9/f1/b9/b9f1b9c27393aa0c5f85cbf5d416ecda.jpg"", ""is_verified_merchant"": false, ""is_default_image"": false}"
48343395976353219,https://www.pinterest.com/pin/48343395976353219,b'Dark Chocolate Cheesecake with Kahl\xfaa Truffles',"b""Yammie's Noshery: Dark Chocolate Cheesecake with Kahl\xfaa Truffles""",http://www.yammiesnoshery.com/2015/02/dark-chocolate-cheesecake-with-kahlua-truffles.html#D6H3GyHz4Sl0xKQj.32,https://i.pinimg.com/736x/ee/79/0f/ee790fb0f70974d5176e11b0b938f994.jpg,ee790fb0f70974d5176e11b0b938f994,0,749,39,0,0,0,{},"Fri, 06 Feb 2015 14:36:44 +0000",2026-06-25 05:43:22.383000,/cookingclassy/food-love/,**FOOD LOVE**,0,0,public,food_drink,yammie,Yammie's Noshery,https://www.pinterest.com/yammie/,0,0,114649,0,0,"{""ads_only_profile_site"": null, ""is_ads_only_profile"": false, ""explicitly_followed_by_me"": false, ""instagram_data"": null, ""image_small_url"": ""https://i.pinimg.com/30x30_RS/b9/f1/b9/b9f1b9c27393aa0c5f85cbf5d416ecda.jpg"", ""verified_identity"": {}, ""username"": ""yammie"", ""is_verified_merchant"": false, ""first_name"": ""Yammie's Noshery"", ""blocked_by_me"": false, ""id"": ""28288441317851342"", ""follower_count"": 114649, ""full_name"": ""Yammie's Noshery"", ""domain_verified"": true, ""image_medium_url"": ""https://i.pinimg.com/75x75_RS/b9/f1/b9/b9f1b9c27393aa0c5f85cbf5d416ecda.jpg"", ""is_default_image"": false, ""indexed"": true, ""domain_url"": ""www.yammiesnoshery.com"", ""followed_by_me"": false, ""type"": ""user""}"
48343395976393839,https://www.pinterest.com/pin/48343395976393839,Quick and Easy Basic Quesadillas,Yammie's Noshery: Quick and Easy Basic Quesadillas,http://www.yammiesnoshery.com/2015/02/quick-and-easy-basic-quesadillas.html,https://i.pinimg.com/736x/82/31/1b/82311ba10e45b68fc4d2738abae62c8e.jpg,82311ba10e45b68fc4d2738abae62c8e,0,723,33,0,0,0,{},"Thu, 12 Feb 2015 15:01:31 +0000",2026-06-25 05:43:21.323000,/cookingclassy/food-love/,**FOOD LOVE**,0,0,public,food_drink,yammie,Yammie's Noshery,https://www.pinterest.com/yammie/,0,0,114649,0,0,
48343395976416065,https://www.pinterest.com/pin/48343395976416065,,Yammie's Noshery: Mini Cherry Filled Paczkis for Fat Tuesday!,http://www.yammiesnoshery.com/2014/02/mini-cherry-filled-paczkis-for-fat.html#f2ekVtQzX27gFQ86.32,https://i.pinimg.com/736x/3e/ab/37/3eab374d6e1afe63f259caa859b88e39.jpg,3eab374d6e1afe63f259caa859b88e39,0,44,36,0,0,0,{},"Mon, 16 Feb 2015 19:54:22 +0000",2026-06-25 05:43:21.122000,/cookingclassy/food-love/,**FOOD LOVE**,0,0,public,food_drink,yammie,Yammie's Noshery,https://www.pinterest.com/yammie/,0,0,114649,0,0,
48343395976416067,https://www.pinterest.com/pin/48343395976416067,,Yammie's Noshery: Mini Cherry Filled Paczkis for Fat Tuesday!,http://www.yammiesnoshery.com/2014/02/mini-cherry-filled-paczkis-for-fat.html#f2ekVtQzX27gFQ86.32,https://i.pinimg.com/736x/13/0b/26/130b26e421162a31bf21bf7b998037b0.jpg,130b26e421162a31bf21bf7b998037b0,0,33,17,0,0,0,{},"Mon, 16 Feb 2015 19:54:34 +0000",2026-06-25 05:43:16.733000,/cookingclassy/food-love/,**FOOD LOVE**,0,0,public,food_drink,yammie,Yammie's Noshery,https://www.pinterest.com/yammie/,0,0,114649,0,0,"{""is_default_image"": false, ""ads_only_profile_site"": null, ""is_verified_merchant"": false, ""blocked_by_me"": false, ""indexed"": true, ""followed_by_me"": false, ""explicitly_followed_by_me"": false, ""is_ads_only_profile"": false, ""type"": ""user"", ""username"": ""yammie"", ""image_medium_url"": ""https://i.pinimg.com/75x75_RS/b9/f1/b9/b9f1b9c27393aa0c5f85cbf5d416ecda.jpg"", ""first_name"": ""Yammie's Noshery"", ""verified_identity"": {}, ""image_small_url"": ""https://i.pinimg.com/30x30_RS/b9/f1/b9/b9f1b9c27393aa0c5f85cbf5d416ecda.jpg"", ""domain_verified"": true, ""instagram_data"": null, ""full_name"": ""Yammie's Noshery"", ""domain_url"": ""www.yammiesnoshery.com"", ""id"": ""28288441317851342"", ""follower_count"": 114649}"
48343395976426988,https://www.pinterest.com/pin/48343395976426988,Fat Chewy Peanut Butter Banana Cookies,Yammie's Noshery: Fat Chewy Peanut Butter Banana Cookies,http://www.yammiesnoshery.com/2015/02/fat-chewy-peanut-butter-banana-cookies.html#0ti1EA0Spxov1xMo.32,https://i.pinimg.com/736x/29/46/14/294614f8eff0cfc14f26fbe5326dc015.jpg,294614f8eff0cfc14f26fbe5326dc015,0,3263,39,7,0,0,"{""1"": 1}","Wed, 18 Feb 2015 17:31:40 +0000",2026-06-25 05:43:16.713000,/cookingclassy/food-love/,**FOOD LOVE**,0,0,public,food_drink,yammie,Yammie's Noshery,https://www.pinterest.com/yammie/,0,0,114649,0,0,"{""blocked_by_me"": false, ""verified_identity"": {}, ""followed_by_me"": false, ""ads_only_profile_site"": null, ""first_name"": ""Yammie's Noshery"", ""domain_url"": ""www.yammiesnoshery.com"", ""type"": ""user"", ""is_ads_only_profile"": false, ""indexed"": true, ""full_name"": ""Yammie's Noshery"", ""is_default_image"": false, ""follower_count"": 114649, ""instagram_data"": null, ""is_verified_merchant"": false, ""image_small_url"": ""https://i.pinimg.com/30x30_RS/b9/f1/b9/b9f1b9c27393aa0c5f85cbf5d416ecda.jpg"", ""id"": ""28288441317851342"", ""domain_verified"": true, ""username"": ""yammie"", ""explicitly_followed_by_me"": false, ""image_medium_url"": ""https://i.pinimg.com/75x75_RS/b9/f1/b9/b9f1b9c27393aa0c5f85cbf5d416ecda.jpg""}"
48343395976470206,https://www.pinterest.com/pin/48343395976470206,Copycat Kimberley's Bakeshoppe Granola,Yammie's Noshery: Copycat Kimberley's Bakeshoppe Granola,http://www.yammiesnoshery.com/2015/02/copycat-kimberleys-bakeshoppe-granola.html?m=1,https://i.pinimg.com/736x/c5/f3/53/c5f35384cc1a00f9ee3e54fb690a65e0.jpg,c5f35384cc1a00f9ee3e54fb690a65e0,0,325,115,0,0,0,{},"Wed, 25 Feb 2015 20:11:07 +0000",2026-06-25 05:43:14.035000,/cookingclassy/food-love/,**FOOD LOVE**,0,0,public,food_drink,yammie,Yammie's Noshery,https://www.pinterest.com/yammie/,0,0,114649,0,0,
48343395976586718,https://www.pinterest.com/pin/48343395976586718,Outrageous Reese's Peanut Butter Cup Cake,Yammie's Noshery: Outrageous Reese's Peanut Butter Cup Cake,http://www.yammiesnoshery.com/2015/03/outrageous-reeses-peanut-butter-cup-cake.html,https://i.pinimg.com/736x/6b/f1/96/6bf1963fbc09873123683e2d1d3012dc.jpg,6bf1963fbc09873123683e2d1d3012dc,0,1078,181,0,0,0,"{""1"": 1}","Tue, 17 Mar 2015 20:29:56 +0000",2026-06-25 05:43:09.671000,/cookingclassy/food-love/,**FOOD LOVE**,0,0,public,food_drink,yammie,Yammie's Noshery,https://www.pinterest.com/yammie/,0,0,114649,0,0,
48343395976622465,https://www.pinterest.com/pin/48343395976622465,,Yammie's Noshery: The Best Fudge Ever,http://www.yammiesnoshery.com/2015/03/the-best-fudge-ever.html?m=1,https://i.pinimg.com/736x/c6/c1/ac/c6c1acdb37688673a4fe0f217e79c5d0.jpg,c6c1acdb37688673a4fe0f217e79c5d0,0,24803,295,6,0,0,"{""1"": 4}","Tue, 24 Mar 2015 16:25:40 +0000",2026-06-25 05:43:07.248000,/cookingclassy/food-love/,**FOOD LOVE**,0,0,public,food_drink,yammie,Yammie's Noshery,https://www.pinterest.com/yammie/,0,0,114649,0,0,
48343395976697233,https://www.pinterest.com/pin/48343395976697233,Blueberry Bagel French Toast with Cream Cheese Glaze,Yammie's Noshery: Blueberry Bagel French Toast with Cream Cheese Glaze,http://www.yammiesnoshery.com/2014/07/blueberry-bagel-french-toast.html,https://i.pinimg.com/736x/04/e0/52/04e0524d891999c1c435c1b1a707da5e.jpg,04e0524d891999c1c435c1b1a707da5e,0,23454,46,3,0,0,"{""1"": 1}","Tue, 07 Apr 2015 15:42:20 +0000",2026-06-25 05:43:07.102000,/cookingclassy/food-love/,**FOOD LOVE**,0,0,public,food_drink,yammie,Yammie's Noshery,https://www.pinterest.com/yammie/,0,0,114649,0,0,
48343395976697579,https://www.pinterest.com/pin/48343395976697579,Yammie's Noshery,Yammie's Noshery,http://www.yammiesnoshery.com/,https://i.pinimg.com/736x/29/23/04/292304b5259f65848c4c19f48b591dd4.jpg,292304b5259f65848c4c19f48b591dd4,0,46,29,0,0,0,"{""1"": 1}","Tue, 07 Apr 2015 17:09:25 +0000",2026-06-25 05:43:05.799000,/cookingclassy/food-love/,**FOOD LOVE**,0,0,public,food_drink,yammie,Yammie's Noshery,https://www.pinterest.com/yammie/,0,0,114649,0,0,
48343395976744787,https://www.pinterest.com/pin/48343395976744787,The Best Chocolate Pie Ever,Yammie's Noshery: The Best Chocolate Pie Ever {In the Microwave!},http://www.yammiesnoshery.com/2015/04/the-best-chocolate-pie-ever-in-microwave.html,https://i.pinimg.com/736x/54/53/8c/54538c3ca9f8df5994ce3d07092228ad.jpg,54538c3ca9f8df5994ce3d07092228ad,0,2597,62,0,0,0,{},"Thu, 16 Apr 2015 19:20:19 +0000",2026-06-25 05:43:04.537000,/cookingclassy/food-love/,**FOOD LOVE**,0,0,public,food_drink,yammie,Yammie's Noshery,https://www.pinterest.com/yammie/,0,0,114649,0,0,
48343395976748587,https://www.pinterest.com/pin/48343395976748587,The Best Chocolate Pie Ever,Yammie's Noshery: The Best Chocolate Pie Ever {In the Microwave!},http://www.yammiesnoshery.com/2015/04/the-best-chocolate-pie-ever-in-microwave.html?m=1,https://i.pinimg.com/736x/48/3f/f0/483ff03f7aca9fcdf89daeea3b0cb930.jpg,483ff03f7aca9fcdf89daeea3b0cb930,0,118,72,0,0,0,{},"Fri, 17 Apr 2015 11:34:13 +0000",2026-06-25 05:43:03.279000,/cookingclassy/food-love/,**FOOD LOVE**,0,0,public,food_drink,yammie,Yammie's Noshery,https://www.pinterest.com/yammie/,0,0,114649,0,0,
48343395976782418,https://www.pinterest.com/pin/48343395976782418,Black Forest Brownies,Yammie's Noshery: Black Forest Brownies,http://www.yammiesnoshery.com/2015/04/black-forest-brownies.html,https://i.pinimg.com/736x/33/3c/80/333c80a09ad56718dadb3b9d3564a9ad.jpg,333c80a09ad56718dadb3b9d3564a9ad,0,80,35,0,0,0,{},"Thu, 23 Apr 2015 15:15:29 +0000",2026-06-25 05:43:02.166000,/cookingclassy/food-love/,**FOOD LOVE**,0,0,public,food_drink,yammie,Yammie's Noshery,https://www.pinterest.com/yammie/,0,0,114649,0,0,
48343395976820546,https://www.pinterest.com/pin/48343395976820546,Mint Chocolate Chip Macarons,Yammie's Noshery: Mint Chocolate Chip Macarons,http://www.yammiesnoshery.com/2015/04/mint-chocolate-chip-macarons.html,https://i.pinimg.com/736x/83/08/a2/8308a2af3ccaa11b29cb80737db481ef.jpg,8308a2af3ccaa11b29cb80737db481ef,0,298,64,0,0,0,{},"Thu, 30 Apr 2015 13:45:12 +0000",2026-06-25 05:43:00.994000,/cookingclassy/food-love/,**FOOD LOVE**,0,0,public,food_drink,yammie,Yammie's Noshery,https://www.pinterest.com/yammie/,0,0,114649,0,0,
48343395976820548,https://www.pinterest.com/pin/48343395976820548,Mint Chocolate Chip Macarons,Yammie's Noshery: Mint Chocolate Chip Macarons,http://www.yammiesnoshery.com/2015/04/mint-chocolate-chip-macarons.html,https://i.pinimg.com/736x/55/74/c0/5574c009a8adfde840f1adf72644e397.jpg,5574c009a8adfde840f1adf72644e397,0,78,6,0,0,0,{},"Thu, 30 Apr 2015 13:45:35 +0000",2026-06-25 05:42:59.828000,/cookingclassy/food-love/,**FOOD LOVE**,0,0,public,food_drink,yammie,Yammie's Noshery,https://www.pinterest.com/yammie/,0,0,114649,0,0,
48343395976849269,https://www.pinterest.com/pin/48343395976849269,Matcha Green Tea Sugar Cookies,Yammie's Noshery: Matcha Green Tea Sugar Cookies,http://www.yammiesnoshery.com/2015/05/matcha-green-tea-sugar-cookies.html,https://i.pinimg.com/736x/86/1d/e9/861de9ad0fcc01216427c9f83aa98998.jpg,861de9ad0fcc01216427c9f83aa98998,0,147,54,0,0,0,{},"Wed, 06 May 2015 19:27:44 +0000",2026-06-25 05:42:58.611000,/cookingclassy/food-love/,**FOOD LOVE**,0,0,public,food_drink,yammie,Yammie's Noshery,https://www.pinterest.com/yammie/,0,0,114649,0,0,
48343395976875470,https://www.pinterest.com/pin/48343395976875470,"Sundried Tomato, Spinach, and Cheese Stuffed Chicken","Yammie's Noshery: Sun Dried Tomato, Spinach, and Cheese Stuffed Chicken",http://www.yammiesnoshery.com/2015/05/sun-dried-tomato-spinach-and-cheese.html?m=1,https://i.pinimg.com/736x/97/86/2d/97862d9b2987a9ea591b404dc1b001b6.jpg,97862d9b2987a9ea591b404dc1b001b6,0,6292,6292,1,0,0,"{""1"": 3}","Tue, 12 May 2015 12:16:41 +0000",2026-06-25 05:42:57.398000,/cookingclassy/food-love/,**FOOD LOVE**,0,0,public,food_drink,yammie,Yammie's Noshery,https://www.pinterest.com/yammie/,0,0,114649,0,0,
48343395976979489,https://www.pinterest.com/pin/48343395976979489,M&M Cookie Dough Ice Cream Cake with Hot Fudge {plus big news!},Yammie's Noshery: M&M Cookie Dough Ice Cream Cake with Hot Fudge {plus big news!},http://www.yammiesnoshery.com/2015/06/m-cookie-dough-ice-cream-cake-with-hot.html?m=1,https://i.pinimg.com/736x/89/7d/74/897d74b7242838ce0049ccabed649432.jpg,897d74b7242838ce0049ccabed649432,0,236,73,0,0,0,{},"Tue, 02 Jun 2015 18:36:11 +0000",2026-06-25 05:42:54.053000,/cookingclassy/food-love/,**FOOD LOVE**,0,0,public,food_drink,yammie,Yammie's Noshery,https://www.pinterest.com/yammie/,0,0,114649,0,0,
48343395977109599,https://www.pinterest.com/pin/48343395977109599,Mini Strawberry Pies {In a Muffin Tin!},Yammie's Noshery: Mini Strawberry Pies {In a Muffin Tin!},http://www.yammiesnoshery.com/2015/06/mini-strawberry-pies-in-muffin-tin.html,https://i.pinimg.com/736x/e0/9f/2d/e09f2d301e2cf2ec87f4089d4f29dc70.jpg,e09f2d301e2cf2ec87f4089d4f29dc70,0,146,50,0,0,0,{},"Tue, 30 Jun 2015 16:30:15 +0000",2026-06-25 05:42:51.966000,/cookingclassy/food-love/,**FOOD LOVE**,0,0,public,food_drink,yammie,Yammie's Noshery,https://www.pinterest.com/yammie/,0,0,114649,0,0,
48343395977242080,https://www.pinterest.com/pin/48343395977242080,Lentil Stew with Roasted Garlic Chicken Sausage,Yammie's Noshery: Lentil Stew with Roasted Garlic Chicken Sausage,http://www.yammiesnoshery.com/2015/07/lentil-stew-with-roasted-garlic-chicken.html?m=1,https://i.pinimg.com/736x/a2/56/40/a25640542e39f84c387ce0f1832c4e32.jpg,a25640542e39f84c387ce0f1832c4e32,0,449,216,0,0,1,{},"Thu, 30 Jul 2015 01:23:56 +0000",2026-06-25 05:42:51.111000,/cookingclassy/food-love/,**FOOD LOVE**,0,0,public,food_drink,yammie,Yammie's Noshery,https://www.pinterest.com/yammie/,0,0,114649,0,0,
48343395977583567,https://www.pinterest.com/pin/48343395977583567,Cheeseburger Quesadillas,Yammie's Noshery: Cheeseburger Quesadillas,http://www.yammiesnoshery.com/2015/09/cheeseburger-quesadillas.html,https://i.pinimg.com/736x/82/ad/dd/82addd77ced03d49e217e72af06ab374.jpg,82addd77ced03d49e217e72af06ab374,0,2396,73,5,0,0,{},"Fri, 25 Sep 2015 22:06:06 +0000",2026-06-25 05:42:48.711000,/cookingclassy/food-love/,**FOOD LOVE**,0,0,public,food_drink,yammie,Yammie's Noshery,https://www.pinterest.com/yammie/,0,0,114649,0,0,
48343395977586831,https://www.pinterest.com/pin/48343395977586831,Cheeseburger Quesadillas,Cheeseburger Quesadillas (plus more on life in Berlin!),http://www.yammiesnoshery.com/2015/09/cheeseburger-quesadillas.html,https://i.pinimg.com/736x/5a/18/9c/5a189c74a78f5800c58a262ace7be1b7.jpg,5a189c74a78f5800c58a262ace7be1b7,0,1005,404,1,0,0,{},"Sat, 26 Sep 2015 11:14:07 +0000",2026-06-25 05:42:48.745000,/cookingclassy/food-love/,**FOOD LOVE**,0,0,public,food_drink,yammie,Yammie's Noshery,https://www.pinterest.com/yammie/,0,0,114649,0,0,
48343395977611640,https://www.pinterest.com/pin/48343395977611640,,"Yammie's Noshery: Smoked Trout Pasta with Browned Butter, Sage, and Parmesan",http://www.yammiesnoshery.com/2015/09/smoked-trout-pasta-with-browned-butter.html,https://i.pinimg.com/736x/9a/cc/36/9acc367c414785a7e7d0a603552e8e35.jpg,9acc367c414785a7e7d0a603552e8e35,0,52,10,0,0,0,{},"Wed, 30 Sep 2015 16:01:10 +0000",2026-06-25 05:42:47.961000,/cookingclassy/food-love/,**FOOD LOVE**,0,0,public,food_drink,yammie,Yammie's Noshery,https://www.pinterest.com/yammie/,0,0,114649,0,0,
48343395977642493,https://www.pinterest.com/pin/48343395977642493,,"Yammie's Noshery: Smoked Trout Pasta with Browned Butter, Sage, and Parmesan",http://www.yammiesnoshery.com/2015/09/smoked-trout-pasta-with-browned-butter.html,https://i.pinimg.com/736x/9a/cc/36/9acc367c414785a7e7d0a603552e8e35.jpg,9acc367c414785a7e7d0a603552e8e35,0,52,4,0,0,0,{},"Tue, 06 Oct 2015 07:50:54 +0000",2026-06-25 05:42:47.875000,/cookingclassy/food-love/,**FOOD LOVE**,0,0,public,food_drink,yammie,Yammie's Noshery,https://www.pinterest.com/yammie/,0,0,114649,0,0,
48343395977642580,https://www.pinterest.com/pin/48343395977642580,Oatmeal Apple Coffee Cake with Crunchy Cinnamon Streusel {Without Any Flour!},Yammie's Noshery: Oatmeal Apple Coffee Cake with Crunchy Cinnamon Streusel {Without Any Flour!},http://www.yammiesnoshery.com/2015/10/flourless-gluten-free-oatmeal-apple-coffee-cake.html,https://i.pinimg.com/736x/b7/07/8e/b7078ed35a572a3cb2f778079e2bcf67.jpg,b7078ed35a572a3cb2f778079e2bcf67,0,674,27,0,0,0,{},"Tue, 06 Oct 2015 09:26:46 +0000",2026-06-25 05:42:47.148000,/cookingclassy/food-love/,**FOOD LOVE**,0,0,public,food_drink,yammie,Yammie's Noshery,https://www.pinterest.com/yammie/,0,0,114649,0,0,"{""type"": ""user"", ""instagram_data"": null, ""followed_by_me"": false, ""is_default_image"": false, ""ads_only_profile_site"": null, ""first_name"": ""Yammie's Noshery"", ""is_verified_merchant"": false, ""image_small_url"": ""https://i.pinimg.com/30x30_RS/b9/f1/b9/b9f1b9c27393aa0c5f85cbf5d416ecda.jpg"", ""full_name"": ""Yammie's Noshery"", ""image_medium_url"": ""https://i.pinimg.com/75x75_RS/b9/f1/b9/b9f1b9c27393aa0c5f85cbf5d416ecda.jpg"", ""explicitly_followed_by_me"": false, ""blocked_by_me"": false, ""is_ads_only_profile"": false, ""verified_identity"": {}, ""indexed"": true, ""domain_verified"": true, ""id"": ""28288441317851342"", ""username"": ""yammie"", ""domain_url"": ""www.yammiesnoshery.com"", ""follower_count"": 114649}"
48343395977684978,https://www.pinterest.com/pin/48343395977684978,The Easiest Homemade Pumpkin Puree,Yammie's Noshery: The Easiest Homemade Pumpkin Puree,http://www.yammiesnoshery.com/2015/10/the-easiest-homemade-pumpkin-puree.html,https://i.pinimg.com/736x/7c/66/71/7c6671c42da0772910a163007350017a.jpg,7c6671c42da0772910a163007350017a,0,93,28,0,0,0,{},"Tue, 13 Oct 2015 12:15:23 +0000",2026-06-25 05:42:45.913000,/cookingclassy/food-love/,**FOOD LOVE**,0,0,public,food_drink,yammie,Yammie's Noshery,https://www.pinterest.com/yammie/,0,0,114649,0,0,
48343395977729643,https://www.pinterest.com/pin/48343395977729643,Pumpkin Cinnamon Rolls With Mascarpone Frosting,Yammie's Noshery: Pumpkin Cinnamon Rolls With Mascarpone Frosting,http://www.yammiesnoshery.com/2015/10/pumpkin-cinnamon-rolls-with-mascarpone.html,https://i.pinimg.com/736x/f1/f3/5b/f1f35b98075e11fe6412bc959af9b8cc.jpg,f1f35b98075e11fe6412bc959af9b8cc,0,58,43,0,0,0,{},"Tue, 20 Oct 2015 06:29:22 +0000",2026-06-25 05:42:45.943000,/cookingclassy/food-love/,**FOOD LOVE**,0,0,public,food_drink,yammie,Yammie's Noshery,https://www.pinterest.com/yammie/,0,0,114649,0,0,
48343395977729644,https://www.pinterest.com/pin/48343395977729644,Pumpkin Cinnamon Rolls With Mascarpone Frosting,Yammie's Noshery: Pumpkin Cinnamon Rolls With Mascarpone Frosting,http://www.yammiesnoshery.com/2015/10/pumpkin-cinnamon-rolls-with-mascarpone.html,https://i.pinimg.com/736x/72/5b/b6/725bb6be436992ce066b3fd214c00925.jpg,725bb6be436992ce066b3fd214c00925,0,69,34,0,0,0,{},"Tue, 20 Oct 2015 06:29:53 +0000",2026-06-25 05:42:46.024000,/cookingclassy/food-love/,**FOOD LOVE**,0,0,public,food_drink,yammie,Yammie's Noshery,https://www.pinterest.com/yammie/,0,0,114649,0,0,
48343395977782623,https://www.pinterest.com/pin/48343395977782623,Grandma's Famous Pumpkin Bread,Yammie's Noshery: Grandma's Famous Pumpkin Bread,http://www.yammiesnoshery.com/2015/10/grandmas-famous-pumpkin-bread.html,https://i.pinimg.com/736x/1e/6e/af/1e6eaff96b22d13f5818e652489cb1c3.jpg,1e6eaff96b22d13f5818e652489cb1c3,0,6434,146,23,0,0,"{""1"": 5}","Wed, 28 Oct 2015 10:01:32 +0000",2026-06-25 05:42:45.966000,/cookingclassy/food-love/,**FOOD LOVE**,0,0,public,food_drink,yammie,Yammie's Noshery,https://www.pinterest.com/yammie/,0,0,114649,0,0,
48343395977822476,https://www.pinterest.com/pin/48343395977822476,Nutella Cheesecake Mousse Brownie Bites,Yammie's Noshery: Nutella Cheesecake Mousse Brownie Bites,http://www.yammiesnoshery.com/2015/11/nutella-cheesecake-mousse-brownie-bites.html,https://i.pinimg.com/736x/b5/86/79/b5867962b6d3b06079517da853ebcb2c.jpg,b5867962b6d3b06079517da853ebcb2c,0,91,37,0,0,0,"{""1"": 1}","Wed, 04 Nov 2015 12:50:18 +0000",2026-06-25 05:42:39.327000,/cookingclassy/food-love/,**FOOD LOVE**,0,0,public,food_drink,yammie,Yammie's Noshery,https://www.pinterest.com/yammie/,0,0,114649,0,0,
48343395977822495,https://www.pinterest.com/pin/48343395977822495,Nutella Cheesecake Mousse Brownie Bites,Yammie's Noshery: Nutella Cheesecake Mousse Brownie Bites,http://www.yammiesnoshery.com/2015/11/nutella-cheesecake-mousse-brownie-bites.html,https://i.pinimg.com/736x/f9/6d/f6/f96df64bb073a9fc08e7df6d2ddbac84.jpg,f96df64bb073a9fc08e7df6d2ddbac84,0,94,68,0,0,0,{},"Wed, 04 Nov 2015 12:57:07 +0000",2026-06-25 05:42:39.224000,/cookingclassy/food-love/,**FOOD LOVE**,0,0,public,food_drink,yammie,Yammie's Noshery,https://www.pinterest.com/yammie/,0,0,114649,0,0,
48343395977822984,https://www.pinterest.com/pin/48343395977822984,Easy Chocolate Peanut Butter Swirl Ice Cream {Can be Vegan and Dairy Free!},Yammie's Noshery: Easy Chocolate Peanut Butter Swirl Ice Cream {Can be Vegan and Dairy Free!},http://www.yammiesnoshery.com/2014/06/chocolate-peanut-butter-swirl-ice-cream.html,https://i.pinimg.com/736x/2c/d1/35/2cd1357dcaf7cb227073645fe8431e03.jpg,2cd1357dcaf7cb227073645fe8431e03,0,60,24,0,0,0,{},"Wed, 04 Nov 2015 14:55:35 +0000",2026-06-25 05:42:37.534000,/cookingclassy/food-love/,**FOOD LOVE**,0,0,public,food_drink,yammie,Yammie's Noshery,https://www.pinterest.com/yammie/,0,0,114649,0,0,
48343395977863773,https://www.pinterest.com/pin/48343395977863773,"Sun-dried Tomato, Spinach, and Basil Spaghetti {Extra Creamy with Cream Cheese!}","This pasta is loaded up with sun-dried tomatoes, spinach, basil, and all different kinds of cheeses!",http://www.yammiesnoshery.com/2015/11/sun-dried-tomato-spinach-and-basil-spaghetti.html,https://i.pinimg.com/736x/c8/5b/08/c85b08793fb270fde3ae85c2270e5fc3.jpg,c85b08793fb270fde3ae85c2270e5fc3,0,88,57,0,0,0,{},"Tue, 10 Nov 2015 13:02:00 +0000",2026-06-25 05:42:37.377000,/cookingclassy/food-love/,**FOOD LOVE**,0,0,public,food_drink,yammie,Yammie's Noshery,https://www.pinterest.com/yammie/,0,0,114649,0,0,
48343395977863778,https://www.pinterest.com/pin/48343395977863778,"Sun-dried Tomato, Spinach, and Basil Spaghetti {Extra Creamy with Cream Cheese!}","This pasta is loaded up with sun-dried tomatoes, spinach, basil, and all different kinds of cheeses!",http://www.yammiesnoshery.com/2015/11/sun-dried-tomato-spinach-and-basil-spaghetti.html,https://i.pinimg.com/736x/3a/cb/58/3acb588c37728cf01db22d7e222da1ff.jpg,3acb588c37728cf01db22d7e222da1ff,0,26,16,0,0,0,{},"Tue, 10 Nov 2015 13:02:48 +0000",2026-06-25 05:42:36.389000,/cookingclassy/food-love/,**FOOD LOVE**,0,0,public,food_drink,yammie,Yammie's Noshery,https://www.pinterest.com/yammie/,0,0,114649,0,0,
48343395977918437,https://www.pinterest.com/pin/48343395977918437,Funfetti Whoopie Pies,Funfetti Whoopie Pies,http://www.yammiesnoshery.com/2012/04/funfetti-whoopie-pies.html,https://i.pinimg.com/736x/58/1a/1e/581a1e5185718ce5cb58bc9cff08f65a.jpg,581a1e5185718ce5cb58bc9cff08f65a,0,413,38,0,0,0,{},"Fri, 20 Nov 2015 07:58:53 +0000",2026-06-25 05:42:35.404000,/cookingclassy/food-love/,**FOOD LOVE**,0,0,public,food_drink,yammie,Yammie's Noshery,https://www.pinterest.com/yammie/,0,0,114649,0,0,
48343395977919844,https://www.pinterest.com/pin/48343395977919844,Persian Honey Glazed Chicken and Jeweled Rice,"This colorful Iranian dish is full of unique flavors! With juicy, honey glazed chicken, pomegranate, pistachios, dried cranberries, fresh parsley and lots of seasonings!",http://www.yammiesnoshery.com/2015/11/persian-honey-glazed-chicken-and-rice.html,https://i.pinimg.com/736x/50/b9/c7/50b9c7812e1f897fe4368289c461580a.jpg,50b9c7812e1f897fe4368289c461580a,0,1799,1275,1,0,0,"{""1"": 2}","Fri, 20 Nov 2015 13:46:02 +0000",2026-06-25 05:42:35.297000,/cookingclassy/food-love/,**FOOD LOVE**,0,0,public,food_drink,yammie,Yammie's Noshery,https://www.pinterest.com/yammie/,0,0,114649,0,0,
48343395977956467,https://www.pinterest.com/pin/48343395977956467,,Use up all those Thanksgiving Leftovers with this super creamy turkey pot pie soup!,http://www.yammiesnoshery.com/2015/11/turkey-and-mashed-potato-pot-pie-soup.html,https://i.pinimg.com/736x/b8/83/df/b883df88e903c93ab1dc86b579138430.jpg,b883df88e903c93ab1dc86b579138430,0,407,53,0,0,0,{},"Fri, 27 Nov 2015 12:34:32 +0000",2026-06-25 05:42:31.816000,/cookingclassy/food-love/,**FOOD LOVE**,0,0,public,food_drink,yammie,Yammie's Noshery,https://www.pinterest.com/yammie/,0,0,114649,0,0,
48343395977991106,https://www.pinterest.com/pin/48343395977991106,Pumpkin Cake With Sticky Toffee Sauce,"This luscious, moist pumpkin cake is based on my Grandma's famous recipe. Pair it with sticky toffee sauce and ice cream and you're in heaven.",http://www.yammiesnoshery.com/2015/12/pumpkin-cake-with-sticky-toffee-sauce.html,https://i.pinimg.com/736x/d4/e4/86/d4e486d529d2d09de4d32661ff1970aa.jpg,d4e486d529d2d09de4d32661ff1970aa,0,3806,35,0,0,0,"{""1"": 1}","Thu, 03 Dec 2015 18:52:35 +0000",2026-06-25 05:42:30.534000,/cookingclassy/food-love/,**FOOD LOVE**,0,0,public,food_drink,yammie,Yammie's Noshery,https://www.pinterest.com/yammie/,0,0,114649,0,0,
48343395978111434,https://www.pinterest.com/pin/48343395978111434,The Top Ten Recipes of 2015,Yammie's Noshery: The Top Ten Recipes of 2015,http://www.yammiesnoshery.com/2015/12/the-top-ten-recipes-of-2015.html,https://i.pinimg.com/736x/e3/12/f7/e312f71dded53831d0172b9d5dc34c67.jpg,e312f71dded53831d0172b9d5dc34c67,0,59,12,0,0,0,{},"Tue, 29 Dec 2015 14:35:48 +0000",2026-06-25 05:42:27.640000,/cookingclassy/food-love/,**FOOD LOVE**,0,0,public,food_drink,yammie,Yammie's Noshery,https://www.pinterest.com/yammie/,0,0,114649,0,0,"{""is_ads_only_profile"": false, ""verified_identity"": {}, ""domain_verified"": true, ""image_small_url"": ""https://i.pinimg.com/30x30_RS/b9/f1/b9/b9f1b9c27393aa0c5f85cbf5d416ecda.jpg"", ""is_verified_merchant"": false, ""followed_by_me"": false, ""full_name"": ""Yammie's Noshery"", ""follower_count"": 114649, ""explicitly_followed_by_me"": false, ""indexed"": true, ""id"": ""28288441317851342"", ""instagram_data"": null, ""type"": ""user"", ""image_medium_url"": ""https://i.pinimg.com/75x75_RS/b9/f1/b9/b9f1b9c27393aa0c5f85cbf5d416ecda.jpg"", ""username"": ""yammie"", ""domain_url"": ""www.yammiesnoshery.com"", ""first_name"": ""Yammie's Noshery"", ""blocked_by_me"": false, ""is_default_image"": false, ""ads_only_profile_site"": null}"
48343395978162697,https://www.pinterest.com/pin/48343395978162697,Reese's Peanut Butter Brownie Pie,"This is the BEST dessert. A chewy brownie topped with a creamy layer of peanut butter frosting, Reese's Cups, and a drizzle of Nutella!",http://www.yammiesnoshery.com/2016/01/reeses-peanut-butter-brownie-pie.html,https://i.pinimg.com/736x/65/e2/49/65e2492031c647c3117e3233ba528c0d.jpg,65e2492031c647c3117e3233ba528c0d,0,128,21,0,0,0,{},"Fri, 08 Jan 2016 13:01:25 +0000",2026-06-25 05:42:26.681000,/cookingclassy/food-love/,**FOOD LOVE**,0,0,public,food_drink,yammie,Yammie's Noshery,https://www.pinterest.com/yammie/,0,0,114649,0,0,
48343395978177746,https://www.pinterest.com/pin/48343395978177746,Reese's Peanut Butter Brownie Pie,"This is the BEST dessert. A chewy brownie topped with a creamy layer of peanut butter frosting, Reese's Cups, and a drizzle of Nutella!",http://www.yammiesnoshery.com/2016/01/reeses-peanut-butter-brownie-pie.html,https://i.pinimg.com/736x/8d/9d/da/8d9ddaf70991c2eb9f36daae6fa7293c.jpg,8d9ddaf70991c2eb9f36daae6fa7293c,0,59,6,0,0,0,{},"Mon, 11 Jan 2016 10:51:23 +0000",2026-06-25 05:42:25.314000,/cookingclassy/food-love/,**FOOD LOVE**,0,0,public,food_drink,yammie,Yammie's Noshery,https://www.pinterest.com/yammie/,0,0,114649,0,0,
48343395978177747,https://www.pinterest.com/pin/48343395978177747,Reese's Peanut Butter Brownie Pie,Yammie's Noshery: Reese's Peanut Butter Brownie Pie,http://www.yammiesnoshery.com/2016/01/reeses-peanut-butter-brownie-pie.html,https://i.pinimg.com/736x/a8/64/21/a8642132e431066b290520a82d5d2273.jpg,a8642132e431066b290520a82d5d2273,0,20,11,0,0,0,{},"Mon, 11 Jan 2016 10:54:23 +0000",2026-06-25 05:42:25.298000,/cookingclassy/food-love/,**FOOD LOVE**,0,0,public,food_drink,yammie,Yammie's Noshery,https://www.pinterest.com/yammie/,0,0,114649,0,0,"{""verified_identity"": {}, ""ads_only_profile_site"": null, ""follower_count"": 114649, ""explicitly_followed_by_me"": false, ""is_verified_merchant"": false, ""is_ads_only_profile"": false, ""image_small_url"": ""https://i.pinimg.com/30x30_RS/b9/f1/b9/b9f1b9c27393aa0c5f85cbf5d416ecda.jpg"", ""username"": ""yammie"", ""image_medium_url"": ""https://i.pinimg.com/75x75_RS/b9/f1/b9/b9f1b9c27393aa0c5f85cbf5d416ecda.jpg"", ""domain_url"": ""www.yammiesnoshery.com"", ""instagram_data"": null, ""first_name"": ""Yammie's Noshery"", ""indexed"": true, ""type"": ""user"", ""followed_by_me"": false, ""blocked_by_me"": false, ""full_name"": ""Yammie's Noshery"", ""domain_verified"": true, ""id"": ""28288441317851342"", ""is_default_image"": false}"
48343395978258799,https://www.pinterest.com/pin/48343395978258799,Mini Eggplant Caprese Pizzas,"These little eggplant pizzas are perfect for lowcarb, gluten free, or otherwise healthy eaters. They're loaded with mozzarella, fresh basil, bursty tomatoes, and a delicious balsmaic reduction!",http://www.yammiesnoshery.com/2016/01/mini-eggplant-caprese-pizzas.html,https://i.pinimg.com/736x/80/1d/d5/801dd5ca25a8ab7163e58fae6c728967.jpg,801dd5ca25a8ab7163e58fae6c728967,0,1452,62,0,0,0,{},"Mon, 25 Jan 2016 16:55:51 +0000",2026-06-25 05:42:24.348000,/cookingclassy/food-love/,**FOOD LOVE**,0,0,public,food_drink,yammie,Yammie's Noshery,https://www.pinterest.com/yammie/,0,0,114649,0,0,
48343395978325848,https://www.pinterest.com/pin/48343395978325848,,"This salmon recipe is AWESOME! The spices are amazing... sweet and spicy, and the mango salsa is so refreshing!",http://www.yammiesnoshery.com/2016/02/spice-rubbed-salmon-with-mango-salsa.html#more,https://i.pinimg.com/736x/4e/a0/a0/4ea0a0cf289a52b4ad0a295ced9b1b80.jpg,4ea0a0cf289a52b4ad0a295ced9b1b80,0,29,12,0,0,0,{},"Sat, 06 Feb 2016 13:34:36 +0000",2026-06-25 05:42:23.480000,/cookingclassy/food-love/,**FOOD LOVE**,0,0,public,food_drink,yammie,Yammie's Noshery,https://www.pinterest.com/yammie/,0,0,114649,0,0,
48343395978325856,https://www.pinterest.com/pin/48343395978325856,,"This salmon recipe is AWESOME! The spices are amazing... sweet and spicy, and the mango salsa is so refreshing!",http://www.yammiesnoshery.com/2016/02/spice-rubbed-salmon-with-mango-salsa.html#more,https://i.pinimg.com/736x/51/f7/7f/51f77f83c52f0c2d0b5157ca28c9d66c.jpg,51f77f83c52f0c2d0b5157ca28c9d66c,0,107,53,0,0,0,{},"Sat, 06 Feb 2016 13:36:49 +0000",2026-06-25 05:42:23.326000,/cookingclassy/food-love/,**FOOD LOVE**,0,0,public,food_drink,yammie,Yammie's Noshery,https://www.pinterest.com/yammie/,0,0,114649,0,0,
48343395978424395,https://www.pinterest.com/pin/48343395978424395,Brownies with Nutella and Greek Yogurt Frosting,Gooey brownies with tangy greek yogurt frosting a drizzle of Nutella. They can even be Gluten Free!,http://www.yammiesnoshery.com/2016/02/brownies-with-nutella-and-greek-yogurt.html,https://i.pinimg.com/736x/93/b2/aa/93b2aa060ad4a8cefd711b77d49d015c.jpg,93b2aa060ad4a8cefd711b77d49d015c,0,18,5,0,0,0,{},"Tue, 23 Feb 2016 12:52:00 +0000",2026-06-25 05:42:21.397000,/cookingclassy/food-love/,**FOOD LOVE**,0,0,public,food_drink,yammie,Yammie's Noshery,https://www.pinterest.com/yammie/,0,0,114649,0,0,
48343395978706556,https://www.pinterest.com/pin/48343395978706556,The Best Strawberry Yogurt Muffins {Plus BIG News!},The absolute best recipe for strawberry muffins ever! These truly are the best! Plus HUGE news on the blog!,http://www.yammiesnoshery.com/2016/04/the-best-strawberry-yogurt-muffins-plus.html,https://i.pinimg.com/736x/59/ad/6b/59ad6bd934d8e4bdfdfe4bffd8db4d09.jpg,59ad6bd934d8e4bdfdfe4bffd8db4d09,0,5467,3244,7,0,1,"{""1"": 1}","Mon, 11 Apr 2016 12:53:05 +0000",2026-06-25 05:42:20.280000,/cookingclassy/food-love/,**FOOD LOVE**,0,0,public,food_drink,yammie,Yammie's Noshery,https://www.pinterest.com/yammie/,0,0,114649,0,0,
48343395978724730,https://www.pinterest.com/pin/48343395978724730,"Bacon, Brie, and Apricot Grilled Cheese with Balsamic Reduction",This gourmet grilled cheese is AMAZING. The flavor combo is unexpected and heavenly. You can even make the balsamic reduction in the microwave!,http://www.yammiesnoshery.com/2016/04/bacon-brie-and-apricot-grilled-cheese.html,https://i.pinimg.com/736x/9a/e0/4c/9ae04c909b0945d47971caa6cf04f0a3.jpg,9ae04c909b0945d47971caa6cf04f0a3,0,31895,20160,15,0,0,{},"Thu, 14 Apr 2016 11:06:23 +0000",2026-06-25 05:42:19.403000,/cookingclassy/food-love/,**FOOD LOVE**,0,0,public,food_drink,yammie,Yammie's Noshery,https://www.pinterest.com/yammie/,0,0,114649,0,0,
48343395978738273,https://www.pinterest.com/pin/48343395978738273,Peanut Butter Cookie Sandwiches With Milk Chocolate Buttercream,Peanut Butter Cookie Sandwiches With Milk Chocolate Buttercream,http://www.yammiesnoshery.com/2012/09/peanut-butter-cookie-sandwiches-with.html,https://i.pinimg.com/736x/42/2c/c3/422cc3c992193dcce878e18194e30690.jpg,422cc3c992193dcce878e18194e30690,0,42,28,0,0,0,{},"Sat, 16 Apr 2016 21:30:34 +0000",2026-06-25 05:42:17.664000,/cookingclassy/food-love/,**FOOD LOVE**,0,0,public,food_drink,yammie,Yammie's Noshery,https://www.pinterest.com/yammie/,0,0,114649,0,0,
48343395978755492,https://www.pinterest.com/pin/48343395978755492,Samuel's Salted Caramel Peanut Brownie Bombs,"I think I just died and went to heaven. Rich, flourless brownie balls loaded with homemade salted caramel and covered in chocolate and peanuts. Gluten free too.",http://www.yammiesnoshery.com/2016/04/samuels-salted-carmel-peanut-brownie.html,https://i.pinimg.com/736x/3d/00/30/3d003088ec3978bc12575b04e82aedfa.jpg,3d003088ec3978bc12575b04e82aedfa,0,2823,138,0,0,0,"{""1"": 2, ""7"": 1}","Tue, 19 Apr 2016 21:07:32 +0000",2026-06-25 05:42:17.639000,/cookingclassy/food-love/,**FOOD LOVE**,0,0,public,food_drink,yammie,Yammie's Noshery,https://www.pinterest.com/yammie/,0,0,114649,0,0,
48343395978759304,https://www.pinterest.com/pin/48343395978759304,Samuel's Salted Caramel Peanut Brownie Bombs,"I think I just died and went to heaven. Rich, flourless brownie balls loaded with homemade salted caramel and covered in chocolate and peanuts. Gluten free too.",http://www.yammiesnoshery.com/2016/04/samuels-salted-carmel-peanut-brownie.html,https://i.pinimg.com/736x/51/9f/17/519f17a756d1d60a38c61e6e452d51f3.jpg,519f17a756d1d60a38c61e6e452d51f3,0,524,42,0,0,0,{},"Wed, 20 Apr 2016 13:09:11 +0000",2026-06-25 05:42:16.356000,/cookingclassy/food-love/,**FOOD LOVE**,0,0,public,food_drink,yammie,Yammie's Noshery,https://www.pinterest.com/yammie/,0,0,114649,0,0,
48343395978788870,https://www.pinterest.com/pin/48343395978788870,"Buckwheat, Banana, Oatmeal, Dark Chocolate Pancakes {Naturally Gluten Free!}","These pancakes were AMAZING! So fluffy and the buckwheat added a great nutty flavor! Plus they're gluten free, whole grain, and can be vegan!",http://www.yammiesnoshery.com/2016/04/buckwheat-banana-oatmeal-dark-chocolate.html,https://i.pinimg.com/736x/4a/34/05/4a34050fa0fc65db3bd102b318ad594e.jpg,4a34050fa0fc65db3bd102b318ad594e,0,2372,1616,10,0,0,{},"Mon, 25 Apr 2016 08:10:15 +0000",2026-06-25 05:42:16.381000,/cookingclassy/food-love/,**FOOD LOVE**,0,0,public,food_drink,yammie,Yammie's Noshery,https://www.pinterest.com/yammie/,0,0,114649,0,0,
48343395978788881,https://www.pinterest.com/pin/48343395978788881,"Buckwheat, Banana, Oatmeal, Dark Chocolate Pancakes {Naturally Gluten Free!}","These pancakes were AMAZING! So fluffy and the buckwheat added a great nutty flavor! Plus they're gluten free, whole grain, and can be vegan!",http://www.yammiesnoshery.com/2016/04/buckwheat-banana-oatmeal-dark-chocolate.html,https://i.pinimg.com/736x/bd/b7/3e/bdb73e560108c771655052c0d1406317.jpg,bdb73e560108c771655052c0d1406317,0,22,13,0,0,0,{},"Mon, 25 Apr 2016 08:15:00 +0000",2026-06-25 05:42:13.855000,/cookingclassy/food-love/,**FOOD LOVE**,0,0,public,food_drink,yammie,Yammie's Noshery,https://www.pinterest.com/yammie/,0,0,114649,0,0,
48343395978832331,https://www.pinterest.com/pin/48343395978832331,"Breakfast Tacos {With Sweet Potatoes, Black Beans, and Avocados}",This is the best recipe for breakfast tacos ever! I'm never eating another breakfast again. Seriously.,http://www.yammiesnoshery.com/2016/05/breakfast-tacos.html,https://i.pinimg.com/736x/a8/39/d3/a839d33868afa380d29d54eb18fd1f35.jpg,a839d33868afa380d29d54eb18fd1f35,0,55,28,0,0,0,{},"Mon, 02 May 2016 20:13:23 +0000",2026-06-25 05:42:12.761000,/cookingclassy/food-love/,**FOOD LOVE**,0,0,public,food_drink,yammie,Yammie's Noshery,https://www.pinterest.com/yammie/,0,0,114649,0,0,
48343395978878400,https://www.pinterest.com/pin/48343395978878400,Sourdough Bread Pudding with Chocolate Chunks and Vanilla Cream Sauce,This is the best bread pudding I've ever eaten. I'm never using another recipe again. The vanilla cream sauce is out of this world.,http://www.yammiesnoshery.com/2016/05/sourdough-bread-pudding-with-chocolate.html,https://i.pinimg.com/736x/b4/95/93/b495931af307be57a1fb6609c400596a.jpg,b495931af307be57a1fb6609c400596a,0,109,68,0,0,0,{},"Tue, 10 May 2016 13:12:27 +0000",2026-06-25 05:42:12.739000,/cookingclassy/food-love/,**FOOD LOVE**,0,0,public,food_drink,yammie,Yammie's Noshery,https://www.pinterest.com/yammie/,0,0,114649,0,0,
48343395978878403,https://www.pinterest.com/pin/48343395978878403,Sourdough Bread Pudding with Chocolate Chunks and Vanilla Cream Sauce,This is the best bread pudding I've ever eaten. I'm never using another recipe again. The vanilla cream sauce is out of this world.,http://www.yammiesnoshery.com/2016/05/sourdough-bread-pudding-with-chocolate.html,https://i.pinimg.com/736x/32/c8/ae/32c8aebf0829e4a5b4bfff52ea357858.jpg,32c8aebf0829e4a5b4bfff52ea357858,0,616,379,0,0,0,{},"Tue, 10 May 2016 13:13:00 +0000",2026-06-25 05:42:12.676000,/cookingclassy/food-love/,**FOOD LOVE**,0,0,public,food_drink,yammie,Yammie's Noshery,https://www.pinterest.com/yammie/,0,0,114649,0,0,
48343395978929766,https://www.pinterest.com/pin/48343395978929766,Flourless Marshmallow Crunch Brownies,These are THE BEST brownies. You can make the brownies from scratch or dress up a box mix! Everyone asks for the recipe!,http://www.yammiesnoshery.com/2016/05/flourless-marshmallow-crunch-brownies.html,https://i.pinimg.com/736x/39/cd/9b/39cd9bbca9f4109e49bbb174dc0e3747.jpg,39cd9bbca9f4109e49bbb174dc0e3747,0,9451,2330,3,0,1,"{""1"": 2}","Wed, 18 May 2016 11:09:42 +0000",2026-06-25 05:42:09.620000,/cookingclassy/food-love/,**FOOD LOVE**,0,0,public,food_drink,yammie,Yammie's Noshery,https://www.pinterest.com/yammie/,0,0,114649,0,0,
48343395978975310,https://www.pinterest.com/pin/48343395978975310,Strawberry Brie Stuffed French Toast with Nutella,Gooey brie cheese with sweet strawberries in between two fat slices of french toast and smothered in Nutella! Yum!,http://www.yammiesnoshery.com/2016/05/strawberry-brie-stuffed-french-toast.html,https://i.pinimg.com/736x/3c/43/08/3c43087ee43809a93a8457ea207cf8c0.jpg,3c43087ee43809a93a8457ea207cf8c0,0,138,77,0,0,0,{},"Wed, 25 May 2016 14:49:53 +0000",2026-06-25 05:42:09.590000,/cookingclassy/food-love/,**FOOD LOVE**,0,0,public,food_drink,yammie,Yammie's Noshery,https://www.pinterest.com/yammie/,0,0,114649,0,0,
48343395979123566,https://www.pinterest.com/pin/48343395979123566,,"This recipe beats a McMuffin any day! A scrambled egg with spinach and cheese, avocado smash, cukes, sun dried tomatoes, and pesto on rosemary foccacia make the ultimate breakfast sandwich!",http://www.yammiesnoshery.com/2016/06/mediterranean-breakfast-sandwich.html,https://i.pinimg.com/736x/4b/3a/ad/4b3aad5e7b6b91794ef88c0dfd877493.jpg,4b3aad5e7b6b91794ef88c0dfd877493,0,6396,3869,5,0,0,{},"Wed, 15 Jun 2016 09:42:21 +0000",2026-06-25 05:42:05.093000,/cookingclassy/food-love/,**FOOD LOVE**,0,0,public,food_drink,yammie,Yammie's Noshery,https://www.pinterest.com/yammie/,0,0,114649,0,0,
48343395979170166,https://www.pinterest.com/pin/48343395979170166,The Ultimate Cookie Dough Milkshake,"This is the ULTIMATE milkshake. An obscene amount of homemade cookie dough, hot fudge, and ice cream cookie sandwiches!",http://www.yammiesnoshery.com/2016/06/the-ultimate-cookie-dough-milkshake.html,https://i.pinimg.com/736x/88/24/c1/8824c1b80843c34ac3a32d7a2757d14d.jpg,8824c1b80843c34ac3a32d7a2757d14d,0,56,24,0,0,0,{},"Wed, 22 Jun 2016 14:24:18 +0000",2026-06-25 05:42:04.379000,/cookingclassy/food-love/,**FOOD LOVE**,0,0,public,food_drink,yammie,Yammie's Noshery,https://www.pinterest.com/yammie/,0,0,114649,0,0,
48343395979214834,https://www.pinterest.com/pin/48343395979214834,Strawberry Swirl Cheesecake {With Easy Strawberry Roses!},This is the best recipe for strawberry cheesecake! Make it extra fancy with these strawberry roses. They're not hard to make!,http://www.yammiesnoshery.com/2016/06/strawberry-swirl-cheesecake.html,https://i.pinimg.com/736x/be/01/e5/be01e5fce561affe4b3e136f6cab77cb.jpg,be01e5fce561affe4b3e136f6cab77cb,0,21,12,0,0,0,{},"Wed, 29 Jun 2016 12:01:01 +0000",2026-06-25 05:42:03.485000,/cookingclassy/food-love/,**FOOD LOVE**,0,0,public,food_drink,yammie,Yammie's Noshery,https://www.pinterest.com/yammie/,0,0,114649,0,0,
48343395979262499,https://www.pinterest.com/pin/48343395979262499,,A quick and easy recipe for a one pan meal that's full of flavor and healthy too!,http://www.yammiesnoshery.com/2016/07/one-pan-balsamic-roasted-chicken-and.html,https://i.pinimg.com/736x/5f/cb/c4/5fcbc4e00fadfae0dae3633acf4d599d.jpg,5fcbc4e00fadfae0dae3633acf4d599d,0,38,124,0,0,0,{},"Wed, 06 Jul 2016 13:01:50 +0000",2026-06-25 05:42:02.795000,/cookingclassy/food-love/,**FOOD LOVE**,0,0,public,food_drink,yammie,Yammie's Noshery,https://www.pinterest.com/yammie/,0,0,114649,0,0,
48343395979277110,https://www.pinterest.com/pin/48343395979277110,,A quick and easy recipe for a one pan meal that's full of flavor and healthy and gluten free too!,http://www.yammiesnoshery.com/2016/07/one-pan-balsamic-roasted-chicken-and.html,https://i.pinimg.com/736x/46/89/10/468910a46aff769a95e8fc4b82d13969.jpg,468910a46aff769a95e8fc4b82d13969,0,2355,892,0,0,0,{},"Fri, 08 Jul 2016 10:41:00 +0000",2026-06-25 05:42:01.858000,/cookingclassy/food-love/,**FOOD LOVE**,0,0,public,food_drink,yammie,Yammie's Noshery,https://www.pinterest.com/yammie/,0,0,114649,0,0,
48343395979314839,https://www.pinterest.com/pin/48343395979314839,BLT Chicken Salad With Balsamic Vinaigrette,This is such a satisfying and delicious salad and the balsamic dressing is so easy and good!,http://www.yammiesnoshery.com/2016/07/blt-chicken-salad-with-balsamic.html,https://i.pinimg.com/736x/b2/23/c4/b223c4232012e2131d3a0b74204acc53.jpg,b223c4232012e2131d3a0b74204acc53,0,113,61,0,0,0,{},"Wed, 13 Jul 2016 12:35:07 +0000",2026-06-25 05:42:01.878000,/cookingclassy/food-love/,**FOOD LOVE**,0,0,public,food_drink,yammie,Yammie's Noshery,https://www.pinterest.com/yammie/,0,0,114649,0,0,
48343395979359284,https://www.pinterest.com/pin/48343395979359284,Coconut Cream Pie From Scratch {With Boozy Option!},"This dreamy, creamy coconut cream pie recipe is made from scratch! It's easy to make and tastes so amazing!",http://www.yammiesnoshery.com/2016/07/coconut-cream-pie-from-scratch-with.html,https://i.pinimg.com/736x/03/d5/9b/03d59ba90b038fda6266e4beb6b84fa3.jpg,03d59ba90b038fda6266e4beb6b84fa3,0,247,11,0,0,0,{},"Tue, 19 Jul 2016 16:22:18 +0000",2026-06-25 05:42:00.204000,/cookingclassy/food-love/,**FOOD LOVE**,0,0,public,food_drink,yammie,Yammie's Noshery,https://www.pinterest.com/yammie/,0,0,114649,0,0,
48343395979401688,https://www.pinterest.com/pin/48343395979401688,Secretly Healthy 87 Calorie Brownies!,Yammie's Noshery: Secretly Healthy 87 Calorie Brownies!,http://www.yammiesnoshery.com/2014/08/secretly-healthy-zucchini-brownies.html,https://i.pinimg.com/736x/8b/d4/d8/8bd4d8080db52c52450fe40591af7951.jpg,8bd4d8080db52c52450fe40591af7951,0,24780,171,19,0,0,"{""1"": 3}","Mon, 25 Jul 2016 15:38:20 +0000",2026-06-25 05:42:00.159000,/cookingclassy/food-love/,**FOOD LOVE**,0,0,public,food_drink,yammie,Yammie's Noshery,https://www.pinterest.com/yammie/,0,0,114649,0,0,"{""follower_count"": 114649, ""full_name"": ""Yammie's Noshery"", ""image_small_url"": ""https://i.pinimg.com/30x30_RS/b9/f1/b9/b9f1b9c27393aa0c5f85cbf5d416ecda.jpg"", ""followed_by_me"": false, ""first_name"": ""Yammie's Noshery"", ""instagram_data"": null, ""explicitly_followed_by_me"": false, ""username"": ""yammie"", ""is_default_image"": false, ""ads_only_profile_site"": null, ""indexed"": true, ""domain_verified"": true, ""id"": ""28288441317851342"", ""is_verified_merchant"": false, ""type"": ""user"", ""blocked_by_me"": false, ""domain_url"": ""www.yammiesnoshery.com"", ""image_medium_url"": ""https://i.pinimg.com/75x75_RS/b9/f1/b9/b9f1b9c27393aa0c5f85cbf5d416ecda.jpg"", ""verified_identity"": {}, ""is_ads_only_profile"": false}"
48343395979409424,https://www.pinterest.com/pin/48343395979409424,Frozen Watermelon Coconut Mojitos,"This is so refreshing on a hot summer day! THE mixed drink for summer: mint, lime, coconut cream, and frozen watermelon with coconut rum (great virgin too!)",http://www.yammiesnoshery.com/2016/07/frozen-watermelon-coconut-mojitos.html,https://i.pinimg.com/736x/2c/10/c3/2c10c3c76265af13b6f47edc325a0674.jpg,2c10c3c76265af13b6f47edc325a0674,0,362,203,0,0,0,{},"Tue, 26 Jul 2016 10:37:02 +0000",2026-06-25 05:41:59.110000,/cookingclassy/food-love/,**FOOD LOVE**,0,0,public,food_drink,yammie,Yammie's Noshery,https://www.pinterest.com/yammie/,0,0,114649,0,0,
48343395979452357,https://www.pinterest.com/pin/48343395979452357,Secretly Healthy 87 Calorie Brownies!,"Have you ever wished you could have a huge, rich gooey brownie for under 100 calories? Well now you can with these zucchini brownies!",http://www.yammiesnoshery.com/2014/08/secretly-healthy-zucchini-brownies.html,https://i.pinimg.com/736x/53/c5/ad/53c5ade6927abc4fd36ae264bf95f8ec.jpg,53c5ade6927abc4fd36ae264bf95f8ec,0,1,5287,0,0,0,{},"Mon, 01 Aug 2016 11:44:06 +0000",2026-06-25 05:41:59.128000,/cookingclassy/food-love/,**FOOD LOVE**,0,0,public,food_drink,yammie,Yammie's Noshery,https://www.pinterest.com/yammie/,0,0,114649,0,0,
48343395979452371,https://www.pinterest.com/pin/48343395979452371,Frozen Watermelon Coconut Mojitos,"This is so refreshing on a hot summer day! THE mixed drink for summer: mint, lime, coconut cream, and frozen watermelon with coconut rum (great virgin too!)",http://www.yammiesnoshery.com/2016/07/frozen-watermelon-coconut-mojitos.html,https://i.pinimg.com/736x/bf/e6/17/bfe617d2b9b3fd65bfb91cb8b43babf0.jpg,bfe617d2b9b3fd65bfb91cb8b43babf0,0,75,52,0,0,0,{},"Mon, 01 Aug 2016 11:46:39 +0000",2026-06-25 05:41:59.145000,/cookingclassy/food-love/,**FOOD LOVE**,0,0,public,food_drink,yammie,Yammie's Noshery,https://www.pinterest.com/yammie/,0,0,114649,0,0,
48343395979504009,https://www.pinterest.com/pin/48343395979504009,Buffalo Chicken Mac & Cheese, ,http://www.yammiesnoshery.com/2016/08/buffalo-chicken-mac-cheese.html,https://i.pinimg.com/736x/75/b8/2c/75b82c34a13af50b23ba0d65834b70cb.jpg,75b82c34a13af50b23ba0d65834b70cb,0,3350,30,8,0,0,{},"Mon, 08 Aug 2016 22:22:17 +0000",2026-06-25 05:41:56.484000,/cookingclassy/food-love/,**FOOD LOVE**,0,0,public,food_drink,yammie,Yammie's Noshery,https://www.pinterest.com/yammie/,0,0,114649,0,0,
48343395979600156,https://www.pinterest.com/pin/48343395979600156,5 Ingredient Microwave Peanut Butter Hot Fudge Sauce,"This peanut butter hot fudge sauce recipe is addictive! Comes together in minutes with just a few ingredients in the microwave. Plus, no corn syrup!",http://www.yammiesnoshery.com/2016/08/5-ingredient-microwave-peanut-butter.html,https://i.pinimg.com/736x/47/1d/a9/471da9127c6d1cb61c3b670e50e7df5e.jpg,471da9127c6d1cb61c3b670e50e7df5e,0,230,5,0,0,0,{},"Mon, 22 Aug 2016 18:06:39 +0000",2026-06-25 05:41:54.774000,/cookingclassy/food-love/,**FOOD LOVE**,0,0,public,food_drink,yammie,Yammie's Noshery,https://www.pinterest.com/yammie/,0,0,114649,0,0,"{""image_small_url"": ""https://i.pinimg.com/30x30_RS/b9/f1/b9/b9f1b9c27393aa0c5f85cbf5d416ecda.jpg"", ""domain_url"": ""www.yammiesnoshery.com"", ""follower_count"": 114649, ""image_medium_url"": ""https://i.pinimg.com/75x75_RS/b9/f1/b9/b9f1b9c27393aa0c5f85cbf5d416ecda.jpg"", ""explicitly_followed_by_me"": false, ""verified_identity"": {}, ""username"": ""yammie"", ""blocked_by_me"": false, ""domain_verified"": true, ""instagram_data"": null, ""ads_only_profile_site"": null, ""followed_by_me"": false, ""is_verified_merchant"": false, ""first_name"": ""Yammie's Noshery"", ""id"": ""28288441317851342"", ""indexed"": true, ""full_name"": ""Yammie's Noshery"", ""is_ads_only_profile"": false, ""type"": ""user"", ""is_default_image"": false}"
48343395979672998,https://www.pinterest.com/pin/48343395979672998,Taco Stuffed Peppers,"An easy, cheesy low carb meal... these taco stuffed peppers are AWESOME!",http://www.yammiesnoshery.com/2016/09/taco-stuffed-peppers.html,https://i.pinimg.com/736x/37/61/d8/3761d80cd833648d72b639478f2de72a.jpg,3761d80cd833648d72b639478f2de72a,0,296,19,1,0,0,{},"Fri, 02 Sep 2016 01:05:23 +0000",2026-06-25 05:41:54.756000,/cookingclassy/food-love/,**FOOD LOVE**,0,0,public,food_drink,yammie,Yammie's Noshery,https://www.pinterest.com/yammie/,0,0,114649,0,0,"{""image_small_url"": ""https://i.pinimg.com/30x30_RS/b9/f1/b9/b9f1b9c27393aa0c5f85cbf5d416ecda.jpg"", ""domain_verified"": true, ""username"": ""yammie"", ""ads_only_profile_site"": null, ""instagram_data"": null, ""domain_url"": ""www.yammiesnoshery.com"", ""id"": ""28288441317851342"", ""is_default_image"": false, ""first_name"": ""Yammie's Noshery"", ""is_ads_only_profile"": false, ""verified_identity"": {}, ""blocked_by_me"": false, ""follower_count"": 114649, ""is_verified_merchant"": false, ""image_medium_url"": ""https://i.pinimg.com/75x75_RS/b9/f1/b9/b9f1b9c27393aa0c5f85cbf5d416ecda.jpg"", ""followed_by_me"": false, ""type"": ""user"", ""full_name"": ""Yammie's Noshery"", ""indexed"": true, ""explicitly_followed_by_me"": false}"
48343395979747293,https://www.pinterest.com/pin/48343395979747293,Microwave Spinach Dip for One,"This is the BEST spinach dip. Only takes a few minutes to make and is a perfect emergency snack for one (okay, or two if I'm feeling gracious)",http://www.yammiesnoshery.com/2016/09/microwave-spinach-dip-for-one.html,https://i.pinimg.com/736x/a6/36/bd/a636bd947b31bea6c5164401e897acdf.jpg,a636bd947b31bea6c5164401e897acdf,0,451,16,0,0,0,"{""1"": 1}","Mon, 12 Sep 2016 19:32:41 +0000",2026-06-25 05:41:53.200000,/cookingclassy/food-love/,**FOOD LOVE**,0,0,public,food_drink,yammie,Yammie's Noshery,https://www.pinterest.com/yammie/,0,0,114649,0,0,"{""blocked_by_me"": false, ""domain_url"": ""www.yammiesnoshery.com"", ""image_small_url"": ""https://i.pinimg.com/30x30_RS/b9/f1/b9/b9f1b9c27393aa0c5f85cbf5d416ecda.jpg"", ""indexed"": true, ""is_verified_merchant"": false, ""follower_count"": 114649, ""id"": ""28288441317851342"", ""followed_by_me"": false, ""full_name"": ""Yammie's Noshery"", ""username"": ""yammie"", ""first_name"": ""Yammie's Noshery"", ""verified_identity"": {}, ""instagram_data"": null, ""domain_verified"": true, ""is_ads_only_profile"": false, ""is_default_image"": false, ""explicitly_followed_by_me"": false, ""ads_only_profile_site"": null, ""type"": ""user"", ""image_medium_url"": ""https://i.pinimg.com/75x75_RS/b9/f1/b9/b9f1b9c27393aa0c5f85cbf5d416ecda.jpg""}"
48343395979800133,https://www.pinterest.com/pin/48343395979800133,Flourless Oatmeal Apple Muffins,"These oatmeal apple muffins are whole grain and can be gluten free, made with 100% oats and no flour!",http://www.yammiesnoshery.com/2016/09/flourless-oatmeal-apple-muffins.html,https://i.pinimg.com/736x/26/68/25/2668254b2d7293ee7f6bae1ee614378a.jpg,2668254b2d7293ee7f6bae1ee614378a,0,247,36,0,0,0,{},"Tue, 20 Sep 2016 17:35:58 +0000",2026-06-25 05:41:53.874000,/cookingclassy/food-love/,**FOOD LOVE**,0,0,public,food_drink,yammie,Yammie's Noshery,https://www.pinterest.com/yammie/,0,0,114649,0,0,"{""username"": ""yammie"", ""first_name"": ""Yammie's Noshery"", ""id"": ""28288441317851342"", ""image_medium_url"": ""https://i.pinimg.com/75x75_RS/b9/f1/b9/b9f1b9c27393aa0c5f85cbf5d416ecda.jpg"", ""is_ads_only_profile"": false, ""type"": ""user"", ""image_small_url"": ""https://i.pinimg.com/30x30_RS/b9/f1/b9/b9f1b9c27393aa0c5f85cbf5d416ecda.jpg"", ""is_default_image"": false, ""domain_verified"": true, ""indexed"": true, ""is_verified_merchant"": false, ""instagram_data"": null, ""followed_by_me"": false, ""full_name"": ""Yammie's Noshery"", ""ads_only_profile_site"": null, ""domain_url"": ""www.yammiesnoshery.com"", ""verified_identity"": {}, ""explicitly_followed_by_me"": false, ""blocked_by_me"": false, ""follower_count"": 114649}"
48343395979842859,https://www.pinterest.com/pin/48343395979842859,"Sweet Potato Apple Beer Soup {With Aged White Cheddar, Crispy Sage, and Prosciutto}","The hearty flavors of this cozy apple and sweet potato soup will warm your soul on a cool autumn night. Complete with beer, crispy sage, prosciutto and aged cheddar.",http://www.yammiesnoshery.com/2016/09/sweet-potato-apple-beer-soup-with-aged.html,https://i.pinimg.com/736x/bf/b1/ae/bfb1ae62f9f2350b20490637a06aa8c5.jpg,bfb1ae62f9f2350b20490637a06aa8c5,0,65,37,0,0,0,{},"Tue, 27 Sep 2016 14:38:00 +0000",2026-06-25 05:41:53.181000,/cookingclassy/food-love/,**FOOD LOVE**,0,0,public,food_drink,yammie,Yammie's Noshery,https://www.pinterest.com/yammie/,0,0,114649,0,0,
48343395979992235,https://www.pinterest.com/pin/48343395979992235,The Best Basic Burritos,These are truly THE BEST burritos ever. My Mexican food loving husband is very particular and he says they can't be beat.,http://www.yammiesnoshery.com/2016/10/the-best-basic-burritos.html,https://i.pinimg.com/736x/93/8b/24/938b247d78e16de7593ed013a9c08ade.jpg,938b247d78e16de7593ed013a9c08ade,0,8989,39,10,0,0,"{""1"": 2}","Thu, 20 Oct 2016 11:57:22 +0000",2026-06-25 05:41:43.693000,/cookingclassy/food-love/,**FOOD LOVE**,0,0,public,food_drink,yammie,Yammie's Noshery,https://www.pinterest.com/yammie/,0,0,114649,0,0,
48343395979998285,https://www.pinterest.com/pin/48343395979998285,Apple Cinnamon Pretzel Bites with Caramel Dipping Sauce,These cinnamon sugar pretzel bites are loaded with apples and cinnamon! Great for dunking in homemade salted caramel sauce!,http://www.yammiesnoshery.com/2014/09/apple-cinnamon-pretzel-bites.html,https://i.pinimg.com/736x/44/d3/ed/44d3edbfce0caf5078fca43fb49d0c16.jpg,44d3edbfce0caf5078fca43fb49d0c16,0,78,36,0,0,0,{},"Fri, 21 Oct 2016 12:08:04 +0000",2026-06-25 05:41:43.620000,/cookingclassy/food-love/,**FOOD LOVE**,0,0,public,food_drink,yammie,Yammie's Noshery,https://www.pinterest.com/yammie/,0,0,114649,0,0,
48343395979998290,https://www.pinterest.com/pin/48343395979998290,Pumpkin Cake With Sticky Toffee Sauce,"This luscious, moist pumpkin cake is based on my Grandma's famous recipe. Pair it with sticky toffee sauce and ice cream and you're in heaven.",http://www.yammiesnoshery.com/2015/12/pumpkin-cake-with-sticky-toffee-sauce.html,https://i.pinimg.com/736x/d4/e4/86/d4e486d529d2d09de4d32661ff1970aa.jpg,d4e486d529d2d09de4d32661ff1970aa,0,3806,220,0,0,0,"{""1"": 1}","Fri, 21 Oct 2016 12:10:10 +0000",2026-06-25 05:41:43.453000,/cookingclassy/food-love/,**FOOD LOVE**,0,0,public,food_drink,yammie,Yammie's Noshery,https://www.pinterest.com/yammie/,0,0,114649,0,0,
48343395980066864,https://www.pinterest.com/pin/48343395980066864,Racine Pecan Kringle,"Finally, a recipe for kringle that's just like the famous Danish pastries from my hometown, Racine Wisconsin!",http://www.yammiesnoshery.com/2016/10/racine-pecan-kringle.html,https://i.pinimg.com/736x/2d/dd/0d/2ddd0d4697dc8c97bc87251e7c28bffe.jpg,2ddd0d4697dc8c97bc87251e7c28bffe,0,3236,2283,4,0,0,{},"Mon, 31 Oct 2016 14:48:22 +0000",2026-06-25 05:41:43.477000,/cookingclassy/food-love/,**FOOD LOVE**,0,0,public,food_drink,yammie,Yammie's Noshery,https://www.pinterest.com/yammie/,0,0,114649,0,0,
48343395980072863,https://www.pinterest.com/pin/48343395980072863,Reese's Peanut Butter Brownie Pie,"This is the BEST dessert. A chewy brownie topped with a creamy layer of peanut butter frosting, Reese's Cups, and a drizzle of Nutella!",http://www.yammiesnoshery.com/2016/01/reeses-peanut-butter-brownie-pie.html,https://i.pinimg.com/736x/65/e2/49/65e2492031c647c3117e3233ba528c0d.jpg,65e2492031c647c3117e3233ba528c0d,0,128,13,0,0,0,{},"Tue, 01 Nov 2016 14:07:29 +0000",2026-06-25 05:41:42.654000,/cookingclassy/food-love/,**FOOD LOVE**,0,0,public,food_drink,yammie,Yammie's Noshery,https://www.pinterest.com/yammie/,0,0,114649,0,0,
48343395980120187,https://www.pinterest.com/pin/48343395980120187,Nutella Stuffed Pumpkin Muffins,Perfectly moist pumpkin muffins stuffed with gobs of Nutella!,http://www.yammiesnoshery.com/2016/11/nutella-stuffed-pumpkin-muffins.html,https://i.pinimg.com/736x/92/fa/6d/92fa6d8d2492534466eaaff64e4756d8.jpg,92fa6d8d2492534466eaaff64e4756d8,0,258,0,0,0,0,{},"Tue, 08 Nov 2016 14:51:16 +0000",2026-06-25 05:41:42.638000,/cookingclassy/food-love/,**FOOD LOVE**,0,0,public,food_drink,yammie,Yammie's Noshery,https://www.pinterest.com/yammie/,0,0,114649,0,0,
48343395980231723,https://www.pinterest.com/pin/48343395980231723,Sourdough Bagels,The perfect recipe for artisan sourdough bagels!,http://www.yammiesnoshery.com/2016/11/sourdough-bagels.html,https://i.pinimg.com/736x/bd/c9/b9/bdc9b9abe192f225d962e2c1a02a949c.jpg,bdc9b9abe192f225d962e2c1a02a949c,0,12,25,0,0,0,{},"Fri, 25 Nov 2016 16:43:10 +0000",2026-06-25 05:41:41.016000,/cookingclassy/food-love/,**FOOD LOVE**,0,0,public,food_drink,yammie,Yammie's Noshery,https://www.pinterest.com/yammie/,0,0,114649,0,0,
48343395980231725,https://www.pinterest.com/pin/48343395980231725,Sourdough Bagels,The perfect recipe for artisan sourdough bagels!,http://www.yammiesnoshery.com/2016/11/sourdough-bagels.html,https://i.pinimg.com/736x/b7/73/f9/b773f9cec67e21cd45b282de4ba27985.jpg,b773f9cec67e21cd45b282de4ba27985,0,22,13,0,0,0,{},"Fri, 25 Nov 2016 16:43:25 +0000",2026-06-25 05:41:41.043000,/cookingclassy/food-love/,**FOOD LOVE**,0,0,public,food_drink,yammie,Yammie's Noshery,https://www.pinterest.com/yammie/,0,0,114649,0,0,
48343395980334967,https://www.pinterest.com/pin/48343395980334967,b'Gl\xfchwein {German Mulled Wine}',b'An authentic recipe for Gl\xfchwein (German mulled wine) and a peek into the Christmas Markets of Germany where you can drink it all season!',http://www.yammiesnoshery.com/2016/12/gluhwein-german-mulled-wine.html,https://i.pinimg.com/736x/f3/d0/cd/f3d0cd96426a5104cf5417bce40f5b71.jpg,f3d0cd96426a5104cf5417bce40f5b71,0,1957,1074,0,0,0,{},"Mon, 12 Dec 2016 20:44:42 +0000",2026-06-25 05:41:40.895000,/cookingclassy/food-love/,**FOOD LOVE**,0,0,public,food_drink,yammie,Yammie's Noshery,https://www.pinterest.com/yammie/,0,0,114649,0,0,
48343395980451000,https://www.pinterest.com/pin/48343395980451000,The Top 10 Recipes of 2016,My top ten recipes of 2016!,http://www.yammiesnoshery.com/2017/01/the-top-10-recipes-of-2016.html,https://i.pinimg.com/736x/47/34/17/47341706ec1225a9bed5df4000f4105a.jpg,47341706ec1225a9bed5df4000f4105a,0,114,69,0,0,0,{},"Sun, 01 Jan 2017 16:29:40 +0000",2026-06-25 05:41:39.016000,/cookingclassy/food-love/,**FOOD LOVE**,0,0,public,food_drink,yammie,Yammie's Noshery,https://www.pinterest.com/yammie/,0,0,114649,0,0,
48343395980526410,https://www.pinterest.com/pin/48343395980526410,, ,http://www.yammiesnoshery.com/2017/01/creamy-mini-meatball-and-brussels-penne.html,https://i.pinimg.com/736x/3b/86/1f/3b861fab89e8e9af075713aae4d04a93.jpg,3b861fab89e8e9af075713aae4d04a93,0,426,154,1,0,0,{},"Thu, 12 Jan 2017 14:10:49 +0000",2026-06-25 05:41:40.986000,/cookingclassy/food-love/,**FOOD LOVE**,0,0,public,food_drink,yammie,Yammie's Noshery,https://www.pinterest.com/yammie/,0,0,114649,0,0,
48343395980574074,https://www.pinterest.com/pin/48343395980574074,Prosciutto wrapped Brie Bites with Rosemary Crusted Walnuts,These brie bites make the perfect gourmet appetizers! They're naturally gluten free and exploding with flavor. I dipped mine in gooseberry ginger jam!,http://www.yammiesnoshery.com/2017/01/prosciutto-wrapped-brie-bites.html,https://i.pinimg.com/736x/a4/bd/44/a4bd4486da405d39ba54ecb894479ff6.jpg,a4bd4486da405d39ba54ecb894479ff6,0,3016,2388,0,0,0,{},"Thu, 19 Jan 2017 11:56:00 +0000",2026-06-25 05:41:37.877000,/cookingclassy/food-love/,**FOOD LOVE**,0,0,public,food_drink,yammie,Yammie's Noshery,https://www.pinterest.com/yammie/,0,0,114649,0,0,
48343395980838842,https://www.pinterest.com/pin/48343395980838842,,"This fudgy flourless cake is outrageous! Loaded with buttery ganache, fluffy peanut butter buttercream, and Reese's Cups!",http://www.yammiesnoshery.com/2014/08/flourless-chocolate-peanut-butter-cake.html?utm_source=feedburner&utm_medium=feed&utm_campaign=Feed:+YammiesNoshery+(Yammie's+Noshery),https://i.pinimg.com/736x/bf/6c/0f/bf6c0f16da89b0bcf6c79cb7432267d6.jpg,bf6c0f16da89b0bcf6c79cb7432267d6,0,56,50,0,0,0,{},"Tue, 28 Feb 2017 23:23:24 +0000",2026-06-25 05:41:37.843000,/cookingclassy/food-love/,**FOOD LOVE**,0,0,public,food_drink,yammie,Yammie's Noshery,https://www.pinterest.com/yammie/,0,0,114649,0,0,
48343395980850246,https://www.pinterest.com/pin/48343395980850246,,"This chipotle sweet potato and black bean chili is so smoky, spicy, and colorful and can be gluten free too!",http://www.yammiesnoshery.com/2017/03/chipotle-sweet-potato-and-black-bean.html,https://i.pinimg.com/736x/b3/c8/e3/b3c8e3dbd3a848b6babb8787462f3f8d.jpg,b3c8e3dbd3a848b6babb8787462f3f8d,0,1876,610,3,0,0,{},"Thu, 02 Mar 2017 18:46:40 +0000",2026-06-25 05:41:37.750000,/cookingclassy/food-love/,**FOOD LOVE**,0,0,public,food_drink,yammie,Yammie's Noshery,https://www.pinterest.com/yammie/,0,0,114649,0,0,
48343395980944174,https://www.pinterest.com/pin/48343395980944174,Naked Juice Green Machine Copycat Recipe,Make your own Naked Juice smoothie for a tiny fraction of the price! It's full of fruits and veggies and tastes AWESOME.,http://www.yammiesnoshery.com/2017/03/naked-juice-green-machine-copycat-recipe.html,https://i.pinimg.com/736x/c2/3c/4a/c23c4a256edc99ba5c5df1a72e1a8d08.jpg,c23c4a256edc99ba5c5df1a72e1a8d08,0,81,57,0,0,0,{},"Mon, 13 Mar 2017 13:31:59 +0000",2026-06-25 05:41:37.071000,/cookingclassy/food-love/,**FOOD LOVE**,0,0,public,food_drink,yammie,Yammie's Noshery,https://www.pinterest.com/yammie/,0,0,114649,0,0,
48343395981104073,https://www.pinterest.com/pin/48343395981104073,Grandpa John's Gluten Free Peanut Butter Cookies,Grandpa's favorite gluten free peanut butter cookies.,http://www.yammiesnoshery.com/2017/03/grandpa-johns-gluten-free-peanut-butter.html,https://i.pinimg.com/736x/d7/14/0a/d7140aedfacaf77613dd57b97be7de67.jpg,d7140aedfacaf77613dd57b97be7de67,0,40,32,0,0,0,{},"Fri, 24 Mar 2017 17:34:05 +0000",2026-06-25 05:41:36.233000,/cookingclassy/food-love/,**FOOD LOVE**,0,0,public,food_drink,yammie,Yammie's Noshery,https://www.pinterest.com/yammie/,0,0,114649,0,0,
48343395981345099,https://www.pinterest.com/pin/48343395981345099,3 Ingredient Peanut Butter No Bake Cookies,"These are the easiest, yummiest cookies ever! Ready in less than 5 minutes! They can be gluten free too.",http://www.yammiesnoshery.com/2017/04/3-ingredient-peanut-butter-no-bake.html,https://i.pinimg.com/736x/fe/40/6f/fe406fdec4935feaac8eb06751eea90d.jpg,fe406fdec4935feaac8eb06751eea90d,0,881,430,1,0,0,{},"Wed, 05 Apr 2017 19:30:59 +0000",2026-06-25 05:41:33.203000,/cookingclassy/food-love/,**FOOD LOVE**,0,0,public,food_drink,yammie,Yammie's Noshery,https://www.pinterest.com/yammie/,0,0,114649,0,0,
48343395982450444,https://www.pinterest.com/pin/48343395982450444,Zuppa Toscana {Olive Garden Copycat Recipe},The BEST copycat recipe for Olive Garden's Zuppa Toscana soup! Can be gluten free too!,http://www.yammiesnoshery.com/2017/04/zuppa-toscana-olive-garden-copycat.html,https://i.pinimg.com/736x/80/81/21/80812160479d867a5a8fc39f8b18d4e1.jpg,80812160479d867a5a8fc39f8b18d4e1,0,39,32,0,0,0,{},"Thu, 27 Apr 2017 20:52:24 +0000",2026-06-25 05:41:32.067000,/cookingclassy/food-love/,**FOOD LOVE**,0,0,public,food_drink,yammie,Yammie's Noshery,https://www.pinterest.com/yammie/,0,0,114649,0,0,
48343395982706561,https://www.pinterest.com/pin/48343395982706561,Amazing Dark Chocolate Cake with Greek Yogurt Chocolate Frosting {Can be gluten free!},Yammie's Noshery: Amazing Dark Chocolate Cake with Greek Yogurt Chocolate Frosting {Can be gluten free!},http://www.yammiesnoshery.com/2017/05/amazing-dark-chocolate-cake-with-greek.html,https://i.pinimg.com/736x/ed/47/59/ed4759a87f4a3b01eedbbb278befed0b.jpg,ed4759a87f4a3b01eedbbb278befed0b,0,32,8,0,0,0,{},"Thu, 11 May 2017 16:55:54 +0000",2026-06-25 05:41:31.610000,/cookingclassy/food-love/,**FOOD LOVE**,0,0,public,food_drink,yammie,Yammie's Noshery,https://www.pinterest.com/yammie/,0,0,114649,0,0,"{""indexed"": true, ""is_ads_only_profile"": false, ""image_medium_url"": ""https://i.pinimg.com/75x75_RS/b9/f1/b9/b9f1b9c27393aa0c5f85cbf5d416ecda.jpg"", ""followed_by_me"": false, ""username"": ""yammie"", ""is_default_image"": false, ""blocked_by_me"": false, ""domain_verified"": true, ""explicitly_followed_by_me"": false, ""is_verified_merchant"": false, ""type"": ""user"", ""full_name"": ""Yammie's Noshery"", ""image_small_url"": ""https://i.pinimg.com/30x30_RS/b9/f1/b9/b9f1b9c27393aa0c5f85cbf5d416ecda.jpg"", ""first_name"": ""Yammie's Noshery"", ""instagram_data"": null, ""follower_count"": 114649, ""domain_url"": ""www.yammiesnoshery.com"", ""id"": ""28288441317851342"", ""ads_only_profile_site"": null, ""verified_identity"": {}}"
48343395982788888,https://www.pinterest.com/pin/48343395982788888,,"These bars are chewy, rich, and decadent, but also freakishly easy and naturally gluten free!",http://www.yammiesnoshery.com/2017/05/chewy-salted-caramel-crispy-bars.html?m=1,https://i.pinimg.com/736x/da/c9/c7/dac9c7dc9f6bf812a0f1088a50319ce0.jpg,dac9c7dc9f6bf812a0f1088a50319ce0,0,351,67,0,0,0,{},"Wed, 24 May 2017 15:45:40 +0000",2026-06-25 05:41:31.094000,/cookingclassy/food-love/,**FOOD LOVE**,0,0,public,food_drink,yammie,Yammie's Noshery,https://www.pinterest.com/yammie/,0,0,114649,0,0,
48343395982949182,https://www.pinterest.com/pin/48343395982949182,The Best Sugar Cookie Cutouts Ever {With a Secret Ingredient}, ,http://www.yammiesnoshery.com/2017/06/the-best-sugar-cookie-cutouts-ever-with.html,https://i.pinimg.com/736x/a1/43/b2/a143b2e76c75a9539d701f61e4311882.jpg,a143b2e76c75a9539d701f61e4311882,0,49,25,0,0,0,{},"Mon, 19 Jun 2017 14:18:03 +0000",2026-06-25 05:41:30.988000,/cookingclassy/food-love/,**FOOD LOVE**,0,0,public,food_drink,yammie,Yammie's Noshery,https://www.pinterest.com/yammie/,0,0,114649,0,0,
48343395983367541,https://www.pinterest.com/pin/48343395983367541,Cherry Cheesecake Swirl Brownies,Amazing fudgy brownies with creamy cherry cheesecake swirl. They can easily be made gluten free too!!,http://www.yammiesnoshery.com/2017/08/cherry-cheesecake-swirl-brownies-plus.html?m=1#more,https://i.pinimg.com/736x/ec/64/5b/ec645b841c4bb9d70c3e7dafd1b6cf01.jpg,ec645b841c4bb9d70c3e7dafd1b6cf01,0,78,54,0,0,0,{},"Sat, 26 Aug 2017 16:13:58 +0000",2026-06-25 05:41:30.905000,/cookingclassy/food-love/,**FOOD LOVE**,0,0,public,food_drink,yammie,Yammie's Noshery,https://www.pinterest.com/yammie/,0,0,114649,0,0,
48343395983515752,https://www.pinterest.com/pin/48343395983515752,Flourless Dark Chocolate Brownie Cookies,"These big, fat, gooey brownie cookies are AMAZING. They're chewy, super chocolatey, and naturally gluten free too!",http://www.yammiesnoshery.com/2017/09/flourless-dark-chocolate-brownie-cookies.html,https://i.pinimg.com/736x/34/4d/64/344d649408385428a03e94c325c3f134.jpg,344d649408385428a03e94c325c3f134,0,819,154,0,0,0,"{""1"": 4}","Wed, 20 Sep 2017 19:36:59 +0000",2026-06-25 05:41:22.649000,/cookingclassy/food-love/,**FOOD LOVE**,0,0,public,food_drink,yammie,Yammie's Noshery,https://www.pinterest.com/yammie/,0,0,114649,0,0,
48343395983653230,https://www.pinterest.com/pin/48343395983653230,Cream Cheese Swirled Pumpkin Muffins {With Gluten Free Option},These cream cheese pumpkin muffins are SO MOIST. I will never make another pumpkin muffin again!,http://www.yammiesnoshery.com/2017/10/cream-cheese-swirled-pumpkin-muffins.html,https://i.pinimg.com/736x/cb/f8/db/cbf8db29c6f23c1d221c15caf69ac48e.jpg,cbf8db29c6f23c1d221c15caf69ac48e,0,93,35,2,0,0,{},"Sat, 14 Oct 2017 18:16:23 +0000",2026-06-25 05:41:22.232000,/cookingclassy/food-love/,**FOOD LOVE**,0,0,public,food_drink,yammie,Yammie's Noshery,https://www.pinterest.com/yammie/,0,0,114649,0,0,
48343395983723162,https://www.pinterest.com/pin/48343395983723162,Microwave Pumpkin Spice Caramel Corn,"This Microwaved Pumpkin Spice Caramel Popcorn  is so easy, crunchy, and delicious! Make it for your Halloween Party!",http://www.yammiesnoshery.com/2017/10/microwave-pumpkin-spice-caramel-corn.html#more,https://i.pinimg.com/736x/5b/ff/7c/5bff7cdcb8c518c851f14e2b702e7283.jpg,5bff7cdcb8c518c851f14e2b702e7283,0,39,18,0,0,0,{},"Thu, 26 Oct 2017 18:45:37 +0000",2026-06-25 05:41:22.136000,/cookingclassy/food-love/,**FOOD LOVE**,0,0,public,food_drink,yammie,Yammie's Noshery,https://www.pinterest.com/yammie/,0,0,114649,0,0,
48343395983773718,https://www.pinterest.com/pin/48343395983773718,The Perfect Roasted Sweet Potatoes, ,http://www.yammiesnoshery.com/2017/11/the-perfect-roasted-sweet-potatoes.html,https://i.pinimg.com/736x/32/2b/af/322bafd54955ff97bf8d0bfe4dec2204.jpg,322bafd54955ff97bf8d0bfe4dec2204,0,494,37,1,0,0,{},"Sat, 04 Nov 2017 21:05:14 +0000",2026-06-25 05:41:22.051000,/cookingclassy/food-love/,**FOOD LOVE**,0,0,public,food_drink,yammie,Yammie's Noshery,https://www.pinterest.com/yammie/,0,0,114649,0,0,
48343395983859217,https://www.pinterest.com/pin/48343395983859217,Cranberry Cream Cheese Crumble Bars,"The perfect holiday dessert (or breakfast!). Tart, juicy cranberries in a creamy, chewy bar! Can be gluten free!",http://www.yammiesnoshery.com/2017/11/cranberry-cream-cheese-crumble-bars.html,https://i.pinimg.com/736x/1b/a3/79/1ba37989370b3fb8822975ec02af44cf.jpg,1ba37989370b3fb8822975ec02af44cf,0,127,36,0,0,0,{},"Sun, 19 Nov 2017 02:01:11 +0000",2026-06-25 05:41:20.718000,/cookingclassy/food-love/,**FOOD LOVE**,0,0,public,food_drink,yammie,Yammie's Noshery,https://www.pinterest.com/yammie/,0,0,114649,0,0,
48343395984008116,https://www.pinterest.com/pin/48343395984008116,Flourless Candy Cane Crunch Brownies,Flourless fudge brownies topped with fluffy peppermint cream cheese frosting with a candy cane crunch!,http://www.yammiesnoshery.com/2017/12/candy-cane-brownies.html,https://i.pinimg.com/736x/6e/76/50/6e7650aaab6fb50d2f9c1928479b532b.jpg,6e7650aaab6fb50d2f9c1928479b532b,0,10374,890,5,0,0,"{""1"": 15}","Wed, 13 Dec 2017 17:45:22 +0000",2026-06-25 05:41:19.965000,/cookingclassy/food-love/,**FOOD LOVE**,0,0,public,food_drink,yammie,Yammie's Noshery,https://www.pinterest.com/yammie/,0,0,114649,0,0,
48343395984008148,https://www.pinterest.com/pin/48343395984008148,Flourless Candy Cane Crunch Brownies,Yammie's Noshery: Candy Cane Brownies,http://www.yammiesnoshery.com/2017/12/candy-cane-brownies.html,https://i.pinimg.com/736x/63/34/06/633406f297ea18b6d08e31d515a04e1b.jpg,633406f297ea18b6d08e31d515a04e1b,0,382,71,0,0,0,{},"Wed, 13 Dec 2017 17:48:45 +0000",2026-06-25 05:41:19.953000,/cookingclassy/food-love/,**FOOD LOVE**,0,0,public,food_drink,yammie,Yammie's Noshery,https://www.pinterest.com/yammie/,0,0,114649,0,0,"{""image_small_url"": ""https://i.pinimg.com/30x30_RS/b9/f1/b9/b9f1b9c27393aa0c5f85cbf5d416ecda.jpg"", ""is_ads_only_profile"": false, ""blocked_by_me"": false, ""instagram_data"": null, ""is_verified_merchant"": false, ""image_medium_url"": ""https://i.pinimg.com/75x75_RS/b9/f1/b9/b9f1b9c27393aa0c5f85cbf5d416ecda.jpg"", ""ads_only_profile_site"": null, ""type"": ""user"", ""username"": ""yammie"", ""verified_identity"": {}, ""explicitly_followed_by_me"": false, ""indexed"": true, ""domain_url"": ""www.yammiesnoshery.com"", ""first_name"": ""Yammie's Noshery"", ""full_name"": ""Yammie's Noshery"", ""follower_count"": 114649, ""domain_verified"": true, ""id"": ""28288441317851342"", ""followed_by_me"": false, ""is_default_image"": false}"
48343395984051856,https://www.pinterest.com/pin/48343395984051856,Amazing Roasted Almonds {German Christmas Market Style},These stovetop candied almonds are PERFECT. The crunchy texture and the German spice makes them so festive.,http://www.yammiesnoshery.com/2017/12/amazing-roasted-almonds-german.html,https://i.pinimg.com/736x/e8/9e/1b/e89e1b72256f8a28eb191f893e4896d0.jpg,e89e1b72256f8a28eb191f893e4896d0,0,786,120,4,0,0,{},"Thu, 21 Dec 2017 20:30:14 +0000",2026-06-25 05:41:18.795000,/cookingclassy/food-love/,**FOOD LOVE**,0,0,public,food_drink,yammie,Yammie's Noshery,https://www.pinterest.com/yammie/,0,0,114649,0,0,
48343395984219475,https://www.pinterest.com/pin/48343395984219475,The Perfect Chocolate Mousse,"This chocolate mousse is the perfect dessert to impress! Somehow it's light and rich at the same time and so fluffy, creamy, and smooth. Bonus: it's gluten free!",http://www.yammiesnoshery.com/2018/01/the-perfect-chocolate-mousse.html,https://i.pinimg.com/736x/9e/f9/8b/9ef98bed875671b33821cfa7ddc8553d.jpg,9ef98bed875671b33821cfa7ddc8553d,0,363,98,0,0,0,{},"Wed, 17 Jan 2018 22:41:16 +0000",2026-06-25 05:41:18.693000,/cookingclassy/food-love/,**FOOD LOVE**,0,0,public,food_drink,yammie,Yammie's Noshery,https://www.pinterest.com/yammie/,0,0,114649,0,0,
48343395984685786,https://www.pinterest.com/pin/48343395984685786,Amazing Carrot Cake Loaf with Fluffy Cream Cheese Frosting,This is the best carrot cake ever! It's super moist and delicious and the frosting is out of this world. It can be gluten free too!,http://www.yammiesnoshery.com/2018/03/amazing-carrot-cake-loaf-with-fluffy.html,https://i.pinimg.com/736x/50/b9/af/50b9af6d53e90abeac02e7a9649e0013.jpg,50b9af6d53e90abeac02e7a9649e0013,0,85,75,1,0,0,{},"Fri, 30 Mar 2018 00:14:29 +0000",2026-06-25 05:41:18.193000,/cookingclassy/food-love/,**FOOD LOVE**,0,0,public,food_drink,yammie,Yammie's Noshery,https://www.pinterest.com/yammie/,0,0,114649,0,0,
48343395984773063,https://www.pinterest.com/pin/48343395984773063,French Toast Sticks for One,Yammie's Noshery: French Toast Sticks for One,http://www.yammiesnoshery.com/2018/04/french-toast-sticks-for-one.html,https://i.pinimg.com/736x/d2/87/04/d28704b51a856ba9dff1a4e082ef386b.jpg,d28704b51a856ba9dff1a4e082ef386b,0,40,11,0,0,0,{},"Fri, 13 Apr 2018 17:00:39 +0000",2026-06-25 05:41:17.057000,/cookingclassy/food-love/,**FOOD LOVE**,0,0,public,food_drink,yammie,Yammie's Noshery,https://www.pinterest.com/yammie/,0,0,114649,0,0,
48343395984854453,https://www.pinterest.com/pin/48343395984854453,Small Batch One Bowl Oatmeal Cookies {Gluten Free},Yammie's Noshery: Small Batch One Bowl Oatmeal Cookies {Gluten Free},http://www.yammiesnoshery.com/2018/04/small-batch-one-bowl-oatmeal-cookies.html,https://i.pinimg.com/736x/4e/34/1e/4e341e283cd36608ba11da4e2e5435d5.jpg,4e341e283cd36608ba11da4e2e5435d5,0,70,29,0,0,0,{},"Fri, 27 Apr 2018 14:21:26 +0000",2026-06-25 05:41:16.392000,/cookingclassy/food-love/,**FOOD LOVE**,0,0,public,food_drink,yammie,Yammie's Noshery,https://www.pinterest.com/yammie/,0,0,114649,0,0,
48343395984967567,https://www.pinterest.com/pin/48343395984967567,"Allergy Friendly Chocolate Cupcakes (Gluten, Dairy, Egg, and Nut Free)","Yammie's Noshery: Allergy Friendly Chocolate Cupcakes (Gluten, Dairy, Egg, and Nut Free)",http://www.yammiesnoshery.com/2018/05/allergy-friendly-chocolate-cupcakes.html,https://i.pinimg.com/736x/64/54/fb/6454fb40a9ca0530af6cc2385a25bd18.jpg,6454fb40a9ca0530af6cc2385a25bd18,0,1315,63,3,0,0,"{""1"": 3}","Thu, 17 May 2018 18:12:57 +0000",2026-06-25 05:41:15.847000,/cookingclassy/food-love/,**FOOD LOVE**,0,0,public,food_drink,yammie,Yammie's Noshery,https://www.pinterest.com/yammie/,0,0,114649,0,0,
48343395985866998,https://www.pinterest.com/pin/48343395985866998,Construction Truck Birthday Cake,Yammie's Noshery: Construction Truck Birthday Cake,http://www.yammiesnoshery.com/2018/10/construction-truck-birthday-cake.html,https://i.pinimg.com/736x/f3/3b/b6/f33bb6b03caa446c8bfef6db90ce4ac3.jpg,f33bb6b03caa446c8bfef6db90ce4ac3,0,394,17,0,0,0,{},"Thu, 18 Oct 2018 18:52:14 +0000",2026-06-25 05:41:14.611000,/cookingclassy/food-love/,**FOOD LOVE**,0,0,public,food_drink,yammie,Yammie's Noshery,https://www.pinterest.com/yammie/,0,0,114649,0,0,
48343395985915399,https://www.pinterest.com/pin/48343395985915399,Pumpkins Stuffed With Everything Good,Yammie's Noshery: Pumpkins Stuffed With Everything Good,http://www.yammiesnoshery.com/2018/10/pumpkins-stuffed-with-everything-good.html,https://i.pinimg.com/736x/ff/c4/0a/ffc40a81cd7eabf95a5219bb4ed18bd8.jpg,ffc40a81cd7eabf95a5219bb4ed18bd8,0,62,2,0,0,0,{},"Fri, 26 Oct 2018 21:35:10 +0000",2026-06-25 05:41:14.054000,/cookingclassy/food-love/,**FOOD LOVE**,0,0,public,food_drink,yammie,Yammie's Noshery,https://www.pinterest.com/yammie/,0,0,114649,0,0,
48343395985985170,https://www.pinterest.com/pin/48343395985985170,Pumpkin Cream Cheese Crumb Cake,Yammie's Noshery: Pumpkin Cream Cheese Crumb Cake,http://www.yammiesnoshery.com/2018/11/pumpkin-cream-cheese-crumb-cake.html,https://i.pinimg.com/736x/b0/a2/f0/b0a2f01b86d725c64a53eccc7cd14dcb.jpg,b0a2f01b86d725c64a53eccc7cd14dcb,0,58394,163,19,0,1,"{""1"": 4}","Thu, 08 Nov 2018 00:13:23 +0000",2026-06-25 05:41:12.871000,/cookingclassy/food-love/,**FOOD LOVE**,0,0,public,food_drink,yammie,Yammie's Noshery,https://www.pinterest.com/yammie/,0,0,114649,0,0,
48343395986156805,https://www.pinterest.com/pin/48343395986156805,5 Minute Fudge with Easy Homemade Salted Caramel,Yammie's Noshery: 5 Minute Fudge with Easy Homemade Salted Caramel,http://www.yammiesnoshery.com/2018/12/5-minute-fudge-with-easy-homemade.html,https://i.pinimg.com/736x/4c/fd/a2/4cfda2439e8874057f3355c5da1b4df8.jpg,4cfda2439e8874057f3355c5da1b4df8,0,675,95,0,0,0,{},"Thu, 06 Dec 2018 17:39:50 +0000",2026-06-25 05:41:12.826000,/cookingclassy/food-love/,**FOOD LOVE**,0,0,public,food_drink,yammie,Yammie's Noshery,https://www.pinterest.com/yammie/,0,0,114649,0,0,
48343395986200654,https://www.pinterest.com/pin/48343395986200654,,Yammie's Noshery: 3 Ingredient Crockpot Cranberry Meatballs,http://www.yammiesnoshery.com/2018/12/3-ingredient-crockpot-cranberry.html,https://i.pinimg.com/736x/86/ac/29/86ac29d5f358aca248a4a5f59fac748f.jpg,86ac29d5f358aca248a4a5f59fac748f,0,4315,1921,11,0,3,"{""1"": 3}","Fri, 14 Dec 2018 16:44:26 +0000",2026-06-25 05:41:11.639000,/cookingclassy/food-love/,**FOOD LOVE**,0,0,public,food_drink,yammie,Yammie's Noshery,https://www.pinterest.com/yammie/,0,0,114649,0,0,
48343395986292927,https://www.pinterest.com/pin/48343395986292927,The Most Popular Posts of 2018!,Yammie's Noshery: The Most Popular Posts of 2018!,http://www.yammiesnoshery.com/2019/01/the-most-popular-posts-of-2018.html,https://i.pinimg.com/736x/7e/5d/e2/7e5de227b0aa638711f05f0b2cde704a.jpg,7e5de227b0aa638711f05f0b2cde704a,0,170,10,0,0,0,{},"Tue, 01 Jan 2019 18:59:29 +0000",2026-06-25 05:41:11.621000,/cookingclassy/food-love/,**FOOD LOVE**,0,0,public,food_drink,yammie,Yammie's Noshery,https://www.pinterest.com/yammie/,0,0,114649,0,0,"{""first_name"": ""Yammie's Noshery"", ""followed_by_me"": false, ""id"": ""28288441317851342"", ""image_medium_url"": ""https://i.pinimg.com/75x75_RS/b9/f1/b9/b9f1b9c27393aa0c5f85cbf5d416ecda.jpg"", ""is_default_image"": false, ""ads_only_profile_site"": null, ""domain_url"": ""www.yammiesnoshery.com"", ""instagram_data"": null, ""follower_count"": 114649, ""is_verified_merchant"": false, ""explicitly_followed_by_me"": false, ""domain_verified"": true, ""type"": ""user"", ""is_ads_only_profile"": false, ""blocked_by_me"": false, ""indexed"": true, ""full_name"": ""Yammie's Noshery"", ""verified_identity"": {}, ""image_small_url"": ""https://i.pinimg.com/30x30_RS/b9/f1/b9/b9f1b9c27393aa0c5f85cbf5d416ecda.jpg"", ""username"": ""yammie""}"
48343395986348683,https://www.pinterest.com/pin/48343395986348683,The Best Oven Fried Chicken Nuggets {Plus a BIG announcement!},Yammie's Noshery: The Best Oven Fried Chicken Nuggets {Plus a BIG announcement!},http://www.yammiesnoshery.com/2019/01/the-best-oven-fried-chicken-nuggets.html,https://i.pinimg.com/736x/d3/55/6c/d3556c8fac6dd5391d2ded44f577ef4a.jpg,d3556c8fac6dd5391d2ded44f577ef4a,0,3057,203,6,0,0,{},"Thu, 10 Jan 2019 20:38:43 +0000",2026-06-25 05:41:11.609000,/cookingclassy/food-love/,**FOOD LOVE**,0,0,public,food_drink,yammie,Yammie's Noshery,https://www.pinterest.com/yammie/,0,0,114649,0,0,
48343395986396232,https://www.pinterest.com/pin/48343395986396232,The Easiest Shrimp & Noodle Stir Fry {Naturally Gluten Free},Yammie's Noshery: The Easiest Shrimp & Noodle Stir Fry {Naturally Gluten Free},http://www.yammiesnoshery.com/2019/01/the-easiest-shrimp-noodle-stir-fry.html,https://i.pinimg.com/736x/b7/45/71/b74571c0d119367fad3d552adbb78e4a.jpg,b74571c0d119367fad3d552adbb78e4a,0,419,36,1,0,0,"{""1"": 1}","Fri, 18 Jan 2019 20:08:31 +0000",2026-06-25 05:41:11.650000,/cookingclassy/food-love/,**FOOD LOVE**,0,0,public,food_drink,yammie,Yammie's Noshery,https://www.pinterest.com/yammie/,0,0,114649,0,0,"{""full_name"": ""Yammie's Noshery"", ""ads_only_profile_site"": null, ""blocked_by_me"": false, ""follower_count"": 114649, ""instagram_data"": null, ""domain_url"": ""www.yammiesnoshery.com"", ""username"": ""yammie"", ""first_name"": ""Yammie's Noshery"", ""image_small_url"": ""https://i.pinimg.com/30x30_RS/b9/f1/b9/b9f1b9c27393aa0c5f85cbf5d416ecda.jpg"", ""type"": ""user"", ""indexed"": true, ""followed_by_me"": false, ""is_verified_merchant"": false, ""image_medium_url"": ""https://i.pinimg.com/75x75_RS/b9/f1/b9/b9f1b9c27393aa0c5f85cbf5d416ecda.jpg"", ""id"": ""28288441317851342"", ""explicitly_followed_by_me"": false, ""is_default_image"": false, ""domain_verified"": true, ""is_ads_only_profile"": false, ""verified_identity"": {}}"
48343395986478577,https://www.pinterest.com/pin/48343395986478577,,Yammie's Noshery: Secretly Healthy Chocolate Banana Bread,http://www.yammiesnoshery.com/2019/01/secretly-healthy-chocolate-banana-bread.html,https://i.pinimg.com/736x/28/0f/bc/280fbca7d8e4c515f892ae19e7cd81f4.jpg,280fbca7d8e4c515f892ae19e7cd81f4,0,11736,573,15,0,1,{},"Thu, 31 Jan 2019 21:00:35 +0000",2026-06-25 05:41:12.184000,/cookingclassy/food-love/,**FOOD LOVE**,0,0,public,food_drink,yammie,Yammie's Noshery,https://www.pinterest.com/yammie/,0,0,114649,0,0,
48343395986550701,https://www.pinterest.com/pin/48343395986550701,,Yammie's Noshery: Salted Caramel Chocolate Mousse Cups,http://www.yammiesnoshery.com/2019/02/salted-caramel-chocolate-mousse-cups.html,https://i.pinimg.com/736x/68/26/2b/68262b5571e47482581a0b2d9c6a8848.jpg,68262b5571e47482581a0b2d9c6a8848,0,10893,226,0,0,0,"{""1"": 8}","Tue, 12 Feb 2019 19:08:38 +0000",2026-06-25 05:41:04.722000,/cookingclassy/food-love/,**FOOD LOVE**,0,0,public,food_drink,yammie,Yammie's Noshery,https://www.pinterest.com/yammie/,0,0,114649,0,0,
48343395986641393,https://www.pinterest.com/pin/48343395986641393,Persian Saffron Chicken {Zereshk Polo Ba Morgh},Yammie's Noshery: Persian Saffron Chicken {Zereshk Polo Ba Morgh},http://www.yammiesnoshery.com/2019/02/persian-saffron-chicken-zereshk-polo-ba.html,https://i.pinimg.com/736x/fd/34/80/fd34800072d73b9462f516b0a2ff0f6f.jpg,fd34800072d73b9462f516b0a2ff0f6f,0,22394,111,17,0,0,"{""1"": 2}","Wed, 27 Feb 2019 18:46:07 +0000",2026-06-25 05:41:04.681000,/cookingclassy/food-love/,**FOOD LOVE**,0,0,public,food_drink,yammie,Yammie's Noshery,https://www.pinterest.com/yammie/,0,0,114649,0,0,
48343395986726048,https://www.pinterest.com/pin/48343395986726048,Flourless Peanut Butter Oatmeal Chocolate Chip Cookies,Yammie's Noshery: Flourless Peanut Butter Oatmeal Chocolate Chip Cookies,http://www.yammiesnoshery.com/2019/03/flourless-peanut-butter-oatmeal.html,https://i.pinimg.com/736x/21/38/7a/21387aaf45a0ce9666a3e7a74ea310e7.jpg,21387aaf45a0ce9666a3e7a74ea310e7,0,143,31,0,0,0,{},"Fri, 15 Mar 2019 14:45:50 +0000",2026-06-25 05:41:04.295000,/cookingclassy/food-love/,**FOOD LOVE**,0,0,public,food_drink,yammie,Yammie's Noshery,https://www.pinterest.com/yammie/,0,0,114649,0,0,
48343395986817695,https://www.pinterest.com/pin/48343395986817695,White Chicken Caprese Lasagna,Yammie's Noshery: White Chicken Caprese Lasagna,http://www.yammiesnoshery.com/2019/04/white-chicken-caprese-lasagna.html,https://i.pinimg.com/736x/00/89/b8/0089b8b98bb71329cd643ec29e10b253.jpg,0089b8b98bb71329cd643ec29e10b253,0,15671,49,3,0,0,"{""1"": 3}","Mon, 01 Apr 2019 20:17:12 +0000",2026-06-25 05:41:03.716000,/cookingclassy/food-love/,**FOOD LOVE**,0,0,public,food_drink,yammie,Yammie's Noshery,https://www.pinterest.com/yammie/,0,0,114649,0,0,
48343395987078446,https://www.pinterest.com/pin/48343395987078446,The Best Basic Burritos,Yammie's Noshery: The Best Basic Burritos,http://www.yammiesnoshery.com/2016/10/the-best-basic-burritos.html,https://i.pinimg.com/736x/1b/32/4b/1b324b5af223aab35a4e0897ac668caa.jpg,1b324b5af223aab35a4e0897ac668caa,0,442,146,1,0,0,"{""1"": 1}","Thu, 23 May 2019 19:03:47 +0000",2026-06-25 05:41:03.605000,/cookingclassy/food-love/,**FOOD LOVE**,0,0,public,food_drink,yammie,Yammie's Noshery,https://www.pinterest.com/yammie/,0,0,114649,0,0,
48343395987468782,https://www.pinterest.com/pin/48343395987468782,The Best Lemon Poppyseed Muffins,Yammie's Noshery: The Best Lemon Poppyseed Muffins,http://www.yammiesnoshery.com/2019/08/the-best-lemon-poppyseed-muffins.html,https://i.pinimg.com/736x/92/25/5e/92255e7ea81db9c87831c003bb624b97.jpg,92255e7ea81db9c87831c003bb624b97,0,140,120,0,0,0,{},"Mon, 12 Aug 2019 22:12:15 +0000",2026-06-25 05:41:03.633000,/cookingclassy/food-love/,**FOOD LOVE**,0,0,public,food_drink,yammie,Yammie's Noshery,https://www.pinterest.com/yammie/,0,0,114649,0,0,
48343395987959756,https://www.pinterest.com/pin/48343395987959756,Pumpkin Browned Butter Snickerdoodles,Yammie's Noshery: Pumpkin Browned Butter Snickerdoodles,http://www.yammiesnoshery.com/2019/11/pumpkin-browned-butter-snickerdoodles.html,https://i.pinimg.com/736x/32/cb/47/32cb47269ac5b91ffe4ea058114c3082.jpg,32cb47269ac5b91ffe4ea058114c3082,0,48,42,0,0,0,{},"Fri, 15 Nov 2019 23:33:10 +0000",2026-06-25 05:41:03.084000,/cookingclassy/food-love/,**FOOD LOVE**,0,0,public,food_drink,yammie,Yammie's Noshery,https://www.pinterest.com/yammie/,0,0,114649,0,0,
48343395988111983,https://www.pinterest.com/pin/48343395988111983,Homemade Cooked Eggnog,Yammie's Noshery: Homemade Cooked Eggnog,http://www.yammiesnoshery.com/2019/12/homemade-cooked-eggnog.html,https://i.pinimg.com/736x/83/34/71/833471b746ddf4312ac617a2b4e4aea4.jpg,833471b746ddf4312ac617a2b4e4aea4,0,86,5,0,0,0,{},"Fri, 20 Dec 2019 15:03:00 +0000",2026-06-25 05:41:02.180000,/cookingclassy/food-love/,**FOOD LOVE**,0,0,public,food_drink,yammie,Yammie's Noshery,https://www.pinterest.com/yammie/,0,0,114649,0,0,
48343395988237316,https://www.pinterest.com/pin/48343395988237316,Grandma's Famous Sour Cream Scones {with gluten free option!},Yammie's Noshery: Grandma's Famous Sour Cream Scones {with gluten free option!},http://www.yammiesnoshery.com/2020/01/grandmas-famous-sour-cream-scones-with.html,https://i.pinimg.com/736x/36/24/8b/36248b10392fe9f2090655e432050654.jpg,36248b10392fe9f2090655e432050654,0,48,42,0,0,0,{},"Wed, 15 Jan 2020 21:37:13 +0000",2026-06-25 05:41:01.456000,/cookingclassy/food-love/,**FOOD LOVE**,0,0,public,food_drink,yammie,Yammie's Noshery,https://www.pinterest.com/yammie/,0,0,114649,0,0,
48343395988363444,https://www.pinterest.com/pin/48343395988363444,The Best Double Chocolate Muffins,Yammie's Noshery: The Best Double Chocolate Muffins,http://www.yammiesnoshery.com/2020/02/the-best-double-chocolate-muffins.html,https://i.pinimg.com/736x/5d/0a/fa/5d0afa39e0d3b5900358faeb14ecbc95.jpg,5d0afa39e0d3b5900358faeb14ecbc95,0,253,140,1,0,0,{},"Mon, 10 Feb 2020 23:05:10 +0000",2026-06-25 05:41:01.353000,/cookingclassy/food-love/,**FOOD LOVE**,0,0,public,food_drink,yammie,Yammie's Noshery,https://www.pinterest.com/yammie/,0,0,114649,0,0,"{""type"": ""user"", ""is_verified_merchant"": false, ""domain_verified"": true, ""indexed"": true, ""image_medium_url"": ""https://i.pinimg.com/75x75_RS/b9/f1/b9/b9f1b9c27393aa0c5f85cbf5d416ecda.jpg"", ""full_name"": ""Yammie's Noshery"", ""is_ads_only_profile"": false, ""explicitly_followed_by_me"": false, ""image_small_url"": ""https://i.pinimg.com/30x30_RS/b9/f1/b9/b9f1b9c27393aa0c5f85cbf5d416ecda.jpg"", ""first_name"": ""Yammie's Noshery"", ""followed_by_me"": false, ""domain_url"": ""www.yammiesnoshery.com"", ""ads_only_profile_site"": null, ""id"": ""28288441317851342"", ""verified_identity"": {}, ""blocked_by_me"": false, ""follower_count"": 114649, ""is_default_image"": false, ""instagram_data"": null, ""username"": ""yammie""}"
48343395988434868,https://www.pinterest.com/pin/48343395988434868,"The Big, Fat, Chewy Oatmeal Cookie","Yammie's Noshery: The Big, Fat, Chewy Oatmeal Cookie",http://www.yammiesnoshery.com/2020/02/the-big-fat-chewy-oatmeal-cookie.html,https://i.pinimg.com/736x/65/44/28/6544284701405625e3c0a82a0613130d.jpg,6544284701405625e3c0a82a0613130d,0,164,17,0,0,0,{},"Tue, 25 Feb 2020 22:38:58 +0000",2026-06-25 05:41:01.328000,/cookingclassy/food-love/,**FOOD LOVE**,0,0,public,food_drink,yammie,Yammie's Noshery,https://www.pinterest.com/yammie/,0,0,114649,0,0,
48343395988656119,https://www.pinterest.com/pin/48343395988656119,Chewy Carrot Cake Cookies,Yammie's Noshery: Chewy Carrot Cake Cookies,http://www.yammiesnoshery.com/2020/04/chewy-carrot-cake-cookies.html,https://i.pinimg.com/736x/3b/a0/25/3ba025019531ed2faab0522be2878e8c.jpg,3ba025019531ed2faab0522be2878e8c,0,4926,243,9,0,0,"{""1"": 2}","Wed, 08 Apr 2020 23:05:54 +0000",2026-06-25 05:40:59.760000,/cookingclassy/food-love/,**FOOD LOVE**,0,0,public,food_drink,yammie,Yammie's Noshery,https://www.pinterest.com/yammie/,0,0,114649,0,0,
48343395988750537,https://www.pinterest.com/pin/48343395988750537,Bourbon Salted Caramel Cheesecake,Yammie's Noshery: Bourbon Salted Caramel Cheesecake,http://www.yammiesnoshery.com/2020/04/bourbon-salted-caramel-cheesecake.html,https://i.pinimg.com/736x/a2/5c/d1/a25cd16b75fed1b1fd4e1eaffb955907.jpg,a25cd16b75fed1b1fd4e1eaffb955907,0,484,175,1,0,0,"{""1"": 1}","Fri, 24 Apr 2020 00:04:15 +0000",2026-06-25 05:40:58.901000,/cookingclassy/food-love/,**FOOD LOVE**,0,0,public,food_drink,yammie,Yammie's Noshery,https://www.pinterest.com/yammie/,0,0,114649,0,0,"{""is_verified_merchant"": false, ""blocked_by_me"": false, ""first_name"": ""Yammie's Noshery"", ""follower_count"": 114649, ""full_name"": ""Yammie's Noshery"", ""instagram_data"": null, ""is_default_image"": false, ""domain_url"": ""www.yammiesnoshery.com"", ""image_medium_url"": ""https://i.pinimg.com/75x75_RS/b9/f1/b9/b9f1b9c27393aa0c5f85cbf5d416ecda.jpg"", ""followed_by_me"": false, ""explicitly_followed_by_me"": false, ""verified_identity"": {}, ""indexed"": true, ""domain_verified"": true, ""id"": ""28288441317851342"", ""is_ads_only_profile"": false, ""username"": ""yammie"", ""ads_only_profile_site"": null, ""image_small_url"": ""https://i.pinimg.com/30x30_RS/b9/f1/b9/b9f1b9c27393aa0c5f85cbf5d416ecda.jpg"", ""type"": ""user""}"
48343395988913623,https://www.pinterest.com/pin/48343395988913623,Blueberry Almond Smoothie,Yammie's Noshery: Blueberry Almond Smoothie,http://www.yammiesnoshery.com/2020/05/blueberry-almond-smoothie.html,https://i.pinimg.com/736x/a1/39/ba/a139bae7f783deb975bee275c80aa909.jpg,a139bae7f783deb975bee275c80aa909,0,58,29,0,0,0,{},"Sat, 23 May 2020 00:19:07 +0000",2026-06-25 05:40:58.384000,/cookingclassy/food-love/,**FOOD LOVE**,0,0,public,food_drink,yammie,Yammie's Noshery,https://www.pinterest.com/yammie/,0,0,114649,0,0,"{""id"": ""28288441317851342"", ""image_medium_url"": ""https://i.pinimg.com/75x75_RS/b9/f1/b9/b9f1b9c27393aa0c5f85cbf5d416ecda.jpg"", ""ads_only_profile_site"": null, ""followed_by_me"": false, ""explicitly_followed_by_me"": false, ""verified_identity"": {}, ""image_small_url"": ""https://i.pinimg.com/30x30_RS/b9/f1/b9/b9f1b9c27393aa0c5f85cbf5d416ecda.jpg"", ""follower_count"": 114649, ""is_ads_only_profile"": false, ""domain_url"": ""www.yammiesnoshery.com"", ""indexed"": true, ""domain_verified"": true, ""instagram_data"": null, ""blocked_by_me"": false, ""username"": ""yammie"", ""full_name"": ""Yammie's Noshery"", ""first_name"": ""Yammie's Noshery"", ""is_verified_merchant"": false, ""type"": ""user"", ""is_default_image"": false}"
48343395989034567,https://www.pinterest.com/pin/48343395989034567,Buffalo Queso Dip,Yammie's Noshery: Buffalo Queso Dip,http://www.yammiesnoshery.com/2020/06/buffalo-queso-dip.html,https://i.pinimg.com/736x/38/f0/c8/38f0c8fc6c1e480a8fc56c9de253aa4a.jpg,38f0c8fc6c1e480a8fc56c9de253aa4a,0,52,47,0,0,0,{},"Tue, 16 Jun 2020 22:40:01 +0000",2026-06-25 05:40:57.888000,/cookingclassy/food-love/,**FOOD LOVE**,0,0,public,food_drink,yammie,Yammie's Noshery,https://www.pinterest.com/yammie/,0,0,114649,0,0,"{""is_default_image"": false, ""full_name"": ""Yammie's Noshery"", ""is_verified_merchant"": false, ""first_name"": ""Yammie's Noshery"", ""followed_by_me"": false, ""follower_count"": 114649, ""image_small_url"": ""https://i.pinimg.com/30x30_RS/b9/f1/b9/b9f1b9c27393aa0c5f85cbf5d416ecda.jpg"", ""explicitly_followed_by_me"": false, ""is_ads_only_profile"": false, ""indexed"": true, ""type"": ""user"", ""username"": ""yammie"", ""id"": ""28288441317851342"", ""ads_only_profile_site"": null, ""blocked_by_me"": false, ""domain_url"": ""www.yammiesnoshery.com"", ""domain_verified"": true, ""image_medium_url"": ""https://i.pinimg.com/75x75_RS/b9/f1/b9/b9f1b9c27393aa0c5f85cbf5d416ecda.jpg"", ""instagram_data"": null, ""verified_identity"": {}}"
48343395989221737,https://www.pinterest.com/pin/48343395989221737,"Copycat Starbuck's Frappuccino Recipe (with options for Caramel, Mocha, and Javachip flavors)","Yammie's Noshery: Copycat Starbuck's Frappuccino Recipe (with options for Caramel, Mocha, and Javachip flavors)",http://www.yammiesnoshery.com/2020/07/copycat-starbucks-frappuccino-recipe.html,https://i.pinimg.com/736x/ba/c3/9c/bac39cf9d08efd7a102240cd13b52809.jpg,bac39cf9d08efd7a102240cd13b52809,0,89,65,0,0,0,{},"Thu, 23 Jul 2020 01:52:28 +0000",2026-06-25 05:40:57.902000,/cookingclassy/food-love/,**FOOD LOVE**,0,0,public,food_drink,yammie,Yammie's Noshery,https://www.pinterest.com/yammie/,0,0,114649,0,0,
48343395989475835,https://www.pinterest.com/pin/48343395989475835,Tater Tot Breakfast Casserole {With Overnight Option},Yammie's Noshery: Tater Tot Breakfast Casserole {With Overnight Option},http://www.yammiesnoshery.com/2020/09/tater-tot-breakfast-casserole-with.html,https://i.pinimg.com/736x/c3/32/45/c33245153d8c30beb5c4003d12c38421.jpg,c33245153d8c30beb5c4003d12c38421,0,222,12,0,0,0,{},"Mon, 14 Sep 2020 21:51:28 +0000",2026-06-25 05:40:57.864000,/cookingclassy/food-love/,**FOOD LOVE**,0,0,public,food_drink,yammie,Yammie's Noshery,https://www.pinterest.com/yammie/,0,0,114649,0,0,"{""full_name"": ""Yammie's Noshery"", ""image_small_url"": ""https://i.pinimg.com/30x30_RS/b9/f1/b9/b9f1b9c27393aa0c5f85cbf5d416ecda.jpg"", ""domain_verified"": true, ""domain_url"": ""www.yammiesnoshery.com"", ""image_medium_url"": ""https://i.pinimg.com/75x75_RS/b9/f1/b9/b9f1b9c27393aa0c5f85cbf5d416ecda.jpg"", ""indexed"": true, ""followed_by_me"": false, ""is_ads_only_profile"": false, ""blocked_by_me"": false, ""username"": ""yammie"", ""type"": ""user"", ""ads_only_profile_site"": null, ""explicitly_followed_by_me"": false, ""is_verified_merchant"": false, ""verified_identity"": {}, ""is_default_image"": false, ""first_name"": ""Yammie's Noshery"", ""id"": ""28288441317851342"", ""instagram_data"": null, ""follower_count"": 114649}"
48343395989687397,https://www.pinterest.com/pin/48343395989687397,Cinnamon Swirl Pumpkin Bread {with Gluten Free Option},Yammie's Noshery: Cinnamon Swirl Pumpkin Bread {with Gluten Free Option},http://www.yammiesnoshery.com/2020/10/cinnamon-swirl-pumpkin-bread-with.html,https://i.pinimg.com/736x/03/4e/fc/034efc49ce78464310fdc91d52524fb5.jpg,034efc49ce78464310fdc91d52524fb5,0,68,14,0,0,0,"{""1"": 1}","Mon, 26 Oct 2020 18:10:15 +0000",2026-06-25 05:40:57.198000,/cookingclassy/food-love/,**FOOD LOVE**,0,0,public,food_drink,yammie,Yammie's Noshery,https://www.pinterest.com/yammie/,0,0,114649,0,0,"{""is_verified_merchant"": false, ""id"": ""28288441317851342"", ""username"": ""yammie"", ""verified_identity"": {}, ""domain_url"": ""www.yammiesnoshery.com"", ""full_name"": ""Yammie's Noshery"", ""blocked_by_me"": false, ""domain_verified"": true, ""first_name"": ""Yammie's Noshery"", ""explicitly_followed_by_me"": false, ""is_default_image"": false, ""instagram_data"": null, ""followed_by_me"": false, ""ads_only_profile_site"": null, ""follower_count"": 114649, ""image_medium_url"": ""https://i.pinimg.com/75x75_RS/b9/f1/b9/b9f1b9c27393aa0c5f85cbf5d416ecda.jpg"", ""indexed"": true, ""type"": ""user"", ""image_small_url"": ""https://i.pinimg.com/30x30_RS/b9/f1/b9/b9f1b9c27393aa0c5f85cbf5d416ecda.jpg"", ""is_ads_only_profile"": false}"
48343395989788664,https://www.pinterest.com/pin/48343395989788664,Cinnamon Swirl Pumpkin Bread {with Gluten Free Option}, ,http://www.yammiesnoshery.com/2020/10/cinnamon-swirl-pumpkin-bread-with.html,https://i.pinimg.com/736x/03/4e/fc/034efc49ce78464310fdc91d52524fb5.jpg,034efc49ce78464310fdc91d52524fb5,0,68,38,0,0,2,"{""1"": 1}","Mon, 16 Nov 2020 23:01:28 +0000",2026-06-25 05:40:56.626000,/cookingclassy/food-love/,**FOOD LOVE**,0,0,public,food_drink,yammie,Yammie's Noshery,https://www.pinterest.com/yammie/,0,0,114649,0,0,"{""ads_only_profile_site"": null, ""full_name"": ""Yammie's Noshery"", ""image_small_url"": ""https://i.pinimg.com/30x30_RS/b9/f1/b9/b9f1b9c27393aa0c5f85cbf5d416ecda.jpg"", ""followed_by_me"": false, ""instagram_data"": null, ""domain_verified"": true, ""explicitly_followed_by_me"": false, ""type"": ""user"", ""username"": ""yammie"", ""blocked_by_me"": false, ""follower_count"": 114649, ""id"": ""28288441317851342"", ""is_verified_merchant"": false, ""verified_identity"": {}, ""image_medium_url"": ""https://i.pinimg.com/75x75_RS/b9/f1/b9/b9f1b9c27393aa0c5f85cbf5d416ecda.jpg"", ""domain_url"": ""www.yammiesnoshery.com"", ""is_ads_only_profile"": false, ""first_name"": ""Yammie's Noshery"", ""is_default_image"": false, ""indexed"": true}"
48343395989858434,https://www.pinterest.com/pin/48343395989858434,,Yammie's Noshery: Steak Quesadillas,https://www.yammiesnoshery.com/2020/12/steak-quesadillas.html,https://i.pinimg.com/736x/b2/e8/2a/b2e82acf83179df4dc009724300f9f1c.jpg,b2e82acf83179df4dc009724300f9f1c,0,78,72,0,0,0,{},"Tue, 01 Dec 2020 20:30:37 +0000",2026-06-25 05:40:56.596000,/cookingclassy/food-love/,**FOOD LOVE**,0,0,public,food_drink,yammie,Yammie's Noshery,https://www.pinterest.com/yammie/,0,0,114649,0,0,
48343395992803447,https://www.pinterest.com/pin/48343395992803447,Lucky Charms Oreo Dessert,Yammie's Noshery: Lucky Charms Oreo Dessert,https://www.yammiesnoshery.com/2023/03/lucky-charms-oreo-dessert.html,https://i.pinimg.com/736x/96/a9/b9/96a9b9f16a35c0c2c9268ee4605cb202.jpg,96a9b9f16a35c0c2c9268ee4605cb202,0,23,18,0,0,0,{},"Thu, 16 Mar 2023 18:43:35 +0000",2026-06-25 05:40:45.286000,/cookingclassy/food-love/,**FOOD LOVE**,0,0,public,food_drink,yammie,Yammie's Noshery,https://www.pinterest.com/yammie/,0,0,114649,0,0,
48343395992869868,https://www.pinterest.com/pin/48343395992869868,Lemon Poppyseed Bundt Cake, ,https://www.yammiesnoshery.com/2023/04/lemon-poppyseed-bundt-cake.html,https://i.pinimg.com/736x/e3/0b/84/e30b84287a3862c2d4778b89740db156.jpg,e30b84287a3862c2d4778b89740db156,0,72,61,0,0,1,{},"Wed, 05 Apr 2023 16:39:01 +0000",2026-06-25 05:40:44.035000,/cookingclassy/food-love/,**FOOD LOVE**,0,0,public,food_drink,yammie,Yammie's Noshery,https://www.pinterest.com/yammie/,0,0,114649,0,0,"{""indexed"": true, ""first_name"": ""Yammie's Noshery"", ""type"": ""user"", ""full_name"": ""Yammie's Noshery"", ""follower_count"": 114649, ""username"": ""yammie"", ""image_medium_url"": ""https://i.pinimg.com/75x75_RS/b9/f1/b9/b9f1b9c27393aa0c5f85cbf5d416ecda.jpg"", ""is_verified_merchant"": false, ""id"": ""28288441317851342"", ""is_default_image"": false, ""domain_url"": ""www.yammiesnoshery.com"", ""verified_identity"": {}, ""instagram_data"": null, ""followed_by_me"": false, ""image_small_url"": ""https://i.pinimg.com/30x30_RS/b9/f1/b9/b9f1b9c27393aa0c5f85cbf5d416ecda.jpg"", ""is_ads_only_profile"": false, ""explicitly_followed_by_me"": false, ""blocked_by_me"": false, ""ads_only_profile_site"": null, ""domain_verified"": true}"
48343395992968464,https://www.pinterest.com/pin/48343395992968464,Triple Chip Flourless Brownie Cookies,Yammie's Noshery: Triple Chip Flourless Brownie Cookies,https://www.yammiesnoshery.com/2023/05/triple-chip-flourless-brownie-cookies.html,https://i.pinimg.com/736x/4d/95/bd/4d95bdcd1aa9be135ce4683bff160118.jpg,4d95bdcd1aa9be135ce4683bff160118,0,182,91,0,0,5,"{""1"": 4}","Fri, 05 May 2023 14:22:27 +0000",2026-06-25 05:40:45.277000,/cookingclassy/food-love/,**FOOD LOVE**,0,0,public,food_drink,yammie,Yammie's Noshery,https://www.pinterest.com/yammie/,0,0,114649,0,0,
48343395993300285,https://www.pinterest.com/pin/48343395993300285,Secretly Healthy 87 Calorie Brownies!,Yammie's Noshery: Secretly Healthy 87 Calorie Brownies!,https://www.yammiesnoshery.com/2014/08/secretly-healthy-zucchini-brownies.html,https://i.pinimg.com/736x/4d/21/a0/4d21a0d163a94c4c35f4df216a612045.jpg,4d21a0d163a94c4c35f4df216a612045,0,69,48,0,0,3,"{""1"": 2}","Fri, 11 Aug 2023 18:00:07 +0000",2026-06-25 05:40:42.915000,/cookingclassy/food-love/,**FOOD LOVE**,0,0,public,food_drink,yammie,Yammie's Noshery,https://www.pinterest.com/yammie/,0,0,114649,0,0,
48343395993300286,https://www.pinterest.com/pin/48343395993300286,Zucchini Bars with Browned Butter Frosting,Yammie's Noshery: Zucchini Bars with Browned Butter Frosting,https://www.yammiesnoshery.com/2014/08/zucchini-bread-bars.html,https://i.pinimg.com/736x/01/87/79/0187790583714fc5e50cac9c5acb08e7.jpg,0187790583714fc5e50cac9c5acb08e7,0,24,22,0,0,0,"{""1"": 1}","Fri, 11 Aug 2023 18:00:15 +0000",2026-06-25 05:40:42.928000,/cookingclassy/food-love/,**FOOD LOVE**,0,0,public,food_drink,yammie,Yammie's Noshery,https://www.pinterest.com/yammie/,0,0,114649,0,0,
48343395993348928,https://www.pinterest.com/pin/48343395993348928,The Best Brownies Ever,Yammie's Noshery: The Best Brownies Ever,https://www.yammiesnoshery.com/2023/08/the-best-brownies-ever.html,https://i.pinimg.com/736x/90/3f/03/903f0311a1c19cda7204040a41767728.jpg,903f0311a1c19cda7204040a41767728,0,15104,41,25,0,3,"{""1"": 58, ""11"": 1}","Fri, 25 Aug 2023 16:18:15 +0000",2026-06-25 05:40:42.109000,/cookingclassy/food-love/,**FOOD LOVE**,0,0,public,food_drink,yammie,Yammie's Noshery,https://www.pinterest.com/yammie/,0,0,114649,0,0,
48343395993652775,https://www.pinterest.com/pin/48343395993652775,Make Ahead Chunky Sweet Potato Casserole,Yammie's Noshery: Make Ahead Chunky Sweet Potato Casserole,https://www.yammiesnoshery.com/2023/11/make-ahead-chunky-sweet-potato-casserole.html,https://i.pinimg.com/736x/86/9c/99/869c99059891ad7a8d8be1675b0af824.jpg,869c99059891ad7a8d8be1675b0af824,0,88,50,2,0,2,"{""1"": 2}","Mon, 20 Nov 2023 18:23:43 +0000",2026-06-25 05:40:41.708000,/cookingclassy/food-love/,**FOOD LOVE**,0,0,public,food_drink,yammie,Yammie's Noshery,https://www.pinterest.com/yammie/,0,0,114649,0,0,
48343395993742298,https://www.pinterest.com/pin/48343395993742298,The Best Soft Sugar Cookie Cut Outs,Yammie's Noshery: The Best Soft Sugar Cookie Cut Outs,https://www.yammiesnoshery.com/2023/12/the-best-soft-sugar-cookie-cut-outs.html,https://i.pinimg.com/736x/53/41/a2/5341a28f4738969ce43f438b9b6d63cb.jpg,5341a28f4738969ce43f438b9b6d63cb,0,92,40,0,0,0,{},"Mon, 18 Dec 2023 21:14:53 +0000",2026-06-25 05:40:41.685000,/cookingclassy/food-love/,**FOOD LOVE**,0,0,public,food_drink,yammie,Yammie's Noshery,https://www.pinterest.com/yammie/,0,0,114649,0,0,
48343395994710948,https://www.pinterest.com/pin/48343395994710948,The Best Brownies Ever,Yammie's Noshery: The Best Brownies Ever,https://www.yammiesnoshery.com/2023/08/the-best-brownies-ever.html,https://i.pinimg.com/736x/90/3f/03/903f0311a1c19cda7204040a41767728.jpg,903f0311a1c19cda7204040a41767728,0,15104,204,25,0,4,"{""1"": 58, ""11"": 1}","Thu, 10 Oct 2024 21:54:10 +0000",2026-06-25 05:40:40.869000,/cookingclassy/food-love/,**FOOD LOVE**,0,0,public,food_drink,yammie,Yammie's Noshery,https://www.pinterest.com/yammie/,0,0,114649,0,0,
48343395994845073,https://www.pinterest.com/pin/48343395994845073,The Best Thanksgiving Turkey (With Foolproof Gravy),Yammie's Noshery: The Best Thanksgiving Turkey (With Foolproof Gravy),https://www.yammiesnoshery.com/2024/11/the-best-thanksgiving-turkey.html,https://i.pinimg.com/736x/6b/f3/8e/6bf38e4d1fedec6a4f2c70e76820dd3c.jpg,6bf38e4d1fedec6a4f2c70e76820dd3c,0,7,1,0,0,0,{},"Fri, 22 Nov 2024 17:24:58 +0000",2026-06-25 05:40:40.856000,/cookingclassy/food-love/,**FOOD LOVE**,0,0,public,food_drink,yammie,Yammie's Noshery,https://www.pinterest.com/yammie/,0,0,114649,0,0,
48343395995399410,https://www.pinterest.com/pin/48343395995399410,The Best Brownies Ever,Yammie's Noshery: The Best Brownies Ever,https://www.yammiesnoshery.com/2023/08/the-best-brownies-ever.html,https://i.pinimg.com/736x/90/3f/03/903f0311a1c19cda7204040a41767728.jpg,903f0311a1c19cda7204040a41767728,0,3,2,0,0,0,"{""1"": 1}","Mon, 05 May 2025 22:38:09 +0000",2026-06-25 05:40:40.296000,/cookingclassy/food-love/,**FOOD LOVE**,0,0,public,food_drink,yammie,Yammie's Noshery,https://www.pinterest.com/yammie/,0,0,114649,0,0,
48343395995675696,https://www.pinterest.com/pin/48343395995675696,White Queso Dip,Yammie's Noshery: White Queso Dip,https://www.yammiesnoshery.com/2018/11/white-queso-dip.html,https://i.pinimg.com/736x/1d/35/9c/1d359c5b05d08b3997640ec011e07f5a.jpg,1d359c5b05d08b3997640ec011e07f5a,0,8,7,0,0,0,{},"Fri, 18 Jul 2025 21:13:44 +0000",2026-06-25 05:40:39.841000,/cookingclassy/food-love/,**FOOD LOVE**,0,0,public,food_drink,yammie,Yammie's Noshery,https://www.pinterest.com/yammie/,0,0,114649,0,0,
48343395995752330,https://www.pinterest.com/pin/48343395995752330,Homemade German Currywurst,Get the recipe to make this classic German street food at home! ,https://www.yammiesnoshery.com/2025/08/homemade-german-currywurst.html,https://i.pinimg.com/736x/c6/48/55/c64855d8b5797a247ab5bf688b19a631.jpg,c64855d8b5797a247ab5bf688b19a631,0,2,1,0,0,0,{},"Tue, 12 Aug 2025 01:34:30 +0000",2026-06-25 05:40:39.964000,/cookingclassy/food-love/,**FOOD LOVE**,0,0,public,food_drink,yammie,Yammie's Noshery,https://www.pinterest.com/yammie/,0,0,114649,0,0,"{""full_name"": ""Yammie's Noshery"", ""image_small_url"": ""https://i.pinimg.com/30x30_RS/b9/f1/b9/b9f1b9c27393aa0c5f85cbf5d416ecda.jpg"", ""type"": ""user"", ""domain_verified"": true, ""instagram_data"": null, ""ads_only_profile_site"": null, ""indexed"": true, ""verified_identity"": {}, ""is_ads_only_profile"": false, ""blocked_by_me"": false, ""follower_count"": 114649, ""is_default_image"": false, ""username"": ""yammie"", ""followed_by_me"": false, ""id"": ""28288441317851342"", ""domain_url"": ""www.yammiesnoshery.com"", ""image_medium_url"": ""https://i.pinimg.com/75x75_RS/b9/f1/b9/b9f1b9c27393aa0c5f85cbf5d416ecda.jpg"", ""first_name"": ""Yammie's Noshery"", ""is_verified_merchant"": false, ""explicitly_followed_by_me"": false}"
48343395995754015,https://www.pinterest.com/pin/48343395995754015,Thanksgiving Turkey Recipe with Herb and Butter Stuffed Skin,Your complete Thankgiving Turkey guide!,https://www.yammiesnoshery.com/2024/11/the-best-thanksgiving-turkey.html,https://i.pinimg.com/736x/b8/43/ae/b843ae12dd68824dffbf613b32541ef8.jpg,b843ae12dd68824dffbf613b32541ef8,0,3,2,0,0,0,{},"Tue, 12 Aug 2025 20:03:05 +0000",2026-06-25 05:40:39.924000,/cookingclassy/food-love/,**FOOD LOVE**,0,0,public,food_drink,yammie,Yammie's Noshery,https://www.pinterest.com/yammie/,0,0,114649,0,0,"{""type"": ""user"", ""is_verified_merchant"": false, ""is_default_image"": false, ""image_small_url"": ""https://i.pinimg.com/30x30_RS/b9/f1/b9/b9f1b9c27393aa0c5f85cbf5d416ecda.jpg"", ""domain_url"": ""www.yammiesnoshery.com"", ""ads_only_profile_site"": null, ""indexed"": true, ""username"": ""yammie"", ""is_ads_only_profile"": false, ""first_name"": ""Yammie's Noshery"", ""explicitly_followed_by_me"": false, ""instagram_data"": null, ""follower_count"": 114649, ""blocked_by_me"": false, ""verified_identity"": {}, ""id"": ""28288441317851342"", ""followed_by_me"": false, ""domain_verified"": true, ""full_name"": ""Yammie's Noshery"", ""image_medium_url"": ""https://i.pinimg.com/75x75_RS/b9/f1/b9/b9f1b9c27393aa0c5f85cbf5d416ecda.jpg""}"
48343395995754017,https://www.pinterest.com/pin/48343395995754017,The Best Brownies Ever,This is the absolute best recipe for fudgy one bowl brownies. ,https://www.yammiesnoshery.com/2023/08/the-best-brownies-ever.html,https://i.pinimg.com/736x/fc/68/c7/fc68c7462d08176604027b99095c8d51.jpg,fc68c7462d08176604027b99095c8d51,0,9,6,0,0,0,"{""1"": 1}","Tue, 12 Aug 2025 20:06:10 +0000",2026-06-25 05:40:39.827000,/cookingclassy/food-love/,**FOOD LOVE**,0,0,public,food_drink,yammie,Yammie's Noshery,https://www.pinterest.com/yammie/,0,0,114649,0,0,"{""verified_identity"": {}, ""instagram_data"": null, ""follower_count"": 114649, ""username"": ""yammie"", ""image_small_url"": ""https://i.pinimg.com/30x30_RS/b9/f1/b9/b9f1b9c27393aa0c5f85cbf5d416ecda.jpg"", ""explicitly_followed_by_me"": false, ""blocked_by_me"": false, ""ads_only_profile_site"": null, ""indexed"": true, ""image_medium_url"": ""https://i.pinimg.com/75x75_RS/b9/f1/b9/b9f1b9c27393aa0c5f85cbf5d416ecda.jpg"", ""first_name"": ""Yammie's Noshery"", ""domain_url"": ""www.yammiesnoshery.com"", ""full_name"": ""Yammie's Noshery"", ""is_default_image"": false, ""type"": ""user"", ""is_verified_merchant"": false, ""domain_verified"": true, ""is_ads_only_profile"": false, ""followed_by_me"": false, ""id"": ""28288441317851342""}"
48343395995754111,https://www.pinterest.com/pin/48343395995754111,Thanksgiving Turkey Recipe with Herb and Butter Stuffed Skin,Your complete Thankgiving Turkey guide!,https://www.yammiesnoshery.com/2024/11/the-best-thanksgiving-turkey.html,https://i.pinimg.com/736x/b8/43/ae/b843ae12dd68824dffbf613b32541ef8.jpg,b843ae12dd68824dffbf613b32541ef8,0,1,0,0,0,0,{},"Tue, 12 Aug 2025 21:03:44 +0000",2026-06-25 05:40:31.821000,/cookingclassy/food-love/,**FOOD LOVE**,0,0,public,food_drink,yammie,Yammie's Noshery,https://www.pinterest.com/yammie/,0,0,114649,0,0,"{""blocked_by_me"": false, ""explicitly_followed_by_me"": false, ""follower_count"": 114649, ""first_name"": ""Yammie's Noshery"", ""type"": ""user"", ""verified_identity"": {}, ""is_default_image"": false, ""username"": ""yammie"", ""instagram_data"": null, ""followed_by_me"": false, ""ads_only_profile_site"": null, ""is_verified_merchant"": false, ""image_small_url"": ""https://i.pinimg.com/30x30_RS/b9/f1/b9/b9f1b9c27393aa0c5f85cbf5d416ecda.jpg"", ""indexed"": true, ""is_ads_only_profile"": false, ""id"": ""28288441317851342"", ""domain_verified"": true, ""domain_url"": ""www.yammiesnoshery.com"", ""full_name"": ""Yammie's Noshery"", ""image_medium_url"": ""https://i.pinimg.com/75x75_RS/b9/f1/b9/b9f1b9c27393aa0c5f85cbf5d416ecda.jpg""}"
48343395995754178,https://www.pinterest.com/pin/48343395995754178,Cinnamon Swirl Zucchini Bread {With Gluten Free Option},Yammie's Noshery: Cinnamon Swirl Zucchini Bread {With Gluten Free Option},https://www.yammiesnoshery.com/2017/08/cinnamon-swirl-zucchini-bread-with.html,https://i.pinimg.com/736x/76/de/9c/76de9c82194cbd16d62ad63b28ab379b.jpg,76de9c82194cbd16d62ad63b28ab379b,0,5,3,0,0,0,{},"Tue, 12 Aug 2025 21:46:50 +0000",2026-06-25 05:40:31.754000,/cookingclassy/food-love/,**FOOD LOVE**,0,0,public,food_drink,yammie,Yammie's Noshery,https://www.pinterest.com/yammie/,0,0,114649,0,0,
48343395995754207,https://www.pinterest.com/pin/48343395995754207,Thanksgiving Turkey Recipe with Herb and Butter Stuffed Skin,Your complete Thankgiving Turkey guide!,https://www.yammiesnoshery.com/2024/11/the-best-thanksgiving-turkey.html,https://i.pinimg.com/736x/b8/43/ae/b843ae12dd68824dffbf613b32541ef8.jpg,b843ae12dd68824dffbf613b32541ef8,0,2,1,0,0,1,{},"Tue, 12 Aug 2025 22:04:43 +0000",2026-06-25 05:40:31.791000,/cookingclassy/food-love/,**FOOD LOVE**,0,0,public,food_drink,yammie,Yammie's Noshery,https://www.pinterest.com/yammie/,0,0,114649,0,0,"{""followed_by_me"": false, ""indexed"": true, ""blocked_by_me"": false, ""follower_count"": 114649, ""is_verified_merchant"": false, ""full_name"": ""Yammie's Noshery"", ""is_default_image"": false, ""ads_only_profile_site"": null, ""image_medium_url"": ""https://i.pinimg.com/75x75_RS/b9/f1/b9/b9f1b9c27393aa0c5f85cbf5d416ecda.jpg"", ""instagram_data"": null, ""explicitly_followed_by_me"": false, ""domain_url"": ""www.yammiesnoshery.com"", ""verified_identity"": {}, ""first_name"": ""Yammie's Noshery"", ""is_ads_only_profile"": false, ""id"": ""28288441317851342"", ""image_small_url"": ""https://i.pinimg.com/30x30_RS/b9/f1/b9/b9f1b9c27393aa0c5f85cbf5d416ecda.jpg"", ""type"": ""user"", ""domain_verified"": true, ""username"": ""yammie""}"
48343395995757492,https://www.pinterest.com/pin/48343395995757492,Buffalo Queso Dip,Buffalo Queso Dip,https://www.yammiesnoshery.com/2020/06/buffalo-queso-dip.html,https://i.pinimg.com/736x/ba/43/8a/ba438a1bb62f7932eaffa7f0ff36e17a.jpg,ba438a1bb62f7932eaffa7f0ff36e17a,0,3,2,0,0,0,{},"Wed, 13 Aug 2025 21:01:17 +0000",2026-06-25 05:40:31.456000,/cookingclassy/food-love/,**FOOD LOVE**,0,0,public,food_drink,yammie,Yammie's Noshery,https://www.pinterest.com/yammie/,0,0,114649,0,0,
48343395995757513,https://www.pinterest.com/pin/48343395995757513,Blueberry Almond Smoothie,Yammie's Noshery: Blueberry Almond Smoothie,https://www.yammiesnoshery.com/2020/05/blueberry-almond-smoothie.html,https://i.pinimg.com/736x/f4/6e/1a/f46e1a0d87b2158d11cdfe0b06714c37.jpg,f46e1a0d87b2158d11cdfe0b06714c37,0,2,1,0,0,0,{},"Wed, 13 Aug 2025 21:07:17 +0000",2026-06-25 05:40:31.417000,/cookingclassy/food-love/,**FOOD LOVE**,0,0,public,food_drink,yammie,Yammie's Noshery,https://www.pinterest.com/yammie/,0,0,114649,0,0,
48343395995767137,https://www.pinterest.com/pin/48343395995767137,Bourbon Salted Caramel Cheesecake,Yammie's Noshery: Bourbon Salted Caramel Cheesecake,https://www.yammiesnoshery.com/2020/04/bourbon-salted-caramel-cheesecake.html,https://i.pinimg.com/736x/0b/bc/11/0bbc11af674a0fdb127203b667315ca6.jpg,0bbc11af674a0fdb127203b667315ca6,0,6,5,1,0,1,"{""1"": 1}","Sun, 17 Aug 2025 02:35:25 +0000",2026-06-25 05:40:31.408000,/cookingclassy/food-love/,**FOOD LOVE**,0,0,public,food_drink,yammie,Yammie's Noshery,https://www.pinterest.com/yammie/,0,0,114649,0,0,
48343395995822934,https://www.pinterest.com/pin/48343395995822934,The Best Brownies Ever,"These one bowl, all butter, cocoa brownies are thick, chewy,  and fudgy with a shiny crackly top. Everything a brownie should be! They can easily be made gluten free too.",https://www.yammiesnoshery.com/2023/08/the-best-brownies-ever.html,https://i.pinimg.com/736x/26/62/de/2662de96156837a485eabb47a49acbf3.jpg,2662de96156837a485eabb47a49acbf3,0,909,278,0,0,10,"{""1"": 10}","Wed, 03 Sep 2025 02:58:25 +0000",2026-06-25 05:40:33.769000,/cookingclassy/food-love/,**FOOD LOVE**,0,0,public,food_drink,yammie,Yammie's Noshery,https://www.pinterest.com/yammie/,0,0,114649,0,0,"{""indexed"": true, ""first_name"": ""Yammie's Noshery"", ""is_default_image"": false, ""ads_only_profile_site"": null, ""id"": ""28288441317851342"", ""followed_by_me"": false, ""explicitly_followed_by_me"": false, ""verified_identity"": {}, ""type"": ""user"", ""domain_url"": ""www.yammiesnoshery.com"", ""username"": ""yammie"", ""follower_count"": 114649, ""blocked_by_me"": false, ""image_small_url"": ""https://i.pinimg.com/30x30_RS/b9/f1/b9/b9f1b9c27393aa0c5f85cbf5d416ecda.jpg"", ""image_medium_url"": ""https://i.pinimg.com/75x75_RS/b9/f1/b9/b9f1b9c27393aa0c5f85cbf5d416ecda.jpg"", ""domain_verified"": true, ""is_ads_only_profile"": false, ""is_verified_merchant"": false, ""full_name"": ""Yammie's Noshery"", ""instagram_data"": null}"
48343395996571104,https://www.pinterest.com/pin/48343395996571104,Whipped Cherry Buttercream,Smooth creamy buttercream frosting that goes great on my shirley temple 7-up cake!,https://www.yammiesnoshery.com/2014/02/shirley-temple-cake-7-up-cake-with.html,https://i.pinimg.com/736x/d3/88/52/d38852b1cf0993f5424fa07675dcca88.jpg,d38852b1cf0993f5424fa07675dcca88,0,7,6,0,0,0,{},"Tue, 28 Apr 2026 19:52:19 +0000",2026-06-25 05:40:32.830000,/cookingclassy/food-love/,**FOOD LOVE**,0,0,public,food_drink,yammie,Yammie's Noshery,https://www.pinterest.com/yammie/,0,0,114649,0,0,"{""is_verified_merchant"": false, ""blocked_by_me"": false, ""is_ads_only_profile"": false, ""instagram_data"": null, ""explicitly_followed_by_me"": false, ""indexed"": true, ""followed_by_me"": false, ""type"": ""user"", ""username"": ""yammie"", ""image_medium_url"": ""https://i.pinimg.com/75x75_RS/b9/f1/b9/b9f1b9c27393aa0c5f85cbf5d416ecda.jpg"", ""ads_only_profile_site"": null, ""is_default_image"": false, ""domain_url"": ""www.yammiesnoshery.com"", ""verified_identity"": {}, ""image_small_url"": ""https://i.pinimg.com/30x30_RS/b9/f1/b9/b9f1b9c27393aa0c5f85cbf5d416ecda.jpg"", ""id"": ""28288441317851342"", ""follower_count"": 114649, ""full_name"": ""Yammie's Noshery"", ""first_name"": ""Yammie's Noshery"", ""domain_verified"": true}"
48343395996571165,https://www.pinterest.com/pin/48343395996571165,Copycat Auntie Anne's Pretzels,This recipe for soft pretzels tatses better than Auntie Anne's from the mall! They are easy to make by dipping the dough in a baking soda wash!,https://www.yammiesnoshery.com/2012/04/auntie-annes-pretzels-copycat-recipe.html,https://i.pinimg.com/736x/03/73/7f/03737f643c070d6513f0bba8ce930049.jpg,03737f643c070d6513f0bba8ce930049,0,46,45,0,0,7,"{""1"": 1}","Tue, 28 Apr 2026 20:14:29 +0000",2026-06-25 05:40:30.827000,/cookingclassy/food-love/,**FOOD LOVE**,0,0,public,food_drink,yammie,Yammie's Noshery,https://www.pinterest.com/yammie/,0,0,114649,0,0,"{""domain_url"": ""www.yammiesnoshery.com"", ""indexed"": true, ""follower_count"": 114649, ""explicitly_followed_by_me"": false, ""full_name"": ""Yammie's Noshery"", ""id"": ""28288441317851342"", ""is_ads_only_profile"": false, ""is_verified_merchant"": false, ""verified_identity"": {}, ""domain_verified"": true, ""username"": ""yammie"", ""blocked_by_me"": false, ""followed_by_me"": false, ""type"": ""user"", ""first_name"": ""Yammie's Noshery"", ""ads_only_profile_site"": null, ""is_default_image"": false, ""instagram_data"": null, ""image_small_url"": ""https://i.pinimg.com/30x30_RS/b9/f1/b9/b9f1b9c27393aa0c5f85cbf5d416ecda.jpg"", ""image_medium_url"": ""https://i.pinimg.com/75x75_RS/b9/f1/b9/b9f1b9c27393aa0c5f85cbf5d416ecda.jpg""}"
48343395996571980,https://www.pinterest.com/pin/48343395996571980,White Queso with NO Proessed Cheese,This white queso is loaded with flavor and real cheese!,https://www.yammiesnoshery.com/2018/11/white-queso-dip.html,https://i.pinimg.com/736x/ea/32/7f/ea327ff2955598b979ff27b65dbe0713.jpg,ea327ff2955598b979ff27b65dbe0713,0,21,18,0,0,0,{},"Wed, 29 Apr 2026 02:25:28 +0000",2026-06-25 05:40:30.844000,/cookingclassy/food-love/,**FOOD LOVE**,0,0,public,food_drink,yammie,Yammie's Noshery,https://www.pinterest.com/yammie/,0,0,114649,0,0,"{""first_name"": ""Yammie's Noshery"", ""username"": ""yammie"", ""is_verified_merchant"": false, ""ads_only_profile_site"": null, ""type"": ""user"", ""indexed"": true, ""followed_by_me"": false, ""instagram_data"": null, ""domain_verified"": true, ""image_small_url"": ""https://i.pinimg.com/30x30_RS/b9/f1/b9/b9f1b9c27393aa0c5f85cbf5d416ecda.jpg"", ""is_ads_only_profile"": false, ""verified_identity"": {}, ""full_name"": ""Yammie's Noshery"", ""id"": ""28288441317851342"", ""image_medium_url"": ""https://i.pinimg.com/75x75_RS/b9/f1/b9/b9f1b9c27393aa0c5f85cbf5d416ecda.jpg"", ""is_default_image"": false, ""follower_count"": 114649, ""blocked_by_me"": false, ""domain_url"": ""www.yammiesnoshery.com"", ""explicitly_followed_by_me"": false}"
48343395996573809,https://www.pinterest.com/pin/48343395996573809,Toffee Banana Muffins with Chocolate Chunks,"Soft, moist banana bread muffins loaded with chocolate chunks and heath toffee bits!",https://www.yammiesnoshery.com/2012/05/toffee-chocolate-chunk-banana-muffins.html,https://i.pinimg.com/736x/ce/47/78/ce4778e6c3139149acd47791632d8e5e.jpg,ce4778e6c3139149acd47791632d8e5e,0,7,5,0,0,0,{},"Wed, 29 Apr 2026 16:23:01 +0000",2026-06-25 05:40:30.228000,/cookingclassy/food-love/,**FOOD LOVE**,0,0,public,food_drink,yammie,Yammie's Noshery,https://www.pinterest.com/yammie/,0,0,114649,0,0,"{""ads_only_profile_site"": null, ""username"": ""yammie"", ""blocked_by_me"": false, ""type"": ""user"", ""id"": ""28288441317851342"", ""image_medium_url"": ""https://i.pinimg.com/75x75_RS/b9/f1/b9/b9f1b9c27393aa0c5f85cbf5d416ecda.jpg"", ""verified_identity"": {}, ""followed_by_me"": false, ""domain_url"": ""www.yammiesnoshery.com"", ""full_name"": ""Yammie's Noshery"", ""is_ads_only_profile"": false, ""first_name"": ""Yammie's Noshery"", ""follower_count"": 114649, ""is_default_image"": false, ""indexed"": true, ""is_verified_merchant"": false, ""instagram_data"": null, ""explicitly_followed_by_me"": false, ""image_small_url"": ""https://i.pinimg.com/30x30_RS/b9/f1/b9/b9f1b9c27393aa0c5f85cbf5d416ecda.jpg"", ""domain_verified"": true}"
48343395996573978,https://www.pinterest.com/pin/48343395996573978,Nutella Stuffed Pumpkin Muffins,Soft and moist pumpkin muffins loaded with Nutella!,https://www.yammiesnoshery.com/2016/11/nutella-stuffed-pumpkin-muffins.html,https://i.pinimg.com/736x/d0/26/bd/d026bdd17f48e144a115f52f187e9b3a.jpg,d026bdd17f48e144a115f52f187e9b3a,0,2,1,0,0,0,{},"Wed, 29 Apr 2026 17:10:22 +0000",2026-06-25 05:40:30.220000,/cookingclassy/food-love/,**FOOD LOVE**,0,0,public,food_drink,yammie,Yammie's Noshery,https://www.pinterest.com/yammie/,0,0,114649,0,0,"{""is_default_image"": false, ""first_name"": ""Yammie's Noshery"", ""image_small_url"": ""https://i.pinimg.com/30x30_RS/b9/f1/b9/b9f1b9c27393aa0c5f85cbf5d416ecda.jpg"", ""domain_verified"": true, ""username"": ""yammie"", ""is_ads_only_profile"": false, ""is_verified_merchant"": false, ""type"": ""user"", ""instagram_data"": null, ""blocked_by_me"": false, ""indexed"": true, ""explicitly_followed_by_me"": false, ""id"": ""28288441317851342"", ""domain_url"": ""www.yammiesnoshery.com"", ""ads_only_profile_site"": null, ""follower_count"": 114649, ""full_name"": ""Yammie's Noshery"", ""image_medium_url"": ""https://i.pinimg.com/75x75_RS/b9/f1/b9/b9f1b9c27393aa0c5f85cbf5d416ecda.jpg"", ""verified_identity"": {}, ""followed_by_me"": false}"
48343395996574497,https://www.pinterest.com/pin/48343395996574497,10 Best Muffin Recipes Ever,10 Best Muffin Recipes Ever,https://www.yammiesnoshery.com/2026/04/10-best-muffin-recipes-ever.html#comment-form,https://i.pinimg.com/736x/72/00/1f/72001fc9cbac9bff007c24cc570b3a90.jpg,72001fc9cbac9bff007c24cc570b3a90,0,4,3,0,0,1,{},"Wed, 29 Apr 2026 18:47:27 +0000",2026-06-25 05:40:30.027000,/cookingclassy/food-love/,**FOOD LOVE**,0,0,public,food_drink,yammie,Yammie's Noshery,https://www.pinterest.com/yammie/,0,0,114649,0,0,"{""domain_url"": ""www.yammiesnoshery.com"", ""username"": ""yammie"", ""explicitly_followed_by_me"": false, ""is_default_image"": false, ""is_verified_merchant"": false, ""full_name"": ""Yammie's Noshery"", ""followed_by_me"": false, ""indexed"": true, ""ads_only_profile_site"": null, ""image_medium_url"": ""https://i.pinimg.com/75x75_RS/b9/f1/b9/b9f1b9c27393aa0c5f85cbf5d416ecda.jpg"", ""id"": ""28288441317851342"", ""verified_identity"": {}, ""is_ads_only_profile"": false, ""image_small_url"": ""https://i.pinimg.com/30x30_RS/b9/f1/b9/b9f1b9c27393aa0c5f85cbf5d416ecda.jpg"", ""type"": ""user"", ""domain_verified"": true, ""first_name"": ""Yammie's Noshery"", ""blocked_by_me"": false, ""follower_count"": 114649, ""instagram_data"": null}"
48343395996574548,https://www.pinterest.com/pin/48343395996574548,Best Top 10 Muffins of All Time,"The 10 most viral muffins of all time, from low calorie and gluten free to decadent!",https://www.yammiesnoshery.com/2026/04/10-best-muffin-recipes-ever.html,https://i.pinimg.com/736x/5e/49/75/5e49754c0507a088690e0fd55110fdf4.jpg,5e49754c0507a088690e0fd55110fdf4,0,11,8,0,0,1,{},"Wed, 29 Apr 2026 18:58:31 +0000",2026-06-25 05:40:30.021000,/cookingclassy/food-love/,**FOOD LOVE**,0,0,public,food_drink,yammie,Yammie's Noshery,https://www.pinterest.com/yammie/,0,0,114649,0,0,"{""domain_url"": ""www.yammiesnoshery.com"", ""username"": ""yammie"", ""image_medium_url"": ""https://i.pinimg.com/75x75_RS/b9/f1/b9/b9f1b9c27393aa0c5f85cbf5d416ecda.jpg"", ""explicitly_followed_by_me"": false, ""first_name"": ""Yammie's Noshery"", ""full_name"": ""Yammie's Noshery"", ""ads_only_profile_site"": null, ""follower_count"": 114649, ""image_small_url"": ""https://i.pinimg.com/30x30_RS/b9/f1/b9/b9f1b9c27393aa0c5f85cbf5d416ecda.jpg"", ""blocked_by_me"": false, ""id"": ""28288441317851342"", ""indexed"": true, ""instagram_data"": null, ""verified_identity"": {}, ""is_ads_only_profile"": false, ""domain_verified"": true, ""type"": ""user"", ""is_default_image"": false, ""is_verified_merchant"": false, ""followed_by_me"": false}"
48343395996574812,https://www.pinterest.com/pin/48343395996574812,The Best Lemon Poppyseed Muffins Ever,The best sour cream lemon poppyseed muffins with lemon glaze! These can also be made gluten free!,https://www.yammiesnoshery.com/2019/08/the-best-lemon-poppyseed-muffins.html,https://i.pinimg.com/736x/5e/a4/45/5ea44559652bef87a62bf9c267bb8ad4.jpg,5ea44559652bef87a62bf9c267bb8ad4,0,98,58,0,0,2,{},"Wed, 29 Apr 2026 21:10:09 +0000",2026-06-25 05:40:29.846000,/cookingclassy/food-love/,**FOOD LOVE**,0,0,public,food_drink,yammie,Yammie's Noshery,https://www.pinterest.com/yammie/,0,0,114649,0,0,"{""followed_by_me"": false, ""verified_identity"": {}, ""indexed"": true, ""first_name"": ""Yammie's Noshery"", ""instagram_data"": null, ""domain_verified"": true, ""username"": ""yammie"", ""follower_count"": 114649, ""is_verified_merchant"": false, ""is_ads_only_profile"": false, ""domain_url"": ""www.yammiesnoshery.com"", ""is_default_image"": false, ""blocked_by_me"": false, ""id"": ""28288441317851342"", ""type"": ""user"", ""image_medium_url"": ""https://i.pinimg.com/75x75_RS/b9/f1/b9/b9f1b9c27393aa0c5f85cbf5d416ecda.jpg"", ""image_small_url"": ""https://i.pinimg.com/30x30_RS/b9/f1/b9/b9f1b9c27393aa0c5f85cbf5d416ecda.jpg"", ""ads_only_profile_site"": null, ""explicitly_followed_by_me"": false, ""full_name"": ""Yammie's Noshery""}"
48343395996574834,https://www.pinterest.com/pin/48343395996574834,Viral Ziploc Bag Banana Muffins,Perfect Banana Bread Muffins without dirtying a single dish! ,https://www.yammiesnoshery.com/2013/10/the-best-banana-bread-muffins-ever.html,https://i.pinimg.com/736x/50/34/89/503489e083109a6e53936733dee2ff3b.jpg,503489e083109a6e53936733dee2ff3b,0,2,1,0,0,0,{},"Wed, 29 Apr 2026 21:31:19 +0000",2026-06-25 05:40:29.643000,/cookingclassy/food-love/,**FOOD LOVE**,0,0,public,food_drink,yammie,Yammie's Noshery,https://www.pinterest.com/yammie/,0,0,114649,0,0,"{""indexed"": true, ""instagram_data"": null, ""domain_url"": ""www.yammiesnoshery.com"", ""is_verified_merchant"": false, ""first_name"": ""Yammie's Noshery"", ""is_ads_only_profile"": false, ""id"": ""28288441317851342"", ""image_medium_url"": ""https://i.pinimg.com/75x75_RS/b9/f1/b9/b9f1b9c27393aa0c5f85cbf5d416ecda.jpg"", ""ads_only_profile_site"": null, ""verified_identity"": {}, ""followed_by_me"": false, ""follower_count"": 114649, ""blocked_by_me"": false, ""username"": ""yammie"", ""full_name"": ""Yammie's Noshery"", ""explicitly_followed_by_me"": false, ""type"": ""user"", ""is_default_image"": false, ""image_small_url"": ""https://i.pinimg.com/30x30_RS/b9/f1/b9/b9f1b9c27393aa0c5f85cbf5d416ecda.jpg"", ""domain_verified"": true}"
48343395996574866,https://www.pinterest.com/pin/48343395996574866,Viral Banana Bread Muffins in a Bag,These banana bread muffins are made in a Ziploc bag without dirtying a single dish!,https://www.yammiesnoshery.com/2013/10/the-best-banana-bread-muffins-ever.html,https://i.pinimg.com/736x/bd/06/74/bd0674265747907790a3a0458250e57b.jpg,bd0674265747907790a3a0458250e57b,0,4,3,0,0,0,{},"Wed, 29 Apr 2026 21:42:14 +0000",2026-06-25 05:40:29.248000,/cookingclassy/food-love/,**FOOD LOVE**,0,0,public,food_drink,yammie,Yammie's Noshery,https://www.pinterest.com/yammie/,0,0,114649,0,0,"{""is_ads_only_profile"": false, ""type"": ""user"", ""is_default_image"": false, ""domain_url"": ""www.yammiesnoshery.com"", ""id"": ""28288441317851342"", ""ads_only_profile_site"": null, ""first_name"": ""Yammie's Noshery"", ""follower_count"": 114649, ""domain_verified"": true, ""indexed"": true, ""instagram_data"": null, ""username"": ""yammie"", ""image_small_url"": ""https://i.pinimg.com/30x30_RS/b9/f1/b9/b9f1b9c27393aa0c5f85cbf5d416ecda.jpg"", ""explicitly_followed_by_me"": false, ""is_verified_merchant"": false, ""followed_by_me"": false, ""image_medium_url"": ""https://i.pinimg.com/75x75_RS/b9/f1/b9/b9f1b9c27393aa0c5f85cbf5d416ecda.jpg"", ""verified_identity"": {}, ""blocked_by_me"": false, ""full_name"": ""Yammie's Noshery""}"
48343395996577782,https://www.pinterest.com/pin/48343395996577782,Better than Panera Bread Broccoli Soup,Copycat recipe for Panera Bread broccoli cheddar soup in 1 hour bread bowls!,https://www.yammiesnoshery.com/2013/12/panera-bread-broccoli-cheddar-soup.html,https://i.pinimg.com/736x/9d/d5/1d/9dd51df521e6f66432248187b7f6398a.jpg,9dd51df521e6f66432248187b7f6398a,0,13,12,0,0,0,{},"Thu, 30 Apr 2026 20:42:10 +0000",2026-06-25 05:40:29.228000,/cookingclassy/food-love/,**FOOD LOVE**,0,0,public,food_drink,yammie,Yammie's Noshery,https://www.pinterest.com/yammie/,0,0,114649,0,0,"{""image_small_url"": ""https://i.pinimg.com/30x30_RS/b9/f1/b9/b9f1b9c27393aa0c5f85cbf5d416ecda.jpg"", ""instagram_data"": null, ""image_medium_url"": ""https://i.pinimg.com/75x75_RS/b9/f1/b9/b9f1b9c27393aa0c5f85cbf5d416ecda.jpg"", ""explicitly_followed_by_me"": false, ""is_default_image"": false, ""ads_only_profile_site"": null, ""username"": ""yammie"", ""verified_identity"": {}, ""followed_by_me"": false, ""indexed"": true, ""id"": ""28288441317851342"", ""blocked_by_me"": false, ""is_ads_only_profile"": false, ""domain_verified"": true, ""is_verified_merchant"": false, ""follower_count"": 114649, ""domain_url"": ""www.yammiesnoshery.com"", ""full_name"": ""Yammie's Noshery"", ""first_name"": ""Yammie's Noshery"", ""type"": ""user""}"
48343395996585630,https://www.pinterest.com/pin/48343395996585630,White Chicken Chili,"This creamy, cheesy white chicken chili is an easy weeknight soup that can be made with a rotisserie chicken!",https://www.yammiesnoshery.com/2014/11/white-chicken-chili.html,https://i.pinimg.com/736x/04/a5/3e/04a53ed8504c44e7793ca82e71fd6775.jpg,04a53ed8504c44e7793ca82e71fd6775,0,11,9,0,0,0,{},"Sun, 03 May 2026 21:57:20 +0000",2026-06-25 05:40:28.989000,/cookingclassy/food-love/,**FOOD LOVE**,0,0,public,food_drink,yammie,Yammie's Noshery,https://www.pinterest.com/yammie/,0,0,114649,0,0,"{""follower_count"": 114649, ""is_default_image"": false, ""explicitly_followed_by_me"": false, ""domain_url"": ""www.yammiesnoshery.com"", ""followed_by_me"": false, ""first_name"": ""Yammie's Noshery"", ""image_small_url"": ""https://i.pinimg.com/30x30_RS/b9/f1/b9/b9f1b9c27393aa0c5f85cbf5d416ecda.jpg"", ""full_name"": ""Yammie's Noshery"", ""domain_verified"": true, ""id"": ""28288441317851342"", ""is_ads_only_profile"": false, ""blocked_by_me"": false, ""image_medium_url"": ""https://i.pinimg.com/75x75_RS/b9/f1/b9/b9f1b9c27393aa0c5f85cbf5d416ecda.jpg"", ""instagram_data"": null, ""verified_identity"": {}, ""indexed"": true, ""ads_only_profile_site"": null, ""username"": ""yammie"", ""is_verified_merchant"": false, ""type"": ""user""}"
48343395996585632,https://www.pinterest.com/pin/48343395996585632,Cheesy White Chili with Rotisserie Chicken,This creamy. cheesy white chicken chili is an easy weeknight meal for a cozy soup night!,https://www.yammiesnoshery.com/2014/11/white-chicken-chili.html,https://i.pinimg.com/736x/3b/a2/4a/3ba24a7a7931544e24fdc96ed77cb5b1.jpg,3ba24a7a7931544e24fdc96ed77cb5b1,0,5,4,0,0,0,{},"Sun, 03 May 2026 21:59:37 +0000",2026-06-25 05:40:28.984000,/cookingclassy/food-love/,**FOOD LOVE**,0,0,public,food_drink,yammie,Yammie's Noshery,https://www.pinterest.com/yammie/,0,0,114649,0,0,"{""type"": ""user"", ""blocked_by_me"": false, ""verified_identity"": {}, ""is_ads_only_profile"": false, ""follower_count"": 114649, ""full_name"": ""Yammie's Noshery"", ""domain_url"": ""www.yammiesnoshery.com"", ""is_verified_merchant"": false, ""explicitly_followed_by_me"": false, ""ads_only_profile_site"": null, ""username"": ""yammie"", ""id"": ""28288441317851342"", ""indexed"": true, ""is_default_image"": false, ""image_small_url"": ""https://i.pinimg.com/30x30_RS/b9/f1/b9/b9f1b9c27393aa0c5f85cbf5d416ecda.jpg"", ""image_medium_url"": ""https://i.pinimg.com/75x75_RS/b9/f1/b9/b9f1b9c27393aa0c5f85cbf5d416ecda.jpg"", ""followed_by_me"": false, ""instagram_data"": null, ""domain_verified"": true, ""first_name"": ""Yammie's Noshery""}"
48343395996590375,https://www.pinterest.com/pin/48343395996590375,The Best Soft Sugar Cookies with Buttercream,Vanilla honey sugar cookies with buttercream!,https://www.yammiesnoshery.com/2011/12/vanilla-honey-sugar-cookies.html,https://i.pinimg.com/736x/7f/51/89/7f5189e5888409b0de9b2efde8e170ab.jpg,7f5189e5888409b0de9b2efde8e170ab,0,2,1,0,0,0,{},"Tue, 05 May 2026 16:04:51 +0000",2026-06-25 05:40:28.822000,/cookingclassy/food-love/,**FOOD LOVE**,0,0,public,food_drink,yammie,Yammie's Noshery,https://www.pinterest.com/yammie/,0,0,114649,0,0,"{""domain_url"": ""www.yammiesnoshery.com"", ""image_medium_url"": ""https://i.pinimg.com/75x75_RS/b9/f1/b9/b9f1b9c27393aa0c5f85cbf5d416ecda.jpg"", ""explicitly_followed_by_me"": false, ""verified_identity"": {}, ""instagram_data"": null, ""ads_only_profile_site"": null, ""username"": ""yammie"", ""domain_verified"": true, ""is_ads_only_profile"": false, ""followed_by_me"": false, ""follower_count"": 114649, ""full_name"": ""Yammie's Noshery"", ""type"": ""user"", ""image_small_url"": ""https://i.pinimg.com/30x30_RS/b9/f1/b9/b9f1b9c27393aa0c5f85cbf5d416ecda.jpg"", ""indexed"": true, ""first_name"": ""Yammie's Noshery"", ""is_default_image"": false, ""is_verified_merchant"": false, ""id"": ""28288441317851342"", ""blocked_by_me"": false}"
48343395996591360,https://www.pinterest.com/pin/48343395996591360,Peanut Butter Buttercream,"Fluffy Peanut Butter Buttercream! Great frosting for brownies, cookies, and cakes!",https://www.yammiesnoshery.com/2014/05/brownie-cookie-sandwiches-with-fluffy.html,https://i.pinimg.com/736x/be/c6/f7/bec6f71737f9da246a662b4ef44c6bea.jpg,bec6f71737f9da246a662b4ef44c6bea,0,12,12,0,0,0,"{""1"": 1}","Tue, 05 May 2026 23:12:27 +0000",2026-06-25 05:40:28.789000,/cookingclassy/food-love/,**FOOD LOVE**,0,0,public,food_drink,yammie,Yammie's Noshery,https://www.pinterest.com/yammie/,0,0,114649,0,0,"{""indexed"": true, ""id"": ""28288441317851342"", ""domain_verified"": true, ""blocked_by_me"": false, ""is_ads_only_profile"": false, ""full_name"": ""Yammie's Noshery"", ""image_small_url"": ""https://i.pinimg.com/30x30_RS/b9/f1/b9/b9f1b9c27393aa0c5f85cbf5d416ecda.jpg"", ""follower_count"": 114649, ""instagram_data"": null, ""image_medium_url"": ""https://i.pinimg.com/75x75_RS/b9/f1/b9/b9f1b9c27393aa0c5f85cbf5d416ecda.jpg"", ""username"": ""yammie"", ""is_verified_merchant"": false, ""first_name"": ""Yammie's Noshery"", ""ads_only_profile_site"": null, ""is_default_image"": false, ""verified_identity"": {}, ""type"": ""user"", ""explicitly_followed_by_me"": false, ""domain_url"": ""www.yammiesnoshery.com"", ""followed_by_me"": false}"
48343395996593517,https://www.pinterest.com/pin/48343395996593517,Monster Cookie Oatmeal Creme Pie,"These oatmeal, peanut butter, M&M cookies are sandwiched together with fluffy marshmallow like filling for the perfect whoopie pie!",https://www.yammiesnoshery.com/2014/01/monster-cookie-oatmeal-creme-pies.html,https://i.pinimg.com/736x/5e/4d/df/5e4ddfee53c260a3350ce1d9879e6ae5.jpg,5e4ddfee53c260a3350ce1d9879e6ae5,0,11,5,0,0,0,"{""1"": 1}","Wed, 06 May 2026 17:58:37 +0000",2026-06-25 05:40:28.817000,/cookingclassy/food-love/,**FOOD LOVE**,0,0,public,food_drink,yammie,Yammie's Noshery,https://www.pinterest.com/yammie/,0,0,114649,0,0,"{""domain_verified"": true, ""first_name"": ""Yammie's Noshery"", ""is_default_image"": false, ""ads_only_profile_site"": null, ""domain_url"": ""www.yammiesnoshery.com"", ""image_small_url"": ""https://i.pinimg.com/30x30_RS/b9/f1/b9/b9f1b9c27393aa0c5f85cbf5d416ecda.jpg"", ""username"": ""yammie"", ""type"": ""user"", ""id"": ""28288441317851342"", ""follower_count"": 114649, ""full_name"": ""Yammie's Noshery"", ""indexed"": true, ""verified_identity"": {}, ""followed_by_me"": false, ""explicitly_followed_by_me"": false, ""blocked_by_me"": false, ""image_medium_url"": ""https://i.pinimg.com/75x75_RS/b9/f1/b9/b9f1b9c27393aa0c5f85cbf5d416ecda.jpg"", ""instagram_data"": null, ""is_verified_merchant"": false, ""is_ads_only_profile"": false}"
48343395996593526,https://www.pinterest.com/pin/48343395996593526,Funfetti Whoopie Pies,These soft birthday cake flavored sugar cookies are loaded with butter cream to make the best sandwich cookies!,https://www.yammiesnoshery.com/2012/04/funfetti-whoopie-pies.html,https://i.pinimg.com/736x/a4/99/18/a4991838ff017c82d044dbbfee99feb8.jpg,a4991838ff017c82d044dbbfee99feb8,0,3,1,0,0,0,{},"Wed, 06 May 2026 18:03:52 +0000",2026-06-25 05:40:28.415000,/cookingclassy/food-love/,**FOOD LOVE**,0,0,public,food_drink,yammie,Yammie's Noshery,https://www.pinterest.com/yammie/,0,0,114649,0,0,"{""id"": ""28288441317851342"", ""indexed"": true, ""verified_identity"": {}, ""full_name"": ""Yammie's Noshery"", ""ads_only_profile_site"": null, ""instagram_data"": null, ""followed_by_me"": false, ""image_small_url"": ""https://i.pinimg.com/30x30_RS/b9/f1/b9/b9f1b9c27393aa0c5f85cbf5d416ecda.jpg"", ""type"": ""user"", ""image_medium_url"": ""https://i.pinimg.com/75x75_RS/b9/f1/b9/b9f1b9c27393aa0c5f85cbf5d416ecda.jpg"", ""is_ads_only_profile"": false, ""domain_url"": ""www.yammiesnoshery.com"", ""explicitly_followed_by_me"": false, ""username"": ""yammie"", ""domain_verified"": true, ""is_default_image"": false, ""blocked_by_me"": false, ""first_name"": ""Yammie's Noshery"", ""is_verified_merchant"": false, ""follower_count"": 114649}"
48343395996593556,https://www.pinterest.com/pin/48343395996593556,Peanut Butter Brownie Sandwich Cookies,Brownie cookies sandwiched together with fluffy peanut butter frosting!,https://www.yammiesnoshery.com/2014/05/brownie-cookie-sandwiches-with-fluffy.html,https://i.pinimg.com/736x/d0/f4/01/d0f401d45bcb63fcb37391fd62659d34.jpg,d0f401d45bcb63fcb37391fd62659d34,0,21,9,0,0,2,{},"Wed, 06 May 2026 18:17:05 +0000",2026-06-25 05:40:28.756000,/cookingclassy/food-love/,**FOOD LOVE**,0,0,public,food_drink,yammie,Yammie's Noshery,https://www.pinterest.com/yammie/,0,0,114649,0,0,"{""explicitly_followed_by_me"": false, ""domain_url"": ""www.yammiesnoshery.com"", ""blocked_by_me"": false, ""followed_by_me"": false, ""is_ads_only_profile"": false, ""id"": ""28288441317851342"", ""ads_only_profile_site"": null, ""domain_verified"": true, ""verified_identity"": {}, ""type"": ""user"", ""full_name"": ""Yammie's Noshery"", ""is_verified_merchant"": false, ""first_name"": ""Yammie's Noshery"", ""follower_count"": 114649, ""image_small_url"": ""https://i.pinimg.com/30x30_RS/b9/f1/b9/b9f1b9c27393aa0c5f85cbf5d416ecda.jpg"", ""is_default_image"": false, ""image_medium_url"": ""https://i.pinimg.com/75x75_RS/b9/f1/b9/b9f1b9c27393aa0c5f85cbf5d416ecda.jpg"", ""username"": ""yammie"", ""instagram_data"": null, ""indexed"": true}"
48343395996593569,https://www.pinterest.com/pin/48343395996593569,Chocolate Peanut Butter Sandwich Cookies,Soft Peanut butter cookies sandwiched together with fluffy milk chocolate frosting to make the best whoopie pies!,https://www.yammiesnoshery.com/2012/09/peanut-butter-cookie-sandwiches-with.html,https://i.pinimg.com/736x/7d/c9/4e/7dc94eb69c30046d21e0ddc079a412b9.jpg,7dc94eb69c30046d21e0ddc079a412b9,0,11,5,0,0,0,"{""1"": 1}","Wed, 06 May 2026 18:25:54 +0000",2026-06-25 05:40:28.735000,/cookingclassy/food-love/,**FOOD LOVE**,0,0,public,food_drink,yammie,Yammie's Noshery,https://www.pinterest.com/yammie/,0,0,114649,0,0,"{""is_ads_only_profile"": false, ""is_default_image"": false, ""ads_only_profile_site"": null, ""instagram_data"": null, ""image_small_url"": ""https://i.pinimg.com/30x30_RS/b9/f1/b9/b9f1b9c27393aa0c5f85cbf5d416ecda.jpg"", ""verified_identity"": {}, ""domain_verified"": true, ""id"": ""28288441317851342"", ""full_name"": ""Yammie's Noshery"", ""indexed"": true, ""is_verified_merchant"": false, ""domain_url"": ""www.yammiesnoshery.com"", ""followed_by_me"": false, ""blocked_by_me"": false, ""image_medium_url"": ""https://i.pinimg.com/75x75_RS/b9/f1/b9/b9f1b9c27393aa0c5f85cbf5d416ecda.jpg"", ""username"": ""yammie"", ""follower_count"": 114649, ""first_name"": ""Yammie's Noshery"", ""type"": ""user"", ""explicitly_followed_by_me"": false}"
48343395996593597,https://www.pinterest.com/pin/48343395996593597,Jumbo Blueberry Muffins,The Best Jumbo Blueberry Muffins Ever!,https://www.yammiesnoshery.com/2015/01/the-best-blueberry-muffins-ever.html,https://i.pinimg.com/736x/23/e2/3a/23e23a8062e3cde2a02273f5ee7942d3.jpg,23e23a8062e3cde2a02273f5ee7942d3,0,7,5,0,0,0,{},"Wed, 06 May 2026 18:45:34 +0000",2026-06-25 05:40:28.437000,/cookingclassy/food-love/,**FOOD LOVE**,0,0,public,food_drink,yammie,Yammie's Noshery,https://www.pinterest.com/yammie/,0,0,114649,0,0,"{""domain_verified"": true, ""type"": ""user"", ""is_ads_only_profile"": false, ""first_name"": ""Yammie's Noshery"", ""id"": ""28288441317851342"", ""domain_url"": ""www.yammiesnoshery.com"", ""blocked_by_me"": false, ""followed_by_me"": false, ""is_verified_merchant"": false, ""instagram_data"": null, ""verified_identity"": {}, ""ads_only_profile_site"": null, ""indexed"": true, ""is_default_image"": false, ""username"": ""yammie"", ""explicitly_followed_by_me"": false, ""follower_count"": 114649, ""image_medium_url"": ""https://i.pinimg.com/75x75_RS/b9/f1/b9/b9f1b9c27393aa0c5f85cbf5d416ecda.jpg"", ""image_small_url"": ""https://i.pinimg.com/30x30_RS/b9/f1/b9/b9f1b9c27393aa0c5f85cbf5d416ecda.jpg"", ""full_name"": ""Yammie's Noshery""}"
48343395996593600,https://www.pinterest.com/pin/48343395996593600,The Best Gluten Free Brownies,The best recipe for gluten free brownies ever!,https://www.yammiesnoshery.com/2023/08/the-best-brownies-ever.html,https://i.pinimg.com/736x/6f/9d/ce/6f9dce8d6f8b50d43cb09cd679b89cc8.jpg,6f9dce8d6f8b50d43cb09cd679b89cc8,0,3,2,0,0,0,{},"Wed, 06 May 2026 18:48:36 +0000",2026-06-25 05:40:28.763000,/cookingclassy/food-love/,**FOOD LOVE**,0,0,public,food_drink,yammie,Yammie's Noshery,https://www.pinterest.com/yammie/,0,0,114649,0,0,"{""follower_count"": 114649, ""followed_by_me"": false, ""verified_identity"": {}, ""domain_verified"": true, ""explicitly_followed_by_me"": false, ""image_small_url"": ""https://i.pinimg.com/30x30_RS/b9/f1/b9/b9f1b9c27393aa0c5f85cbf5d416ecda.jpg"", ""first_name"": ""Yammie's Noshery"", ""blocked_by_me"": false, ""username"": ""yammie"", ""is_default_image"": false, ""is_verified_merchant"": false, ""full_name"": ""Yammie's Noshery"", ""ads_only_profile_site"": null, ""is_ads_only_profile"": false, ""id"": ""28288441317851342"", ""instagram_data"": null, ""domain_url"": ""www.yammiesnoshery.com"", ""indexed"": true, ""type"": ""user"", ""image_medium_url"": ""https://i.pinimg.com/75x75_RS/b9/f1/b9/b9f1b9c27393aa0c5f85cbf5d416ecda.jpg""}"
48343395996599105,https://www.pinterest.com/pin/48343395996599105,Bakery Style Blueberry Muffins,"This blueberry muffin recipe will create moist, soft muffins with tall crowns that taste even better than a bakery! ",https://www.yammiesnoshery.com/2015/01/the-best-blueberry-muffins-ever.html,https://i.pinimg.com/736x/cb/21/37/cb21373fa45f310fdaf6558348acdb99.jpg,cb21373fa45f310fdaf6558348acdb99,0,4,2,0,0,0,{},"Fri, 08 May 2026 19:50:52 +0000",2026-06-25 05:40:28.743000,/cookingclassy/food-love/,**FOOD LOVE**,0,0,public,food_drink,yammie,Yammie's Noshery,https://www.pinterest.com/yammie/,0,0,114649,0,0,"{""image_small_url"": ""https://i.pinimg.com/30x30_RS/b9/f1/b9/b9f1b9c27393aa0c5f85cbf5d416ecda.jpg"", ""domain_url"": ""www.yammiesnoshery.com"", ""is_ads_only_profile"": false, ""blocked_by_me"": false, ""followed_by_me"": false, ""ads_only_profile_site"": null, ""verified_identity"": {}, ""is_verified_merchant"": false, ""domain_verified"": true, ""username"": ""yammie"", ""explicitly_followed_by_me"": false, ""follower_count"": 114649, ""id"": ""28288441317851342"", ""image_medium_url"": ""https://i.pinimg.com/75x75_RS/b9/f1/b9/b9f1b9c27393aa0c5f85cbf5d416ecda.jpg"", ""instagram_data"": null, ""full_name"": ""Yammie's Noshery"", ""indexed"": true, ""is_default_image"": false, ""first_name"": ""Yammie's Noshery"", ""type"": ""user""}"
48343395996599142,https://www.pinterest.com/pin/48343395996599142,Bakery Style Blueberry Muffins,This bakery style blueberry muffin recipe is soft and moist with tall crowns. Make them into jumbo muffins or regular sized! ,https://www.yammiesnoshery.com/2015/01/the-best-blueberry-muffins-ever.html,https://i.pinimg.com/736x/0d/50/0c/0d500ca58d2037567f4bf5211404c2c5.jpg,0d500ca58d2037567f4bf5211404c2c5,0,2,1,0,0,0,{},"Fri, 08 May 2026 19:55:50 +0000",2026-06-25 05:40:28.705000,/cookingclassy/food-love/,**FOOD LOVE**,0,0,public,food_drink,yammie,Yammie's Noshery,https://www.pinterest.com/yammie/,0,0,114649,0,0,"{""is_default_image"": false, ""id"": ""28288441317851342"", ""indexed"": true, ""followed_by_me"": false, ""instagram_data"": null, ""full_name"": ""Yammie's Noshery"", ""username"": ""yammie"", ""follower_count"": 114649, ""is_ads_only_profile"": false, ""ads_only_profile_site"": null, ""domain_url"": ""www.yammiesnoshery.com"", ""type"": ""user"", ""blocked_by_me"": false, ""is_verified_merchant"": false, ""image_small_url"": ""https://i.pinimg.com/30x30_RS/b9/f1/b9/b9f1b9c27393aa0c5f85cbf5d416ecda.jpg"", ""explicitly_followed_by_me"": false, ""image_medium_url"": ""https://i.pinimg.com/75x75_RS/b9/f1/b9/b9f1b9c27393aa0c5f85cbf5d416ecda.jpg"", ""domain_verified"": true, ""verified_identity"": {}, ""first_name"": ""Yammie's Noshery""}"
48343395996599370,https://www.pinterest.com/pin/48343395996599370,,Yammie's Noshery: Persian Saffron Chicken {Zereshk Polo Ba Morgh},https://www.yammiesnoshery.com/2019/02/persian-saffron-chicken-zereshk-polo-ba.html,https://i.pinimg.com/736x/35/7c/e9/357ce9af35d83ecc957a6036e37c5e7c.jpg,357ce9af35d83ecc957a6036e37c5e7c,0,8,6,0,0,0,"{""1"": 1}","Fri, 08 May 2026 21:31:48 +0000",2026-06-25 05:40:28.711000,/cookingclassy/food-love/,**FOOD LOVE**,0,0,public,food_drink,yammie,Yammie's Noshery,https://www.pinterest.com/yammie/,0,0,114649,0,0,
48343395996599413,https://www.pinterest.com/pin/48343395996599413,"Sundried Tomato, Spinach, and Cheese Stuffed Chicken","Yammie's Noshery: Sundried Tomato, Spinach, and Cheese Stuffed Chicken",https://www.yammiesnoshery.com/2015/05/sun-dried-tomato-spinach-and-cheese.html,https://i.pinimg.com/736x/05/fb/85/05fb85b3357bb661177209781b05c430.jpg,05fb85b3357bb661177209781b05c430,0,15,14,0,0,0,{},"Fri, 08 May 2026 21:49:21 +0000",2026-06-25 05:40:28.397000,/cookingclassy/food-love/,**FOOD LOVE**,0,0,public,food_drink,yammie,Yammie's Noshery,https://www.pinterest.com/yammie/,0,0,114649,0,0,
48343395996616296,https://www.pinterest.com/pin/48343395996616296,Authentic German Pretzels (Laugenbrezeln),Yammie's Noshery: Authentic German Pretzels (Laugenbrezeln),https://www.yammiesnoshery.com/2022/10/german-pretzel.html,https://i.pinimg.com/736x/b4/eb/e1/b4ebe11e43f8f219c21dc7f2dc334c49.jpg,b4ebe11e43f8f219c21dc7f2dc334c49,0,2,1,0,0,0,"{""1"": 1}","Thu, 14 May 2026 19:00:10 +0000",2026-06-25 05:40:28.977000,/cookingclassy/food-love/,**FOOD LOVE**,0,0,public,food_drink,yammie,Yammie's Noshery,https://www.pinterest.com/yammie/,0,0,114649,0,0,
48343395996661506,https://www.pinterest.com/pin/48343395996661506,Creamy Steak Fettuccine Alfredo,Yammie's Noshery: Creamy Steak Fettuccine Alfredo,https://www.yammiesnoshery.com/2026/05/creamy-steak-fettuccine-alfredo.html,https://i.pinimg.com/736x/5d/bb/f8/5dbbf87b1e24e9634d99d29525c61bd2.jpg,5dbbf87b1e24e9634d99d29525c61bd2,0,1,0,0,0,0,{},"Fri, 29 May 2026 16:57:39 +0000",2026-06-25 05:40:28.671000,/cookingclassy/food-love/,**FOOD LOVE**,0,0,public,food_drink,yammie,Yammie's Noshery,https://www.pinterest.com/yammie/,0,0,114649,0,0,
48343395996684610,https://www.pinterest.com/pin/48343395996684610,Super Moist Zucchini Brownies,"These healthy zucchini brownies are low sugar, low carb, low calorie, gluten free, and super moist and delicious! They are so healthy you can eat them for breakfast. ",https://www.yammiesnoshery.com/2014/08/secretly-healthy-zucchini-brownies.html,https://i.pinimg.com/736x/ac/c1/70/acc17087d0279a0df586d3d357bb75cb.jpg,acc17087d0279a0df586d3d357bb75cb,0,1,0,0,0,0,{},"Sat, 06 Jun 2026 12:20:51 +0000",2026-06-25 05:40:28.687000,/cookingclassy/food-love/,**FOOD LOVE**,0,0,public,food_drink,yammie,Yammie's Noshery,https://www.pinterest.com/yammie/,0,0,114649,0,0,"{""full_name"": ""Yammie's Noshery"", ""blocked_by_me"": false, ""is_ads_only_profile"": false, ""indexed"": true, ""ads_only_profile_site"": null, ""explicitly_followed_by_me"": false, ""type"": ""user"", ""username"": ""yammie"", ""image_medium_url"": ""https://i.pinimg.com/75x75_RS/b9/f1/b9/b9f1b9c27393aa0c5f85cbf5d416ecda.jpg"", ""first_name"": ""Yammie's Noshery"", ""id"": ""28288441317851342"", ""is_verified_merchant"": false, ""instagram_data"": null, ""verified_identity"": {}, ""is_default_image"": false, ""follower_count"": 114649, ""domain_verified"": true, ""domain_url"": ""www.yammiesnoshery.com"", ""followed_by_me"": false, ""image_small_url"": ""https://i.pinimg.com/30x30_RS/b9/f1/b9/b9f1b9c27393aa0c5f85cbf5d416ecda.jpg""}"
48343395996684793,https://www.pinterest.com/pin/48343395996684793,Bakery Style Blueberry Muffins,"These 5 star super moist bakery style blueberry muffins will be your new favorite recipe! These are a reader favorite thanks to the tall crowns, no fail moist texture, and great flavor! ",https://www.yammiesnoshery.com/2015/01/the-best-blueberry-muffins-ever.html,https://i.pinimg.com/736x/c2/e0/17/c2e017416dfbf85118c9b30c000813f0.jpg,c2e017416dfbf85118c9b30c000813f0,0,3,2,0,0,0,{},"Sat, 06 Jun 2026 14:16:14 +0000",2026-06-25 05:40:28.700000,/cookingclassy/food-love/,**FOOD LOVE**,0,0,public,food_drink,yammie,Yammie's Noshery,https://www.pinterest.com/yammie/,0,0,114649,0,0,"{""image_medium_url"": ""https://i.pinimg.com/75x75_RS/b9/f1/b9/b9f1b9c27393aa0c5f85cbf5d416ecda.jpg"", ""indexed"": true, ""followed_by_me"": false, ""is_ads_only_profile"": false, ""verified_identity"": {}, ""domain_verified"": true, ""type"": ""user"", ""first_name"": ""Yammie's Noshery"", ""is_verified_merchant"": false, ""follower_count"": 114649, ""ads_only_profile_site"": null, ""id"": ""28288441317851342"", ""explicitly_followed_by_me"": false, ""instagram_data"": null, ""full_name"": ""Yammie's Noshery"", ""domain_url"": ""www.yammiesnoshery.com"", ""username"": ""yammie"", ""is_default_image"": false, ""blocked_by_me"": false, ""image_small_url"": ""https://i.pinimg.com/30x30_RS/b9/f1/b9/b9f1b9c27393aa0c5f85cbf5d416ecda.jpg""}"
48343395996690830,https://www.pinterest.com/pin/48343395996690830,5 Star Blueberry Muffin Recipe,"This is the ultimate recipe for blueberry muffins! Perfectly moist texture, tall crowns, great flavor, all made in one bowl! Gluten free option too.",https://www.yammiesnoshery.com/2015/01/the-best-blueberry-muffins-ever.html,https://i.pinimg.com/736x/d1/ac/be/d1acbe6ba3c15c3ae2dd65ab44e36335.jpg,d1acbe6ba3c15c3ae2dd65ab44e36335,0,19,16,0,0,3,{},"Mon, 08 Jun 2026 15:16:19 +0000",2026-06-25 05:40:28.678000,/cookingclassy/food-love/,**FOOD LOVE**,0,0,public,food_drink,yammie,Yammie's Noshery,https://www.pinterest.com/yammie/,0,0,114649,0,0,"{""followed_by_me"": false, ""indexed"": true, ""username"": ""yammie"", ""domain_verified"": true, ""domain_url"": ""www.yammiesnoshery.com"", ""instagram_data"": null, ""follower_count"": 114649, ""is_ads_only_profile"": false, ""is_default_image"": false, ""verified_identity"": {}, ""first_name"": ""Yammie's Noshery"", ""type"": ""user"", ""image_small_url"": ""https://i.pinimg.com/30x30_RS/b9/f1/b9/b9f1b9c27393aa0c5f85cbf5d416ecda.jpg"", ""explicitly_followed_by_me"": false, ""is_verified_merchant"": false, ""ads_only_profile_site"": null, ""full_name"": ""Yammie's Noshery"", ""id"": ""28288441317851342"", ""image_medium_url"": ""https://i.pinimg.com/75x75_RS/b9/f1/b9/b9f1b9c27393aa0c5f85cbf5d416ecda.jpg"", ""blocked_by_me"": false}"
48343395996691231,https://www.pinterest.com/pin/48343395996691231,Iranian Saffron Chicken and Rice,"An authentic recipe for Persian Saffron Chicken with Barberry Rice! This is such an amazing combo of warm spices, fresh mint and cucumber, and earthy saffron!",https://www.yammiesnoshery.com/2019/02/persian-saffron-chicken-zereshk-polo-ba.html,https://i.pinimg.com/736x/21/07/ba/2107ba1c77b6ce6fc69a0fb9fb9153df.jpg,2107ba1c77b6ce6fc69a0fb9fb9153df,0,6,5,0,0,2,{},"Mon, 08 Jun 2026 17:43:45 +0000",2026-06-25 05:40:28.718000,/cookingclassy/food-love/,**FOOD LOVE**,0,0,public,food_drink,yammie,Yammie's Noshery,https://www.pinterest.com/yammie/,0,0,114649,0,0,"{""domain_url"": ""www.yammiesnoshery.com"", ""is_verified_merchant"": false, ""id"": ""28288441317851342"", ""instagram_data"": null, ""verified_identity"": {}, ""indexed"": true, ""blocked_by_me"": false, ""type"": ""user"", ""follower_count"": 114649, ""image_small_url"": ""https://i.pinimg.com/30x30_RS/b9/f1/b9/b9f1b9c27393aa0c5f85cbf5d416ecda.jpg"", ""image_medium_url"": ""https://i.pinimg.com/75x75_RS/b9/f1/b9/b9f1b9c27393aa0c5f85cbf5d416ecda.jpg"", ""first_name"": ""Yammie's Noshery"", ""username"": ""yammie"", ""explicitly_followed_by_me"": false, ""is_default_image"": false, ""domain_verified"": true, ""followed_by_me"": false, ""ads_only_profile_site"": null, ""is_ads_only_profile"": false, ""full_name"": ""Yammie's Noshery""}"
48343395996691417,https://www.pinterest.com/pin/48343395996691417,Fudgy Gluten Free Brownie Recipe,"These are the perfect fudgy, rich, crackly topped brownies complete with gluten free option!",https://www.yammiesnoshery.com/2023/08/the-best-brownies-ever.html,https://i.pinimg.com/736x/26/ff/70/26ff7095f3faf9911d8ef136b7f748c1.jpg,26ff7095f3faf9911d8ef136b7f748c1,0,2,1,0,0,0,{},"Mon, 08 Jun 2026 19:03:36 +0000",2026-06-25 05:40:20.362000,/cookingclassy/food-love/,**FOOD LOVE**,0,0,public,food_drink,yammie,Yammie's Noshery,https://www.pinterest.com/yammie/,0,0,114649,0,0,"{""username"": ""yammie"", ""is_default_image"": false, ""type"": ""user"", ""id"": ""28288441317851342"", ""is_ads_only_profile"": false, ""verified_identity"": {}, ""domain_url"": ""www.yammiesnoshery.com"", ""image_small_url"": ""https://i.pinimg.com/30x30_RS/b9/f1/b9/b9f1b9c27393aa0c5f85cbf5d416ecda.jpg"", ""is_verified_merchant"": false, ""indexed"": true, ""follower_count"": 114649, ""image_medium_url"": ""https://i.pinimg.com/75x75_RS/b9/f1/b9/b9f1b9c27393aa0c5f85cbf5d416ecda.jpg"", ""domain_verified"": true, ""first_name"": ""Yammie's Noshery"", ""blocked_by_me"": false, ""full_name"": ""Yammie's Noshery"", ""followed_by_me"": false, ""instagram_data"": null, ""ads_only_profile_site"": null, ""explicitly_followed_by_me"": false}"
48343395996691896,https://www.pinterest.com/pin/48343395996691896,Copycat Auntie Anne's Soft Pretzels,This soft pretzel recipe is better than the ones you buy at the mall! They are so quick too and only take 1 hour and 15 minutes to make. ,https://www.yammiesnoshery.com/2012/04/auntie-annes-pretzels-copycat-recipe.html,https://i.pinimg.com/736x/75/04/56/75045602f132c1f4bfeb43fb5ed8c7d4.jpg,75045602f132c1f4bfeb43fb5ed8c7d4,0,10,9,0,0,1,{},"Mon, 08 Jun 2026 21:42:46 +0000",2026-06-25 05:40:20.319000,/cookingclassy/food-love/,**FOOD LOVE**,0,0,public,food_drink,yammie,Yammie's Noshery,https://www.pinterest.com/yammie/,0,0,114649,0,0,"{""follower_count"": 114649, ""domain_verified"": true, ""domain_url"": ""www.yammiesnoshery.com"", ""type"": ""user"", ""is_ads_only_profile"": false, ""username"": ""yammie"", ""id"": ""28288441317851342"", ""full_name"": ""Yammie's Noshery"", ""verified_identity"": {}, ""is_default_image"": false, ""is_verified_merchant"": false, ""image_small_url"": ""https://i.pinimg.com/30x30_RS/b9/f1/b9/b9f1b9c27393aa0c5f85cbf5d416ecda.jpg"", ""instagram_data"": null, ""blocked_by_me"": false, ""ads_only_profile_site"": null, ""explicitly_followed_by_me"": false, ""first_name"": ""Yammie's Noshery"", ""indexed"": true, ""image_medium_url"": ""https://i.pinimg.com/75x75_RS/b9/f1/b9/b9f1b9c27393aa0c5f85cbf5d416ecda.jpg"", ""followed_by_me"": false}"
48343395996696833,https://www.pinterest.com/pin/48343395996696833,Chocolate Peanut Butter Mug Cake,Yammie's Noshery: Chocolate Peanut Butter Mug Cake,https://www.yammiesnoshery.com/2012/03/chocolate-peanut-butter-mug-cake.html,https://i.pinimg.com/736x/b5/30/02/b53002dac4fe516ca18b94ee41593728.jpg,b53002dac4fe516ca18b94ee41593728,0,5,4,0,0,0,{},"Wed, 10 Jun 2026 15:31:34 +0000",2026-06-25 05:40:20.324000,/cookingclassy/food-love/,**FOOD LOVE**,0,0,public,food_drink,yammie,Yammie's Noshery,https://www.pinterest.com/yammie/,0,0,114649,0,0,
48343395996696955,https://www.pinterest.com/pin/48343395996696955,Treacle Tart,Make Harry Potter's favorite dessert.. treacle tart!,https://www.yammiesnoshery.com/2011/07/treacle-tart.html,https://i.pinimg.com/736x/e2/d3/f1/e2d3f181fe073d1accd9561197ad1aff.jpg,e2d3f181fe073d1accd9561197ad1aff,0,1,0,0,0,0,{},"Wed, 10 Jun 2026 16:00:12 +0000",2026-06-25 05:40:20.400000,/cookingclassy/food-love/,**FOOD LOVE**,0,0,public,food_drink,yammie,Yammie's Noshery,https://www.pinterest.com/yammie/,0,0,114649,0,0,"{""verified_identity"": {}, ""image_small_url"": ""https://i.pinimg.com/30x30_RS/b9/f1/b9/b9f1b9c27393aa0c5f85cbf5d416ecda.jpg"", ""is_verified_merchant"": false, ""domain_url"": ""www.yammiesnoshery.com"", ""explicitly_followed_by_me"": false, ""domain_verified"": true, ""blocked_by_me"": false, ""ads_only_profile_site"": null, ""image_medium_url"": ""https://i.pinimg.com/75x75_RS/b9/f1/b9/b9f1b9c27393aa0c5f85cbf5d416ecda.jpg"", ""is_ads_only_profile"": false, ""type"": ""user"", ""indexed"": true, ""followed_by_me"": false, ""full_name"": ""Yammie's Noshery"", ""instagram_data"": null, ""is_default_image"": false, ""id"": ""28288441317851342"", ""follower_count"": 114649, ""username"": ""yammie"", ""first_name"": ""Yammie's Noshery""}"
48343395996698852,https://www.pinterest.com/pin/48343395996698852,M&M Cookie Dough Ice Cream Cake with Hot Fudge,This m&m cookie dough ice cream cake can be made gluten free. This is the best over the top dessert!,https://www.yammiesnoshery.com/2015/06/m-cookie-dough-ice-cream-cake-with-hot.html,https://i.pinimg.com/736x/27/b8/74/27b874cb77fa44d501982c5aa45995ec.jpg,27b874cb77fa44d501982c5aa45995ec,0,1,0,0,0,1,{},"Thu, 11 Jun 2026 02:44:03 +0000",2026-06-25 05:40:20.438000,/cookingclassy/food-love/,**FOOD LOVE**,0,0,public,food_drink,yammie,Yammie's Noshery,https://www.pinterest.com/yammie/,0,0,114649,0,0,
48343395996705571,https://www.pinterest.com/pin/48343395996705571,The Best Lemon Poppyseed Muffins Ever,"Super moist, extra lemony, topped with a lemon glaze, these muffins will be your new favorite breakfast recipe! ",https://www.yammiesnoshery.com/2019/08/the-best-lemon-poppyseed-muffins.html,https://i.pinimg.com/736x/6e/0c/e2/6e0ce2ecd4c96c664d2681be5a5b1f68.jpg,6e0ce2ecd4c96c664d2681be5a5b1f68,0,1,0,0,0,0,{},"Sat, 13 Jun 2026 15:41:30 +0000",2026-06-25 05:40:20.445000,/cookingclassy/food-love/,**FOOD LOVE**,0,0,public,food_drink,yammie,Yammie's Noshery,https://www.pinterest.com/yammie/,0,0,114649,0,0,"{""instagram_data"": null, ""ads_only_profile_site"": null, ""domain_verified"": true, ""first_name"": ""Yammie's Noshery"", ""indexed"": true, ""follower_count"": 114649, ""verified_identity"": {}, ""type"": ""user"", ""image_medium_url"": ""https://i.pinimg.com/75x75_RS/b9/f1/b9/b9f1b9c27393aa0c5f85cbf5d416ecda.jpg"", ""domain_url"": ""www.yammiesnoshery.com"", ""image_small_url"": ""https://i.pinimg.com/30x30_RS/b9/f1/b9/b9f1b9c27393aa0c5f85cbf5d416ecda.jpg"", ""is_ads_only_profile"": false, ""explicitly_followed_by_me"": false, ""followed_by_me"": false, ""is_default_image"": false, ""username"": ""yammie"", ""is_verified_merchant"": false, ""id"": ""28288441317851342"", ""full_name"": ""Yammie's Noshery"", ""blocked_by_me"": false}"
48343395996705596,https://www.pinterest.com/pin/48343395996705596,The Best Blueberry Muffins Ever,Super moist bakery style blueberry muffins. These are the best recipe you will ever try! ,https://www.yammiesnoshery.com/2015/01/the-best-blueberry-muffins-ever.html,https://i.pinimg.com/736x/7e/79/bf/7e79bfc75f247236964ddbd3658d9da5.jpg,7e79bfc75f247236964ddbd3658d9da5,0,1,0,0,0,0,{},"Sat, 13 Jun 2026 15:53:10 +0000",2026-06-25 05:40:20.058000,/cookingclassy/food-love/,**FOOD LOVE**,0,0,public,food_drink,yammie,Yammie's Noshery,https://www.pinterest.com/yammie/,0,0,114649,0,0,"{""image_small_url"": ""https://i.pinimg.com/30x30_RS/b9/f1/b9/b9f1b9c27393aa0c5f85cbf5d416ecda.jpg"", ""followed_by_me"": false, ""full_name"": ""Yammie's Noshery"", ""domain_verified"": true, ""blocked_by_me"": false, ""image_medium_url"": ""https://i.pinimg.com/75x75_RS/b9/f1/b9/b9f1b9c27393aa0c5f85cbf5d416ecda.jpg"", ""domain_url"": ""www.yammiesnoshery.com"", ""follower_count"": 114649, ""is_ads_only_profile"": false, ""instagram_data"": null, ""is_verified_merchant"": false, ""id"": ""28288441317851342"", ""username"": ""yammie"", ""type"": ""user"", ""first_name"": ""Yammie's Noshery"", ""is_default_image"": false, ""indexed"": true, ""ads_only_profile_site"": null, ""explicitly_followed_by_me"": false, ""verified_identity"": {}}"
48343395996705614,https://www.pinterest.com/pin/48343395996705614,Stuffed Cheese Buns,These stuffed garlic cheese buns only take ONE HOUR to make! Soft yeast bread rolls with tons of cheese inside and more cheese baked on top! ,https://www.yammiesnoshery.com/2012/08/peetas-stuffed-cheese-buns.html,https://i.pinimg.com/736x/b8/09/a5/b809a5a507db27e898e1bfe7811977de.jpg,b809a5a507db27e898e1bfe7811977de,0,2,1,0,0,0,{},"Sat, 13 Jun 2026 16:07:52 +0000",2026-06-25 05:40:20.015000,/cookingclassy/food-love/,**FOOD LOVE**,0,0,public,food_drink,yammie,Yammie's Noshery,https://www.pinterest.com/yammie/,0,0,114649,0,0,"{""blocked_by_me"": false, ""username"": ""yammie"", ""followed_by_me"": false, ""verified_identity"": {}, ""indexed"": true, ""is_ads_only_profile"": false, ""follower_count"": 114649, ""is_verified_merchant"": false, ""domain_url"": ""www.yammiesnoshery.com"", ""first_name"": ""Yammie's Noshery"", ""type"": ""user"", ""image_medium_url"": ""https://i.pinimg.com/75x75_RS/b9/f1/b9/b9f1b9c27393aa0c5f85cbf5d416ecda.jpg"", ""full_name"": ""Yammie's Noshery"", ""image_small_url"": ""https://i.pinimg.com/30x30_RS/b9/f1/b9/b9f1b9c27393aa0c5f85cbf5d416ecda.jpg"", ""ads_only_profile_site"": null, ""is_default_image"": false, ""explicitly_followed_by_me"": false, ""domain_verified"": true, ""instagram_data"": null, ""id"": ""28288441317851342""}"
48343395996705653,https://www.pinterest.com/pin/48343395996705653,Super Moist Blueberry Muffins,The ultimate best super moist blueberry muffin recipe! ,https://www.yammiesnoshery.com/2015/01/the-best-blueberry-muffins-ever.html,https://i.pinimg.com/736x/7a/f9/86/7af98607819fe85e7f229bb805294cbb.jpg,7af98607819fe85e7f229bb805294cbb,0,7,6,0,0,0,{},"Sat, 13 Jun 2026 16:31:27 +0000",2026-06-25 05:40:20.025000,/cookingclassy/food-love/,**FOOD LOVE**,0,0,public,food_drink,yammie,Yammie's Noshery,https://www.pinterest.com/yammie/,0,0,114649,0,0,"{""first_name"": ""Yammie's Noshery"", ""explicitly_followed_by_me"": false, ""domain_verified"": true, ""is_ads_only_profile"": false, ""instagram_data"": null, ""verified_identity"": {}, ""domain_url"": ""www.yammiesnoshery.com"", ""id"": ""28288441317851342"", ""is_verified_merchant"": false, ""type"": ""user"", ""is_default_image"": false, ""indexed"": true, ""followed_by_me"": false, ""ads_only_profile_site"": null, ""follower_count"": 114649, ""blocked_by_me"": false, ""full_name"": ""Yammie's Noshery"", ""image_small_url"": ""https://i.pinimg.com/30x30_RS/b9/f1/b9/b9f1b9c27393aa0c5f85cbf5d416ecda.jpg"", ""username"": ""yammie"", ""image_medium_url"": ""https://i.pinimg.com/75x75_RS/b9/f1/b9/b9f1b9c27393aa0c5f85cbf5d416ecda.jpg""}"
48343395996707417,https://www.pinterest.com/pin/48343395996707417,The Best Lemon Poppyseed Muffins,Yammie's Noshery: The Best Lemon Poppyseed Muffins,https://www.yammiesnoshery.com/2019/08/the-best-lemon-poppyseed-muffins.html,https://i.pinimg.com/736x/60/86/bc/6086bc1b9c5bdc8122a471bdefa7ebaa.jpg,6086bc1b9c5bdc8122a471bdefa7ebaa,0,2,1,0,0,0,{},"Sun, 14 Jun 2026 13:05:58 +0000",2026-06-25 05:40:19.945000,/cookingclassy/food-love/,**FOOD LOVE**,0,0,public,food_drink,yammie,Yammie's Noshery,https://www.pinterest.com/yammie/,0,0,114649,0,0,
48343395996707425,https://www.pinterest.com/pin/48343395996707425,Secretly Healthy Chocolate Banana Bread,Yammie's Noshery: Secretly Healthy Chocolate Banana Bread,https://www.yammiesnoshery.com/2019/01/secretly-healthy-chocolate-banana-bread.html,https://i.pinimg.com/736x/fa/99/62/fa9962488ee794640b6771786f549cab.jpg,fa9962488ee794640b6771786f549cab,0,1,0,0,0,0,{},"Sun, 14 Jun 2026 13:06:26 +0000",2026-06-25 05:40:19.903000,/cookingclassy/food-love/,**FOOD LOVE**,0,0,public,food_drink,yammie,Yammie's Noshery,https://www.pinterest.com/yammie/,0,0,114649,0,0,
48343395996708258,https://www.pinterest.com/pin/48343395996708258,Crunchy Microwave Caramel Corn,This caramel corn only takes a few minutes to make! All you need is a paper grocery bag and a microwave!,https://www.yammiesnoshery.com/2023/02/microwave-caramel-corn.html,https://i.pinimg.com/736x/5e/64/40/5e6440f0d258a4305e4ca2673d4b12e3.jpg,5e6440f0d258a4305e4ca2673d4b12e3,0,3,2,0,0,0,{},"Sun, 14 Jun 2026 19:08:35 +0000",2026-06-25 05:40:19.798000,/cookingclassy/food-love/,**FOOD LOVE**,0,0,public,food_drink,yammie,Yammie's Noshery,https://www.pinterest.com/yammie/,0,0,114649,0,0,
48343395996723845,https://www.pinterest.com/pin/48343395996723845,Cream Cheese Apple Coffee Cake,Yammie's Noshery: Cream Cheese Apple Coffee Cake,https://www.yammiesnoshery.com/2014/10/cream-cheese-apple-coffee-cake.html,https://i.pinimg.com/736x/13/d9/b6/13d9b6a3f4fb80827eee4222e74ea51a.jpg,13d9b6a3f4fb80827eee4222e74ea51a,0,1,0,0,0,0,{},"Sat, 20 Jun 2026 02:38:28 +0000",2026-06-25 05:40:19.773000,/cookingclassy/food-love/,**FOOD LOVE**,0,0,public,food_drink,yammie,Yammie's Noshery,https://www.pinterest.com/yammie/,0,0,114649,0,0,
585960601560083171,https://www.pinterest.com/pin/585960601560083171,Turn Your Bath Into a Luxury Spa 😍🛁,"Your bath should feel like a luxury spa 😍🛁

This full-body bath pillow gives you ultimate comfort with soft cushioning for your head, neck, and back 🔥
No more uncomfortable baths!

It sticks perfectly to your tub and turns every bath into a relaxing experience ✨

Perfect for stress relief, self-care nights, and cozy vibes 👌

One of the best relaxation products right now 😳

Check it out and upgrade your bath routine 👇

#selfcare #relaxingvibes #homeaesthetic #bathroomideas #cozyhome #spaathome #bathtime #wellness #homehacks #viralproducts

This post contains affiliate links, which means I may earn a commission if you purchase through my link, at no extra cost to you.
",https://ebay.us/OGzhWT,https://i.pinimg.com/736x/34/b9/f9/34b9f9124fad69be4e78f3385a6a3f85.jpg,34b9f9124fad69be4e78f3385a6a3f85,0,656,645,5,0,49,"{""1"": 244}","Fri, 03 Apr 2026 22:07:32 +0000",2026-06-25 05:27:34.906000,/eslamrefatalprins/bathroom-ideas/,bathroom ideas,0,0,public,home_decor,eslamrefatalprins,The Best Of The Best,https://www.pinterest.com/eslamrefatalprins/,0,0,1038,0,0,"{""followed_by_me"": false, ""type"": ""user"", ""instagram_data"": null, ""ads_only_profile_site"": null, ""id"": ""585960738926078077"", ""verified_identity"": {}, ""blocked_by_me"": false, ""follower_count"": 1038, ""indexed"": true, ""is_ads_only_profile"": false, ""is_default_image"": false, ""explicitly_followed_by_me"": false, ""full_name"": ""The Best Of The Best"", ""first_name"": ""The Best Of The Best"", ""is_verified_merchant"": false, ""image_small_url"": ""https://i.pinimg.com/30x30_RS/bb/30/34/bb30344ffdad352fc96b150ae7634545.jpg"", ""username"": ""eslamrefatalprins"", ""domain_verified"": false, ""domain_url"": ""supernovaaaaaaa2030.blogspot.com"", ""image_medium_url"": ""https://i.pinimg.com/75x75_RS/bb/30/34/bb30344ffdad352fc96b150ae7634545.jpg""}"
645562927862033473,https://www.pinterest.com/pin/645562927862033473,Ice Coffee Nails | Nail Art | Nail Tutorial ,"Stunning set of ice-coffee inspired nails, by @basecoatstories featuring MISHO's Sunday Ring. This ring is bound to transform your everyday look! gold ring, gold jewellery, gold jewelry, nail design, brown nails, ombre nails, nails, summer nails #nailart #naildesign #brownnails #icecoffeenails #summernails #goldring #goldjewellery #goldjewelry",https://www.mishodesigns.com/en-gb/products/sunday-ring?_pos=2&_sid=421b9cfa2&_ss=r,https://i.pinimg.com/736x/e5/d3/b4/e5d3b429aa4fa829b50fdb06deefb8ec.jpg,e5d3b429aa4fa829b50fdb06deefb8ec,0,219,217,7,0,19,"{""1"": 137}","Sun, 10 Sep 2023 06:21:10 +0000",2026-06-25 05:27:04.031000,/nishthagumber/nishtha/,Nishtha,0,0,public,,nishthagumber,Nishtha Gumber,https://www.pinterest.com/nishthagumber/,0,0,6,0,1,"{""image_small_url"": ""https://i.pinimg.com/30x30_RS/5a/ea/b3/5aeab335de6deed7f4b0178d8df84755.jpg"", ""first_name"": ""MISHO"", ""follower_count"": 2702, ""ads_only_profile_site"": null, ""is_verified_merchant"": false, ""full_name"": ""MISHO"", ""type"": ""user"", ""is_ads_only_profile"": false, ""image_medium_url"": ""https://i.pinimg.com/75x75_RS/5a/ea/b3/5aeab335de6deed7f4b0178d8df84755.jpg"", ""verified_identity"": {""verified"": true}, ""indexed"": true, ""domain_verified"": true, ""blocked_by_me"": false, ""id"": ""654851739476075671"", ""username"": ""misho_designs"", ""instagram_data"": null, ""followed_by_me"": false, ""is_default_image"": false, ""domain_url"": ""www.mishodesigns.com"", ""explicitly_followed_by_me"": false}"
687080486942868278,https://www.pinterest.com/pin/687080486942868278,Strawberry Pretzel Salad Cups Delightful and Fun Treat - Recipe Website,"Discover the delightful taste of Strawberry Pretzel Salad Cups, an easy no-bake strawberry dessert perfect for any occasion! These Cream Cheese Pretzel Cups combine a crunchy pretzel crust, creamy filling, and a fresh strawberry gelatin dessert that’s sure to impress. With a prep time of just 20 minutes, you can create these delicious Easy Strawberry Dessert Cups effortlessly. Try them today and elevate your dessert game! #StrawberryDessert #NoBakeDessert #EasyDesserts #SummerTreats",https://momdishmagic.com/strawberry-pretzel-salad-cups-delightful-and-fun-treat/,https://i.pinimg.com/736x/bf/7d/11/bf7d11b002c0a4818f7c6dbd18851a91.jpg,bf7d11b002c0a4818f7c6dbd18851a91,0,1,0,0,0,0,{},"Mon, 02 Feb 2026 13:34:49 +0000",2026-06-25 05:27:30.692000,/creative2brain/test/,test,0,0,public,,creative2brain,c2br,https://www.pinterest.com/creative2brain/,0,0,0,0,0,"{""full_name"": ""c2br"", ""follower_count"": 0, ""explicitly_followed_by_me"": false, ""is_ads_only_profile"": false, ""indexed"": true, ""twitter_url"": null, ""blocked_by_me"": false, ""type"": ""user"", ""first_name"": ""c2br"", ""id"": ""687080624309179099"", ""domain_url"": ""elkhayati.site"", ""username"": ""creative2brain"", ""image_small_url"": ""https://i.pinimg.com/30x30_RS/2c/5f/2c/2c5f2cc7e1c17e1a7acfd02315e64cc1.jpg"", ""followed_by_me"": false, ""ads_only_profile_site"": null, ""image_medium_url"": ""https://i.pinimg.com/75x75_RS/2c/5f/2c/2c5f2cc7e1c17e1a7acfd02315e64cc1.jpg"", ""is_verified_merchant"": false, ""instagram_data"": null, ""domain_verified"": true, ""verified_identity"": {}, ""location"": """", ""is_default_image"": false}"
687080486942868584,https://www.pinterest.com/pin/687080486942868584,,"This couscous salad is packed with fresh vegetables and an easy vinaigrette, making it perfect for summer gatherings or as a light lunch. Wholesome and flavorful!",http://index.html/,https://i.pinimg.com/736x/3c/6c/16/3c6c16c74cc67d63ec8f22643405740b.jpg,3c6c16c74cc67d63ec8f22643405740b,0,1,0,0,0,0,{},"Mon, 02 Feb 2026 13:58:56 +0000",2026-06-25 05:27:30.800000,/creative2brain/test/,test,0,0,public,,creative2brain,c2br,https://www.pinterest.com/creative2brain/,0,0,0,0,0,"{""twitter_url"": null, ""is_ads_only_profile"": false, ""id"": ""687080624309179099"", ""blocked_by_me"": false, ""followed_by_me"": false, ""first_name"": ""c2br"", ""indexed"": true, ""username"": ""creative2brain"", ""instagram_data"": null, ""is_default_image"": false, ""follower_count"": 0, ""verified_identity"": {}, ""location"": """", ""is_verified_merchant"": false, ""domain_url"": ""elkhayati.site"", ""type"": ""user"", ""ads_only_profile_site"": null, ""full_name"": ""c2br"", ""image_medium_url"": ""https://i.pinimg.com/75x75_RS/2c/5f/2c/2c5f2cc7e1c17e1a7acfd02315e64cc1.jpg"", ""explicitly_followed_by_me"": false, ""domain_verified"": true, ""image_small_url"": ""https://i.pinimg.com/30x30_RS/2c/5f/2c/2c5f2cc7e1c17e1a7acfd02315e64cc1.jpg""}"
687080486943080001,https://www.pinterest.com/pin/687080486943080001,Irresistible White Chocolate Cranberry Blondies Recipe - Recipe Website,"A rich blend of sweet white chocolate and tart cranberries, these blondies offer a chewy texture that's irresistibly delicious.",https://momdishmagic.com/irresistible-white-chocolate-cranberry-blondies-recipe/,https://i.pinimg.com/736x/d1/92/86/d19286305a3bcc0d3d573ebbf34bb1ef.jpg,d19286305a3bcc0d3d573ebbf34bb1ef,0,1,0,0,0,0,{},"Thu, 12 Feb 2026 20:19:44 +0000",2026-06-25 05:27:30.844000,/creative2brain/test/,test,0,0,public,,creative2brain,c2br,https://www.pinterest.com/creative2brain/,0,0,0,0,0,"{""first_name"": ""c2br"", ""image_small_url"": ""https://i.pinimg.com/30x30_RS/2c/5f/2c/2c5f2cc7e1c17e1a7acfd02315e64cc1.jpg"", ""domain_verified"": true, ""twitter_url"": null, ""id"": ""687080624309179099"", ""follower_count"": 0, ""username"": ""creative2brain"", ""is_ads_only_profile"": false, ""is_default_image"": false, ""type"": ""user"", ""followed_by_me"": false, ""indexed"": true, ""domain_url"": ""elkhayati.site"", ""blocked_by_me"": false, ""instagram_data"": null, ""is_verified_merchant"": false, ""full_name"": ""c2br"", ""ads_only_profile_site"": null, ""verified_identity"": {}, ""location"": """", ""image_medium_url"": ""https://i.pinimg.com/75x75_RS/2c/5f/2c/2c5f2cc7e1c17e1a7acfd02315e64cc1.jpg"", ""explicitly_followed_by_me"": false}"
687080486943661543,https://www.pinterest.com/pin/687080486943661543,Sweet Couscous with Raisins and Almonds,Best Sweet Couscous with Raisins and Almonds Recipe | Easy & Delicious,https://elkhayati.site/article/505.html,https://i.pinimg.com/736x/85/9a/72/859a726a096ca96e9fd9e69f4a923b33.jpg,859a726a096ca96e9fd9e69f4a923b33,0,1,0,0,0,0,{},"Fri, 13 Mar 2026 17:07:42 +0000",2026-06-25 05:25:51.884000,/creative2brain/test/,test,0,0,public,,creative2brain,c2br,https://www.pinterest.com/creative2brain/,0,0,0,0,0,"{""location"": """", ""image_small_url"": ""https://i.pinimg.com/30x30_RS/2c/5f/2c/2c5f2cc7e1c17e1a7acfd02315e64cc1.jpg"", ""domain_verified"": true, ""full_name"": ""c2br"", ""indexed"": true, ""ads_only_profile_site"": null, ""is_ads_only_profile"": false, ""domain_url"": ""elkhayati.site"", ""twitter_url"": null, ""is_verified_merchant"": false, ""type"": ""user"", ""username"": ""creative2brain"", ""follower_count"": 0, ""instagram_data"": null, ""is_default_image"": false, ""verified_identity"": {}, ""image_medium_url"": ""https://i.pinimg.com/75x75_RS/2c/5f/2c/2c5f2cc7e1c17e1a7acfd02315e64cc1.jpg"", ""explicitly_followed_by_me"": false, ""first_name"": ""c2br"", ""blocked_by_me"": false, ""followed_by_me"": false, ""id"": ""687080624309179099""}"
687080486943661545,https://www.pinterest.com/pin/687080486943661545,Lamb Couscous Recipe,Best Lamb Couscous Recipe Recipe | Easy & Delicious,https://elkhayati.site/article/499.html,https://i.pinimg.com/736x/0a/97/2a/0a972a8b9f97ddc981643880f6fafe9c.jpg,0a972a8b9f97ddc981643880f6fafe9c,0,1,0,0,0,0,{},"Fri, 13 Mar 2026 17:07:42 +0000",2026-06-25 05:25:51.910000,/creative2brain/test/,test,0,0,public,,creative2brain,c2br,https://www.pinterest.com/creative2brain/,0,0,0,0,0,"{""blocked_by_me"": false, ""instagram_data"": null, ""twitter_url"": null, ""is_verified_merchant"": false, ""first_name"": ""c2br"", ""location"": """", ""domain_verified"": true, ""type"": ""user"", ""explicitly_followed_by_me"": false, ""username"": ""creative2brain"", ""image_medium_url"": ""https://i.pinimg.com/75x75_RS/2c/5f/2c/2c5f2cc7e1c17e1a7acfd02315e64cc1.jpg"", ""ads_only_profile_site"": null, ""indexed"": true, ""followed_by_me"": false, ""follower_count"": 0, ""id"": ""687080624309179099"", ""is_default_image"": false, ""image_small_url"": ""https://i.pinimg.com/30x30_RS/2c/5f/2c/2c5f2cc7e1c17e1a7acfd02315e64cc1.jpg"", ""domain_url"": ""elkhayati.site"", ""verified_identity"": {}, ""full_name"": ""c2br"", ""is_ads_only_profile"": false}"
687080486943661546,https://www.pinterest.com/pin/687080486943661546,Chicken Couscous Recipe,Best Chicken Couscous Recipe Recipe | Easy & Delicious,https://elkhayati.site/article/493.html,https://i.pinimg.com/736x/94/21/e6/9421e6ec5736255e467f2e5059accc61.jpg,9421e6ec5736255e467f2e5059accc61,0,1,0,0,0,0,{},"Fri, 13 Mar 2026 17:07:43 +0000",2026-06-25 05:25:51.975000,/creative2brain/test/,test,0,0,public,,creative2brain,c2br,https://www.pinterest.com/creative2brain/,0,0,0,0,0,"{""image_medium_url"": ""https://i.pinimg.com/75x75_RS/2c/5f/2c/2c5f2cc7e1c17e1a7acfd02315e64cc1.jpg"", ""type"": ""user"", ""followed_by_me"": false, ""indexed"": true, ""ads_only_profile_site"": null, ""domain_url"": ""elkhayati.site"", ""is_ads_only_profile"": false, ""twitter_url"": null, ""username"": ""creative2brain"", ""blocked_by_me"": false, ""follower_count"": 0, ""image_small_url"": ""https://i.pinimg.com/30x30_RS/2c/5f/2c/2c5f2cc7e1c17e1a7acfd02315e64cc1.jpg"", ""is_verified_merchant"": false, ""is_default_image"": false, ""instagram_data"": null, ""location"": """", ""id"": ""687080624309179099"", ""first_name"": ""c2br"", ""explicitly_followed_by_me"": false, ""verified_identity"": {}, ""domain_verified"": true, ""full_name"": ""c2br""}"
687080486944174085,https://www.pinterest.com/pin/687080486944174085,,Delicious Homemade Pizza Recipe,,https://i.pinimg.com/736x/87/90/ba/8790ba148efcf7aad27ddcd037158e70.jpg,8790ba148efcf7aad27ddcd037158e70,0,1,0,1,0,0,"{""1"": 1}","Thu, 09 Apr 2026 18:32:44 +0000",2026-06-25 05:25:51.839000,/creative2brain/chicken/,chicken,0,0,public,food_drink,creative2brain,c2br,https://www.pinterest.com/creative2brain/,0,0,0,0,0,"{""image_medium_url"": ""https://i.pinimg.com/75x75_RS/2c/5f/2c/2c5f2cc7e1c17e1a7acfd02315e64cc1.jpg"", ""image_small_url"": ""https://i.pinimg.com/30x30_RS/2c/5f/2c/2c5f2cc7e1c17e1a7acfd02315e64cc1.jpg"", ""domain_verified"": true, ""id"": ""687080624309179099"", ""username"": ""creative2brain"", ""location"": """", ""blocked_by_me"": false, ""followed_by_me"": false, ""is_ads_only_profile"": false, ""first_name"": ""c2br"", ""type"": ""user"", ""twitter_url"": null, ""domain_url"": ""elkhayati.site"", ""ads_only_profile_site"": null, ""is_verified_merchant"": false, ""instagram_data"": null, ""is_default_image"": false, ""verified_identity"": {}, ""indexed"": true, ""full_name"": ""c2br"", ""follower_count"": 0, ""explicitly_followed_by_me"": false}"
687080486944193729,https://www.pinterest.com/pin/687080486944193729,,Shrimp Avocado Salad Recipe,,https://i.pinimg.com/736x/92/68/aa/9268aa6870ce61a4a715f49b006798b1.jpg,9268aa6870ce61a4a715f49b006798b1,0,1,0,0,0,0,{},"Fri, 10 Apr 2026 19:14:29 +0000",2026-06-25 05:25:51.963000,/creative2brain/chicken/,chicken,0,0,public,food_drink,creative2brain,c2br,https://www.pinterest.com/creative2brain/,0,0,0,0,0,"{""image_small_url"": ""https://i.pinimg.com/30x30_RS/2c/5f/2c/2c5f2cc7e1c17e1a7acfd02315e64cc1.jpg"", ""ads_only_profile_site"": null, ""id"": ""687080624309179099"", ""followed_by_me"": false, ""username"": ""creative2brain"", ""follower_count"": 0, ""domain_verified"": true, ""twitter_url"": null, ""image_medium_url"": ""https://i.pinimg.com/75x75_RS/2c/5f/2c/2c5f2cc7e1c17e1a7acfd02315e64cc1.jpg"", ""first_name"": ""c2br"", ""location"": """", ""full_name"": ""c2br"", ""is_default_image"": false, ""type"": ""user"", ""explicitly_followed_by_me"": false, ""instagram_data"": null, ""domain_url"": ""elkhayati.site"", ""is_verified_merchant"": false, ""indexed"": true, ""is_ads_only_profile"": false, ""blocked_by_me"": false, ""verified_identity"": {}}"
687080486944194774,https://www.pinterest.com/pin/687080486944194774,,Shrimp Avocado Salad Recipe,,https://i.pinimg.com/736x/92/68/aa/9268aa6870ce61a4a715f49b006798b1.jpg,9268aa6870ce61a4a715f49b006798b1,0,1,0,0,0,0,{},"Fri, 10 Apr 2026 20:01:37 +0000",2026-06-25 05:25:51.945000,/creative2brain/chicken/,chicken,0,0,public,food_drink,creative2brain,c2br,https://www.pinterest.com/creative2brain/,0,0,0,0,0,"{""followed_by_me"": false, ""id"": ""687080624309179099"", ""first_name"": ""c2br"", ""indexed"": true, ""ads_only_profile_site"": null, ""domain_verified"": true, ""instagram_data"": null, ""is_default_image"": false, ""username"": ""creative2brain"", ""location"": """", ""type"": ""user"", ""blocked_by_me"": false, ""twitter_url"": null, ""follower_count"": 0, ""verified_identity"": {}, ""is_verified_merchant"": false, ""domain_url"": ""elkhayati.site"", ""explicitly_followed_by_me"": false, ""image_medium_url"": ""https://i.pinimg.com/75x75_RS/2c/5f/2c/2c5f2cc7e1c17e1a7acfd02315e64cc1.jpg"", ""full_name"": ""c2br"", ""is_ads_only_profile"": false, ""image_small_url"": ""https://i.pinimg.com/30x30_RS/2c/5f/2c/2c5f2cc7e1c17e1a7acfd02315e64cc1.jpg""}"
687080486945496511,https://www.pinterest.com/pin/687080486945496511,Bathtime ASMR,"Volume up for the soothing sounds of a luxe bathtime ritual featuring all the essentials: a cute mug, cozy bathrobe, moody candles, and a billion bubbles.",https://etsy.me/3YCJoSa,https://i.pinimg.com/736x/19/95/74/199574eb38d55479e75655b348ec898e.jpg,199574eb38d55479e75655b348ec898e,0,34,0,3,0,0,"{""1"": 34}","Thu, 25 Jun 2026 05:27:10 +0000",2026-06-25 05:27:30.645000,/creative2brain/_quick_saves/,Quick Saves,0,0,public,,creative2brain,c2br,https://www.pinterest.com/creative2brain/,0,0,0,0,1,"{""id"": ""155304024558534660"", ""domain_verified"": true, ""verified_identity"": {""name"": ""etsy"", ""verified"": true}, ""type"": ""user"", ""image_medium_url"": ""https://i.pinimg.com/75x75_RS/d1/84/c8/d184c8624cb409c8f6e4fcf8baf91cd2.jpg"", ""instagram_data"": null, ""is_verified_merchant"": true, ""full_name"": ""Etsy"", ""username"": ""etsy"", ""indexed"": true, ""image_small_url"": ""https://i.pinimg.com/30x30_RS/d1/84/c8/d184c8624cb409c8f6e4fcf8baf91cd2.jpg"", ""explicitly_followed_by_me"": false, ""is_default_image"": false, ""blocked_by_me"": false, ""domain_url"": ""www.etsy.com"", ""ads_only_profile_site"": null, ""followed_by_me"": false, ""follower_count"": 11239299, ""first_name"": ""Etsy"", ""is_ads_only_profile"": false}"
703756189436912,https://www.pinterest.com/pin/703756189436912,Lemon French Tip Nails | Color: White/Yellow | Size: Os,"Nwt Nails: Chic Nail Art Featuring Yellow Tips And Lemon Designs. Perfect For A Fresh, Stylish Look. Includes 24 Nails, Nail Filer, And Sticky Tabs.",https://go.skimresources.com/?id=291659X1778746&url=https://poshmark.com/listing/Lemon-French-Tip-Nails-68e5f637c4e7b4f1311703ab%3Futm_source%3Dpin_unpaid&xcust=scale,https://i.pinimg.com/736x/92/9c/f7/929cf714111976885ca26f72cf7011a7.jpg,929cf714111976885ca26f72cf7011a7,0,3672,9,4,0,0,"{""1"": 129}","Tue, 16 Jun 2026 23:21:23 +0000",2026-06-25 05:27:04.922000,/svenja0915/hair-and-nail-ideas/,Hair and Nail ideas,0,0,public,,svenja0915,Svenja R,https://www.pinterest.com/svenja0915/,0,0,144,0,1,"{""domain_url"": ""poshmark.com"", ""domain_verified"": true, ""blocked_by_me"": false, ""type"": ""user"", ""is_default_image"": false, ""followed_by_me"": false, ""verified_identity"": {}, ""username"": ""poshmark"", ""first_name"": ""Poshmark"", ""indexed"": true, ""ads_only_profile_site"": null, ""is_verified_merchant"": true, ""instagram_data"": {""username"": ""poshmark"", ""has_invalid_instagram_auth"": false, ""url"": ""https://www.instagram.com/poshmark""}, ""follower_count"": 728275, ""is_ads_only_profile"": false, ""image_medium_url"": ""https://i.pinimg.com/75x75_RS/9a/be/8d/9abe8da0b4f929ad87463de5d58bd688.jpg"", ""id"": ""210543488738003206"", ""full_name"": ""Poshmark"", ""explicitly_followed_by_me"": false, ""image_small_url"": ""https://i.pinimg.com/30x30_RS/9a/be/8d/9abe8da0b4f929ad87463de5d58bd688.jpg""}"
807973990413342828,https://www.pinterest.com/pin/807973990413342828,Summer Savings ☀️,"The AliExpress Summer Sale starts June 1 ☀️

From tech finds and furniture upgrades to travel must-haves, your summer essentials are waiting 👀

Shop major savings June 1–10 through the link in bio. 
#AliExpress #AliExpressSummerSale ",https://s.click.aliexpress.com/e/_EjufQqE,https://i.pinimg.com/736x/bc/34/42/bc34421c16e66840dd77022442e304c5.jpg,bc34421c16e66840dd77022442e304c5,0,2,1,1,0,0,"{""1"": 3}","Fri, 29 May 2026 21:54:44 +0000",2026-06-25 05:33:21.312000,/aliexpress/sale/,sale,0,0,public,,aliexpress,AliExpress,https://www.pinterest.com/aliexpress/,0,0,4099783,0,0,"{""first_name"": ""AliExpress"", ""explicitly_followed_by_me"": false, ""full_name"": ""AliExpress"", ""domain_verified"": true, ""domain_url"": ""www.aliexpress.com"", ""followed_by_me"": false, ""image_medium_url"": ""https://i.pinimg.com/75x75_RS/5c/2a/98/5c2a98ff5cc06e3a21c92138f97e1649.jpg"", ""is_ads_only_profile"": false, ""verified_identity"": {""verified"": true}, ""username"": ""aliexpress"", ""is_default_image"": false, ""instagram_data"": null, ""blocked_by_me"": false, ""is_verified_merchant"": true, ""image_small_url"": ""https://i.pinimg.com/30x30_RS/5c/2a/98/5c2a98ff5cc06e3a21c92138f97e1649.jpg"", ""ads_only_profile_site"": null, ""follower_count"": 4099783, ""type"": ""user"", ""indexed"": true, ""id"": ""807974126806387335""}"
807973990413369115,https://www.pinterest.com/pin/807973990413369115,The Summer Deals You've Been Waiting For 🔥,"POV: your summer wishlist is finally on sale 😌

The AliExpress Summer Sale starts with deals on tech, home finds, travel essentials, and so much more.

Shop and save up to 80% 🔥 June 1st through June 10th. 
https://s.click.aliexpress.com/e/_EjufQqE

#AliExpress #AliExpressSummerSale",https://s.click.aliexpress.com/e/_EjufQqE,https://i.pinimg.com/736x/83/32/e3/8332e32c6d4868156dc1f283cb767938.jpg,8332e32c6d4868156dc1f283cb767938,0,3,2,1,0,1,"{""1"": 1}","Sun, 31 May 2026 13:15:02 +0000",2026-06-25 05:33:21.212000,/aliexpress/sale/,sale,0,0,public,,aliexpress,AliExpress,https://www.pinterest.com/aliexpress/,0,0,4099783,0,0,"{""id"": ""807974126806387335"", ""verified_identity"": {""verified"": true}, ""followed_by_me"": false, ""follower_count"": 4099783, ""image_small_url"": ""https://i.pinimg.com/30x30_RS/5c/2a/98/5c2a98ff5cc06e3a21c92138f97e1649.jpg"", ""type"": ""user"", ""ads_only_profile_site"": null, ""domain_verified"": true, ""is_default_image"": false, ""instagram_data"": null, ""indexed"": true, ""is_ads_only_profile"": false, ""image_medium_url"": ""https://i.pinimg.com/75x75_RS/5c/2a/98/5c2a98ff5cc06e3a21c92138f97e1649.jpg"", ""full_name"": ""AliExpress"", ""domain_url"": ""www.aliexpress.com"", ""is_verified_merchant"": true, ""username"": ""aliexpress"", ""blocked_by_me"": false, ""explicitly_followed_by_me"": false, ""first_name"": ""AliExpress""}"
807973990413387641,https://www.pinterest.com/pin/807973990413387641,"Summer is hot, but these sales are HOTTER! 🔥","The AliExpress Summer Sale is NOW LIVE with major deals on outdoor furniture, home finds, tech, and more.

Head to the sale and start scoring savings up to 80% off 🔥
Now through June 10th. https://s.click.aliexpress.com/e/_EjufQqE
#AliExpress #AliExpressSummerSale",https://s.click.aliexpress.com/e/_EjufQqE,https://i.pinimg.com/736x/8b/8d/72/8b8d729753eac93194e2ea15cc6b7404.jpg,8b8d729753eac93194e2ea15cc6b7404,0,2,1,0,0,0,"{""1"": 1}","Mon, 01 Jun 2026 12:24:01 +0000",2026-06-25 05:33:21.181000,/aliexpress/sale/,sale,0,0,public,,aliexpress,AliExpress,https://www.pinterest.com/aliexpress/,0,0,4099783,0,0,"{""full_name"": ""AliExpress"", ""first_name"": ""AliExpress"", ""domain_url"": ""www.aliexpress.com"", ""is_default_image"": false, ""username"": ""aliexpress"", ""type"": ""user"", ""ads_only_profile_site"": null, ""image_medium_url"": ""https://i.pinimg.com/75x75_RS/5c/2a/98/5c2a98ff5cc06e3a21c92138f97e1649.jpg"", ""domain_verified"": true, ""is_ads_only_profile"": false, ""explicitly_followed_by_me"": false, ""blocked_by_me"": false, ""follower_count"": 4099783, ""is_verified_merchant"": true, ""image_small_url"": ""https://i.pinimg.com/30x30_RS/5c/2a/98/5c2a98ff5cc06e3a21c92138f97e1649.jpg"", ""followed_by_me"": false, ""instagram_data"": null, ""id"": ""807974126806387335"", ""verified_identity"": {""verified"": true}, ""indexed"": true}"
807973990413396706,https://www.pinterest.com/pin/807973990413396706,Affordable patio furniture and outdoor decor ideas ✨,"Find trending backyard furniture, outdoor lounge sets, patio seating, garden swings, poolside chairs, and modern outdoor living essentials during the AliExpress Summer Sale. Save up to 80% off through June 10.",https://s.click.aliexpress.com/e/_EvhrgXc,https://i.pinimg.com/736x/13/4f/59/134f5923f4da1e51b01d8590f426aeea.jpg,134f5923f4da1e51b01d8590f426aeea,0,2,1,0,0,0,{},"Mon, 01 Jun 2026 22:14:13 +0000",2026-06-25 05:33:21.361000,/aliexpress/sale/,sale,0,0,public,,aliexpress,AliExpress,https://www.pinterest.com/aliexpress/,0,0,4099783,0,0,"{""ads_only_profile_site"": null, ""id"": ""807974126806387335"", ""is_ads_only_profile"": false, ""is_verified_merchant"": true, ""explicitly_followed_by_me"": false, ""full_name"": ""AliExpress"", ""domain_verified"": true, ""first_name"": ""AliExpress"", ""username"": ""aliexpress"", ""image_small_url"": ""https://i.pinimg.com/30x30_RS/5c/2a/98/5c2a98ff5cc06e3a21c92138f97e1649.jpg"", ""instagram_data"": null, ""domain_url"": ""www.aliexpress.com"", ""blocked_by_me"": false, ""followed_by_me"": false, ""type"": ""user"", ""is_default_image"": false, ""follower_count"": 4099783, ""indexed"": true, ""verified_identity"": {""verified"": true}, ""image_medium_url"": ""https://i.pinimg.com/75x75_RS/5c/2a/98/5c2a98ff5cc06e3a21c92138f97e1649.jpg""}"
807973990413410733,https://www.pinterest.com/pin/807973990413410733,"☀️ Summer Starts Here: Save Up to 80% on Swimwear, Sandals & Beach Essentials","From beach-ready swimwear to trendy tote bags, straw hats, sunglasses, and vacation accessories, we've rounded up the ultimate summer must-haves. Whether you're planning your next getaway or refreshing your seasonal wardrobe, now's the perfect time to shop.

🔥 Save up to 80% during the AliExpress Summer Sale
🛍️ Discover trending summer fashion and accessories
🏖️ Find everything you need for beach days and vacations

Tap the link to shop the sale and unlock summer savings before they're gone.",https://www.aliexpress.com/ssr/300003044/summer-sale-main-venue-5i6auh?disableNav=YES&pha_manifest=ssr&_immersiveMode=true&businessCode=guide,https://i.pinimg.com/736x/3e/fc/8a/3efc8a61384afed355d2853e7d32882f.jpg,3efc8a61384afed355d2853e7d32882f,0,2,1,0,0,0,{},"Tue, 02 Jun 2026 17:08:57 +0000",2026-06-25 05:33:21.129000,/aliexpress/sale/,sale,0,0,public,,aliexpress,AliExpress,https://www.pinterest.com/aliexpress/,0,0,4099783,0,0,"{""image_small_url"": ""https://i.pinimg.com/30x30_RS/5c/2a/98/5c2a98ff5cc06e3a21c92138f97e1649.jpg"", ""followed_by_me"": false, ""ads_only_profile_site"": null, ""is_default_image"": false, ""full_name"": ""AliExpress"", ""type"": ""user"", ""explicitly_followed_by_me"": false, ""domain_verified"": true, ""indexed"": true, ""first_name"": ""AliExpress"", ""follower_count"": 4099783, ""username"": ""aliexpress"", ""is_verified_merchant"": true, ""domain_url"": ""www.aliexpress.com"", ""id"": ""807974126806387335"", ""is_ads_only_profile"": false, ""image_medium_url"": ""https://i.pinimg.com/75x75_RS/5c/2a/98/5c2a98ff5cc06e3a21c92138f97e1649.jpg"", ""verified_identity"": {""verified"": true}, ""instagram_data"": null, ""blocked_by_me"": false}"
807973990413433708,https://www.pinterest.com/pin/807973990413433708,"Backyard Makeover Ideas ☀️ Patio Furniture, Egg Chairs & Outdoor Decor Up to 80% Off","Create the outdoor oasis you've been saving to your Pinterest boards with stylish patio furniture, outdoor conversation sets, hanging egg chairs, lounge seating, and backyard decor—all at prices you'll love.

Whether you're refreshing your patio, upgrading your garden, or designing the perfect outdoor entertaining space, the AliExpress Summer Sale has everything you need to transform your backyard for less.

✨ Patio furniture sets
✨ Hanging egg chairs
✨ Outdoor lounge furniture
✨ Backyard decor & accents
✨ Outdoor entertaining essentials

🔥 Save up to 80% off during the AliExpress Summer Sale.



#BackyardInspo #PatioFurniture #OutdoorLiving #BackyardMakeover #PatioDecor #GardenDesign #OutdoorFurniture #OutdoorDecor  #HomeDecor #SummerDecor #OutdoorEntertaining #AliExpress",https://s.click.aliexpress.com/e/_EIG0Mzu,https://i.pinimg.com/736x/2c/d2/df/2cd2dffdf03b13c4a9d9b32f2f074591.jpg,2cd2dffdf03b13c4a9d9b32f2f074591,0,2,1,0,0,0,"{""1"": 1}","Wed, 03 Jun 2026 19:03:56 +0000",2026-06-25 05:33:21.329000,/aliexpress/sale/,sale,0,0,public,,aliexpress,AliExpress,https://www.pinterest.com/aliexpress/,0,0,4099783,0,0,"{""followed_by_me"": false, ""instagram_data"": null, ""first_name"": ""AliExpress"", ""image_medium_url"": ""https://i.pinimg.com/75x75_RS/5c/2a/98/5c2a98ff5cc06e3a21c92138f97e1649.jpg"", ""explicitly_followed_by_me"": false, ""full_name"": ""AliExpress"", ""follower_count"": 4099783, ""id"": ""807974126806387335"", ""is_default_image"": false, ""verified_identity"": {""verified"": true}, ""domain_verified"": true, ""domain_url"": ""www.aliexpress.com"", ""blocked_by_me"": false, ""ads_only_profile_site"": null, ""indexed"": true, ""is_ads_only_profile"": false, ""is_verified_merchant"": true, ""type"": ""user"", ""image_small_url"": ""https://i.pinimg.com/30x30_RS/5c/2a/98/5c2a98ff5cc06e3a21c92138f97e1649.jpg"", ""username"": ""aliexpress""}"
807973990413663804,https://www.pinterest.com/pin/807973990413663804,The best finds of the season are officially on sale 🤩,"The best finds of the season are officially on sale.

Think viral gadgets, home upgrades, travel essentials, and more—now up to 80% off.

✨ Shop smart.
📅 June 15–24

#TrendingProducts #PinterestMadeMeBuyIt #AliExpress #DealsAndSteals",https://s.click.aliexpress.com/e/_EuKmOGa,https://i.pinimg.com/736x/71/ef/63/71ef6308dd88dfef13f14f9e1774e7b1.jpg,71ef6308dd88dfef13f14f9e1774e7b1,0,1,0,0,0,1,{},"Tue, 16 Jun 2026 18:45:30 +0000",2026-06-25 05:33:21.229000,/aliexpress/sale/,sale,0,0,public,,aliexpress,AliExpress,https://www.pinterest.com/aliexpress/,0,0,4099783,0,0,"{""verified_identity"": {""verified"": true}, ""type"": ""user"", ""username"": ""aliexpress"", ""is_ads_only_profile"": false, ""image_medium_url"": ""https://i.pinimg.com/75x75_RS/5c/2a/98/5c2a98ff5cc06e3a21c92138f97e1649.jpg"", ""follower_count"": 4099783, ""explicitly_followed_by_me"": false, ""id"": ""807974126806387335"", ""followed_by_me"": false, ""domain_verified"": true, ""blocked_by_me"": false, ""is_default_image"": false, ""first_name"": ""AliExpress"", ""indexed"": true, ""instagram_data"": null, ""image_small_url"": ""https://i.pinimg.com/30x30_RS/5c/2a/98/5c2a98ff5cc06e3a21c92138f97e1649.jpg"", ""domain_url"": ""www.aliexpress.com"", ""full_name"": ""AliExpress"", ""is_verified_merchant"": true, ""ads_only_profile_site"": null}"
807973990413667153,https://www.pinterest.com/pin/807973990413667153,We've got you!,"the coupon codes are out!!! share them with a friend and save even more during the Mega Mid-Year Sale! 🤑

#aliexpress #Sale #megamidyearsale #coupons",https://s.click.aliexpress.com/e/_EuKmOGa,https://i.pinimg.com/736x/ed/1b/9c/ed1b9c155b55037624f2f71ca30fafc2.jpg,ed1b9c155b55037624f2f71ca30fafc2,0,1,0,0,0,0,{},"Tue, 16 Jun 2026 22:13:23 +0000",2026-06-25 05:33:21.195000,/aliexpress/sale/,sale,0,0,public,,aliexpress,AliExpress,https://www.pinterest.com/aliexpress/,0,0,4099783,0,0,"{""verified_identity"": {""verified"": true}, ""full_name"": ""AliExpress"", ""explicitly_followed_by_me"": false, ""indexed"": true, ""id"": ""807974126806387335"", ""ads_only_profile_site"": null, ""image_small_url"": ""https://i.pinimg.com/30x30_RS/5c/2a/98/5c2a98ff5cc06e3a21c92138f97e1649.jpg"", ""image_medium_url"": ""https://i.pinimg.com/75x75_RS/5c/2a/98/5c2a98ff5cc06e3a21c92138f97e1649.jpg"", ""domain_url"": ""www.aliexpress.com"", ""username"": ""aliexpress"", ""type"": ""user"", ""first_name"": ""AliExpress"", ""is_default_image"": false, ""follower_count"": 4099783, ""is_ads_only_profile"": false, ""blocked_by_me"": false, ""is_verified_merchant"": true, ""instagram_data"": null, ""domain_verified"": true, ""followed_by_me"": false}"
807973990413718933,https://www.pinterest.com/pin/807973990413718933,"AliExpress Brand+ Mega Mid-Year Sale | Premium Tech, Home & Fashion Deals","Discover the best deals on premium major brands during the AliExpress Brand+ Mega Mid-Year Sale. Shop top-trending tech, stylish home decor, and must-have fashion finds with 100% Guaranteed Authentic verification. Enjoy free shipping and free, easy returns on your entire shopping haul. Upgrade your lifestyle for less today—tap through to explore the curated sale collection!

#AliExpressFinds #TechDeals #HomeDecorIdeas #SummerFashion #SmartWatch #Headphones #ShoppingDeals #BudgetFriendly #SaleSeason",https://s.click.aliexpress.com/e/_EuKmOGa,https://i.pinimg.com/736x/b5/c2/25/b5c2253ee84a04e19c8fdc2e740f09f4.jpg,b5c2253ee84a04e19c8fdc2e740f09f4,0,1,0,0,0,0,{},"Fri, 19 Jun 2026 19:00:46 +0000",2026-06-25 05:33:21.216000,/aliexpress/sale/,sale,0,0,public,,aliexpress,AliExpress,https://www.pinterest.com/aliexpress/,0,0,4099783,0,0,"{""indexed"": true, ""image_small_url"": ""https://i.pinimg.com/30x30_RS/5c/2a/98/5c2a98ff5cc06e3a21c92138f97e1649.jpg"", ""followed_by_me"": false, ""id"": ""807974126806387335"", ""is_default_image"": false, ""explicitly_followed_by_me"": false, ""ads_only_profile_site"": null, ""username"": ""aliexpress"", ""is_ads_only_profile"": false, ""domain_verified"": true, ""image_medium_url"": ""https://i.pinimg.com/75x75_RS/5c/2a/98/5c2a98ff5cc06e3a21c92138f97e1649.jpg"", ""is_verified_merchant"": true, ""instagram_data"": null, ""full_name"": ""AliExpress"", ""domain_url"": ""www.aliexpress.com"", ""blocked_by_me"": false, ""first_name"": ""AliExpress"", ""verified_identity"": {""verified"": true}, ""follower_count"": 4099783, ""type"": ""user""}"
917819599034108821,https://www.pinterest.com/pin/917819599034108821,TY JULIE! I love the color wheels!,#packingorders #packing #packagingorders #packanorderwithme #packanorder #packanoderwithme #packanorderwithmetiktok #packanorderwitme #craftsupplies #craftsupplycheck #craftsupplier #craftsupplyaddict #craftsuppliesfordays #craftsupplyhaul #filler #glitterart #glitterqueen #rainbow #glitternails #eyeshadow #nailpolish,https://l8r.it/YjCn,https://i.pinimg.com/736x/fd/3d/0d/fd3d0df33903cce6bb86c6ad603d2678.jpg,fd3d0df33903cce6bb86c6ad603d2678,0,675,672,27,0,26,"{""1"": 567}","Fri, 26 Aug 2022 22:40:08 +0000",2026-06-25 05:27:06.593000,/bowandarrowsupplycompany/pack-an-order-with-me-videos/,Pack An Order With Me Videos,0,0,public,,bowandarrowsupplycompany,Bow + Arrow Supply Co.,https://www.pinterest.com/bowandarrowsupplycompany/,0,0,3124,0,0,"{""explicitly_followed_by_me"": false, ""follower_count"": 3124, ""blocked_by_me"": false, ""followed_by_me"": false, ""verified_identity"": {}, ""domain_url"": ""bowandarrowsupplycompany.com"", ""is_verified_merchant"": false, ""instagram_data"": null, ""full_name"": ""Bow + Arrow Supply Co."", ""image_medium_url"": ""https://i.pinimg.com/75x75_RS/ee/33/8a/ee338aac4d2e13ae8b21b538ce7366a9.jpg"", ""image_small_url"": ""https://i.pinimg.com/30x30_RS/ee/33/8a/ee338aac4d2e13ae8b21b538ce7366a9.jpg"", ""indexed"": true, ""first_name"": ""Bow + Arrow Supply Co."", ""is_ads_only_profile"": false, ""id"": ""917819736467707356"", ""username"": ""bowandarrowsupplycompany"", ""ads_only_profile_site"": null, ""is_default_image"": false, ""domain_verified"": false, ""type"": ""user""}"
ATZkHi2Cn_kY8N49pc75IQ2WatCCguPo9jTnj3bweUE1Vb8thIy2ESa4pmjX2F14xl4Dl_aS0D98Wa0uP6Hmlk4,https://www.pinterest.com/pin/ATZkHi2Cn_kY8N49pc75IQ2WatCCguPo9jTnj3bweUE1Vb8thIy2ESa4pmjX2F14xl4Dl_aS0D98Wa0uP6Hmlk4,The lamp everyone’s adding to their nightstand ✨, ,https://vedaelegance.com/products/bloomglow%E2%84%A2-rose-tree-night-lamp?_pos=1&_psq=BloomGlow%E2%84%A2+Rose+Tree+Night+Lamp&_ss=e&_v=1.0&variant=45422286799044&pins_campaign_id=626757119812&pp=1,https://i.pinimg.com/736x/05/12/5a/05125a1e16e28e8a9238e41739536527.jpg,05125a1e16e28e8a9238e41739536527,0,46219,12,115,0,0,"{""1"": 13755}","Fri, 03 Apr 2026 06:51:05 +0000",2026-06-25 05:27:34.894000,/sangitalotankar02/_quick_saves/,Quick Saves,0,0,public,,sangitalotankar02,Sangita,https://www.pinterest.com/sangitalotankar02/,0,0,0,0,1,"{""domain_verified"": true, ""indexed"": true, ""image_medium_url"": ""https://i.pinimg.com/75x75_RS/91/a6/d6/91a6d6ed1959d973de4c1a6890160b32.jpg"", ""ads_only_profile_site"": null, ""is_verified_merchant"": true, ""domain_url"": ""vedaelegance.com"", ""image_small_url"": ""https://i.pinimg.com/30x30_RS/91/a6/d6/91a6d6ed1959d973de4c1a6890160b32.jpg"", ""id"": ""1081849279145990141"", ""first_name"": ""Veda Elegance"", ""followed_by_me"": false, ""follower_count"": 2579, ""is_default_image"": false, ""type"": ""user"", ""is_ads_only_profile"": false, ""verified_identity"": {}, ""blocked_by_me"": false, ""username"": ""VedaElegance"", ""full_name"": ""Veda Elegance"", ""explicitly_followed_by_me"": false, ""instagram_data"": null}"
AXaHAhnf8e6xGU0hNHqV33hBy34iam4xFBFu3SAXxdgxZr1-nUfyb-N0XLDEc-GWw5lCK9KxalxGfpEScwAygWE,https://www.pinterest.com/pin/AXaHAhnf8e6xGU0hNHqV33hBy34iam4xFBFu3SAXxdgxZr1-nUfyb-N0XLDEc-GWw5lCK9KxalxGfpEScwAygWE,Salone del Mobile 2026, ,https://www.antoniolupi.it/en/magazine/news/news,https://i.pinimg.com/736x/64/be/85/64be85427e51907262cbb8a3f18a8681.jpg,64be85427e51907262cbb8a3f18a8681,0,1751,1747,0,0,106,"{""1"": 9}","Sun, 03 May 2026 10:35:32 +0000",2026-06-25 05:27:34.853000,/antoniolupispa/antonio-lupi-salone-del-mobile-2026/,Antonio Lupi Salone del Mobile 2026,0,0,protected,,antoniolupispa,antoniolupi,https://www.pinterest.com/antoniolupispa/,0,0,12423,0,0,"{""image_medium_url"": ""https://i.pinimg.com/75x75_RS/83/40/42/834042cd487a04c0bb37c78012411396.jpg"", ""id"": ""523965875305324538"", ""image_small_url"": ""https://i.pinimg.com/30x30_RS/83/40/42/834042cd487a04c0bb37c78012411396.jpg"", ""is_verified_merchant"": false, ""is_default_image"": false, ""blocked_by_me"": false, ""follower_count"": 12423, ""is_ads_only_profile"": false, ""type"": ""user"", ""indexed"": true, ""full_name"": ""antoniolupi"", ""explicitly_followed_by_me"": false, ""verified_identity"": {""verified"": true}, ""ads_only_profile_site"": null, ""followed_by_me"": false, ""domain_url"": ""www.antoniolupi.it"", ""first_name"": ""antoniolupi"", ""username"": ""antoniolupispa"", ""domain_verified"": true, ""instagram_data"": null}"
AYOLD8TidgwkYJvSDeWEXZAnKuIe3_s59zRYOVjujPgPBN8nQiXr8H54JuQ9dnvR-eGd1QzJydI_gbnfiFuisBk,https://www.pinterest.com/pin/AYOLD8TidgwkYJvSDeWEXZAnKuIe3_s59zRYOVjujPgPBN8nQiXr8H54JuQ9dnvR-eGd1QzJydI_gbnfiFuisBk,Winter Nails That Hit Different,"The winter shade we cannot keep in stock. Love moody, magical winter nails? This one’s for you. → Shop 𝑴𝑶𝑶𝑵𝑳𝑰𝑻 𝑪𝑶𝑹𝑶𝑵𝑨𝑻𝑰𝑶𝑵 🌙 👑",https://prismparade.com/collections/frostborne/products/moonlit-coronation?pins_campaign_id=626757052004&pp=1,https://i.pinimg.com/736x/9d/29/28/9d2928b5425e404d1eb89746b0c0d5b1.jpg,9d2928b5425e404d1eb89746b0c0d5b1,0,1497,61,2,0,0,"{""1"": 548}","Fri, 05 Dec 2025 17:56:39 +0000",2026-06-25 05:27:03.967000,/myr13mb/nails/,nails,0,0,public,hair_beauty,myr13mb,Myrr,https://www.pinterest.com/myr13mb/,0,0,46,0,1,"{""followed_by_me"": false, ""verified_identity"": {}, ""indexed"": true, ""explicitly_followed_by_me"": false, ""username"": ""prismparadepolish"", ""is_verified_merchant"": true, ""image_small_url"": ""https://i.pinimg.com/30x30_RS/2d/43/0a/2d430a0b61f8cd8aa07545e5154bf7ed.jpg"", ""ads_only_profile_site"": null, ""full_name"": ""Prism Parade"", ""first_name"": ""Prism Parade"", ""domain_url"": ""prismparade.com"", ""blocked_by_me"": false, ""is_ads_only_profile"": false, ""domain_verified"": true, ""instagram_data"": {""url"": ""https://www.instagram.com/prism.parade"", ""username"": ""prism.parade"", ""has_invalid_instagram_auth"": false}, ""id"": ""1060597918404421350"", ""follower_count"": 89, ""image_medium_url"": ""https://i.pinimg.com/75x75_RS/2d/43/0a/2d430a0b61f8cd8aa07545e5154bf7ed.jpg"", ""is_default_image"": false, ""type"": ""user""}"
AYhwEo33qb45apHO1Or-vgj2ds3sO9TiWte5L9tK2A1z0Bwbmk5xWIp4ygPQ5G4UtgjZwZTk6fz_voOak1COIgg,https://www.pinterest.com/pin/AYhwEo33qb45apHO1Or-vgj2ds3sO9TiWte5L9tK2A1z0Bwbmk5xWIp4ygPQ5G4UtgjZwZTk6fz_voOak1COIgg,GET 50% OFF TODAY,"Wake up with a puffy face? Meet your new favorite morning ritual: The Solena Lymphatic Brush. This 90-second facial dry brushing hack is the ultimate Gua Sha alternative. Zero oil needed! Gently stimulate lymphatic drainage, sculpt your jawline, and instantly de-puff your skin. Unlock a natural, lifted glow every single day. ✨ Click to get yours! #FacialDryBrushing #LymphaticDrainage #FaceSculpting #MorningRoutine #PuffyEyes",https://thesolena.com/products/the-lymphatic-brush?utm_source=pinterest&tw_adid=687303785516&pins_campaign_id=626757875176&utm_campaign=626757875176&utm_medium=PaidSocial&utm_content=2680089285270&pp=1,https://i.pinimg.com/736x/aa/01/7b/aa017be8e3ddf902b49e187cc69a5a09.jpg,aa017be8e3ddf902b49e187cc69a5a09,0,10884,368,71,0,21,"{""1"": 1746}","Thu, 12 Mar 2026 11:05:29 +0000",2026-06-25 05:27:04.281000,/nosirrom35/hair-beauty/,Hair beauty,0,0,public,hair_beauty,nosirrom35,Mim,https://www.pinterest.com/nosirrom35/,0,0,1,0,1,"{""domain_verified"": true, ""instagram_data"": null, ""blocked_by_me"": false, ""image_medium_url"": ""https://i.pinimg.com/75x75_RS/95/a5/57/95a557775030795abd3bb2ce9cf6911a.jpg"", ""explicitly_followed_by_me"": false, ""ads_only_profile_site"": null, ""is_verified_merchant"": false, ""type"": ""user"", ""domain_url"": ""thesolena.com"", ""followed_by_me"": false, ""is_ads_only_profile"": false, ""full_name"": ""Solena"", ""verified_identity"": {}, ""first_name"": ""Solena"", ""indexed"": true, ""follower_count"": 394, ""username"": ""thesolena"", ""is_default_image"": false, ""id"": ""969962975903676606"", ""image_small_url"": ""https://i.pinimg.com/30x30_RS/95/a5/57/95a557775030795abd3bb2ce9cf6911a.jpg""}"
AbaxOfzwH1JnaTzzdYR_SuuxxzSvkqV1PwRJuJEmLTS49FRKkkmn3jguEkDAsB_XXrf7AJjH8JILlqjOka6_42M,https://www.pinterest.com/pin/AbaxOfzwH1JnaTzzdYR_SuuxxzSvkqV1PwRJuJEmLTS49FRKkkmn3jguEkDAsB_XXrf7AJjH8JILlqjOka6_42M,Ember in the Ice,"Meet the shade that looks like it’s glowing from the inside. Ember in the Ice = winter magic, bottled. ❄️ 💅",https://prismparade.com/collections/whats-new/products/ember-in-the-ice?pins_campaign_id=626757052004&pp=1,https://i.pinimg.com/736x/0e/36/ac/0e36ac3bf45b493152e6ed0cffcd2629.jpg,0e36ac3bf45b493152e6ed0cffcd2629,0,786,474,2,0,5,"{""1"": 295}","Wed, 10 Dec 2025 18:53:32 +0000",2026-06-25 05:27:04.049000,/hollyberry66/hairmakeupnails/,Hair/Makeup/Nails,0,0,public,hair_beauty,hollyberry66,Holly Johnson,https://www.pinterest.com/hollyberry66/,0,0,8875,0,1,"{""type"": ""user"", ""follower_count"": 89, ""indexed"": true, ""id"": ""1060597918404421350"", ""is_default_image"": false, ""instagram_data"": {""url"": ""https://www.instagram.com/prism.parade"", ""username"": ""prism.parade"", ""has_invalid_instagram_auth"": false}, ""verified_identity"": {}, ""image_medium_url"": ""https://i.pinimg.com/75x75_RS/2d/43/0a/2d430a0b61f8cd8aa07545e5154bf7ed.jpg"", ""first_name"": ""Prism Parade"", ""explicitly_followed_by_me"": false, ""full_name"": ""Prism Parade"", ""is_ads_only_profile"": false, ""is_verified_merchant"": true, ""blocked_by_me"": false, ""domain_url"": ""prismparade.com"", ""domain_verified"": true, ""username"": ""prismparadepolish"", ""image_small_url"": ""https://i.pinimg.com/30x30_RS/2d/43/0a/2d430a0b61f8cd8aa07545e5154bf7ed.jpg"", ""followed_by_me"": false, ""ads_only_profile_site"": null}"
AevK2srU9IwpFnetfirawRmJopNuWKj36lzPrPut1LQZtBD48Oh2ubkOf7D5ZwnuifxCuW0Q52l-lj8AOnswxJY,https://www.pinterest.com/pin/AevK2srU9IwpFnetfirawRmJopNuWKj36lzPrPut1LQZtBD48Oh2ubkOf7D5ZwnuifxCuW0Q52l-lj8AOnswxJY,✨Say Goodbye to Back-Scrubbing Struggles! Your 2026 Smart Bathing Buddy is Here 🛁,"Tired of twisting your waist, tiptoeing, or even asking for help just to clean your back? This 2025 Intelligent Bathing Machine solves that frustration in one swipe! Its 18cm extra-large brush head covers your entire back effortlessly—no more missing spots or straining muscles. The AI chip is a game-changer too: it senses when the brush is near your skin and speeds up for deep cleaning, then saves power when it’s not. Plus, IPX7 waterproof means you can rinse it directly under the shower without a worry. With 3 interchangeable heads (soft for daily care, exfoliating for smoothness, massage for relaxation), every shower feels like a tailored treat for your skin!",https://www.delibliss.com/products/2026-new-technology-intelligent-bathing-machine?st=&utm_campaign=626757545575&utm_medium=PaidSocial&utm_source=Pinterest&utm_content=2680088847284&pp=1,https://i.pinimg.com/736x/97/8d/9a/978d9aeea2685be826852f90b3e2836c.jpg,978d9aeea2685be826852f90b3e2836c,0,18970,144,161,0,13,"{""1"": 6696}","Wed, 17 Jun 2026 00:18:54 +0000",2026-06-25 05:27:34.900000,/khartonia/food-safety-and-home-sanitation/,Food Safety and Home Sanitation🧼🫧🧽🧹🪣🧻🪠🧺🪥,0,0,public,,khartonia,Khartonia Pratt,https://www.pinterest.com/khartonia/,0,0,243,0,1,"{""is_ads_only_profile"": false, ""is_verified_merchant"": true, ""blocked_by_me"": false, ""image_small_url"": ""https://i.pinimg.com/30x30_RS/3e/75/e6/3e75e62d6034908ce93eef300397cc1f.jpg"", ""is_default_image"": false, ""followed_by_me"": false, ""follower_count"": 1255, ""explicitly_followed_by_me"": false, ""domain_verified"": true, ""domain_url"": ""www.delibliss.com"", ""type"": ""user"", ""verified_identity"": {}, ""instagram_data"": null, ""full_name"": ""Delibliss"", ""username"": ""Delibliss01"", ""ads_only_profile_site"": null, ""indexed"": true, ""image_medium_url"": ""https://i.pinimg.com/75x75_RS/3e/75/e6/3e75e62d6034908ce93eef300397cc1f.jpg"", ""first_name"": ""Delibliss"", ""id"": ""952652264835965949""}"
